"gene_id","genotypeMYB3R135-genotypeWILDTYPE","genotypeSOG11-genotypeWILDTYPE","Time_After_Treatment_min10-Time_After_Treatment_min0","Time_After_Treatment_min1440-Time_After_Treatment_min0","Time_After_Treatment_min180-Time_After_Treatment_min0","Time_After_Treatment_min360-Time_After_Treatment_min0","Time_After_Treatment_min4320-Time_After_Treatment_min0","Time_After_Treatment_min45-Time_After_Treatment_min0","Time_After_Treatment_min720-Time_After_Treatment_min0","Time_After_Treatment_min90-Time_After_Treatment_min0","Radiation_Dose_cGy10-Radiation_Dose_cGy0","Radiation_Dose_cGy100-Radiation_Dose_cGy0","Radiation_Dose_cGy10000-Radiation_Dose_cGy0","Radiation_Dose_cGy40-Radiation_Dose_cGy0","Radiation_Dose_cGy80-Radiation_Dose_cGy0"
"AT1G01060","None","None","None","Up","None","None","None","None","None","None","None","None","None","None","None"
"AT1G01190","None","None","None","None","None","None","None","Down","None","Down","None","None","None","None","None"
"AT1G01200","None","None","None","None","None","None","None","Down","None","None","None","None","None","None","None"
"AT1G01240","None","None","None","None","None","None","Up","Up","None","None","None","None","None","None","None"
"AT1G01250","None","None","None","None","None","Up","None","None","Up","None","None","None","None","None","None"
"AT1G01390","None","None","None","None","None","None","None","Down","None","None","None","None","None","None","None"
"AT1G01480","None","None","None","None","None","None","None","None","None","None","None","Up","None","None","None"
"AT1G01520","None","None","None","Up","None","None","None","Down","None","Up","None","None","None","None","None"
"AT1G01560","None","None","None","None","None","None","None","None","None","None","None","None","Up","None","None"
"AT1G01570","None","None","Up","None","None","None","None","None","Up","None","None","None","None","None","None"
"AT1G01580","None","Up","None","Up","None","None","None","None","Up","None","None","None","Down","None","None"
"AT1G01590","None","Up","None","None","None","None","None","None","None","None","None","None","None","None","None"
"AT1G01680","None","None","None","Up","None","None","None","None","None","None","None","None","None","None","None"
"AT1G01695","None","None","None","None","None","None","None","Down","None","None","None","None","None","None","None"
"AT1G01880","Up","None","None","None","None","None","None","None","None","None","None","None","None","None","None"
"AT1G02190","None","None","None","None","None","None","None","Down","None","None","None","None","None","None","None"
"AT1G02230","None","None","None","None","None","None","Up","None","None","None","None","None","None","None","None"
"AT1G02300","None","Up","None","None","None","None","None","None","None","None","None","None","None","None","None"
"AT1G02310","None","None","Up","Up","Up","None","None","None","None","None","None","None","None","None","None"
"AT1G02340","None","None","Up","None","Up","None","Up","None","None","Up","None","None","None","None","None"
"AT1G02390","None","None","Up","None","None","None","None","None","None","None","None","None","None","None","None"
"AT1G02400","None","None","None","None","None","None","Down","None","None","Up","None","Up","None","None","None"
"AT1G02450","None","None","None","Up","Up","None","Up","None","None","None","None","None","None","None","None"
"AT1G02520","None","None","None","None","None","None","None","None","None","None","None","None","Up","None","None"
"AT1G02610","None","None","None","Down","None","Down","None","Up","Down","None","None","None","None","None","None"
"AT1G02620","None","Up","None","Down","None","Down","None","None","Down","None","None","None","None","None","None"
"AT1G02630","None","None","None","None","None","None","None","None","Down","None","None","None","None","None","None"
"AT1G02640","None","None","None","Down","None","Down","None","Up","Down","None","None","None","None","None","None"
"AT1G02650","None","None","None","Down","None","None","None","None","Down","Down","None","None","Up","None","None"
"AT1G02660","None","None","None","Down","None","Down","None","None","Down","None","None","None","None","None","None"
"AT1G02670","None","None","None","None","None","None","None","None","Down","None","None","None","Up","None","None"
"AT1G02700","None","None","None","None","Down","None","Down","Down","None","None","None","None","None","None","None"
"AT1G02705","None","None","None","None","Down","None","None","Down","None","None","None","None","None","None","None"
"AT1G02710","None","Down","None","None","None","None","None","None","None","None","None","None","None","None","None"
"AT1G02730","None","None","None","None","None","None","None","None","None","Down","None","None","Down","None","None"
"AT1G02770","None","Up","None","None","None","None","None","None","None","None","None","None","None","None","None"
"AT1G02820","None","None","None","Up","None","None","None","None","None","None","None","None","None","None","None"
"AT1G02850","None","None","None","Up","None","None","None","None","None","Up","None","None","None","None","None"
"AT1G02920","None","Down","None","None","None","None","None","None","Down","None","None","None","Up","None","None"
"AT1G02930","None","None","None","None","Up","None","Up","None","None","None","None","None","None","None","None"
"AT1G02940","None","Down","None","None","None","None","Up","None","Up","None","None","None","None","None","None"
"AT1G02970","None","None","Down","None","None","None","None","None","None","None","None","None","None","None","None"
"AT1G03010","None","None","None","None","None","None","None","Up","None","None","None","None","None","None","None"
"AT1G03090","None","None","None","Down","None","Down","None","Up","Down","None","None","None","None","None","None"
"AT1G03106","None","Up","None","None","None","None","None","None","None","None","None","None","None","None","None"
"AT1G03120","None","None","None","None","None","None","Down","None","None","None","None","None","None","None","None"
"AT1G03170","None","Down","None","None","Down","None","None","None","None","None","None","None","None","None","None"
"AT1G03220","None","None","None","None","None","Down","None","None","Down","None","None","None","None","None","None"
"AT1G03240","None","Up","None","None","None","None","None","None","None","None","None","None","None","None","None"
"AT1G03300","None","None","None","None","None","None","None","None","None","None","None","None","Down","None","None"
"AT1G03310","None","None","None","None","None","None","None","Down","Up","None","None","None","None","None","None"
"AT1G03445","Up","None","None","None","None","None","None","None","None","None","None","None","None","None","None"
"AT1G03610","None","None","None","None","None","None","None","Up","None","None","None","None","None","None","None"
"AT1G03660","None","None","None","None","None","Down","None","None","None","None","None","None","Up","None","None"
"AT1G03780","None","None","None","None","Down","Down","None","None","None","None","None","None","Down","None","None"
"AT1G03790","None","None","None","None","None","None","None","None","None","None","None","Up","None","None","None"
"AT1G03820","None","None","None","None","None","None","None","Down","Up","None","None","None","None","None","None"
"AT1G03870","None","None","None","None","Down","None","None","None","None","None","None","None","None","None","None"
"AT1G03920","Up","None","None","None","None","None","None","None","None","None","None","None","None","None","None"
"AT1G03940","None","None","None","None","None","None","Up","None","None","None","None","None","None","None","None"
"AT1G03990","None","None","None","None","None","None","None","None","Up","None","None","None","None","None","None"
"AT1G04047","None","Down","None","None","None","None","None","None","None","None","None","None","None","None","None"
"AT1G04077","None","None","None","None","None","None","None","Down","None","None","None","None","None","None","None"
"AT1G04090","Down","None","None","None","None","None","None","None","None","None","None","None","None","None","None"
"AT1G04110","None","None","None","None","None","None","None","None","Up","None","None","None","None","None","None"
"AT1G04163","None","None","Up","Up","Up","Up","None","Up","Up","Up","None","Down","Down","None","None"
"AT1G04180","None","None","Up","None","Up","None","None","None","None","Up","None","None","Down","None","None"
"AT1G04183","Up","None","None","Down","Down","None","Down","None","Down","None","None","None","None","None","None"
"AT1G04220","None","None","None","None","None","None","Down","None","None","None","None","None","None","None","None"
"AT1G04237","None","None","None","None","None","None","Up","None","Up","None","None","None","None","None","None"
"AT1G04247","None","None","None","None","None","None","Down","None","None","None","None","None","None","None","None"
"AT1G04277","None","None","Down","None","None","None","None","Down","None","None","None","None","None","None","None"
"AT1G04313","None","Down","Down","None","None","Up","None","Down","None","None","None","None","Up","None","None"
"AT1G04323","None","Down","None","None","None","None","None","None","None","None","None","None","Up","None","None"
"AT1G04343","None","None","None","None","None","None","None","Down","None","None","None","None","None","None","None"
"AT1G04357","None","Down","None","None","None","None","None","None","None","None","None","None","None","None","None"
"AT1G04380","None","Up","None","None","None","None","None","None","None","None","None","None","None","None","None"
"AT1G04425","None","Up","None","None","None","Down","None","None","None","None","None","None","None","None","None"
"AT1G04433","None","Down","None","None","None","None","None","None","None","Down","None","None","None","None","None"
"AT1G04463","None","Down","None","None","None","None","None","None","None","None","None","None","None","None","None"
"AT1G04467","None","Up","None","None","None","None","None","None","None","None","None","None","None","None","None"
"AT1G04513","None","None","None","None","Down","Down","None","None","Down","None","None","None","Up","None","None"
"AT1G04530","Up","None","None","None","None","None","None","None","None","None","None","None","None","None","None"
"AT1G04537","None","None","None","None","None","Up","Up","None","None","None","Up","None","None","None","None"
"AT1G04560","None","Up","None","None","None","None","None","None","Down","None","None","None","None","None","None"
"AT1G04567","None","Up","None","None","None","None","None","None","None","None","None","None","None","None","None"
"AT1G04580","None","Up","None","None","None","None","None","None","None","None","None","None","None","None","None"
"AT1G04625","None","Down","None","None","None","None","None","None","None","None","None","None","None","None","None"
"AT1G04733","None","Down","None","None","None","None","None","None","None","None","None","None","None","None","None"
"AT1G04760","None","None","None","None","None","None","None","None","None","Down","None","None","None","None","None"
"AT1G04767","None","Up","None","None","None","None","None","None","None","None","None","None","None","None","None"
"AT1G04770","None","None","None","None","None","None","None","Down","None","None","None","None","None","None","None"
"AT1G04778","None","None","None","None","None","Up","None","None","Up","None","None","None","Down","None","None"
"AT1G05030","None","Down","None","None","None","None","None","None","None","None","None","None","None","None","None"
"AT1G05035","None","Down","None","None","None","None","None","Down","None","None","None","None","Up","None","None"
"AT1G05040","None","Down","None","None","None","None","None","None","None","None","None","None","None","None","None"
"AT1G05065","None","None","None","None","None","None","Up","None","None","None","None","None","None","None","None"
"AT1G05087","None","None","None","None","None","None","None","Up","None","None","None","None","None","None","None"
"AT1G05100","None","None","Up","Up","None","None","None","None","None","Up","None","Up","None","None","None"
"AT1G05183","None","None","None","None","None","Down","None","None","None","None","None","None","None","None","None"
"AT1G05187","None","None","None","None","None","None","Up","None","None","None","None","None","None","None","None"
"AT1G05213","None","None","None","None","None","None","None","Down","None","None","None","None","None","None","None"
"AT1G05240","None","Down","None","None","None","None","None","None","None","None","None","None","None","None","None"
"AT1G05243","None","Down","None","None","None","None","None","None","None","None","None","None","None","None","None"
"AT1G05300","None","None","None","None","None","None","None","None","None","None","Up","None","None","None","None"
"AT1G05333","None","Up","None","None","Down","None","None","None","None","None","None","Down","None","None","None"
"AT1G05340","None","Down","None","None","None","None","None","Up","None","Up","Up","Up","None","None","None"
"AT1G05347","None","Up","None","None","None","None","None","None","None","None","None","None","None","None","None"
"AT1G05397","None","Up","None","None","None","None","Up","Up","None","None","None","None","None","None","None"
"AT1G05440","None","None","Up","None","None","None","None","None","Up","Down","None","None","Down","None","None"
"AT1G05490","None","Down","Down","None","None","None","None","Down","None","None","None","None","Up","None","None"
"AT1G05523","None","None","None","None","None","None","None","Down","None","None","None","None","None","None","None"
"AT1G05540","None","None","None","None","None","None","None","Down","None","None","None","None","None","None","None"
"AT1G05557","None","None","None","None","Down","None","None","None","None","None","None","None","None","None","None"
"AT1G05562","None","None","None","None","Down","None","Down","Down","None","None","Down","None","Up","None","None"
"AT1G05575","None","None","None","Down","None","Down","Down","None","Down","None","Up","None","Up","None","None"
"AT1G05650","None","Up","None","None","None","None","None","None","None","None","None","None","None","None","None"
"AT1G05675","None","Down","None","None","None","Down","None","None","Down","None","None","None","Up","None","None"
"AT1G05687","None","None","None","None","None","None","None","Down","None","None","None","None","Up","None","None"
"AT1G05700","None","None","None","None","None","None","None","Down","None","None","None","None","None","None","None"
"AT1G05710","None","None","Down","None","None","None","None","None","None","None","None","None","Up","None","None"
"AT1G05767","Up","Up","Up","Up","Up","Up","Up","Up","Up","Up","None","None","Down","None","None"
"AT1G05835","None","Down","None","None","None","None","None","None","None","None","None","None","None","None","None"
"AT1G05837","None","None","Up","Up","None","None","Up","Up","None","None","None","None","None","None","None"
"AT1G05880","None","None","None","None","None","None","None","None","None","None","None","None","Up","None","None"
"AT1G05927","None","Down","None","None","None","None","Down","None","None","None","None","None","None","None","None"
"AT1G06002","None","None","None","None","None","None","None","Down","None","None","None","None","None","None","None"
"AT1G06020","None","Down","None","None","None","None","None","None","None","None","None","None","None","None","None"
"AT1G06100","None","None","None","None","None","None","None","None","Up","None","None","None","None","None","None"
"AT1G06103","None","Up","None","None","None","None","None","None","None","None","None","None","None","None","None"
"AT1G06113","None","Up","None","None","None","None","None","None","None","None","None","None","None","None","None"
"AT1G06120","None","None","None","Down","None","None","None","None","None","None","None","None","None","None","None"
"AT1G06148","None","Down","None","None","None","None","None","None","None","None","None","None","None","None","None"
"AT1G06160","None","None","Down","None","None","Down","None","None","Down","None","Up","None","None","None","None"
"AT1G06180","None","None","None","None","None","None","Down","None","None","Up","None","None","None","None","None"
"AT1G06243","None","Down","None","None","None","None","None","None","None","None","None","None","None","None","None"
"AT1G06273","None","Up","None","None","None","None","None","None","None","None","None","None","None","None","None"
"AT1G06277","None","Up","None","None","None","None","None","None","None","None","None","None","None","None","None"
"AT1G06407","None","Up","None","None","None","None","None","None","None","None","None","None","None","None","None"
"AT1G06447","None","Up","None","None","None","None","None","None","None","None","None","None","None","None","None"
"AT1G06463","None","None","None","None","None","None","None","Down","None","None","None","None","None","None","None"
"AT1G06473","None","None","None","None","None","None","None","Up","None","None","None","None","None","None","None"
"AT1G06475","None","None","None","None","Down","None","Down","None","None","None","Down","Down","None","None","None"
"AT1G06490","Up","None","None","None","None","None","None","None","None","None","None","None","None","None","None"
"AT1G06520","None","None","None","None","None","None","None","None","Down","None","None","None","None","None","None"
"AT1G06540","None","None","None","None","None","None","None","Down","None","None","None","None","None","None","None"
"AT1G06570","None","None","None","None","None","None","None","Up","None","Up","None","None","None","None","None"
"AT1G06573","None","None","None","Down","None","Down","None","None","Down","None","None","None","None","None","None"
"AT1G06577","None","Down","Down","None","None","None","None","None","None","None","None","None","Up","None","None"
"AT1G06583","None","Down","None","None","None","None","None","None","None","None","None","None","Up","None","None"
"AT1G06587","None","Down","Down","None","None","None","None","Down","None","None","None","None","Up","None","None"
"AT1G06593","None","Down","None","None","None","None","None","None","None","None","None","None","None","None","None"
"AT1G06620","None","None","None","None","None","None","Down","None","None","None","None","None","None","None","None"
"AT1G06643","None","None","None","None","None","None","None","Down","None","None","None","None","None","None","None"
"AT1G06647","None","None","None","None","None","None","None","Down","None","None","None","None","None","None","None"
"AT1G06660","None","None","None","None","None","None","None","None","Up","None","None","None","None","None","None"
"AT1G06687","Up","None","None","None","None","None","None","None","None","None","None","None","None","None","None"
"AT1G06830","None","None","None","None","None","None","None","Down","None","None","None","None","None","None","None"
"AT1G06837","None","Down","None","None","None","None","None","None","None","None","None","None","None","None","None"
"AT1G06980","None","None","None","Up","None","Up","None","None","Up","Up","None","None","None","None","None"
"AT1G07000","None","None","None","None","None","Down","None","None","None","None","None","None","None","None","None"
"AT1G07040","None","None","None","None","None","None","None","Up","None","None","None","None","None","None","None"
"AT1G07050","None","None","None","None","None","None","None","Down","Up","None","None","None","None","None","None"
"AT1G07128","None","None","None","None","None","None","None","None","Down","None","None","None","Up","None","None"
"AT1G07135","None","None","None","Down","Down","Down","Down","None","Down","None","None","None","Up","None","None"
"AT1G07150","None","None","None","None","None","None","Down","None","None","None","None","None","None","None","None"
"AT1G07160","None","None","None","None","None","None","None","None","None","None","Up","Up","None","None","None"
"AT1G07167","None","None","None","None","None","None","None","Down","None","None","None","None","Up","None","None"
"AT1G07187","None","None","Down","None","Down","None","None","Down","None","None","None","None","None","None","None"
"AT1G07330","None","Down","None","None","None","None","None","None","None","None","None","None","None","None","None"
"AT1G07350","None","None","None","None","None","None","Down","None","None","None","None","None","None","None","None"
"AT1G07367","None","None","None","Up","None","None","None","None","Up","None","None","None","None","None","None"
"AT1G07370","None","None","None","None","None","None","None","Down","None","None","None","None","None","None","None"
"AT1G07373","None","None","None","None","None","None","None","None","Up","None","None","None","None","None","None"
"AT1G07400","None","None","None","None","None","None","Down","None","Down","None","None","None","None","None","None"
"AT1G07430","None","None","None","Up","Up","None","None","None","None","None","None","None","None","None","None"
"AT1G07450","None","None","None","None","None","Up","None","None","None","None","None","None","None","None","None"
"AT1G07477","None","None","None","None","None","None","None","Down","None","None","None","None","None","None","None"
"AT1G07490","None","None","None","None","None","Up","None","None","Up","None","None","None","None","None","None"
"AT1G07500","None","Down","Down","Up","Up","Up","Up","Up","Up","Up","None","None","Up","None","None"
"AT1G07550","None","Down","None","None","None","None","None","None","None","None","None","None","None","None","None"
"AT1G07690","None","Up","None","None","None","None","None","None","None","None","None","None","None","None","None"
"AT1G07728","None","None","None","Down","Down","None","Down","None","Down","None","None","None","Up","None","None"
"AT1G07730","None","None","None","None","None","None","Down","None","None","None","None","None","None","None","None"
"AT1G07737","None","None","None","None","None","Up","None","None","None","None","None","None","Down","None","None"
"AT1G07885","None","Up","None","None","None","None","None","None","None","None","None","None","None","None","None"
"AT1G07890","None","None","None","None","None","None","None","Down","None","None","None","None","None","None","None"
"AT1G07897","None","None","None","Up","None","None","None","Down","Up","None","None","None","None","None","None"
"AT1G07900","None","None","None","Up","None","None","None","None","None","None","None","None","None","None","None"
"AT1G07903","None","None","None","Up","None","None","None","None","None","None","None","None","None","None","None"
"AT1G07983","None","None","None","None","None","None","None","Down","None","None","None","None","None","None","None"
"AT1G08003","None","None","None","None","None","None","Down","None","None","None","None","None","None","None","None"
"AT1G08090","None","Up","None","None","None","None","None","Down","None","None","None","None","None","None","None"
"AT1G08250","None","Up","None","None","None","None","None","Down","None","None","None","None","Down","None","None"
"AT1G08260","None","Down","Down","None","None","None","None","Down","None","None","None","None","Up","None","None"
"AT1G08270","None","Down","Down","None","None","None","None","Down","Down","None","None","None","Up","None","None"
"AT1G08273","None","None","None","None","None","None","None","Down","None","None","None","None","None","None","None"
"AT1G08290","None","None","None","None","None","None","None","Down","None","None","None","None","None","None","None"
"AT1G08387","None","None","None","None","None","None","None","Down","None","None","None","None","None","None","None"
"AT1G08430","None","Down","None","None","None","None","None","None","None","None","None","None","None","None","None"
"AT1G08440","None","Up","Up","Up","None","None","None","None","None","None","None","None","Down","None","None"
"AT1G08477","None","None","None","None","None","None","None","Down","None","None","None","None","None","None","None"
"AT1G08560","None","None","None","None","Down","Down","None","None","None","Down","None","None","Down","None","None"
"AT1G08630","None","Up","None","None","None","None","None","Up","Down","None","None","None","None","None","None"
"AT1G08650","None","None","None","None","None","None","None","Down","None","None","None","None","None","None","None"
"AT1G08657","None","None","None","Up","None","None","Up","None","Up","None","None","None","None","None","None"
"AT1G08667","None","None","None","None","None","None","None","None","None","None","None","Down","None","None","None"
"AT1G08723","Down","None","None","None","None","None","None","None","None","None","None","None","None","None","None"
"AT1G08757","None","None","None","None","None","None","None","Down","None","None","None","None","None","None","None"
"AT1G08930","None","None","None","None","None","Down","Down","None","Down","None","None","None","None","None","None"
"AT1G08980","None","None","None","Down","None","None","None","None","None","None","None","None","None","None","None"
"AT1G08990","None","None","None","None","None","None","None","None","None","None","None","Up","None","None","None"
"AT1G09053","None","None","Down","Down","Down","Down","None","Down","Down","Down","Up","Up","Up","None","None"
"AT1G09070","None","None","None","None","None","None","Down","None","None","None","None","None","None","None","None"
"AT1G09080","None","None","Up","Up","None","None","None","None","None","None","None","None","None","None","None"
"AT1G09155","None","None","None","None","None","None","None","None","None","None","Up","Up","None","None","None"
"AT1G09176","None","Down","None","None","None","None","None","None","None","None","None","None","Up","None","None"
"AT1G09180","None","None","Down","None","None","None","None","Down","Down","None","None","None","Up","None","None"
"AT1G09200","None","None","None","None","None","None","None","Down","None","None","None","None","None","None","None"
"AT1G09240","None","None","None","None","None","None","None","Down","None","Down","None","None","None","None","None"
"AT1G09310","None","None","None","None","None","None","None","None","Up","None","None","None","None","None","None"
"AT1G09400","None","Down","None","None","None","None","None","None","None","None","None","None","None","None","None"
"AT1G09420","None","Up","None","None","None","None","None","None","None","None","None","None","None","None","None"
"AT1G09421","None","Up","None","None","None","None","None","Up","None","None","None","None","None","None","None"
"AT1G09460","None","None","None","None","None","Down","None","None","None","None","None","None","None","None","None"
"AT1G09570","None","None","None","None","None","None","None","Up","None","None","None","None","None","None","None"
"AT1G09575","None","None","None","None","None","None","None","Up","None","None","None","None","None","None","None"
"AT1G09647","None","None","None","None","None","None","None","None","None","None","None","None","Up","None","None"
"AT1G09713","None","None","None","Down","None","None","None","Down","Down","None","None","None","None","None","None"
"AT1G09790","None","Up","None","None","None","None","None","None","None","None","None","None","None","None","None"
"AT1G09812","None","None","Down","None","None","None","None","None","None","None","None","None","None","None","None"
"AT1G09815","None","Down","Down","None","None","None","None","None","None","None","None","None","Up","None","None"
"AT1G09860","None","Up","None","None","None","None","None","None","None","None","None","None","None","None","None"
"AT1G09910","None","Down","None","None","None","None","None","None","None","None","None","None","None","None","None"
"AT1G09927","None","Up","None","None","None","None","None","None","None","None","None","None","None","None","None"
"AT1G09930","None","Up","None","None","None","None","Down","Down","Down","None","None","None","Up","None","None"
"AT1G09932","None","None","None","None","None","None","None","None","None","Up","None","None","None","None","None"
"AT1G09970","None","None","None","None","None","None","Down","None","None","None","None","None","None","None","None"
"AT1G09995","None","Down","None","None","None","None","None","None","None","None","None","None","None","None","None"
"AT1G10000","None","Down","None","None","None","None","None","None","None","None","None","None","None","None","None"
"AT1G10040","None","None","Down","None","None","None","None","None","None","None","None","None","Up","None","None"
"AT1G10050","None","None","None","None","None","None","None","None","None","None","None","None","Up","None","None"
"AT1G10070","None","Up","None","Down","None","Down","None","None","Down","None","None","None","None","None","None"
"AT1G10110","None","Up","None","None","None","None","None","None","None","None","None","None","None","None","None"
"AT1G10140","None","None","None","None","None","None","None","Up","Down","None","None","None","None","None","None"
"AT1G10150","None","None","None","None","None","None","Up","None","None","None","None","None","None","None","None"
"AT1G10220","None","None","None","Down","None","None","None","Up","None","None","None","None","None","None","None"
"AT1G10300","None","None","None","Down","None","None","None","None","None","None","None","None","None","None","None"
"AT1G10340","None","None","None","None","None","None","None","None","Down","None","None","None","Up","None","None"
"AT1G10370","None","None","Up","None","None","None","None","Down","None","None","None","None","None","None","None"
"AT1G10385","None","Up","None","None","None","None","None","None","None","None","None","None","None","None","None"
"AT1G10530","None","None","None","None","None","None","Down","None","None","None","None","None","None","None","None"
"AT1G10540","None","Up","None","None","None","None","None","None","None","None","None","None","None","None","None"
"AT1G10550","None","None","None","None","None","None","None","None","None","None","None","Up","None","None","None"
"AT1G10640","None","None","Up","None","None","Up","None","None","Up","None","None","None","Down","None","None"
"AT1G10657","None","None","None","None","None","None","None","Down","None","Down","None","None","None","None","None"
"AT1G10710","None","Down","None","None","None","None","None","None","None","None","None","None","None","None","None"
"AT1G10730","None","Down","None","None","None","None","None","None","None","None","None","None","None","None","None"
"AT1G10790","None","None","None","None","None","None","None","Down","None","None","None","None","None","None","None"
"AT1G10875","None","Up","None","None","None","None","None","None","None","None","None","None","None","None","None"
"AT1G10970","None","None","None","None","None","None","None","None","None","None","Up","None","None","None","None"
"AT1G10980","Up","None","None","None","None","None","None","Up","None","None","None","None","Down","None","None"
"AT1G10990","None","None","Down","None","None","Down","None","None","None","None","None","None","None","None","None"
"AT1G11050","None","None","None","None","None","None","None","None","Down","None","None","None","None","None","None"
"AT1G11070","None","Down","None","None","None","None","None","Up","None","None","None","None","None","None","None"
"AT1G11090","Down","None","None","None","None","Up","None","None","None","None","None","None","None","None","None"
"AT1G11100","Up","None","None","None","None","None","None","None","None","None","None","None","None","None","None"
"AT1G11175","None","None","None","None","None","None","None","Up","None","None","None","None","None","None","None"
"AT1G11185","None","None","None","None","None","Down","Down","None","Down","None","Up","None","None","None","None"
"AT1G11210","None","None","None","None","None","None","Down","None","None","None","None","None","None","None","None"
"AT1G11220","None","None","None","None","None","None","None","None","None","None","None","None","Down","None","None"
"AT1G11260","None","None","None","None","None","Down","None","Up","Down","None","None","None","None","None","None"
"AT1G11330","None","None","None","None","None","None","Up","None","None","None","None","None","None","None","None"
"AT1G11362","None","Down","None","None","None","None","None","None","None","None","None","None","None","None","None"
"AT1G11370","None","Up","None","None","None","None","None","None","None","None","None","None","None","None","None"
"AT1G11460","None","Down","None","None","None","None","None","None","None","None","None","None","None","None","None"
"AT1G11490","None","None","None","None","None","None","None","Down","None","None","None","None","None","None","None"
"AT1G11655","None","None","None","None","None","None","None","None","Up","None","None","None","None","None","None"
"AT1G11700","None","None","None","None","None","Up","None","Down","None","None","None","None","None","None","None"
"AT1G11785","None","Down","None","None","None","None","None","None","None","None","None","None","None","None","None"
"AT1G11800","Up","None","None","None","None","None","None","None","None","None","None","None","None","None","None"
"AT1G11960","None","None","None","None","None","None","Down","None","None","None","None","None","None","None","None"
"AT1G11990","None","Down","None","None","None","None","None","None","None","None","None","None","None","None","None"
"AT1G12010","None","Down","None","None","None","None","None","None","Down","None","None","None","None","None","None"
"AT1G12030","None","None","None","Up","None","None","None","None","Up","None","None","None","None","None","None"
"AT1G12070","None","Down","None","Down","None","None","None","None","None","None","None","None","None","None","None"
"AT1G12100","None","None","None","None","None","Down","None","None","None","None","None","None","None","None","None"
"AT1G12160","None","Down","None","None","None","None","None","None","None","None","None","None","None","None","None"
"AT1G12210","None","Down","None","None","None","None","None","None","None","None","None","None","None","None","None"
"AT1G12211","None","Down","None","None","None","None","None","None","None","None","None","None","None","None","None"
"AT1G12220","None","Down","None","None","None","None","None","None","None","None","None","None","None","None","None"
"AT1G12320","None","Up","None","None","None","None","None","None","None","None","None","None","None","None","None"
"AT1G12330","None","Up","None","None","None","None","None","None","None","None","None","None","None","None","None"
"AT1G12340","None","Up","None","None","None","None","None","None","None","None","None","None","None","None","None"
"AT1G12350","None","Up","None","None","None","None","None","None","None","None","None","None","None","None","None"
"AT1G12390","None","Down","None","None","None","None","None","None","None","None","None","None","None","None","None"
"AT1G12400","None","Down","None","None","None","None","None","None","None","None","None","None","None","None","None"
"AT1G12480","None","Down","Down","None","None","None","None","None","None","None","None","None","Up","None","None"
"AT1G12610","None","None","None","None","None","None","Down","None","None","None","None","None","None","None","None"
"AT1G12630","None","Up","None","None","None","None","None","None","None","None","None","None","None","None","None"
"AT1G12740","None","None","None","None","None","None","None","Down","None","None","None","None","None","None","None"
"AT1G12780","None","None","None","None","None","None","None","Up","Down","None","None","None","None","None","None"
"AT1G12830","None","Up","None","None","None","None","None","None","None","None","None","None","None","None","None"
"AT1G12855","None","Down","None","None","None","None","None","None","None","None","None","None","None","None","None"
"AT1G12980","None","None","None","None","None","None","Down","None","None","None","None","None","None","None","None"
"AT1G13130","None","Down","None","None","None","None","Up","None","None","None","None","None","None","None","None"
"AT1G13140","None","None","Down","None","None","None","Down","None","None","None","None","None","None","None","None"
"AT1G13260","None","None","Up","Down","None","Down","None","None","Down","None","None","None","None","None","None"
"AT1G13310","None","Down","None","None","None","None","None","None","Down","None","None","None","Up","None","None"
"AT1G13330","None","Down","Down","None","None","None","None","None","None","None","None","None","Up","None","None"
"AT1G13340","None","None","None","None","None","None","None","None","None","None","None","None","Up","None","None"
"AT1G13370","None","None","None","None","None","None","None","Down","None","None","None","None","None","None","None"
"AT1G13400","None","Up","None","None","None","None","None","None","None","None","None","None","None","None","None"
"AT1G13420","None","None","None","None","None","None","None","None","Up","None","None","None","None","None","None"
"AT1G13430","None","Down","None","None","None","None","None","None","None","None","None","None","None","None","None"
"AT1G13448","None","None","None","None","None","Up","Up","None","Up","None","None","None","None","None","None"
"AT1G13470","None","Up","None","Up","Up","None","Up","None","None","None","None","None","None","None","None"
"AT1G13480","None","Down","None","None","None","None","None","None","None","None","Up","Up","Up","None","None"
"AT1G13520","None","None","None","None","None","None","None","None","None","None","Up","Up","Up","None","None"
"AT1G13540","None","None","None","None","None","None","None","None","Down","None","None","None","None","None","None"
"AT1G13608","None","None","None","Up","None","None","None","None","Up","None","None","None","None","None","None"
"AT1G13609","None","None","None","None","None","None","None","None","Up","None","None","None","None","None","None"
"AT1G13610","None","None","None","None","None","None","None","Down","None","None","None","None","None","None","None"
"AT1G13635","None","None","None","None","None","None","Up","None","None","None","None","None","None","None","None"
"AT1G13650","None","None","None","None","None","None","None","Down","None","Down","None","None","None","None","None"
"AT1G13700","None","None","None","None","None","None","None","Up","None","None","None","None","None","None","None"
"AT1G13750","None","None","None","None","None","None","Up","None","None","None","None","None","None","None","None"
"AT1G13930","None","None","None","None","None","None","None","Down","None","None","None","None","None","None","None"
"AT1G13990","Down","None","None","None","None","None","None","None","None","None","None","None","None","None","None"
"AT1G14120","None","None","None","None","None","None","None","Down","None","None","None","None","None","None","None"
"AT1G14185","None","None","Up","None","None","None","Up","None","Up","None","None","None","None","None","None"
"AT1G14200","None","None","Up","None","None","None","None","None","None","None","None","None","None","None","None"
"AT1G14250","None","Down","None","None","None","None","None","None","None","None","None","None","None","None","None"
"AT1G14260","Up","None","None","None","None","None","None","Down","None","None","None","None","None","None","None"
"AT1G14345","None","None","None","None","None","None","None","Down","None","None","None","None","None","None","None"
"AT1G14360","None","None","Up","None","None","None","None","None","None","None","None","None","None","None","None"
"AT1G14500","None","Up","None","None","None","None","None","None","None","None","None","None","None","None","None"
"AT1G14540","None","None","None","None","None","None","None","None","Down","None","None","None","Up","None","None"
"AT1G14550","None","None","None","None","None","None","None","Down","None","None","None","None","None","None","None"
"AT1G14700","None","None","None","None","None","Up","None","None","None","None","None","None","None","None","None"
"AT1G14720","None","None","None","None","None","None","None","None","None","None","None","None","Up","None","None"
"AT1G14780","None","None","None","None","None","None","Down","None","None","None","None","Up","None","None","None"
"AT1G14800","None","Up","None","None","None","None","None","None","None","None","None","None","None","None","None"
"AT1G14860","None","None","None","None","None","None","None","Up","None","None","None","None","None","None","None"
"AT1G14880","None","Up","None","None","Up","None","Up","None","Up","None","None","None","None","None","None"
"AT1G14890","None","None","None","None","None","None","None","Up","None","None","None","None","None","None","None"
"AT1G14930","None","Up","None","None","None","None","None","None","None","None","None","None","None","None","None"
"AT1G15010","None","Down","None","Down","None","Down","Down","None","Down","None","None","Up","Up","None","None"
"AT1G15040","None","Up","None","Down","None","Down","None","None","Down","None","None","None","None","None","None"
"AT1G15050","None","None","None","None","None","None","None","Up","None","None","None","None","None","None","None"
"AT1G15125","None","None","None","Down","None","Down","None","None","Down","None","None","None","None","None","None"
"AT1G15150","None","None","None","None","None","None","None","None","None","Down","None","None","None","None","None"
"AT1G15160","None","None","None","None","None","None","Down","None","None","None","None","None","None","None","None"
"AT1G15180","None","Down","None","None","None","None","None","None","None","None","None","None","None","None","None"
"AT1G15190","None","Down","Down","Down","None","None","None","None","Down","None","None","None","Up","None","None"
"AT1G15330","None","Up","None","Down","Down","Down","Down","None","Down","None","None","None","None","None","None"
"AT1G15380","None","None","None","None","None","None","None","None","None","None","None","Up","None","None","None"
"AT1G15385","None","None","None","None","None","None","None","None","None","None","None","Up","None","None","None"
"AT1G15460","None","Up","None","None","None","None","None","None","None","None","None","None","None","None","None"
"AT1G15520","None","None","None","None","None","None","None","None","None","Up","None","None","None","None","None"
"AT1G15550","None","None","None","None","None","None","None","None","None","Down","None","None","None","None","None"
"AT1G15580","None","Down","None","None","Up","None","None","None","None","Up","None","None","Up","None","None"
"AT1G15670","None","None","None","None","None","None","None","None","Down","None","Up","None","None","None","None"
"AT1G15700","None","None","None","None","None","None","None","None","None","None","Up","None","None","None","None"
"AT1G15740","None","None","None","None","None","None","None","Up","None","None","None","None","None","None","None"
"AT1G15790","None","Down","Down","None","None","None","None","None","None","None","None","None","Up","None","None"
"AT1G15840","None","Up","None","None","None","None","None","None","None","None","None","None","None","None","None"
"AT1G15870","None","Up","None","None","None","None","None","None","None","None","None","None","None","None","None"
"AT1G15885","None","Down","None","None","None","None","None","None","None","None","None","None","None","None","None"
"AT1G15890","None","Down","None","None","None","None","None","None","None","None","None","None","None","None","None"
"AT1G15900","None","Up","Down","Down","Down","None","None","None","Down","None","None","None","None","None","None"
"AT1G15960","None","Down","None","None","None","None","None","None","None","None","None","None","None","None","None"
"AT1G16070","None","None","None","None","None","None","None","None","Up","None","None","None","Down","None","None"
"AT1G16110","None","None","None","None","None","None","None","Up","None","None","None","None","None","None","None"
"AT1G16130","None","None","None","Down","Down","Down","Down","None","Down","None","None","Up","Up","None","None"
"AT1G16150","None","Up","None","None","None","None","None","None","None","Up","Up","Up","None","None","None"
"AT1G16160","None","None","None","Down","None","None","None","None","Down","None","None","None","None","None","None"
"AT1G16260","None","Down","None","None","None","None","None","None","None","None","None","None","None","None","None"
"AT1G16360","None","Up","None","None","None","None","None","None","None","None","None","None","None","None","None"
"AT1G16370","None","None","None","None","None","None","Down","None","None","None","None","None","None","None","None"
"AT1G16400","None","None","None","None","None","None","None","Down","None","None","None","None","None","None","None"
"AT1G16410","None","None","None","Up","None","None","None","Down","Up","Down","None","None","Down","None","None"
"AT1G16489","Down","None","None","None","None","None","None","None","None","None","None","None","None","None","None"
"AT1G16530","None","None","None","None","None","None","None","Down","None","Down","None","None","None","None","None"
"AT1G16590","None","Up","None","None","None","None","None","None","None","None","None","None","None","None","None"
"AT1G16630","None","None","None","None","None","None","None","None","None","Down","None","None","Down","None","None"
"AT1G16705","None","Up","None","None","None","None","None","None","None","None","None","None","None","None","None"
"AT1G16730","None","None","None","None","None","None","None","Down","None","None","None","None","None","None","None"
"AT1G16850","None","None","Up","None","None","None","None","None","None","None","None","None","None","None","None"
"AT1G16905","None","Down","None","None","None","None","None","None","None","None","None","None","None","None","None"
"AT1G17147","None","None","None","None","None","None","None","None","Down","None","None","None","Up","None","None"
"AT1G17170","None","Up","None","None","None","None","None","None","None","None","None","None","None","None","None"
"AT1G17180","None","None","None","None","None","None","None","Down","None","None","None","None","None","None","None"
"AT1G17230","None","None","None","None","None","None","None","None","None","Up","None","None","None","None","None"
"AT1G17240","None","Down","None","None","None","None","None","None","None","None","None","None","None","None","None"
"AT1G17250","None","Up","None","None","None","None","None","None","None","None","None","None","None","None","None"
"AT1G17260","None","None","None","None","None","None","None","Down","None","None","None","None","None","None","None"
"AT1G17345","None","None","None","Down","Down","Down","Down","None","Down","None","None","None","None","None","None"
"AT1G17360","None","Down","None","None","None","None","None","None","None","None","None","None","Up","None","None"
"AT1G17380","None","None","None","Down","Down","Down","Down","Down","Down","None","None","None","Up","None","None"
"AT1G17420","None","None","None","None","None","None","Down","None","None","None","None","None","None","None","None"
"AT1G17460","None","Down","Down","None","None","None","None","None","None","None","None","None","Up","None","None"
"AT1G17480","None","None","None","None","None","None","None","None","Up","None","None","None","None","None","None"
"AT1G17665","None","None","Down","None","None","None","Down","None","None","None","None","None","None","None","None"
"AT1G17710","None","None","None","Up","None","None","Up","None","None","None","None","None","None","None","None"
"AT1G17870","None","Down","None","None","None","None","None","None","None","None","None","None","None","None","None"
"AT1G17950","None","None","None","None","None","None","None","Down","None","None","None","None","None","None","None"
"AT1G17960","None","None","Down","None","None","None","None","None","Down","None","None","None","Up","None","None"
"AT1G17990","None","None","None","Down","None","None","None","None","Down","None","None","None","None","None","None"
"AT1G18010","None","None","None","Down","Down","None","None","None","Down","Down","None","None","Up","None","None"
"AT1G18020","None","None","None","None","None","None","None","Up","None","None","None","None","None","None","None"
"AT1G18040","Up","None","None","None","None","None","None","None","None","None","None","None","None","None","None"
"AT1G18100","None","None","None","Up","None","None","None","None","None","None","None","None","None","None","None"
"AT1G18140","None","None","Up","None","None","None","None","Down","None","None","None","None","None","None","None"
"AT1G18200","None","None","None","None","None","None","Down","None","Down","None","None","None","None","None","None"
"AT1G18280","None","Up","None","Down","None","None","None","None","None","None","None","None","None","None","None"
"AT1G18300","None","None","Up","Down","Down","Down","Down","None","Down","Down","None","None","None","None","None"
"AT1G18350","None","Up","None","None","None","None","None","None","None","None","None","None","None","None","None"
"AT1G18370","None","None","None","None","Down","Down","None","None","None","None","None","None","Down","None","None"
"AT1G18400","None","None","None","None","None","Down","None","None","None","None","None","None","None","None","None"
"AT1G18550","Up","None","None","None","None","None","None","None","None","None","None","None","None","None","None"
"AT1G18570","None","Down","None","None","None","Down","None","None","Down","None","None","None","Up","None","None"
"AT1G18590","None","None","None","Up","None","None","None","Down","Up","None","None","None","None","None","None"
"AT1G18830","None","Up","None","Up","Up","None","Up","None","None","None","None","None","None","None","None"
"AT1G18860","None","None","None","None","None","None","None","None","None","None","None","Up","None","None","None"
"AT1G18870","None","Up","Up","Up","Up","Up","Up","None","Up","None","None","None","Down","None","None"
"AT1G18970","None","None","None","None","None","None","None","Down","None","None","None","None","None","None","None"
"AT1G18980","None","None","None","None","None","None","Up","None","None","None","None","Up","None","None","None"
"AT1G18990","None","None","None","None","Up","Up","Up","Up","Up","None","None","None","None","None","None"
"AT1G19020","None","Down","None","None","None","Down","Down","None","Down","None","None","None","Up","None","None"
"AT1G19050","None","None","None","None","None","None","None","Down","None","None","None","None","None","None","None"
"AT1G19070","None","Down","None","None","None","None","None","None","None","None","None","None","None","None","None"
"AT1G19180","None","None","None","None","None","None","Down","None","None","None","Up","Up","None","None","None"
"AT1G19250","None","None","None","None","None","None","None","None","None","None","None","None","Up","None","None"
"AT1G19330","None","None","None","None","None","None","None","None","None","Down","None","None","None","None","None"
"AT1G19340","Up","None","None","None","None","None","None","None","None","None","None","None","None","None","None"
"AT1G19380","None","None","None","Down","Down","Down","Down","None","Down","None","None","None","Up","None","None"
"AT1G19394","None","Down","None","None","None","None","None","None","None","None","None","None","None","None","None"
"AT1G19396","None","Down","None","None","None","None","None","None","None","None","None","None","None","None","None"
"AT1G19397","None","Down","None","None","None","None","None","None","None","None","None","None","None","None","None"
"AT1G19410","None","Down","None","None","None","None","None","None","None","None","None","None","None","None","None"
"AT1G19530","None","Up","None","Down","None","Down","None","None","Down","None","None","None","None","None","None"
"AT1G19540","None","None","None","Down","None","Down","Down","Up","Down","None","None","None","None","None","None"
"AT1G19620","None","None","None","Down","Down","None","Down","None","None","None","None","None","None","None","None"
"AT1G19640","None","Down","None","None","None","None","None","Down","None","None","None","None","None","None","None"
"AT1G19670","None","None","Down","None","None","None","None","Down","None","None","None","None","None","None","None"
"AT1G19750","None","Up","None","None","None","None","None","None","None","None","None","None","None","None","None"
"AT1G19770","None","None","None","Down","None","Down","None","None","Down","None","None","None","None","None","None"
"AT1G19780","None","None","None","Down","None","None","None","None","None","None","None","None","None","None","None"
"AT1G19830","None","None","None","Up","None","None","None","None","Up","None","None","None","Down","None","None"
"AT1G19900","None","None","Down","Down","None","None","None","None","None","None","None","None","None","None","None"
"AT1G19960","None","None","None","Up","Up","None","Up","None","Up","None","None","None","None","None","None"
"AT1G19980","Up","None","None","None","None","None","None","None","None","None","None","None","None","None","None"
"AT1G20030","None","None","None","None","Up","None","None","None","None","None","None","None","Down","None","None"
"AT1G20070","None","None","None","Up","Up","None","Up","None","None","None","None","None","None","None","None"
"AT1G20120","None","Down","Down","None","None","None","None","Down","None","None","None","None","Up","None","None"
"AT1G20180","None","None","None","None","None","None","None","None","None","None","None","None","Up","None","None"
"AT1G20310","None","None","None","None","None","Down","None","None","Down","None","None","None","Up","None","None"
"AT1G20350","None","Down","Down","None","None","None","None","None","Down","None","None","None","Up","None","None"
"AT1G20400","None","Down","None","None","None","None","None","None","None","None","None","None","None","None","None"
"AT1G20440","None","None","Up","None","None","None","None","Up","None","None","None","None","None","None","None"
"AT1G20450","None","None","Up","None","None","None","None","Up","None","Up","None","None","None","None","None"
"AT1G20470","Up","None","None","None","None","None","None","None","None","None","None","None","None","None","None"
"AT1G20490","None","Down","None","None","None","None","None","None","None","None","None","None","None","None","None"
"AT1G20510","None","None","None","None","None","None","Down","None","None","None","None","None","Up","None","None"
"AT1G20515","None","Down","None","None","None","None","None","None","None","None","None","None","None","None","None"
"AT1G20590","None","Up","None","None","None","None","None","None","None","None","None","None","None","None","None"
"AT1G20610","Up","None","None","None","None","Down","None","None","None","None","None","None","None","None","None"
"AT1G20720","None","None","None","None","None","None","None","Down","None","None","None","None","None","None","None"
"AT1G20750","None","Down","Down","None","None","None","None","Down","None","None","None","None","Up","None","None"
"AT1G20823","None","None","None","None","None","None","None","Down","None","None","None","None","None","None","None"
"AT1G20860","None","Up","None","None","None","None","None","None","None","None","None","None","None","None","None"
"AT1G21100","None","None","None","Down","None","Down","Down","None","Down","None","None","None","Up","None","None"
"AT1G21110","None","Up","None","None","None","None","None","None","None","None","None","None","None","None","None"
"AT1G21120","None","Up","None","None","None","None","None","None","Down","Up","None","None","Up","None","None"
"AT1G21140","None","Up","None","None","None","Down","None","None","Down","None","None","None","None","None","None"
"AT1G21240","None","None","None","Up","None","None","Up","None","None","None","None","None","None","None","None"
"AT1G21250","None","None","None","Up","Up","None","Up","None","Up","None","None","None","None","None","None"
"AT1G21270","None","None","None","None","None","None","Up","None","None","None","None","None","None","None","None"
"AT1G21280","None","None","None","None","None","None","Down","None","None","None","None","Down","None","None","None"
"AT1G21326","None","None","None","Down","Down","Down","None","None","Down","None","None","None","Up","None","None"
"AT1G21400","None","None","None","None","None","None","None","Up","None","None","None","None","None","None","None"
"AT1G21450","None","None","None","None","None","None","None","Up","None","None","None","None","None","None","None"
"AT1G21470","None","None","Down","Down","Down","None","Down","Down","Down","None","None","None","Up","None","None"
"AT1G21510","None","None","None","Up","None","None","None","None","None","None","None","None","Down","None","None"
"AT1G21520","None","None","None","Up","Up","None","None","None","None","Up","None","None","Up","None","None"
"AT1G21528","None","Down","Down","None","None","None","None","None","None","None","None","None","Up","None","None"
"AT1G21550","None","None","None","None","None","None","None","None","Down","None","None","None","Up","None","None"
"AT1G21670","None","None","None","None","None","None","None","Up","None","None","None","None","None","None","None"
"AT1G21680","None","None","None","None","None","None","None","Up","None","None","None","None","None","None","None"
"AT1G21810","None","None","None","None","None","None","None","None","Up","None","None","None","None","None","None"
"AT1G21890","None","Up","None","None","None","None","None","None","None","None","None","None","None","None","None"
"AT1G21910","None","None","None","None","None","Down","None","None","Down","Down","None","None","None","None","None"
"AT1G22120","None","Up","None","None","None","None","None","None","None","None","None","None","None","None","None"
"AT1G22150","None","None","None","None","None","Up","None","Down","Up","None","None","None","None","None","None"
"AT1G22160","None","None","None","Up","None","Up","Up","Down","Up","Down","None","None","None","None","None"
"AT1G22240","None","Down","None","None","None","None","None","None","None","None","None","None","Up","None","None"
"AT1G22260","Up","None","None","None","None","None","None","None","None","None","None","None","None","None","None"
"AT1G22275","Up","None","None","None","None","None","None","None","None","None","None","None","None","None","None"
"AT1G22380","None","None","None","None","None","None","Down","None","None","None","None","None","None","None","None"
"AT1G22400","None","Down","None","None","None","None","None","None","None","None","None","None","None","None","None"
"AT1G22470","None","None","Up","None","None","None","Down","None","None","None","None","Up","None","None","None"
"AT1G22490","None","None","None","None","None","None","None","None","Down","Down","None","None","None","None","None"
"AT1G22570","None","None","None","Down","None","None","None","None","None","None","None","None","None","None","None"
"AT1G22600","None","None","None","None","Down","Down","None","None","None","None","None","None","None","None","None"
"AT1G22650","None","Down","None","None","None","None","None","None","None","None","None","None","None","None","None"
"AT1G22680","None","Up","None","Up","None","None","Up","None","Up","None","None","None","Down","None","None"
"AT1G22770","None","None","None","None","None","None","Down","None","None","None","None","None","None","None","None"
"AT1G22810","None","None","None","None","None","None","Down","None","None","None","None","None","None","None","None"
"AT1G22890","None","None","None","None","None","Down","None","None","Down","None","None","None","Up","None","None"
"AT1G22980","None","Down","None","None","None","None","None","None","None","None","None","None","None","None","None"
"AT1G22990","None","None","None","None","None","None","Up","None","None","None","None","Up","None","None","None"
"AT1G23000","None","Down","Down","None","None","None","Down","None","None","None","None","None","Up","None","None"
"AT1G23010","None","Down","None","None","None","None","None","None","None","None","None","None","None","None","None"
"AT1G23020","None","None","None","None","None","None","None","None","Up","None","None","None","None","None","None"
"AT1G23050","Up","None","None","None","None","None","None","None","None","None","None","None","None","None","None"
"AT1G23052","None","None","None","None","None","None","None","None","None","None","None","Up","None","None","None"
"AT1G23060","None","None","None","None","None","None","Up","None","None","None","None","None","None","None","None"
"AT1G23070","None","Up","None","None","None","None","None","None","None","None","None","None","None","None","None"
"AT1G23110","None","None","None","Up","None","Up","Up","None","Up","None","None","None","None","None","None"
"AT1G23120","None","None","None","None","None","None","None","Up","None","None","None","None","None","None","None"
"AT1G23130","None","Down","None","None","None","None","None","None","None","None","None","None","None","None","None"
"AT1G23140","None","None","None","None","None","None","None","None","Up","None","None","None","None","None","None"
"AT1G23160","None","None","Up","None","None","None","None","Up","Up","None","None","None","Down","None","None"
"AT1G23201","None","Up","None","None","None","None","None","None","None","None","None","None","None","None","None"
"AT1G23205","None","None","None","None","None","None","None","Down","None","None","None","None","None","None","None"
"AT1G23210","None","Up","None","None","None","None","None","None","None","None","None","None","None","None","None"
"AT1G23350","None","Down","None","None","None","None","None","None","None","None","None","None","None","None","None"
"AT1G23390","None","None","None","Down","None","Down","None","None","None","Down","None","None","None","None","None"
"AT1G23520","None","Down","None","None","None","None","None","None","None","None","None","None","Up","None","None"
"AT1G23550","None","Down","None","None","None","None","None","None","None","None","None","None","None","None","None"
"AT1G23700","None","Down","None","None","None","None","None","None","None","None","None","None","None","None","None"
"AT1G23710","None","Down","None","Down","Down","Down","Down","None","Down","None","None","None","Up","None","None"
"AT1G23760","None","None","None","Down","None","None","Down","None","Down","None","None","None","None","None","None"
"AT1G23790","Up","None","None","None","Down","Down","None","None","None","Down","None","None","Down","None","None"
"AT1G23800","None","None","Up","None","None","None","None","None","None","None","None","None","None","None","None"
"AT1G23830","None","None","Down","None","None","None","None","None","None","None","None","None","None","None","None"
"AT1G23840","None","None","None","Up","None","None","Up","None","None","None","None","None","None","None","None"
"AT1G23850","None","None","None","None","None","None","Down","Up","None","None","None","None","None","None","None"
"AT1G23870","None","None","None","Down","None","Down","None","Up","Down","None","None","None","None","None","None"
"AT1G23935","None","Up","None","None","None","None","None","None","None","None","None","None","None","None","None"
"AT1G24020","None","None","None","None","None","None","None","Down","None","None","None","None","None","None","None"
"AT1G24095","None","None","None","None","None","None","None","Down","None","None","None","None","None","None","None"
"AT1G24100","None","None","None","None","None","None","None","Down","None","None","None","None","None","None","None"
"AT1G24140","None","None","None","None","None","None","None","None","None","None","None","None","Up","None","None"
"AT1G24145","None","Down","None","None","None","None","None","None","None","None","None","None","Up","None","None"
"AT1G24147","None","None","None","Up","None","None","None","None","None","None","None","None","None","None","None"
"AT1G24270","None","None","None","None","None","None","None","Down","None","None","None","None","None","None","None"
"AT1G24280","None","None","None","None","None","None","None","Down","None","None","None","None","None","None","None"
"AT1G24388","None","Up","None","None","None","None","None","None","None","None","None","None","None","None","None"
"AT1G24390","None","Up","None","None","None","None","None","None","None","None","None","None","None","None","None"
"AT1G24440","None","None","None","None","None","None","None","Up","None","None","None","None","None","None","None"
"AT1G24470","None","None","None","None","None","None","None","None","None","None","None","None","Up","None","None"
"AT1G24575","None","None","None","None","None","None","None","Down","None","None","None","None","None","None","None"
"AT1G24580","None","None","None","Up","None","None","None","None","Up","Up","None","None","None","None","None"
"AT1G24620","None","None","None","None","None","None","Up","None","None","None","None","None","None","None","None"
"AT1G24793","None","Down","None","None","None","None","None","None","None","None","None","None","None","None","None"
"AT1G24851","Down","Down","None","None","None","None","None","None","None","None","None","None","None","None","None"
"AT1G24881","Down","None","None","None","None","None","None","None","None","None","None","None","None","None","None"
"AT1G24996","None","None","None","None","None","None","None","None","None","None","Up","None","None","None","None"
"AT1G25025","None","Up","None","None","None","None","None","None","None","None","None","None","None","None","None"
"AT1G25055","Down","None","None","None","None","None","None","None","None","None","None","None","None","None","None"
"AT1G25112","None","Up","None","None","None","None","None","None","None","None","None","None","None","None","None"
"AT1G25141","None","Down","None","None","None","None","None","None","None","None","None","None","None","None","None"
"AT1G25145","None","Down","None","None","Down","None","Down","None","None","None","None","None","None","None","None"
"AT1G25180","None","Up","None","None","None","None","None","None","None","None","None","None","None","None","None"
"AT1G25210","None","None","None","None","None","None","Up","None","None","None","Down","Down","None","None","None"
"AT1G25211","None","Down","None","None","None","None","None","None","None","None","None","None","None","None","None"
"AT1G25250","None","None","None","None","None","None","None","Down","None","None","None","None","None","None","None"
"AT1G25400","None","None","None","Down","Down","Down","Down","None","Down","None","Up","Up","Up","None","None"
"AT1G25422","None","None","None","None","Up","None","None","Down","None","None","None","None","None","None","None"
"AT1G25440","None","None","None","None","None","None","None","None","None","Down","None","None","None","None","None"
"AT1G25560","None","None","None","Down","None","Down","None","None","Down","None","None","None","Up","None","None"
"AT1G26210","None","None","None","None","None","None","None","Down","None","None","None","None","None","None","None"
"AT1G26240","None","Down","None","None","None","None","None","Down","Down","None","None","None","Up","None","None"
"AT1G26250","None","None","None","None","None","None","None","None","Down","None","None","None","Up","None","None"
"AT1G26255","None","None","None","None","None","None","None","None","Down","None","None","None","None","None","None"
"AT1G26360","None","None","None","None","None","None","None","None","Up","None","None","None","None","None","None"
"AT1G26380","None","Down","None","None","None","None","None","None","Down","None","None","None","Up","None","None"
"AT1G26390","None","Down","None","None","None","None","None","Down","None","None","None","None","None","None","None"
"AT1G26410","None","Down","None","None","None","None","None","None","None","None","None","None","Up","None","None"
"AT1G26420","None","Down","None","None","None","None","None","None","None","Up","None","Up","Up","None","None"
"AT1G26530","None","Up","None","None","None","None","None","None","None","None","None","None","None","None","None"
"AT1G26540","None","None","None","None","None","None","None","Down","None","None","None","None","None","None","None"
"AT1G26560","None","None","Up","None","None","None","None","None","None","None","None","None","None","None","None"
"AT1G26590","None","Down","None","Up","Up","Up","Up","None","None","None","None","None","None","None","None"
"AT1G26680","None","None","None","None","None","None","Down","None","None","None","None","None","None","None","None"
"AT1G26700","None","None","Up","None","None","None","None","None","None","None","None","None","None","None","None"
"AT1G26730","None","None","None","None","None","None","None","Down","None","None","None","None","None","None","None"
"AT1G26760","None","None","None","None","None","Down","None","None","None","Down","None","None","Down","None","None"
"AT1G26761","None","None","None","None","None","None","None","Down","None","None","None","None","None","None","None"
"AT1G26770","None","None","None","None","None","None","None","Down","Up","None","None","None","None","None","None"
"AT1G26790","None","None","None","Up","None","None","Down","None","None","None","None","None","None","None","None"
"AT1G26840","None","None","None","None","None","None","None","Down","None","None","None","None","None","None","None"
"AT1G26945","None","None","None","None","None","None","Up","None","None","None","None","None","None","None","None"
"AT1G27020","None","None","None","None","None","Down","Down","None","Down","None","None","None","None","None","None"
"AT1G27180","None","Down","None","None","None","None","None","None","None","None","None","None","None","None","None"
"AT1G27290","None","None","None","None","None","None","None","Up","None","None","None","None","None","None","None"
"AT1G27360","None","None","None","None","None","None","Down","None","None","None","None","None","None","None","None"
"AT1G27460","None","Down","None","None","None","None","None","None","None","None","None","None","None","None","None"
"AT1G27461","None","Up","None","None","None","None","None","None","None","None","None","None","None","None","None"
"AT1G27480","None","None","None","None","None","None","None","Down","None","None","None","None","None","None","None"
"AT1G27540","None","Up","None","None","None","None","None","None","None","None","None","None","None","None","None"
"AT1G27570","None","Up","None","None","None","None","None","None","None","None","None","None","None","None","None"
"AT1G27580","None","Up","None","None","None","None","None","None","None","Up","None","None","None","None","None"
"AT1G27670","None","None","None","None","None","None","None","Up","None","None","None","None","None","None","None"
"AT1G27720","None","None","Down","None","None","None","None","Down","None","None","None","None","Up","None","None"
"AT1G27730","None","None","None","Down","Down","Down","Down","None","Down","None","None","Up","Up","None","None"
"AT1G27820","None","None","None","None","None","None","None","None","None","None","None","None","Up","None","None"
"AT1G27890","None","Down","None","None","None","None","None","None","None","None","None","None","Up","None","None"
"AT1G27940","None","Down","Down","None","Down","None","None","Down","Down","None","None","None","Up","None","None"
"AT1G28010","None","None","None","None","None","None","Down","None","None","None","None","None","None","None","None"
"AT1G28080","None","Up","None","None","None","None","None","None","None","None","None","None","None","None","None"
"AT1G28170","None","Up","None","None","None","None","None","None","None","None","None","None","None","None","None"
"AT1G28190","None","None","None","None","None","None","None","None","Down","None","None","None","None","None","None"
"AT1G28260","None","None","None","None","None","None","None","Up","None","None","None","None","None","None","None"
"AT1G28330","None","None","None","Down","None","Down","None","None","Down","None","None","None","None","None","None"
"AT1G28360","None","None","None","None","None","None","Down","None","None","None","None","None","None","None","None"
"AT1G28370","None","None","None","Down","Down","Down","Down","None","Down","None","None","None","Up","None","None"
"AT1G28480","None","None","None","None","None","None","None","None","None","None","Up","Up","None","None","None"
"AT1G28570","None","None","None","None","None","None","None","Down","Up","None","None","None","None","None","None"
"AT1G28590","None","Up","None","None","None","None","Down","None","None","None","None","Up","None","None","None"
"AT1G28610","None","Up","None","None","None","None","None","Down","Up","None","None","None","None","None","None"
"AT1G28650","None","Up","None","None","None","None","None","None","None","None","None","None","None","None","None"
"AT1G28670","None","Down","None","None","None","None","None","Down","None","None","None","None","None","None","None"
"AT1G28710","None","None","None","None","None","None","Down","None","None","None","None","None","None","None","None"
"AT1G28765","None","None","None","None","None","None","Down","None","None","None","None","None","None","None","None"
"AT1G29000","None","Down","None","None","None","None","None","None","None","None","None","None","None","None","None"
"AT1G29090","None","Up","None","None","None","None","None","None","None","None","None","None","None","None","None"
"AT1G29100","None","None","None","Down","None","Down","None","None","Down","None","None","None","None","None","None"
"AT1G29270","None","None","None","None","None","None","None","Up","None","None","None","None","Down","None","None"
"AT1G29290","None","None","None","None","None","None","None","None","None","None","None","Up","None","None","None"
"AT1G29357","None","Down","None","None","None","None","None","None","None","None","None","None","None","None","None"
"AT1G29395","None","None","Up","None","None","None","None","None","None","None","None","None","None","None","None"
"AT1G29430","None","None","None","Up","None","None","Up","None","None","None","None","None","None","None","None"
"AT1G29440","None","None","None","None","None","None","Up","None","None","None","None","None","None","None","None"
"AT1G29450","None","None","None","None","None","None","Up","None","None","None","None","None","None","None","None"
"AT1G29460","None","None","None","None","None","None","Up","None","None","None","None","None","None","None","None"
"AT1G29510","None","None","None","None","None","None","Up","None","None","None","None","None","None","None","None"
"AT1G29535","Up","None","None","None","None","None","None","None","None","None","None","None","None","None","None"
"AT1G29590","None","Down","None","None","None","None","None","None","None","None","None","None","None","None","None"
"AT1G29600","None","Down","None","None","None","None","None","None","None","None","None","None","None","None","None"
"AT1G29720","None","Down","None","None","None","None","None","None","None","None","None","None","None","None","None"
"AT1G29760","None","None","None","None","None","None","None","Up","None","None","None","None","None","None","None"
"AT1G29770","None","Down","None","None","None","None","None","None","None","None","None","None","None","None","None"
"AT1G29775","None","Down","None","None","None","None","None","None","None","None","None","None","None","None","None"
"AT1G29780","None","Down","None","None","None","None","None","None","None","None","None","None","None","None","None"
"AT1G29785","None","Down","None","None","None","None","None","None","None","None","None","None","None","None","None"
"AT1G29820","None","Up","None","None","None","None","None","None","None","None","None","None","None","None","None"
"AT1G29830","None","Up","None","None","None","None","None","None","None","None","None","None","None","None","None"
"AT1G30040","None","None","None","None","None","None","Down","None","Down","None","None","None","None","None","None"
"AT1G30100","None","Up","None","None","None","None","None","None","None","None","None","None","None","None","None"
"AT1G30135","None","None","None","None","None","None","Down","None","None","None","None","Up","Up","None","None"
"AT1G30140","None","Down","None","None","None","None","None","None","None","None","None","None","None","None","None"
"AT1G30160","None","Down","Down","None","None","None","None","None","None","None","None","None","Up","None","None"
"AT1G30170","None","Down","None","None","None","None","None","None","None","None","None","None","Up","None","None"
"AT1G30190","None","None","None","None","None","None","None","None","None","None","None","None","Up","None","None"
"AT1G30282","None","Up","None","None","None","None","None","None","None","None","None","None","None","None","None"
"AT1G30370","None","Down","Up","None","None","None","None","None","None","Up","None","None","Up","None","None"
"AT1G30475","None","Down","None","None","None","None","None","None","None","None","None","None","Up","None","None"
"AT1G30510","None","None","None","None","None","None","Up","None","Up","None","None","None","None","None","None"
"AT1G30530","None","None","None","None","None","None","None","Down","None","None","None","None","None","None","None"
"AT1G30545","None","Up","None","None","None","None","None","None","None","None","None","None","None","None","None"
"AT1G30560","None","Up","None","None","None","None","None","None","None","None","None","None","None","None","None"
"AT1G30600","None","Down","None","None","None","None","None","None","None","None","None","None","None","None","None"
"AT1G30660","None","Down","None","None","None","None","None","Down","None","None","None","None","Up","None","None"
"AT1G30700","None","None","None","None","None","None","None","None","None","None","None","Up","None","None","None"
"AT1G30720","None","None","None","Down","None","Down","Down","None","Down","None","None","None","None","None","None"
"AT1G30730","None","Up","None","Down","None","Down","None","Up","Down","None","None","None","Up","None","None"
"AT1G30740","None","Up","None","None","None","None","None","None","None","None","None","None","Up","None","None"
"AT1G30760","None","None","Up","Up","None","None","None","None","Up","None","None","None","None","None","None"
"AT1G30820","None","None","None","None","None","Down","None","None","None","None","None","None","None","None","None"
"AT1G30860","Up","Up","None","None","None","None","None","None","None","None","None","None","None","None","None"
"AT1G30930","None","Up","None","None","None","None","None","None","None","None","None","None","None","None","None"
"AT1G30990","None","Down","None","None","None","None","None","None","None","None","None","None","None","None","None"
"AT1G31173","None","None","None","None","Up","None","Up","None","None","None","None","None","None","None","None"
"AT1G31200","None","None","None","None","None","None","None","Down","None","None","None","None","None","None","None"
"AT1G31258","None","Down","None","None","None","None","None","None","None","None","None","None","None","None","None"
"AT1G31280","None","Down","Down","None","None","None","Down","None","Down","None","None","None","Up","None","None"
"AT1G31290","None","Down","None","None","None","Down","None","None","Down","None","None","None","Up","None","None"
"AT1G31310","None","None","None","None","None","Down","Down","None","None","None","None","None","None","None","None"
"AT1G31320","None","None","None","None","None","None","None","Down","None","Down","None","None","None","None","None"
"AT1G31335","Up","None","None","None","None","None","None","None","None","None","None","None","None","None","None"
"AT1G31350","None","None","None","None","None","None","None","Up","None","None","None","None","None","None","None"
"AT1G31400","None","Up","None","None","None","None","None","None","None","None","None","None","None","None","None"
"AT1G31430","None","Down","None","None","None","None","None","None","None","None","None","None","None","None","None"
"AT1G31440","None","Down","None","None","None","None","None","None","None","None","None","None","None","None","None"
"AT1G31485","None","Up","None","None","None","None","None","None","None","None","None","None","None","None","None"
"AT1G31550","None","Up","None","None","None","None","None","Down","None","Down","None","None","None","None","None"
"AT1G31580","None","Down","None","Up","None","None","Up","None","Up","None","None","None","None","None","None"
"AT1G31600","None","Down","None","None","None","None","None","None","None","None","None","None","None","None","None"
"AT1G31690","None","None","None","None","Up","None","None","Down","None","Down","None","None","None","None","None"
"AT1G31820","None","Down","None","None","None","None","None","None","None","None","None","None","None","None","None"
"AT1G31835","None","Down","None","None","None","None","None","None","None","None","None","None","None","None","None"
"AT1G31910","None","Down","None","None","None","None","None","None","None","None","None","None","None","None","None"
"AT1G31920","None","Up","None","None","Up","None","Up","None","Up","None","None","None","Down","None","None"
"AT1G32170","None","None","None","None","None","None","None","Up","None","None","None","None","None","None","None"
"AT1G32270","None","Down","None","None","None","None","None","None","None","None","None","None","None","None","None"
"AT1G32350","None","None","None","None","None","None","None","None","None","None","None","Up","None","None","None"
"AT1G32460","None","None","None","None","None","None","None","None","Down","None","None","None","None","None","None"
"AT1G32570","None","Down","Down","None","None","None","None","None","None","None","None","None","Up","None","None"
"AT1G32575","None","Down","None","None","None","None","None","None","None","None","None","None","None","None","None"
"AT1G32640","None","None","None","Down","None","None","Down","None","None","None","None","None","None","None","None"
"AT1G32700","None","None","None","None","None","None","None","Up","None","None","None","None","None","None","None"
"AT1G32860","None","None","None","None","None","None","None","Down","None","None","None","None","Up","None","None"
"AT1G32900","None","None","None","Up","None","Up","None","None","None","None","None","None","None","None","None"
"AT1G32910","None","None","None","None","None","None","Down","None","None","None","None","None","Up","None","None"
"AT1G32920","None","None","None","Down","None","Down","Down","None","Down","None","None","None","Up","None","None"
"AT1G32928","None","None","None","Down","None","Down","None","None","Down","Down","None","None","Up","None","None"
"AT1G32950","None","None","None","None","None","None","None","None","None","Up","None","None","None","None","None"
"AT1G32960","None","None","None","None","None","None","None","None","Down","None","None","None","None","None","None"
"AT1G33030","None","None","None","None","None","None","None","Down","None","None","None","None","Up","None","None"
"AT1G33055","None","None","None","None","None","Down","None","None","Down","Down","None","None","None","None","None"
"AT1G33100","None","Up","None","Up","None","None","None","None","Up","None","None","None","None","None","None"
"AT1G33540","None","Up","None","None","None","None","None","None","None","None","None","None","None","None","None"
"AT1G33590","None","None","None","None","None","Down","None","None","Down","None","None","None","None","None","None"
"AT1G33610","None","None","None","None","None","Down","None","None","None","None","None","None","None","None","None"
"AT1G33615","Up","None","None","None","None","None","None","None","None","None","None","None","None","None","None"
"AT1G33670","None","Up","Up","None","None","None","None","None","None","None","None","None","Down","None","None"
"AT1G33760","None","Down","None","Down","Down","Down","Down","None","Down","Down","None","None","Up","None","None"
"AT1G33770","None","Down","None","None","None","None","None","None","None","None","None","None","None","None","None"
"AT1G33790","None","Down","None","None","None","None","None","None","None","None","None","None","None","None","None"
"AT1G33840","None","Down","None","None","None","None","None","None","None","None","None","None","None","None","None"
"AT1G33930","None","None","None","None","None","None","None","Down","None","None","None","None","None","None","None"
"AT1G33960","None","Up","None","None","None","None","None","None","None","None","None","None","Up","None","None"
"AT1G34040","None","Down","None","None","None","None","None","Down","None","None","None","None","None","None","None"
"AT1G34047","None","Up","Down","Down","None","Down","None","None","Down","None","None","None","None","None","None"
"AT1G34050","None","Down","None","None","None","None","None","None","None","None","None","None","Up","None","None"
"AT1G34200","None","Down","None","None","None","None","None","None","None","None","None","None","None","None","None"
"AT1G34245","None","None","None","None","None","None","None","None","None","None","None","None","Down","None","None"
"AT1G34355","Up","None","None","None","Down","Down","None","None","None","None","None","None","None","None","None"
"AT1G34460","Up","None","None","None","None","None","None","None","None","None","None","None","None","None","None"
"AT1G34490","None","Up","None","None","None","None","None","None","None","None","None","None","None","None","None"
"AT1G34510","None","None","None","None","None","None","None","None","Up","None","None","None","None","None","None"
"AT1G34580","Up","Up","None","None","None","None","None","None","None","None","None","None","None","None","None"
"AT1G34760","None","None","None","None","None","None","None","Up","None","None","None","None","None","None","None"
"AT1G34844","None","Down","None","None","None","None","None","None","None","None","None","None","None","None","None"
"AT1G35140","None","Down","Up","Down","Down","Down","Down","None","Down","None","None","None","None","None","None"
"AT1G35170","None","Up","None","None","None","None","None","None","None","None","None","None","None","None","None"
"AT1G35210","None","None","None","None","Down","Down","None","None","Down","None","None","None","Up","None","None"
"AT1G35230","None","Down","None","None","None","None","None","None","None","None","None","None","Up","None","None"
"AT1G35250","None","Down","None","None","None","None","None","None","None","None","None","None","None","None","None"
"AT1G35310","None","None","None","None","None","None","Up","Down","Up","None","None","None","None","None","None"
"AT1G35320","None","Down","None","None","None","None","None","None","None","None","None","None","None","None","None"
"AT1G35430","None","None","None","None","None","None","None","None","None","None","None","None","Up","None","None"
"AT1G35560","None","Down","None","None","None","None","None","None","None","None","None","None","None","None","None"
"AT1G35710","None","Down","None","Up","Up","None","Up","None","None","None","None","None","None","None","None"
"AT1G35730","None","Up","None","None","None","None","None","None","None","None","None","None","None","None","None"
"AT1G35910","None","None","None","None","None","None","None","Down","None","None","None","None","None","None","None"
"AT1G36060","None","None","None","None","None","None","None","Up","None","None","None","None","None","None","None"
"AT1G36180","None","None","None","None","None","Up","None","None","Up","None","None","None","None","None","None"
"AT1G36622","None","None","None","None","None","None","None","None","None","None","None","Up","None","None","None"
"AT1G43020","None","None","None","None","None","None","None","None","None","None","Down","None","None","None","None"
"AT1G43160","None","None","None","None","None","None","Down","None","None","None","Up","Up","None","None","None"
"AT1G43605","None","None","None","None","None","None","None","Down","None","None","None","None","Up","None","None"
"AT1G43800","None","None","Down","None","None","None","None","None","None","None","None","None","None","None","None"
"AT1G43910","None","None","None","Up","None","None","None","None","None","Up","None","None","Up","None","None"
"AT1G44050","None","None","None","None","Down","None","None","None","None","Down","None","None","None","None","None"
"AT1G44120","None","None","None","None","None","None","None","None","None","None","None","None","Up","None","None"
"AT1G44130","None","Down","None","None","None","None","None","Down","Down","None","None","None","Up","None","None"
"AT1G44350","None","None","None","Down","None","None","Down","None","None","None","None","None","None","None","None"
"AT1G44830","None","Down","Down","None","None","None","None","None","Down","None","None","None","Up","None","None"
"AT1G44970","None","None","None","None","None","None","None","None","None","None","None","Up","None","None","None"
"AT1G45010","None","None","None","None","None","None","None","Down","None","None","None","None","None","None","None"
"AT1G45163","None","Down","None","None","None","None","None","None","None","None","None","None","None","None","None"
"AT1G45165","None","Down","None","None","None","None","None","None","None","None","None","None","None","None","None"
"AT1G45191","None","None","None","None","None","None","None","None","Up","None","None","None","None","None","None"
"AT1G45201","None","None","None","Up","None","None","Up","Down","Up","Down","None","None","None","None","None"
"AT1G46480","None","None","None","None","None","None","None","Down","None","None","None","None","None","None","None"
"AT1G47395","None","None","None","None","None","None","None","None","Up","None","None","None","None","None","None"
"AT1G47400","None","None","None","None","None","None","None","None","Up","None","None","None","None","None","None"
"AT1G47655","None","None","None","None","None","None","None","Up","None","None","None","None","None","None","None"
"AT1G47890","None","None","None","None","None","None","None","None","None","None","None","None","Up","None","None"
"AT1G47990","None","None","None","Down","None","None","Down","None","None","None","None","None","None","None","None"
"AT1G48100","None","None","None","Up","None","None","None","None","None","None","None","None","None","None","None"
"AT1G48120","None","None","None","None","None","None","None","Down","None","None","None","None","None","None","None"
"AT1G48130","None","Up","None","None","None","None","None","None","None","None","None","None","None","None","None"
"AT1G48300","None","None","None","None","None","None","None","Up","None","None","None","None","None","None","None"
"AT1G48470","None","None","None","None","None","None","None","Down","None","None","None","None","None","None","None"
"AT1G48720","None","None","None","None","None","None","None","Up","Down","None","None","None","None","None","None"
"AT1G48740","Up","None","None","None","None","None","None","None","None","None","None","None","None","None","None"
"AT1G48800","None","None","None","None","None","None","None","Down","None","None","None","None","None","None","None"
"AT1G48820","None","Down","None","None","None","None","None","None","None","None","None","None","None","None","None"
"AT1G49000","None","None","None","None","None","None","Down","None","None","None","Up","None","None","None","None"
"AT1G49032","None","None","None","None","None","None","None","Up","None","None","None","None","None","None","None"
"AT1G49050","None","None","None","None","None","None","None","None","None","None","None","None","Up","None","None"
"AT1G49130","None","None","None","None","None","None","None","None","None","Down","None","None","None","None","None"
"AT1G49150","None","None","None","None","None","None","Up","None","None","None","None","None","None","None","None"
"AT1G49210","None","None","None","Down","None","None","None","Up","None","None","None","None","None","None","None"
"AT1G49230","None","None","None","None","Up","None","Up","Down","None","None","None","None","None","None","None"
"AT1G49250","None","Down","None","None","None","None","None","None","None","None","None","None","None","None","None"
"AT1G49450","None","None","Up","None","None","None","None","None","None","None","None","Up","None","None","None"
"AT1G49500","None","None","None","None","None","None","None","Up","None","None","None","None","None","None","None"
"AT1G49530","None","None","None","None","None","None","Down","None","None","None","None","None","None","None","None"
"AT1G49860","None","Down","Down","None","None","None","None","Down","None","Down","None","None","None","None","None"
"AT1G49870","None","None","None","None","Down","Down","None","None","None","None","None","None","Down","None","None"
"AT1G49900","None","None","None","None","None","None","None","None","None","None","None","Up","Up","None","None"
"AT1G49910","None","None","None","None","None","None","None","Down","None","None","None","None","None","None","None"
"AT1G49952","None","None","None","None","None","None","Down","None","None","None","None","None","None","None","None"
"AT1G49960","None","None","None","None","None","None","None","None","None","None","None","Up","None","None","None"
"AT1G50040","None","None","None","None","None","Down","None","Up","Down","None","None","None","None","None","None"
"AT1G50400","None","None","None","None","Up","None","None","None","None","None","None","None","None","None","None"
"AT1G50490","None","None","None","None","None","Down","None","None","None","None","None","None","None","None","None"
"AT1G50745","None","None","None","Down","Down","Down","Down","None","Down","None","None","None","Up","None","None"
"AT1G50750","None","None","None","None","None","Down","None","None","Down","None","None","None","Up","None","None"
"AT1G50930","None","None","None","None","None","None","None","None","Up","None","None","None","None","None","None"
"AT1G51055","None","None","None","None","None","None","None","Down","None","None","None","None","None","None","None"
"AT1G51060","None","None","None","None","None","None","None","Down","None","None","None","None","None","None","None"
"AT1G51080","None","None","None","None","None","None","None","Down","None","None","None","None","None","None","None"
"AT1G51090","None","None","Up","None","None","None","None","None","None","Up","None","None","None","None","None"
"AT1G51130","None","Down","Down","Down","None","None","None","None","Down","None","None","None","Up","None","None"
"AT1G51140","None","None","None","None","None","Up","None","None","None","None","None","None","None","None","None"
"AT1G51270","None","None","None","None","Down","Down","Down","None","Down","None","None","None","None","None","None"
"AT1G51380","None","None","None","None","Up","None","None","None","None","None","None","None","None","None","None"
"AT1G51420","None","None","None","None","None","None","Up","None","None","None","None","None","None","None","None"
"AT1G51620","None","None","Up","None","None","None","None","None","None","None","None","None","None","None","None"
"AT1G51640","None","None","None","None","None","None","Up","None","None","None","None","None","Down","None","None"
"AT1G51670","Up","None","None","None","None","None","None","None","None","None","None","None","None","None","None"
"AT1G51760","None","None","None","None","None","None","Down","None","None","None","None","None","None","None","None"
"AT1G51770","Up","None","None","None","None","None","None","None","None","None","None","None","None","None","None"
"AT1G51780","None","Up","None","None","None","None","None","None","None","None","None","None","None","None","None"
"AT1G51800","None","None","None","None","None","None","Down","None","None","None","Up","Up","None","None","None"
"AT1G51820","None","None","None","None","None","None","Down","None","None","None","Up","Up","None","None","None"
"AT1G51850","None","None","None","None","None","None","None","None","None","None","Up","Up","None","None","None"
"AT1G51890","None","None","None","None","None","None","None","None","Down","None","None","None","None","None","None"
"AT1G52030","None","None","Up","None","None","None","None","None","None","None","None","None","None","None","None"
"AT1G52120","None","None","None","Up","None","None","None","None","None","None","None","None","None","None","None"
"AT1G52130","None","Up","None","Up","None","None","None","None","None","None","None","None","None","None","None"
"AT1G52200","None","None","None","None","None","None","None","None","None","None","None","Up","None","None","None"
"AT1G52270","None","None","Down","None","None","None","Up","Down","None","None","None","None","None","None","None"
"AT1G52315","None","Down","None","None","None","None","None","None","None","None","None","None","Up","None","None"
"AT1G52343","None","None","None","None","None","None","None","Up","None","None","None","None","None","None","None"
"AT1G52430","None","None","None","None","None","None","None","Down","None","None","None","None","None","None","None"
"AT1G52530","None","None","None","None","None","None","None","Down","None","None","None","None","None","None","None"
"AT1G52560","None","None","Up","None","None","None","None","None","None","None","None","None","None","None","None"
"AT1G52690","None","Up","None","None","None","None","None","None","None","None","None","Up","None","None","None"
"AT1G52700","None","None","None","None","None","None","None","Down","None","None","None","None","None","None","None"
"AT1G52800","None","None","None","None","None","None","Up","None","None","None","None","None","None","None","None"
"AT1G52827","None","None","None","None","None","None","Down","None","None","None","None","None","None","None","None"
"AT1G52855","None","None","Up","Up","Up","None","None","None","None","Up","None","None","None","None","None"
"AT1G52890","None","None","None","None","None","None","None","None","None","None","None","Up","None","None","None"
"AT1G52905","None","Down","None","None","None","None","None","None","None","None","None","None","None","None","None"
"AT1G52920","None","Down","None","None","None","None","None","None","None","None","None","None","Up","None","None"
"AT1G53035","None","None","None","None","None","None","None","Down","None","None","None","None","None","None","None"
"AT1G53070","None","None","None","None","None","None","None","Down","None","None","None","None","None","None","None"
"AT1G53140","None","None","None","None","None","None","None","None","None","Down","None","None","Down","None","None"
"AT1G53230","None","None","None","None","None","None","None","Down","None","None","None","None","None","None","None"
"AT1G53440","None","None","None","None","None","Down","None","None","None","None","None","None","None","None","None"
"AT1G53470","None","None","Up","None","None","None","None","None","None","None","None","None","None","None","None"
"AT1G53480","Up","None","Up","Up","Up","None","Up","None","None","Up","None","None","None","None","None"
"AT1G53542","None","None","None","None","None","None","None","Down","None","None","None","None","None","None","None"
"AT1G53625","None","None","None","None","None","None","None","None","None","None","None","Up","Up","None","None"
"AT1G53633","None","None","None","Down","None","None","None","None","Down","None","None","None","None","None","None"
"AT1G53635","None","Up","None","None","None","None","None","None","None","None","None","None","None","None","None"
"AT1G53640","None","None","None","None","None","None","None","None","None","None","None","None","Up","None","None"
"AT1G53680","None","None","None","None","None","None","Down","None","None","None","None","None","None","None","None"
"AT1G53885","None","None","None","None","None","None","Down","None","None","None","None","None","None","None","None"
"AT1G53887","None","None","None","None","None","None","None","None","Down","None","None","None","None","None","None"
"AT1G53903","None","None","None","Down","None","None","Down","None","None","None","Up","None","None","None","None"
"AT1G53980","None","None","None","None","None","None","None","None","None","None","None","None","Up","None","None"
"AT1G53990","None","None","Down","Down","Down","Down","None","None","Down","None","None","None","Up","None","None"
"AT1G54010","None","None","None","None","None","None","Down","None","None","None","None","None","None","None","None"
"AT1G54040","None","None","None","None","None","None","None","None","Up","None","None","None","None","None","None"
"AT1G54160","None","None","None","None","None","None","Up","None","None","None","None","None","None","None","None"
"AT1G54280","None","Down","None","None","None","None","None","None","None","None","None","None","Up","None","None"
"AT1G54385","None","None","None","None","None","None","None","None","Up","None","None","None","None","None","None"
"AT1G54560","None","Down","None","None","None","None","None","None","None","None","None","None","None","None","None"
"AT1G54575","None","None","None","None","None","Up","None","None","None","None","None","None","None","None","None"
"AT1G54740","None","None","None","None","None","Down","None","Up","None","None","None","None","None","None","None"
"AT1G54820","None","None","None","None","None","None","None","None","Up","Down","None","None","None","None","None"
"AT1G54860","None","Up","None","None","None","None","None","None","None","None","None","None","None","None","None"
"AT1G54870","None","Up","None","None","None","None","None","None","None","None","None","None","None","None","None"
"AT1G54890","None","None","None","None","None","None","Down","None","None","None","Up","None","None","None","None"
"AT1G54930","None","None","None","None","None","None","None","None","None","None","None","None","Down","None","None"
"AT1G55010","None","None","None","None","None","Down","Down","None","Down","Down","None","None","None","None","None"
"AT1G55152","None","None","None","None","None","None","None","None","None","None","Down","None","None","None","None"
"AT1G55210","None","None","None","None","None","None","None","Down","None","None","None","None","None","None","None"
"AT1G55240","None","None","None","None","None","None","None","None","Up","None","None","None","None","None","None"
"AT1G55265","None","None","None","None","None","None","None","Down","None","None","None","None","None","None","None"
"AT1G55335","None","None","None","None","None","None","None","None","Down","None","None","None","None","None","None"
"AT1G55380","None","None","None","None","Down","None","None","None","None","None","None","None","None","None","None"
"AT1G55450","None","None","None","None","None","Down","None","None","Down","None","None","None","Up","None","None"
"AT1G55510","None","None","None","None","None","None","None","Up","None","None","None","None","None","None","None"
"AT1G55865","None","None","None","None","None","None","None","Down","None","None","None","None","None","None","None"
"AT1G55990","None","None","None","None","None","Up","None","None","None","None","None","None","None","None","None"
"AT1G56060","None","None","None","None","None","Down","None","None","Down","None","None","Up","Up","None","None"
"AT1G56120","None","None","None","None","Up","None","Up","None","None","None","None","None","None","None","None"
"AT1G56160","None","Up","None","Up","None","None","None","None","None","None","None","None","None","None","None"
"AT1G56170","None","None","None","None","None","None","None","Down","None","None","None","None","None","None","None"
"AT1G56240","None","Down","None","None","None","Down","None","None","Down","None","None","None","Up","None","None"
"AT1G56250","None","Down","None","None","None","None","None","None","Down","None","None","None","Up","None","None"
"AT1G56300","None","None","None","None","Up","None","None","None","None","None","None","None","None","None","None"
"AT1G56430","None","None","None","None","None","Up","None","Down","Up","None","None","None","None","None","None"
"AT1G56510","None","Down","None","None","Down","None","Down","None","Down","None","None","None","Up","None","None"
"AT1G56600","None","Up","None","Up","None","None","Up","None","None","None","None","None","None","None","None"
"AT1G56650","None","None","None","Up","None","Up","None","Down","None","None","None","None","None","None","None"
"AT1G56670","None","None","None","None","None","None","None","Down","None","None","None","None","None","None","None"
"AT1G57630","None","None","None","Up","None","None","None","None","None","None","None","None","Up","None","None"
"AT1G57990","None","None","Up","Down","None","Down","None","None","Down","None","None","None","None","None","None"
"AT1G58007","None","None","Down","None","None","None","None","Down","None","None","None","None","Up","None","None"
"AT1G58120","None","Up","None","None","None","None","None","None","None","None","None","None","None","None","None"
"AT1G58170","None","None","Up","Up","None","None","None","Down","Up","None","None","None","None","None","None"
"AT1G58180","None","None","None","None","None","None","None","Up","None","None","None","None","None","None","None"
"AT1G58223","None","None","None","None","None","None","Down","None","None","None","Up","Up","None","None","None"
"AT1G58225","None","Down","None","Up","Up","None","Up","None","None","None","None","None","Up","None","None"
"AT1G58300","None","None","None","None","None","None","None","None","None","None","None","None","Up","None","None"
"AT1G58320","None","Up","None","None","None","None","None","None","None","None","None","None","None","None","None"
"AT1G58420","None","None","None","None","None","None","None","None","Down","None","None","None","Up","None","None"
"AT1G58520","None","None","None","Up","None","None","None","Down","None","None","None","None","None","None","None"
"AT1G59590","None","None","None","None","None","Down","None","Up","Down","None","None","None","Up","None","None"
"AT1G59660","None","Down","Down","None","None","None","None","None","Down","None","None","None","Up","None","None"
"AT1G59730","None","None","None","None","None","None","None","Down","None","None","None","None","None","None","None"
"AT1G59870","None","None","None","None","None","Down","None","None","None","None","None","None","None","None","None"
"AT1G59920","None","Down","None","None","None","None","None","None","None","None","None","None","None","None","None"
"AT1G59930","None","Down","None","None","None","None","None","Down","None","None","None","None","None","None","None"
"AT1G60050","None","None","None","None","None","None","None","None","Up","None","None","None","Down","None","None"
"AT1G60090","None","Up","None","None","None","None","None","None","None","None","None","None","None","None","None"
"AT1G60095","None","None","None","None","None","None","Up","None","None","None","None","None","None","None","None"
"AT1G60110","None","Up","None","None","None","None","None","None","None","None","None","None","None","None","None"
"AT1G60140","None","None","None","None","None","Down","None","Up","Down","None","None","None","None","None","None"
"AT1G60190","None","Up","Up","Up","Up","None","None","None","Up","Up","None","None","Down","None","None"
"AT1G60270","None","None","None","None","None","None","None","Down","None","None","None","None","None","None","None"
"AT1G60470","None","None","None","Up","Up","None","None","None","None","None","None","None","None","None","None"
"AT1G60500","None","Down","Down","None","None","None","None","None","None","None","None","None","Up","None","None"
"AT1G60590","None","None","None","None","None","None","None","Down","Up","None","None","None","None","None","None"
"AT1G60750","None","None","None","None","None","Down","None","Down","Down","None","None","None","Up","None","None"
"AT1G60787","None","None","None","Down","None","None","None","None","None","None","None","None","None","None","None"
"AT1G60960","None","None","None","Down","None","None","None","None","Down","None","Up","None","None","None","None"
"AT1G61120","None","None","None","None","None","None","None","None","Down","None","None","None","Up","None","None"
"AT1G61130","None","Up","None","Up","None","None","None","None","Up","None","None","None","Down","None","None"
"AT1G61340","None","None","None","None","Down","Down","Down","None","Down","None","None","None","Up","None","None"
"AT1G61415","None","None","None","None","None","Down","None","Down","None","None","None","None","None","None","None"
"AT1G61460","None","None","Down","None","None","None","None","None","None","None","None","None","Up","None","None"
"AT1G61470","None","Down","None","None","None","None","None","Down","Down","Down","None","None","Up","None","None"
"AT1G61480","None","None","Down","None","None","None","None","None","None","None","None","None","None","None","None"
"AT1G61750","None","None","None","None","None","None","None","None","Down","None","None","None","None","None","None"
"AT1G61795","None","None","None","None","None","None","Up","None","None","None","None","None","None","None","None"
"AT1G61800","None","None","None","Up","None","None","None","Down","None","None","None","None","None","None","None"
"AT1G61810","None","None","None","None","None","None","None","None","Down","None","None","None","None","None","None"
"AT1G61890","None","None","None","None","None","None","Down","None","None","None","None","None","None","None","None"
"AT1G61930","None","None","Down","None","None","None","None","Down","None","None","None","None","None","None","None"
"AT1G62180","None","None","None","Up","None","None","None","Down","None","None","None","None","None","None","None"
"AT1G62420","None","Up","None","Up","Up","None","Up","None","Up","None","Up","None","None","None","None"
"AT1G62440","None","None","None","None","None","None","Down","None","None","None","None","Up","None","None","None"
"AT1G62500","None","None","None","Down","None","None","None","None","None","None","None","None","None","None","None"
"AT1G62515","Up","None","None","None","None","None","None","None","None","None","None","None","None","None","None"
"AT1G62540","None","None","None","Up","Up","Up","None","None","Up","None","None","None","None","None","None"
"AT1G62560","None","None","None","Up","None","None","None","Down","Up","Down","None","None","None","None","None"
"AT1G62570","None","None","Up","None","None","None","None","None","None","Up","None","None","None","None","None"
"AT1G62620","None","None","None","Up","None","Up","None","None","Up","Up","None","None","None","None","None"
"AT1G62690","None","None","Down","None","None","None","None","Down","None","None","None","None","Up","None","None"
"AT1G62720","None","None","None","None","None","None","None","Down","None","None","None","None","None","None","None"
"AT1G62760","None","None","None","None","None","None","None","Up","None","None","None","None","None","None","None"
"AT1G62770","None","None","None","None","None","None","None","Up","None","None","None","None","None","None","None"
"AT1G62870","None","None","None","None","None","None","None","Down","None","None","None","None","None","None","None"
"AT1G62935","None","None","None","None","None","None","Up","None","None","None","None","None","None","None","None"
"AT1G62975","None","None","Up","None","None","None","None","None","None","None","None","None","None","None","None"
"AT1G63070","None","Down","None","None","None","None","None","None","None","None","None","None","None","None","None"
"AT1G63100","None","None","None","None","Down","Down","None","None","None","None","None","None","Down","None","None"
"AT1G63180","None","None","None","None","None","None","None","Up","Down","None","None","None","None","None","None"
"AT1G63295","None","None","None","None","None","None","Up","None","None","None","None","None","None","None","None"
"AT1G63350","None","None","None","None","None","Down","None","None","Down","None","None","None","None","None","None"
"AT1G63390","None","None","None","None","None","None","None","None","Down","None","None","None","None","None","None"
"AT1G63530","None","Down","Down","None","None","None","None","None","Down","None","None","None","Up","None","None"
"AT1G63630","None","None","None","None","None","None","None","None","None","None","None","None","Down","None","None"
"AT1G63710","None","Down","None","None","None","None","None","None","None","None","None","None","None","None","None"
"AT1G63720","None","None","None","None","None","None","None","None","Down","None","None","None","Up","None","None"
"AT1G63860","None","None","None","None","None","None","None","None","Down","None","None","None","Up","None","None"
"AT1G63870","None","Down","None","None","None","None","None","None","None","None","None","None","Up","None","None"
"AT1G63990","None","None","None","None","None","None","None","Down","None","None","None","None","None","None","None"
"AT1G64065","None","None","None","None","None","None","None","None","Down","None","None","None","Up","None","None"
"AT1G64170","None","None","None","None","None","None","None","Down","None","None","None","None","None","None","None"
"AT1G64360","None","Down","None","None","None","None","None","None","None","None","None","None","None","None","None"
"AT1G64390","None","None","None","None","None","None","None","Down","Up","None","None","None","None","None","None"
"AT1G64400","None","None","None","Up","None","Up","None","None","None","None","None","None","None","None","None"
"AT1G64405","None","None","None","Up","None","None","None","Down","Up","None","None","None","None","None","None"
"AT1G64480","None","Up","None","None","None","None","None","None","None","None","None","None","None","None","None"
"AT1G64618","None","Down","None","None","None","None","None","None","None","None","None","None","Up","None","None"
"AT1G64620","None","None","Down","None","None","None","None","None","None","None","None","None","Up","None","None"
"AT1G64660","None","None","None","None","None","None","None","Up","None","Up","None","None","None","None","None"
"AT1G64780","None","None","None","Up","None","None","None","Down","None","None","None","None","None","None","None"
"AT1G64795","Down","Down","None","None","None","None","None","None","None","None","None","None","None","None","None"
"AT1G64910","None","Up","None","None","None","None","None","None","None","None","None","None","None","None","None"
"AT1G64940","None","None","None","None","None","None","None","None","None","None","None","Up","None","None","None"
"AT1G64970","None","None","None","None","None","Up","None","None","None","None","None","None","None","None","None"
"AT1G64980","None","None","None","None","None","None","None","None","Up","None","None","None","None","None","None"
"AT1G65060","None","None","None","Up","None","None","None","Down","None","None","None","None","None","None","None"
"AT1G65090","None","Up","None","None","None","None","None","None","None","None","None","None","None","None","None"
"AT1G65130","None","None","None","None","None","None","None","Down","None","None","None","None","None","None","None"
"AT1G65390","None","None","None","Down","None","Down","Down","None","Down","None","None","None","None","None","None"
"AT1G65480","None","Down","None","None","None","None","None","Down","Up","None","None","None","None","None","None"
"AT1G65490","None","None","None","None","None","None","None","Up","None","None","None","None","None","None","None"
"AT1G65500","None","None","None","Up","Up","None","None","None","Up","None","None","None","None","None","None"
"AT1G65510","None","None","None","None","None","None","None","Up","None","None","None","None","None","None","None"
"AT1G65570","None","None","None","None","None","Down","None","None","None","None","None","None","None","None","None"
"AT1G65610","None","None","None","None","None","None","None","None","None","None","None","Up","None","None","None"
"AT1G65710","None","None","None","None","None","None","None","None","Up","None","None","None","Down","None","None"
"AT1G65790","None","None","None","Up","Up","None","Up","None","Up","None","None","None","None","None","None"
"AT1G65845","None","None","None","None","None","None","Down","Up","None","None","None","None","None","None","None"
"AT1G65860","None","None","None","Up","None","None","None","Down","Up","Down","None","None","None","None","None"
"AT1G65870","None","None","None","Up","None","None","None","None","None","None","None","None","None","None","None"
"AT1G65880","Up","None","None","None","None","None","None","None","None","None","None","None","None","None","None"
"AT1G65890","None","None","None","None","None","None","None","Down","None","Down","None","None","None","None","None"
"AT1G65900","None","None","None","None","None","None","None","None","Up","None","None","None","None","None","None"
"AT1G65970","None","None","None","None","None","None","None","Up","None","None","None","None","None","None","None"
"AT1G66020","None","None","None","None","None","None","Up","Up","None","None","None","None","None","None","None"
"AT1G66040","None","None","Down","Down","None","None","None","None","Down","None","None","None","Up","None","None"
"AT1G66090","None","None","None","Down","Down","Down","Down","None","Down","None","None","None","Up","None","None"
"AT1G66160","None","None","None","None","None","Down","None","None","Down","None","None","None","None","None","None"
"AT1G66173","None","None","None","None","None","Down","None","None","None","None","None","None","None","None","None"
"AT1G66180","None","None","None","None","None","Down","None","None","Down","None","None","None","Up","None","None"
"AT1G66280","None","None","Up","None","None","None","Down","None","None","None","Up","None","None","None","None"
"AT1G66420","None","Down","None","None","None","None","None","None","None","None","None","None","None","None","None"
"AT1G66465","None","None","None","Up","Up","None","None","None","None","None","None","None","None","None","None"
"AT1G66500","None","None","None","None","Down","Down","Down","None","None","None","None","None","None","None","None"
"AT1G66540","None","None","None","None","None","None","None","Down","None","None","None","None","None","None","None"
"AT1G66690","None","None","None","None","None","None","None","Up","None","None","None","None","None","None","None"
"AT1G66700","None","None","None","None","None","None","None","Down","None","None","None","None","Up","None","None"
"AT1G66725","None","None","None","None","None","None","None","Down","None","None","None","None","None","None","None"
"AT1G66760","None","None","None","None","None","None","Down","Up","None","None","None","None","None","None","None"
"AT1G66780","None","Down","None","None","None","None","None","None","None","None","None","None","Up","None","None"
"AT1G66800","None","Up","Up","None","None","Up","None","None","Up","None","None","None","None","None","None"
"AT1G66810","None","None","None","None","None","None","None","None","None","None","None","None","Up","None","None"
"AT1G66920","None","None","None","Up","None","None","None","None","None","None","None","None","None","None","None"
"AT1G66930","None","None","None","None","None","Down","None","None","None","None","None","None","None","None","None"
"AT1G67020","None","None","None","None","None","None","None","Down","Down","None","None","None","None","None","None"
"AT1G67035","None","None","None","None","Down","None","None","None","None","None","None","None","Down","None","None"
"AT1G67100","None","Up","None","None","None","None","None","None","None","None","None","None","None","None","None"
"AT1G67105","None","Up","None","None","None","None","None","None","None","None","None","None","None","None","None"
"AT1G67110","None","None","None","None","None","None","None","Down","None","None","None","None","None","None","None"
"AT1G67120","None","None","None","None","Up","None","None","None","None","None","None","None","None","None","None"
"AT1G67220","None","None","None","None","None","None","None","None","None","None","None","None","Up","None","None"
"AT1G67260","Up","Down","None","None","None","Down","None","None","None","Down","None","None","None","None","None"
"AT1G67360","None","None","None","Up","None","None","None","None","None","None","None","None","None","None","None"
"AT1G67460","None","None","None","None","None","None","Down","Down","None","None","None","None","Up","None","None"
"AT1G67470","None","None","None","None","Down","None","None","None","None","None","None","None","None","None","None"
"AT1G67600","None","None","None","None","None","None","None","Up","None","None","None","None","None","None","None"
"AT1G67750","None","None","None","None","None","Up","None","None","Up","Down","None","None","None","None","None"
"AT1G67760","None","None","None","None","None","None","None","Down","None","Down","None","None","None","None","None"
"AT1G67810","None","None","None","None","None","None","None","None","Down","Up","None","None","None","None","None"
"AT1G67910","None","None","None","None","None","None","None","None","None","Down","None","None","None","None","None"
"AT1G67920","None","None","None","Up","None","None","None","None","None","None","None","None","None","None","None"
"AT1G67970","None","None","None","None","None","None","None","None","None","None","None","None","Up","None","None"
"AT1G67990","None","Down","None","None","None","None","None","None","None","None","None","None","None","None","None"
"AT1G68020","None","None","None","None","None","None","None","Up","None","None","None","None","None","None","None"
"AT1G68050","None","None","None","None","Up","None","None","None","None","None","None","None","None","None","None"
"AT1G68110","Up","None","None","None","None","None","None","Up","None","None","None","None","None","None","None"
"AT1G68190","None","None","None","None","None","None","Up","None","None","None","None","None","None","None","None"
"AT1G68200","None","Down","Down","None","None","None","None","None","None","None","None","None","Up","None","None"
"AT1G68240","None","Down","Down","None","None","None","None","None","Down","None","None","None","Up","None","None"
"AT1G68250","None","None","None","None","None","None","Down","None","None","None","Up","Up","None","None","None"
"AT1G68350","None","None","None","None","None","None","None","None","Up","None","None","None","Down","None","None"
"AT1G68360","None","None","None","None","None","None","None","Down","None","None","None","None","None","None","None"
"AT1G68390","None","None","None","None","None","None","None","Down","None","None","None","None","None","None","None"
"AT1G68450","None","None","None","None","None","None","None","None","None","None","Up","Up","None","None","None"
"AT1G68500","None","None","Up","None","None","None","None","Up","None","None","None","None","None","None","None"
"AT1G68520","None","None","None","None","None","None","None","None","None","Down","None","None","None","None","None"
"AT1G68570","None","None","None","Up","None","None","None","Down","None","None","None","None","None","None","None"
"AT1G68600","None","None","None","None","None","Up","Up","None","Up","Down","None","None","None","None","None"
"AT1G68620","None","None","None","None","None","None","Down","Up","None","None","None","None","None","None","None"
"AT1G68723","None","None","None","None","None","None","None","Down","None","None","None","None","None","None","None"
"AT1G68765","None","None","None","None","None","None","None","None","None","None","None","Up","None","None","None"
"AT1G68795","None","None","None","None","None","None","None","Down","None","None","None","None","None","None","None"
"AT1G68825","None","None","None","None","None","None","Down","None","None","None","None","None","None","None","None"
"AT1G68840","None","None","None","Down","None","Down","None","None","Down","None","None","None","None","None","None"
"AT1G68850","None","None","None","None","None","None","None","None","None","None","None","Up","None","None","None"
"AT1G68880","None","None","None","None","None","None","None","Down","None","None","None","None","None","None","None"
"AT1G69260","None","None","None","Up","None","None","None","Up","None","Up","None","None","None","None","None"
"AT1G69485","None","None","None","None","None","None","None","Up","None","None","None","None","None","None","None"
"AT1G69490","None","None","None","None","None","None","None","None","Down","None","None","None","None","None","None"
"AT1G69572","None","None","None","None","None","None","None","Up","None","None","None","None","None","None","None"
"AT1G69600","None","None","None","None","None","None","Down","Up","None","None","None","None","None","None","None"
"AT1G69710","None","None","None","None","None","None","None","Down","None","None","None","None","None","None","None"
"AT1G69720","None","None","None","None","None","None","Up","None","None","None","None","None","None","None","None"
"AT1G69730","None","None","None","None","None","None","Up","None","None","None","None","None","None","None","None"
"AT1G69840","None","None","None","None","None","Down","None","None","Down","None","None","None","Up","None","None"
"AT1G69890","None","None","None","Down","None","Down","Down","None","Down","None","None","Up","Up","None","None"
"AT1G69920","None","Down","None","None","None","None","None","None","None","None","None","None","Up","None","None"
"AT1G69930","None","None","None","None","None","None","None","None","None","None","None","Up","None","None","None"
"AT1G70140","None","None","None","None","None","None","Down","None","None","None","None","None","None","None","None"
"AT1G70170","None","None","None","None","None","None","None","None","None","None","Up","Up","None","None","None"
"AT1G70220","Up","None","None","None","None","None","None","Down","None","None","None","None","None","None","None"
"AT1G70230","None","None","None","None","None","None","None","Down","None","None","None","None","None","None","None"
"AT1G70260","None","None","None","Up","None","None","Up","Down","Up","None","None","None","None","None","None"
"AT1G70270","None","None","None","Up","None","None","Up","None","Up","None","None","None","Down","None","None"
"AT1G70290","None","None","None","Down","None","Down","None","Up","Down","None","None","None","None","None","None"
"AT1G70440","None","Down","Down","None","None","None","None","None","None","None","None","None","Up","None","None"
"AT1G70560","None","None","None","None","None","None","None","Down","None","None","None","None","None","None","None"
"AT1G70581","None","None","None","None","None","None","None","None","None","None","None","None","Up","None","None"
"AT1G70700","None","None","None","Down","None","None","Down","None","Down","None","None","None","None","None","None"
"AT1G70820","None","None","None","None","Up","None","Up","None","None","None","None","None","None","None","None"
"AT1G70890","None","None","None","None","None","None","None","None","Up","None","None","None","None","None","None"
"AT1G70985","None","None","None","None","None","None","None","Down","None","None","None","None","None","None","None"
"AT1G71030","None","None","None","Down","None","None","None","None","None","None","None","None","None","None","None"
"AT1G71380","None","None","None","None","None","None","None","Down","None","None","None","None","None","None","None"
"AT1G71520","None","None","Up","None","None","None","None","None","None","None","Up","Up","None","None","None"
"AT1G71530","None","None","None","None","None","None","None","Up","None","None","Up","Up","None","None","None"
"AT1G71770","None","None","None","None","None","None","None","None","None","None","None","None","Up","None","None"
"AT1G71890","None","None","None","None","None","None","Up","None","None","None","None","None","None","None","None"
"AT1G72060","None","None","None","None","None","None","None","Up","None","None","None","None","None","None","None"
"AT1G72070","None","None","None","None","None","None","None","Up","None","None","None","None","None","None","None"
"AT1G72100","None","Up","None","None","None","None","None","None","None","None","None","None","None","None","None"
"AT1G72140","None","None","Up","None","None","None","None","None","None","None","None","None","None","None","None"
"AT1G72190","Up","None","None","None","None","None","None","None","None","None","None","None","None","None","None"
"AT1G72250","Up","None","None","None","None","Down","None","None","None","Down","None","None","None","None","None"
"AT1G72360","None","None","Down","None","None","None","None","None","None","None","None","None","None","None","None"
"AT1G72416","None","None","None","Down","None","Down","None","None","Down","None","None","None","None","None","None"
"AT1G72450","None","None","None","None","None","None","Down","None","None","None","None","None","None","None","None"
"AT1G72490","None","None","None","None","None","None","None","None","None","Up","None","None","None","None","None"
"AT1G72520","None","None","None","Down","Down","Down","Down","Down","Down","None","None","None","Up","None","None"
"AT1G72670","None","None","None","None","None","None","None","None","None","Down","None","None","Down","None","None"
"AT1G72790","None","Down","Down","Down","None","None","None","None","Down","None","None","None","Up","None","None"
"AT1G72900","None","None","None","None","None","Down","None","None","Down","None","None","None","Up","None","None"
"AT1G72910","None","None","None","None","Down","Down","None","Down","None","Down","None","None","Up","None","None"
"AT1G72920","None","None","Up","None","Down","Down","None","None","Down","None","None","None","Up","None","None"
"AT1G72940","None","None","None","None","Down","Down","None","None","Down","None","None","None","Up","None","None"
"AT1G73010","None","None","None","Up","Up","Up","Up","None","Up","None","None","None","None","None","None"
"AT1G73040","None","None","None","Up","None","None","Up","None","Up","None","None","None","None","None","None"
"AT1G73066","None","None","None","None","Down","None","Down","None","None","None","None","None","None","None","None"
"AT1G73120","None","Up","None","None","None","None","None","None","None","None","None","None","None","None","None"
"AT1G73165","None","Up","None","None","None","None","None","None","None","None","None","None","None","None","None"
"AT1G73190","None","Up","None","None","None","None","None","None","None","None","None","None","None","None","None"
"AT1G73220","None","Up","None","Up","Up","Up","Up","None","None","Up","Up","None","Down","None","None"
"AT1G73260","None","None","None","Down","None","None","None","None","Down","None","None","None","None","None","None"
"AT1G73270","Up","None","None","None","None","None","None","None","None","None","None","None","None","None","None"
"AT1G73300","None","None","None","Down","None","None","Down","None","None","None","None","None","None","None","None"
"AT1G73325","None","None","None","None","None","None","None","Down","None","None","None","None","None","None","None"
"AT1G73480","None","None","Up","None","None","None","None","None","None","None","None","None","None","None","None"
"AT1G73500","None","None","None","Down","None","Down","Down","None","Down","None","None","None","Up","None","None"
"AT1G73540","None","None","Up","None","None","None","None","None","None","Down","None","None","None","None","None"
"AT1G73600","None","None","None","Up","None","Up","Up","Down","Up","None","None","None","None","None","None"
"AT1G73630","None","None","None","None","None","None","None","Down","None","None","None","None","None","None","None"
"AT1G73690","Up","None","None","None","None","None","None","None","None","None","None","None","None","None","None"
"AT1G73700","None","None","None","None","None","None","None","Down","None","Down","None","None","None","None","None"
"AT1G73805","None","None","None","Up","None","None","None","None","None","None","None","None","Up","None","None"
"AT1G73830","None","None","None","None","Up","None","None","None","None","None","None","None","None","None","None"
"AT1G73890","None","None","None","None","None","None","Down","None","None","None","None","None","None","None","None"
"AT1G73910","None","None","None","None","None","None","None","Up","None","None","None","None","None","None","None"
"AT1G73965","None","None","Up","None","None","None","None","Up","None","None","None","None","None","None","None"
"AT1G74000","None","None","None","None","None","None","None","Down","None","None","None","None","None","None","None"
"AT1G74010","None","None","None","None","None","None","None","Down","None","None","None","None","None","None","None"
"AT1G74090","None","None","None","None","None","None","None","Down","None","None","None","None","None","None","None"
"AT1G74310","None","None","None","None","None","None","Down","None","None","None","None","None","None","None","None"
"AT1G74400","None","None","None","None","None","None","None","None","None","Up","None","None","None","None","None"
"AT1G74430","None","None","None","None","None","None","None","Down","None","None","None","None","None","None","None"
"AT1G74440","None","None","None","None","None","None","None","None","None","None","None","None","Up","None","None"
"AT1G74450","None","None","None","None","None","None","None","None","None","None","None","None","Up","None","None"
"AT1G74456","None","None","None","None","None","None","None","None","None","Up","None","None","None","None","None"
"AT1G74545","None","None","None","None","None","Down","None","None","Down","None","None","None","None","None","None"
"AT1G74670","None","None","None","None","None","None","Up","None","None","None","None","None","None","None","None"
"AT1G74810","None","None","None","Up","None","None","None","None","None","None","None","None","None","None","None"
"AT1G74890","None","None","None","None","None","None","None","Down","None","None","None","None","None","None","None"
"AT1G74900","None","None","None","None","None","None","None","Down","None","None","None","None","None","None","None"
"AT1G74930","None","None","Up","Down","None","Down","Down","None","None","Down","None","None","None","None","None"
"AT1G74950","None","None","None","None","None","None","Down","None","None","None","None","None","None","None","None"
"AT1G75030","None","None","None","None","None","None","None","Up","None","None","None","None","None","None","None"
"AT1G75300","None","None","None","None","None","None","None","Down","None","None","None","None","None","None","None"
"AT1G75430","None","None","None","None","None","None","Down","None","None","None","None","None","None","None","None"
"AT1G75450","None","None","None","None","None","None","None","Down","None","None","None","None","None","None","None"
"AT1G75460","None","None","None","None","None","None","None","Down","None","None","None","None","None","None","None"
"AT1G75490","None","None","None","None","None","Down","None","Up","None","None","None","None","None","None","None"
"AT1G75700","None","Down","None","None","None","Up","None","None","None","None","None","None","Up","None","None"
"AT1G75750","None","None","None","None","None","None","Down","None","Down","None","None","None","None","None","None"
"AT1G75830","None","None","None","None","None","None","None","None","None","None","None","None","None","None","Up"
"AT1G75900","None","None","None","None","None","None","None","None","Up","None","None","None","None","None","None"
"AT1G75945","None","Up","None","None","None","None","None","None","None","None","None","None","None","None","None"
"AT1G76180","None","None","None","None","None","None","None","None","None","None","None","None","Up","None","None"
"AT1G76210","None","Up","None","None","None","None","None","None","None","None","None","None","None","None","None"
"AT1G76310","None","None","None","None","Down","Down","None","None","None","None","None","None","Down","None","None"
"AT1G76410","None","None","None","None","None","None","None","Up","Down","None","None","None","None","None","None"
"AT1G76420","None","None","None","None","None","None","None","Down","None","Down","None","None","None","None","None"
"AT1G76470","None","None","None","None","None","None","Down","None","None","None","Up","Up","None","None","None"
"AT1G76540","None","None","None","None","None","None","None","None","Up","None","None","None","None","None","None"
"AT1G76590","None","None","None","None","None","None","Down","Up","None","None","None","None","None","None","None"
"AT1G76600","None","None","None","Down","Down","Down","Down","None","Down","None","Up","Up","Up","None","None"
"AT1G76620","None","None","None","None","None","None","None","Down","None","None","None","None","None","None","None"
"AT1G76640","None","None","None","None","None","None","Down","None","None","None","None","Up","None","None","None"
"AT1G76650","None","None","None","Down","Down","Down","Down","None","Down","None","None","Up","Up","None","None"
"AT1G76705","None","None","None","Down","None","Down","None","None","Down","None","None","None","None","None","None"
"AT1G76740","None","None","None","None","None","None","None","None","Up","None","None","None","None","None","None"
"AT1G76790","None","None","None","None","Up","None","None","None","None","None","None","None","None","None","None"
"AT1G76820","Up","None","None","None","None","None","None","None","None","None","None","None","None","None","None"
"AT1G76952","None","None","None","Up","None","None","Up","Down","Up","None","None","None","None","None","None"
"AT1G76955","None","None","None","None","None","Up","Up","Down","Up","Down","None","None","None","None","None"
"AT1G76960","None","None","None","Up","None","Up","Up","None","Up","None","None","None","None","None","None"
"AT1G77210","None","None","None","None","None","None","None","Up","None","None","None","None","None","None","None"
"AT1G77270","Up","None","None","None","None","None","None","None","None","None","None","None","None","None","None"
"AT1G77380","None","None","None","None","None","None","None","None","Down","None","None","None","None","None","None"
"AT1G77400","None","None","None","None","None","None","None","Down","None","None","None","None","None","None","None"
"AT1G77520","None","None","None","None","None","None","None","Down","None","None","None","None","None","None","None"
"AT1G77640","None","None","Up","None","None","None","None","Up","None","None","None","None","None","None","None"
"AT1G77760","None","None","None","None","None","Down","None","None","None","None","None","None","None","None","None"
"AT1G77765","None","None","None","None","Up","Up","Up","None","None","None","None","None","None","None","None"
"AT1G77870","None","None","None","Up","None","Up","None","None","None","None","None","None","None","None","None"
"AT1G77960","None","None","None","None","None","None","Up","None","None","None","None","None","None","None","None"
"AT1G78020","None","None","None","None","None","Up","None","Down","None","None","None","None","None","None","None"
"AT1G78030","None","None","None","None","None","None","None","Down","None","Down","None","None","None","None","None"
"AT1G78070","None","None","None","None","None","None","None","None","None","Up","None","None","None","None","None"
"AT1G78090","None","None","None","None","None","None","None","Down","None","None","None","None","None","None","None"
"AT1G78110","None","None","None","None","None","None","None","None","None","None","None","None","Up","None","None"
"AT1G78120","None","None","None","None","None","None","None","Down","None","None","None","None","None","None","None"
"AT1G78150","None","None","None","None","None","None","None","None","None","None","None","None","Up","None","None"
"AT1G78320","None","None","None","None","None","None","None","Down","None","Down","None","None","None","None","None"
"AT1G78340","None","None","None","None","None","None","Down","None","None","None","None","None","None","None","None"
"AT1G78370","None","None","None","None","None","None","None","Down","None","None","None","None","None","None","None"
"AT1G78390","None","None","None","None","None","None","Down","None","None","None","None","None","None","None","None"
"AT1G78450","None","None","None","None","None","None","None","None","None","Down","None","None","None","None","None"
"AT1G78830","None","None","None","None","None","Down","None","None","Down","None","None","None","None","None","None"
"AT1G78865","None","None","None","None","None","None","None","Up","None","None","None","None","Down","None","None"
"AT1G78922","None","None","None","None","None","None","Up","None","None","None","None","None","None","None","None"
"AT1G78950","Up","None","None","None","None","None","None","None","None","None","None","None","None","None","None"
"AT1G78995","None","None","None","None","None","None","None","Down","None","None","None","None","None","None","None"
"AT1G79103","Up","None","None","None","None","None","None","None","None","None","None","None","None","None","None"
"AT1G79680","None","None","None","None","None","None","None","None","None","None","None","Up","Up","None","None"
"AT1G79700","None","None","None","None","None","None","None","Up","Down","None","None","None","None","None","None"
"AT1G79900","None","None","None","None","None","None","None","Down","None","None","None","None","None","None","None"
"AT1G79960","None","None","None","None","None","Down","Down","None","None","None","None","None","None","None","None"
"AT1G80100","None","None","None","None","None","None","Down","None","None","None","None","None","None","None","None"
"AT1G80130","None","None","None","Up","None","None","None","Down","Up","None","None","None","None","None","None"
"AT1G80240","None","None","Down","None","None","None","None","None","None","None","None","None","None","None","None"
"AT1G80340","None","None","None","None","None","None","None","Down","None","None","None","None","None","None","None"
"AT1G80420","None","None","None","None","None","None","None","Up","None","None","None","None","None","None","None"
"AT1G80440","None","None","None","Down","None","Down","None","None","Down","Down","None","None","None","None","None"
"AT1G80520","None","None","None","None","None","None","None","Down","None","None","None","None","None","None","None"
"AT1G80540","None","None","None","Up","None","None","None","None","None","None","None","None","None","None","None"
"AT1G80730","None","None","None","None","None","None","None","None","None","Down","None","None","None","None","None"
"AT1G80840","None","None","None","None","None","Down","Down","None","Down","None","None","None","Up","None","None"
"AT1G80920","None","None","None","Down","None","Down","None","Up","Down","None","None","None","None","None","None"
"AT2G01010","Down","None","None","None","None","None","None","None","None","None","None","None","None","None","None"
"AT2G01175","None","None","None","None","None","None","None","None","None","None","Up","None","None","None","None"
"AT2G01290","None","None","None","None","None","None","None","Down","None","None","None","None","None","None","None"
"AT2G01300","None","None","None","Down","Down","Down","Down","None","Down","Down","None","None","Up","None","None"
"AT2G01422","None","Up","None","None","None","None","None","None","None","None","None","None","None","None","None"
"AT2G01610","None","None","None","None","None","None","None","Down","None","Down","None","None","Up","None","None"
"AT2G01880","None","None","Up","None","None","None","Up","None","None","None","None","None","None","None","None"
"AT2G01900","None","None","None","None","None","None","Down","None","None","None","None","None","None","None","None"
"AT2G01960","None","Down","None","None","None","None","None","None","None","None","None","None","None","None","None"
"AT2G02000","None","None","Down","None","None","None","None","Down","None","None","None","None","None","None","None"
"AT2G02010","None","None","None","None","None","None","None","Down","None","None","None","Up","None","None","None"
"AT2G02020","None","None","None","None","None","None","None","Down","None","None","None","None","None","None","None"
"AT2G02120","None","None","Down","None","None","None","None","Down","None","Down","None","None","None","None","None"
"AT2G02148","Up","None","None","None","None","None","None","None","None","None","None","None","None","None","None"
"AT2G02240","None","Down","Down","None","None","None","None","None","None","None","None","None","Up","None","None"
"AT2G02300","None","None","None","None","None","None","None","None","None","None","None","None","Up","None","None"
"AT2G02310","None","Up","None","None","None","None","None","None","None","None","None","None","None","None","None"
"AT2G02630","None","None","None","None","None","None","Down","None","None","None","None","None","None","None","None"
"AT2G02690","None","None","Down","Down","None","None","None","None","None","None","None","None","None","None","None"
"AT2G02710","None","None","None","None","None","Down","None","Up","Down","None","None","None","None","None","None"
"AT2G02810","None","None","Up","None","None","None","None","None","None","None","None","None","None","None","None"
"AT2G02930","None","None","None","None","None","Down","None","None","Down","None","None","None","Up","None","None"
"AT2G02990","None","None","Up","None","None","None","None","None","None","None","None","None","None","None","None"
"AT2G03010","None","None","None","None","None","None","Down","None","None","None","None","None","None","None","None"
"AT2G03090","None","None","None","None","None","None","None","Down","Up","None","None","None","None","None","None"
"AT2G03110","Up","None","None","None","None","None","None","None","None","None","None","None","None","None","None"
"AT2G03410","None","None","None","None","None","Up","None","Down","None","None","None","None","None","None","None"
"AT2G03821","None","Up","None","None","None","None","None","None","None","None","None","None","None","None","None"
"AT2G03925","None","None","None","None","None","None","None","Down","None","None","None","None","None","None","None"
"AT2G04032","None","Down","None","Up","None","None","Up","None","None","None","None","None","None","None","None"
"AT2G04040","None","None","None","None","None","None","None","None","Down","None","None","None","None","None","None"
"AT2G04050","None","Up","None","Up","None","None","None","None","None","None","None","None","None","None","None"
"AT2G04066","None","None","None","None","None","None","None","Down","None","None","None","None","None","None","None"
"AT2G04070","None","None","None","None","None","None","None","None","None","None","None","None","Up","None","None"
"AT2G04090","None","None","None","None","None","None","None","None","Up","None","None","None","None","None","None"
"AT2G04205","None","None","None","None","None","None","None","None","None","None","None","None","Down","None","None"
"AT2G04450","None","None","None","Up","Up","None","Up","None","Up","None","None","None","None","None","None"
"AT2G04495","None","Down","None","Up","Up","None","Up","None","None","None","None","None","Up","None","None"
"AT2G04515","None","None","None","None","None","None","Up","None","None","None","None","None","None","None","None"
"AT2G04570","None","None","Up","None","None","None","None","None","None","None","None","None","None","None","None"
"AT2G04690","None","None","None","None","None","None","None","Up","None","None","None","None","None","None","None"
"AT2G04955","None","None","None","Up","None","None","None","Down","None","None","None","None","None","None","None"
"AT2G05015","None","Down","None","None","None","None","None","None","None","None","None","None","None","None","None"
"AT2G05155","None","None","None","None","None","None","Up","None","None","None","None","None","None","None","None"
"AT2G05185","None","Up","None","None","None","None","None","None","None","None","None","None","None","None","None"
"AT2G05205","None","None","None","Down","None","None","Down","None","Down","None","None","None","Up","None","None"
"AT2G05350","None","Up","None","None","None","None","None","None","None","None","None","None","None","None","None"
"AT2G05540","None","None","None","None","None","None","None","Up","None","None","None","None","None","None","None"
"AT2G05695","None","Up","None","None","None","None","None","None","None","None","None","None","None","None","None"
"AT2G05765","None","None","None","Up","None","None","None","None","None","None","None","None","None","None","None"
"AT2G05995","None","Up","None","None","None","None","None","Down","None","None","None","None","None","None","None"
"AT2G06002","None","Up","None","None","None","None","Up","Up","None","None","None","None","None","None","None"
"AT2G06050","None","None","None","None","None","None","Down","None","None","None","None","None","None","None","None"
"AT2G06355","None","Up","None","None","None","None","None","None","None","None","None","None","None","None","None"
"AT2G06615","None","Down","None","None","None","None","None","None","None","None","None","None","None","None","None"
"AT2G06845","None","Down","None","None","None","None","None","None","None","None","None","None","None","None","None"
"AT2G06995","None","Up","None","None","None","None","None","None","None","None","None","None","None","None","None"
"AT2G07213","None","Down","None","None","None","None","None","None","None","None","None","None","Up","None","None"
"AT2G07585","None","None","None","None","None","Up","None","None","None","None","None","None","None","None","None"
"AT2G07629","None","None","None","None","None","Up","None","None","Up","None","None","None","None","None","None"
"AT2G07638","None","Down","None","None","None","None","None","None","None","None","None","None","None","None","None"
"AT2G07667","None","Down","None","None","None","None","None","None","None","None","None","None","None","None","None"
"AT2G07696","None","None","None","Up","None","None","None","None","None","None","None","None","None","None","None"
"AT2G07719","None","None","None","None","None","None","None","Down","None","None","None","None","None","None","None"
"AT2G07725","None","None","None","None","None","None","None","Up","None","None","None","None","None","None","None"
"AT2G07734","None","None","None","None","None","None","None","Up","None","None","None","None","None","None","None"
"AT2G07751","None","None","None","None","None","None","None","None","None","None","None","None","None","Up","None"
"AT2G07777","None","Down","None","None","None","None","None","None","None","None","None","None","None","None","None"
"AT2G07779","None","None","None","Up","None","Up","None","None","Up","None","None","None","None","None","None"
"AT2G07785","None","None","None","None","None","None","None","Up","None","None","None","None","None","None","None"
"AT2G07805","None","None","None","None","None","None","None","None","None","None","None","None","Down","None","None"
"AT2G07875","None","Down","None","None","None","None","None","None","None","None","None","None","None","None","None"
"AT2G08000","None","Up","None","None","None","None","None","None","None","None","None","None","None","None","None"
"AT2G08060","None","None","None","None","None","None","Down","None","None","None","Down","Down","None","None","None"
"AT2G08330","None","Up","None","None","None","None","None","None","None","None","None","None","None","None","None"
"AT2G08350","None","None","None","Up","None","None","None","None","None","None","None","None","None","None","None"
"AT2G08420","None","None","None","Up","None","None","None","None","None","None","None","None","Down","None","None"
"AT2G08455","None","Down","None","None","None","None","None","None","None","None","None","None","None","None","None"
"AT2G08470","None","None","None","None","None","None","None","Down","None","None","None","Down","None","None","None"
"AT2G08555","None","Up","None","None","None","None","None","None","None","None","None","None","None","None","None"
"AT2G08650","None","None","None","None","None","None","Down","None","None","None","None","None","None","None","None"
"AT2G08660","None","None","None","Up","None","None","None","None","Up","None","None","None","Down","None","None"
"AT2G08735","None","Up","None","None","None","None","None","None","None","None","None","None","None","None","None"
"AT2G08740","None","Up","None","None","None","None","None","None","None","None","None","None","None","None","None"
"AT2G08760","None","None","None","None","None","None","None","None","None","Up","None","None","None","None","None"
"AT2G09165","None","None","None","None","None","Down","None","None","Down","None","None","None","None","None","None"
"AT2G09225","None","None","None","None","Down","Down","Down","None","Down","None","None","None","Up","None","None"
"AT2G09250","None","None","None","None","None","None","None","None","None","None","None","None","Up","None","None"
"AT2G09525","None","None","None","None","None","None","None","None","None","None","None","None","Up","None","None"
"AT2G09665","None","Up","None","None","None","None","None","None","Down","None","None","None","None","None","None"
"AT2G09740","None","Down","None","None","None","None","None","None","None","None","None","None","None","None","None"
"AT2G09785","None","None","Up","Up","Up","Up","Up","Up","Up","Up","Up","Up","Down","None","None"
"AT2G09975","None","Up","None","None","None","None","None","None","None","None","None","None","None","None","None"
"AT2G11810","None","None","None","Up","Up","Up","Up","None","Up","None","None","None","Down","None","None"
"AT2G12190","None","None","None","None","None","None","None","Down","None","None","None","None","None","None","None"
"AT2G12461","None","None","None","Up","None","Up","None","None","Up","None","None","None","None","None","None"
"AT2G12462","None","None","None","None","None","Up","None","None","None","None","None","None","None","None","None"
"AT2G12480","None","None","None","None","None","None","None","None","None","None","None","None","Up","None","None"
"AT2G12905","None","Up","None","None","None","None","None","None","None","None","None","None","None","None","None"
"AT2G13960","Up","None","None","None","None","Down","None","None","Down","None","None","None","None","None","None"
"AT2G14095","None","None","None","None","None","None","Up","None","None","None","None","None","None","None","None"
"AT2G14247","None","None","None","None","None","None","None","None","Up","None","None","None","None","None","None"
"AT2G14255","None","Down","None","None","None","None","None","None","None","None","None","None","None","None","None"
"AT2G14290","None","Down","None","None","None","None","None","None","None","None","None","None","None","None","None"
"AT2G14460","None","Down","None","None","None","None","None","None","None","None","None","None","None","None","None"
"AT2G14560","Up","Up","None","None","None","None","Up","None","Up","None","None","None","None","None","None"
"AT2G14580","None","Down","None","None","None","None","None","None","None","Down","None","None","None","None","None"
"AT2G14610","None","Up","None","None","None","None","None","None","None","None","None","None","None","None","Down"
"AT2G14690","None","Up","None","None","None","None","None","None","None","None","None","None","None","None","None"
"AT2G14750","None","None","None","None","None","None","None","Down","None","None","None","None","None","None","None"
"AT2G14800","None","None","None","None","None","None","Up","Up","None","None","None","None","None","None","None"
"AT2G14878","None","Down","None","None","None","None","None","None","None","None","None","None","None","None","None"
"AT2G14920","None","Up","None","None","None","None","None","None","None","None","None","None","None","None","None"
"AT2G15020","None","None","None","None","None","None","None","Down","None","None","None","None","None","None","None"
"AT2G15042","None","Up","Down","None","None","Down","None","None","Down","None","None","None","Up","None","None"
"AT2G15080","None","None","None","None","None","Down","None","None","None","None","None","None","None","None","None"
"AT2G15128","None","Up","None","None","None","None","None","None","None","None","None","None","None","None","None"
"AT2G15292","None","Down","None","None","None","None","None","None","None","None","None","None","None","None","None"
"AT2G15400","None","Up","None","None","None","None","None","None","None","None","None","None","None","None","None"
"AT2G15480","None","None","None","None","None","None","None","None","None","Up","None","None","None","None","None"
"AT2G15490","None","Down","None","None","None","None","Down","None","None","Up","Up","Up","Up","None","None"
"AT2G15555","None","Up","None","None","None","None","None","None","None","None","None","None","None","None","None"
"AT2G15630","None","None","None","None","None","None","None","Down","None","None","None","None","None","None","None"
"AT2G15680","None","None","None","None","Down","Down","Down","None","None","None","None","None","None","None","None"
"AT2G15760","None","None","None","None","None","None","None","Down","None","None","None","None","None","None","None"
"AT2G15880","None","None","None","Down","None","Down","None","Up","Down","None","None","None","None","None","None"
"AT2G15890","None","None","None","Down","None","Down","None","None","None","None","None","None","None","None","None"
"AT2G15960","None","None","None","Down","None","Down","None","Up","None","None","None","None","None","None","None"
"AT2G15970","None","None","Up","None","None","None","None","None","None","None","None","None","None","None","None"
"AT2G16005","None","Up","Up","None","None","None","None","None","None","None","None","None","None","None","None"
"AT2G16060","None","None","Down","None","None","None","Up","None","None","None","None","None","None","None","None"
"AT2G16270","Up","None","None","None","Down","Down","None","None","None","None","None","None","Down","None","None"
"AT2G16490","None","Up","None","None","None","None","None","None","None","None","None","None","None","None","None"
"AT2G16575","None","Up","None","None","None","None","None","None","None","None","None","None","None","None","None"
"AT2G16630","None","None","Up","None","None","None","None","None","None","None","None","None","None","None","None"
"AT2G16660","None","None","None","None","None","None","None","Down","None","None","None","None","None","None","None"
"AT2G16890","None","None","None","None","None","None","None","Down","None","None","None","None","None","None","None"
"AT2G17036","None","None","None","None","None","None","None","Up","None","None","None","None","None","None","None"
"AT2G17040","None","None","None","Up","None","None","None","None","None","None","None","None","Up","None","None"
"AT2G17470","None","None","None","None","None","None","Up","None","None","None","None","None","None","None","None"
"AT2G17620","None","None","None","None","None","None","None","None","None","Down","None","None","Down","None","None"
"AT2G17660","None","Down","None","None","None","None","None","None","None","None","None","None","Up","None","None"
"AT2G17680","None","Up","None","None","None","None","None","None","None","None","None","None","None","None","None"
"AT2G17710","None","Up","None","None","None","None","None","None","None","None","None","None","None","None","None"
"AT2G17840","None","None","None","None","None","None","Down","Up","None","Up","None","None","None","None","None"
"AT2G17880","None","None","None","Down","None","Down","None","Up","Down","None","None","None","None","None","None"
"AT2G17890","None","Up","None","None","None","None","None","None","None","None","None","None","None","None","None"
"AT2G17900","Up","None","None","None","None","None","None","None","None","None","None","None","None","None","None"
"AT2G17940","None","Up","None","None","None","None","None","None","None","None","None","None","None","None","None"
"AT2G18000","None","Down","Down","None","None","None","None","None","None","None","None","None","Up","None","None"
"AT2G18010","None","None","None","Up","Up","None","None","None","None","Up","None","None","Down","None","None"
"AT2G18025","None","Up","None","None","None","None","None","None","None","None","None","None","None","None","None"
"AT2G18050","None","None","None","None","None","None","None","Up","None","None","None","None","None","None","None"
"AT2G18060","None","None","None","None","None","None","None","Down","None","None","None","None","None","None","None"
"AT2G18140","None","Up","None","None","None","None","None","None","None","None","None","None","None","None","None"
"AT2G18150","None","None","None","None","None","None","None","Down","None","None","None","None","None","None","None"
"AT2G18190","None","Down","None","None","None","None","None","None","None","None","None","None","Up","None","None"
"AT2G18193","None","Down","Down","None","None","None","None","None","Down","None","None","None","Up","None","None"
"AT2G18196","None","None","None","None","None","None","None","Up","None","None","None","None","None","None","None"
"AT2G18260","Up","None","None","None","None","None","None","None","None","None","None","None","None","None","None"
"AT2G18270","None","Up","None","None","None","None","None","None","None","None","None","Up","None","None","None"
"AT2G18300","None","None","None","None","None","None","Up","None","None","None","None","None","None","None","None"
"AT2G18328","None","None","None","None","None","None","None","Down","None","None","None","None","None","None","None"
"AT2G18450","Up","None","None","None","None","None","Down","None","None","None","None","None","None","None","None"
"AT2G18470","None","Down","None","None","None","None","None","None","None","None","None","None","None","None","None"
"AT2G18480","None","None","Down","None","None","None","Up","None","None","None","None","None","None","None","None"
"AT2G18550","None","Up","Up","Up","Up","Up","Up","Up","Up","None","None","None","Down","None","None"
"AT2G18600","None","Down","Down","None","None","None","None","Down","Down","None","None","None","Up","None","None"
"AT2G18620","Up","Up","Up","None","None","None","None","None","None","None","None","None","None","None","None"
"AT2G18640","None","Up","None","None","None","None","None","None","None","None","None","None","None","None","None"
"AT2G18660","None","None","None","Up","None","None","Up","None","None","None","None","None","Up","None","None"
"AT2G18670","None","None","None","None","None","None","None","Up","None","None","None","None","None","None","None"
"AT2G18680","None","None","None","None","None","None","None","None","Down","None","None","Up","Up","None","None"
"AT2G18690","None","None","None","None","None","Down","None","None","Down","Up","None","Up","Up","None","None"
"AT2G18700","None","None","None","Down","None","Down","None","Up","Down","None","None","None","None","None","None"
"AT2G18720","None","Down","Down","None","None","Up","None","Down","None","None","None","None","Up","None","None"
"AT2G18780","None","Down","None","None","None","None","None","None","None","None","None","None","None","None","None"
"AT2G18917","None","None","None","None","None","None","None","Up","None","None","None","None","None","None","None"
"AT2G19050","None","Down","None","None","None","None","None","None","None","None","None","None","None","None","None"
"AT2G19060","None","Up","None","None","None","None","None","None","None","None","None","None","None","None","None"
"AT2G19190","None","None","None","Up","None","None","None","None","None","None","None","Up","None","None","None"
"AT2G19340","Down","None","None","None","None","None","None","None","None","None","None","None","None","None","None"
"AT2G19410","None","Up","None","None","None","None","None","None","None","None","None","None","None","None","None"
"AT2G19440","None","None","None","None","None","None","Down","None","None","None","None","None","None","None","None"
"AT2G19550","None","None","Up","None","None","None","None","None","None","None","None","None","None","None","None"
"AT2G19610","None","Up","None","None","None","None","None","None","None","None","None","None","None","None","None"
"AT2G19650","None","None","None","None","None","None","None","Down","None","None","None","None","None","None","None"
"AT2G19780","None","None","None","None","None","None","None","Down","None","None","None","None","None","None","None"
"AT2G19800","None","None","None","Down","None","Down","None","None","Down","None","None","Up","None","None","None"
"AT2G19810","None","None","None","None","None","None","None","Up","None","None","None","None","None","None","None"
"AT2G19900","None","Up","None","None","None","None","None","None","None","None","None","None","None","None","None"
"AT2G19910","Up","Down","None","None","None","None","None","None","None","None","None","None","None","None","None"
"AT2G19920","Up","None","None","None","None","None","None","None","None","None","None","None","None","None","None"
"AT2G19960","None","Down","None","None","None","None","None","None","None","None","None","None","None","None","None"
"AT2G19970","None","Down","None","None","None","None","None","None","None","None","None","None","None","None","None"
"AT2G20142","None","None","None","None","None","Down","None","None","Down","None","None","None","Up","None","None"
"AT2G20340","None","None","None","None","None","Up","None","Down","None","None","None","None","None","None","None"
"AT2G20500","None","None","None","None","None","Up","None","None","None","None","None","None","None","None","None"
"AT2G20510","None","Up","None","None","None","None","None","None","None","None","None","None","None","None","None"
"AT2G20560","None","None","None","None","None","None","Down","None","None","None","None","None","None","None","None"
"AT2G20570","None","None","None","None","None","Up","None","Down","None","None","None","None","None","None","None"
"AT2G20590","None","None","None","None","None","Down","None","None","None","Down","None","None","Down","None","None"
"AT2G20610","None","None","None","None","None","None","None","Down","None","None","None","None","None","None","None"
"AT2G20670","None","None","None","Down","None","Down","None","None","Down","Down","None","None","None","None","None"
"AT2G20720","None","None","None","Up","None","None","None","None","None","None","None","None","None","None","None"
"AT2G20750","None","None","None","None","None","None","None","Down","None","None","None","None","None","None","None"
"AT2G20800","None","None","None","Up","None","None","None","Down","None","None","None","None","None","None","None"
"AT2G20835","None","None","None","None","None","Down","None","None","None","None","None","None","None","None","None"
"AT2G20870","None","Down","None","None","None","None","None","None","None","None","None","None","None","None","None"
"AT2G20880","None","None","None","Up","Up","None","None","None","None","Up","None","None","None","None","None"
"AT2G20980","None","None","None","None","None","None","None","Down","None","None","None","None","None","None","None"
"AT2G21100","None","None","None","None","None","Up","None","None","None","None","None","None","None","None","None"
"AT2G21130","None","None","None","None","None","None","Down","None","None","None","None","None","None","None","None"
"AT2G21200","None","None","None","Up","None","None","None","None","None","None","None","None","None","None","None"
"AT2G21220","None","None","None","Up","None","None","None","None","None","None","None","None","None","None","None"
"AT2G21320","None","None","None","None","None","None","None","Down","None","None","None","None","None","None","None"
"AT2G21450","None","None","None","None","None","None","None","None","None","None","None","None","Up","None","None"
"AT2G21490","None","Up","Down","Down","None","None","Down","None","Down","None","None","None","None","None","None"
"AT2G21500","None","None","None","None","None","None","None","Up","None","None","None","None","None","None","None"
"AT2G21590","None","None","None","None","None","None","None","None","Up","None","None","None","None","None","None"
"AT2G21640","None","Down","Down","None","Up","Up","None","Down","None","None","None","None","Up","None","None"
"AT2G21650","None","Down","None","None","None","Down","None","Down","None","Down","None","None","None","None","None"
"AT2G21660","None","None","None","None","Up","None","None","None","None","None","None","None","None","None","None"
"AT2G21720","None","None","None","Down","None","None","None","None","None","None","None","None","None","None","None"
"AT2G21740","None","Down","None","None","None","None","None","None","None","None","None","None","None","None","None"
"AT2G21780","None","None","None","None","None","None","None","None","None","None","None","None","Up","None","None"
"AT2G21790","None","Down","Down","None","None","None","None","Down","None","None","None","None","Up","None","None"
"AT2G21900","None","None","None","None","None","None","None","None","None","None","None","None","Up","None","None"
"AT2G21910","None","Down","None","None","Up","None","None","None","None","None","None","None","Up","None","None"
"AT2G22122","None","None","None","None","None","None","None","Up","None","None","None","None","None","None","None"
"AT2G22190","None","None","None","None","None","None","None","Down","None","None","None","None","None","None","None"
"AT2G22240","None","None","Up","Up","None","Up","None","None","Up","None","None","None","None","None","None"
"AT2G22290","None","None","None","None","None","None","None","Up","Up","None","None","None","None","None","None"
"AT2G22330","None","None","Up","None","None","None","None","None","None","None","None","None","None","None","None"
"AT2G22460","None","None","None","None","None","None","None","Down","None","None","None","None","None","None","None"
"AT2G22482","None","None","None","None","None","None","None","Down","None","None","None","None","None","None","None"
"AT2G22500","None","None","None","None","None","None","None","Down","None","None","None","None","None","None","None"
"AT2G22510","None","None","None","None","None","Up","None","None","None","None","None","None","None","None","None"
"AT2G22590","None","None","None","Up","None","Up","None","Down","None","None","None","None","None","None","None"
"AT2G22610","Up","None","None","None","None","None","None","None","None","Down","None","None","Down","None","None"
"AT2G22680","None","None","None","None","None","None","None","Up","None","None","None","None","None","None","None"
"AT2G22770","None","None","None","None","None","None","Down","None","None","None","Up","None","None","None","None"
"AT2G22810","None","None","None","None","Up","None","Up","None","None","None","None","None","None","None","None"
"AT2G22821","None","Down","None","None","None","None","None","None","None","None","None","None","None","None","None"
"AT2G22850","None","None","None","None","None","None","None","Up","None","None","None","None","None","None","None"
"AT2G22860","None","None","None","None","None","None","Down","Up","Down","Up","None","None","None","None","None"
"AT2G22905","None","Down","None","None","None","None","None","None","None","None","None","None","None","None","None"
"AT2G22930","None","None","Up","None","None","None","None","None","Up","None","None","None","None","None","None"
"AT2G22980","None","Up","None","None","None","None","None","None","None","None","None","None","None","None","None"
"AT2G23000","None","None","None","None","None","Up","None","Down","None","Down","None","None","None","None","None"
"AT2G23030","None","None","None","None","None","None","None","Up","None","None","None","None","None","None","None"
"AT2G23100","None","None","None","None","Down","Down","None","None","None","None","None","None","None","None","None"
"AT2G23110","None","Up","None","None","None","None","None","None","None","None","None","None","None","None","None"
"AT2G23120","None","Down","Up","None","None","None","None","None","None","None","None","None","None","None","None"
"AT2G23150","None","None","Down","None","None","None","None","None","None","None","None","None","Up","None","None"
"AT2G23170","None","None","None","None","Up","None","None","None","None","None","None","None","None","None","None"
"AT2G23200","None","None","None","None","None","None","Up","None","None","None","None","None","None","None","None"
"AT2G23270","None","None","None","None","None","None","None","None","None","None","None","None","Up","None","None"
"AT2G23320","None","None","None","None","None","None","None","None","Down","None","None","None","None","None","None"
"AT2G23400","None","Up","None","Down","None","None","None","None","None","None","None","None","None","None","None"
"AT2G23430","None","None","None","None","None","None","None","Down","None","None","None","None","None","None","None"
"AT2G23530","Up","None","None","None","None","Down","None","None","None","Down","None","None","None","None","None"
"AT2G23550","None","None","None","None","None","None","None","Down","None","None","None","None","None","None","None"
"AT2G23630","None","Up","None","None","None","None","None","None","None","None","None","None","None","None","None"
"AT2G23670","None","None","None","None","None","None","None","Down","None","None","None","None","None","None","None"
"AT2G23672","None","None","None","None","None","None","None","Down","None","None","None","None","None","None","None"
"AT2G23680","None","None","None","None","None","None","None","None","Down","None","None","None","Up","None","None"
"AT2G23810","None","None","Up","None","None","None","None","None","None","None","None","None","None","None","None"
"AT2G23830","None","None","None","None","None","None","None","None","None","None","None","None","Up","None","None"
"AT2G23840","None","None","None","None","None","Up","None","None","None","None","None","None","None","None","None"
"AT2G23910","None","None","None","Up","None","Up","None","Down","Up","None","None","None","None","None","None"
"AT2G23970","None","Up","None","None","None","None","None","None","None","None","None","None","None","None","None"
"AT2G24030","Up","None","None","None","None","None","None","None","None","None","None","None","None","None","None"
"AT2G24190","None","Down","None","None","None","None","None","None","None","None","None","None","None","None","None"
"AT2G24255","None","Down","Down","None","None","None","None","Down","None","None","None","None","Up","None","None"
"AT2G24310","None","Up","None","None","None","None","None","None","None","None","None","None","None","None","None"
"AT2G24390","None","Up","None","None","None","None","None","None","None","None","None","None","None","None","None"
"AT2G24395","None","Down","None","None","None","None","None","None","None","None","None","None","None","None","None"
"AT2G24490","None","None","None","None","None","None","None","Down","None","None","None","None","None","None","None"
"AT2G24540","None","None","None","None","None","Up","None","None","None","None","None","None","None","None","None"
"AT2G24545","None","None","None","None","None","Down","None","None","None","None","None","None","None","None","None"
"AT2G24600","None","None","None","None","None","Down","None","None","Down","None","None","None","Up","None","None"
"AT2G24681","None","Up","None","None","None","None","Down","None","None","None","None","None","None","None","None"
"AT2G24683","None","Up","None","None","None","None","None","None","None","None","None","None","None","None","None"
"AT2G24692","None","Down","None","None","None","None","None","None","None","None","None","None","None","None","None"
"AT2G24710","None","Down","None","None","None","None","None","None","None","None","None","None","None","None","None"
"AT2G24720","None","Down","None","None","None","None","None","None","None","None","None","None","None","None","None"
"AT2G24740","None","Up","None","None","None","None","None","None","None","None","None","None","None","None","None"
"AT2G24762","None","None","None","None","None","None","Up","Down","Up","Down","None","None","None","None","None"
"AT2G24850","None","None","None","Up","Up","None","None","None","None","Up","None","None","None","None","None"
"AT2G24945","None","Down","None","None","None","None","None","None","None","None","None","None","None","None","None"
"AT2G24960","None","Down","None","None","None","None","None","None","None","None","None","None","None","None","None"
"AT2G25000","None","None","Down","None","None","None","None","Down","None","None","None","None","None","None","None"
"AT2G25060","None","None","None","None","None","None","None","None","Up","None","None","None","Down","None","None"
"AT2G25090","None","Up","None","None","None","None","None","Up","None","None","None","None","None","None","None"
"AT2G25150","None","Up","Up","None","None","None","None","None","None","None","None","None","None","None","None"
"AT2G25160","None","None","Up","None","None","None","None","None","None","None","None","None","None","None","None"
"AT2G25200","None","None","None","None","None","None","None","Up","None","Down","None","None","None","None","None"
"AT2G25297","None","Down","None","None","None","None","None","None","None","None","None","None","Up","None","None"
"AT2G25370","None","Down","None","None","None","None","None","None","None","None","None","None","None","None","None"
"AT2G25440","None","Down","None","None","None","None","None","Down","Down","None","None","None","None","None","None"
"AT2G25460","None","None","Up","None","None","None","None","None","None","None","Up","Up","Up","None","None"
"AT2G25470","None","Down","None","Up","None","None","None","None","None","None","None","None","None","None","None"
"AT2G25510","None","Down","None","Up","None","None","Up","None","None","None","None","None","None","None","None"
"AT2G25540","None","Up","None","None","None","None","None","None","None","None","None","None","None","None","None"
"AT2G25625","None","None","None","Up","None","Up","None","None","Up","None","None","None","None","None","None"
"AT2G25680","None","Down","None","None","None","None","None","None","None","None","None","None","None","None","None"
"AT2G25735","None","None","Up","Down","None","Down","None","None","Down","None","Up","Up","Up","None","None"
"AT2G25770","None","None","None","None","None","None","None","Up","None","None","None","None","None","None","None"
"AT2G25810","None","Up","None","None","None","None","None","None","None","None","None","None","None","None","None"
"AT2G25880","Up","None","None","None","Down","Down","Down","None","None","None","None","None","None","None","None"
"AT2G25900","None","None","None","Down","None","Down","None","Up","None","Down","None","None","None","None","None"
"AT2G25940","None","None","Down","None","None","None","None","None","None","None","None","None","Up","None","None"
"AT2G25964","None","Up","None","None","None","None","None","None","None","None","None","None","None","None","None"
"AT2G26010","Up","None","None","None","None","None","None","None","None","None","None","None","None","None","None"
"AT2G26130","None","Up","None","None","None","None","None","None","None","None","None","None","Up","None","None"
"AT2G26150","None","None","None","None","None","Down","Down","None","Down","None","None","None","None","None","None"
"AT2G26180","None","None","None","None","None","None","None","None","Up","None","None","None","Down","None","None"
"AT2G26190","None","None","None","None","None","Down","None","None","None","None","None","None","None","None","None"
"AT2G26211","None","Down","None","None","None","None","None","None","None","None","None","None","Down","None","None"
"AT2G26370","None","Down","Up","None","None","None","None","None","None","None","None","None","None","None","None"
"AT2G26390","None","Down","None","None","None","None","None","None","None","None","None","None","None","None","None"
"AT2G26400","None","Up","None","Up","None","None","None","None","None","None","None","None","None","None","Down"
"AT2G26440","None","None","None","None","Up","None","Up","None","None","None","None","None","None","None","None"
"AT2G26480","None","None","None","None","None","None","None","Down","Down","None","None","None","None","None","None"
"AT2G26530","None","None","None","Down","None","Down","Down","None","Down","None","None","None","Up","None","None"
"AT2G26560","None","None","None","None","None","None","None","None","Down","None","None","None","Up","None","None"
"AT2G26690","None","None","None","Up","None","None","None","None","None","None","None","None","None","None","None"
"AT2G26692","None","Up","None","None","None","None","None","None","None","None","None","None","None","None","None"
"AT2G26710","None","None","None","None","None","None","Up","None","None","None","None","None","None","None","None"
"AT2G26750","None","Up","None","None","None","None","None","None","None","None","None","None","None","None","None"
"AT2G26760","None","None","None","None","None","None","None","None","None","None","None","None","Down","None","None"
"AT2G26820","None","Down","None","None","None","None","None","Down","None","None","None","None","None","None","None"
"AT2G26980","None","None","None","None","None","None","None","Up","None","None","None","None","None","None","None"
"AT2G27010","None","Up","None","None","None","None","None","None","None","None","None","None","None","None","None"
"AT2G27080","None","None","Up","None","Down","Down","Down","None","None","None","None","None","None","None","None"
"AT2G27180","None","None","None","Up","Up","Up","Up","None","Up","None","None","None","None","None","None"
"AT2G27220","None","Down","None","None","None","None","None","None","None","None","None","None","None","None","None"
"AT2G27313","None","Up","None","None","None","None","None","None","None","None","None","None","None","None","None"
"AT2G27380","None","None","None","Down","None","None","None","None","None","None","None","None","None","None","None"
"AT2G27389","None","None","None","None","None","None","None","None","None","None","None","Up","None","None","None"
"AT2G27402","None","Down","None","None","None","None","None","None","None","None","None","None","None","None","None"
"AT2G27420","None","Up","None","Up","None","None","None","Down","None","None","None","None","None","None","None"
"AT2G27535","None","Down","None","None","None","None","None","None","None","None","None","None","None","None","None"
"AT2G27550","None","None","None","None","None","None","None","Down","None","None","None","None","None","None","None"
"AT2G27650","None","Up","None","None","None","None","None","None","None","None","None","None","None","None","None"
"AT2G27690","None","None","None","Down","Down","Down","Down","None","Down","None","None","None","Up","None","None"
"AT2G27830","None","None","Up","None","None","Down","None","Up","None","None","None","None","None","None","None"
"AT2G27880","None","None","None","None","None","None","Down","None","None","None","None","None","None","None","None"
"AT2G27970","None","None","None","None","None","None","None","None","Up","None","None","None","None","None","None"
"AT2G27990","None","None","None","None","None","None","None","Down","None","None","None","None","None","None","None"
"AT2G28040","None","Up","None","None","None","None","None","None","None","None","None","None","None","None","None"
"AT2G28085","None","None","Down","None","None","None","None","None","None","None","None","None","None","None","None"
"AT2G28120","None","None","None","None","None","Down","None","Up","Down","None","None","None","None","None","None"
"AT2G28140","None","None","None","None","None","None","None","Down","None","Down","None","None","None","None","None"
"AT2G28400","None","None","None","None","None","None","None","None","Down","None","None","None","None","None","None"
"AT2G28460","None","Down","None","None","None","None","None","None","None","None","None","None","None","None","None"
"AT2G28490","None","None","None","Down","None","None","None","None","Down","None","None","None","None","None","None"
"AT2G28500","None","None","Up","None","None","None","None","Down","None","None","None","None","None","None","None"
"AT2G28510","None","None","None","None","None","None","None","Down","None","None","None","None","None","None","None"
"AT2G28560","None","None","None","None","None","None","None","Down","None","None","None","None","None","None","None"
"AT2G28570","None","None","None","None","None","None","None","None","Down","None","None","None","None","None","None"
"AT2G28620","None","None","None","None","Down","None","None","None","None","Down","None","None","Down","None","None"
"AT2G28630","None","None","None","None","None","None","None","Up","None","None","None","None","None","None","None"
"AT2G28700","None","Down","None","None","None","None","Up","None","None","None","None","None","None","None","None"
"AT2G28780","None","None","None","None","None","None","None","None","None","Down","None","None","None","None","None"
"AT2G28860","None","Up","None","None","None","None","None","None","Up","None","None","None","None","None","None"
"AT2G28970","None","Up","None","None","None","None","None","None","None","None","None","None","None","None","None"
"AT2G28990","None","Down","None","None","None","None","None","None","None","None","None","None","None","None","None"
"AT2G29000","None","Down","None","None","None","None","None","None","None","None","None","None","None","None","None"
"AT2G29060","None","None","None","Down","None","None","Down","None","None","None","None","None","None","None","None"
"AT2G29090","None","None","None","None","None","None","None","Down","None","None","None","None","None","None","None"
"AT2G29120","None","Down","None","Up","None","None","Up","None","None","None","None","None","None","None","None"
"AT2G29170","None","Down","None","None","None","None","None","Down","Up","None","None","None","None","None","None"
"AT2G29300","None","None","None","None","None","Down","None","None","None","Down","None","None","None","None","None"
"AT2G29310","None","None","None","None","None","None","Up","None","None","None","None","None","None","None","None"
"AT2G29320","None","None","None","None","None","None","None","None","None","Down","None","None","None","None","None"
"AT2G29330","None","Down","None","None","None","None","None","None","None","None","None","None","None","None","None"
"AT2G29350","None","Down","None","Up","None","None","None","None","None","None","None","None","None","None","None"
"AT2G29370","None","None","None","None","None","None","Up","None","None","None","None","None","None","None","None"
"AT2G29380","None","Up","Up","Up","Up","None","None","None","None","None","None","None","Down","None","None"
"AT2G29440","None","None","Up","None","None","None","None","None","None","None","None","None","None","None","None"
"AT2G29460","None","None","None","None","None","None","None","None","None","None","None","Up","None","None","None"
"AT2G29480","None","Down","None","None","None","None","None","None","None","None","None","None","None","None","None"
"AT2G29720","None","None","None","None","None","None","None","None","Down","None","None","None","None","None","None"
"AT2G29740","None","Up","None","None","None","None","None","None","None","None","None","None","None","None","None"
"AT2G30020","None","None","None","None","Down","Down","Down","None","None","Down","None","None","None","None","None"
"AT2G30250","None","Down","None","None","None","None","None","None","Down","None","None","None","Up","None","None"
"AT2G30300","None","None","None","Up","None","None","None","None","Up","None","None","None","None","None","None"
"AT2G30350","Up","None","None","None","None","None","None","None","None","None","None","None","None","None","None"
"AT2G30360","None","Down","Down","Down","None","None","Down","None","Down","None","None","None","Up","None","None"
"AT2G30362","None","Down","None","None","None","None","None","None","None","None","None","None","None","None","None"
"AT2G30380","None","None","None","None","None","None","None","None","Up","None","None","None","Down","None","None"
"AT2G30424","None","None","None","None","None","None","Up","None","None","None","None","None","None","None","None"
"AT2G30432","None","Up","None","None","Up","None","Up","None","None","None","None","None","Down","None","None"
"AT2G30480","None","Down","None","None","None","None","None","None","None","None","None","None","None","None","None"
"AT2G30540","None","Down","None","None","None","None","Down","None","None","None","None","None","None","None","None"
"AT2G30600","None","None","None","Down","None","Down","None","None","Down","None","None","None","None","None","None"
"AT2G30615","None","None","None","Down","None","Down","None","None","None","None","None","None","None","None","None"
"AT2G30660","None","None","None","Up","None","None","None","None","None","None","None","None","None","None","None"
"AT2G30670","None","None","None","None","None","None","None","Down","None","None","None","None","None","None","None"
"AT2G30750","None","Down","None","None","None","None","None","Down","None","None","None","None","Up","None","None"
"AT2G30766","None","None","None","None","None","None","None","None","Up","None","None","None","None","None","None"
"AT2G30770","None","None","None","Up","None","None","None","None","None","None","None","None","None","Down","Down"
"AT2G30790","None","Down","None","None","None","None","None","None","None","None","None","None","None","None","None"
"AT2G30820","None","None","None","None","None","None","None","None","Up","None","None","None","Down","None","None"
"AT2G30830","None","None","None","None","None","None","Down","None","None","None","None","None","None","None","None"
"AT2G30860","None","None","None","None","None","None","None","Down","None","None","None","None","None","None","None"
"AT2G31083","None","None","None","None","None","None","None","None","Down","None","None","None","None","None","None"
"AT2G31141","None","Down","None","None","None","None","None","None","None","None","None","None","None","None","None"
"AT2G31150","None","Down","None","None","None","None","None","None","None","None","None","None","None","None","None"
"AT2G31180","None","None","None","None","None","None","None","Down","None","None","None","None","None","None","None"
"AT2G31230","None","None","Down","None","None","None","None","None","None","None","None","None","None","None","None"
"AT2G31320","None","Down","Down","Down","None","None","None","None","Down","None","None","None","Up","None","None"
"AT2G31540","None","Down","None","None","None","None","None","None","None","None","None","None","None","None","None"
"AT2G31560","None","None","None","None","None","None","None","Down","None","None","None","None","None","None","None"
"AT2G31790","None","None","None","None","None","None","None","Down","None","None","None","None","None","None","None"
"AT2G31865","None","None","None","None","None","None","None","None","None","None","None","None","Up","None","None"
"AT2G31870","None","None","None","None","None","None","None","None","None","None","None","None","Up","None","None"
"AT2G31880","None","None","None","None","None","Down","None","None","None","None","None","None","Up","None","None"
"AT2G31945","None","None","None","None","None","None","None","Up","Down","None","None","Up","Up","None","None"
"AT2G32020","None","None","None","None","None","None","None","None","None","Up","None","None","None","None","None"
"AT2G32030","None","None","None","None","None","Down","None","None","Down","None","None","None","Up","None","None"
"AT2G32100","None","None","None","None","None","None","None","None","None","Down","None","None","None","None","None"
"AT2G32130","None","Up","None","None","None","None","None","None","None","None","None","None","None","None","None"
"AT2G32140","None","Down","None","None","None","None","None","None","None","None","None","None","Up","None","None"
"AT2G32150","None","None","None","Down","None","None","None","Up","Down","None","None","None","None","None","None"
"AT2G32160","None","Down","None","Up","Up","Up","Up","None","Up","None","None","None","None","None","None"
"AT2G32179","Up","None","None","None","None","None","None","None","None","None","None","None","None","None","None"
"AT2G32180","Up","Up","None","None","None","None","None","None","None","None","None","None","None","None","None"
"AT2G32190","None","None","None","None","None","None","None","None","None","None","Up","Up","Up","None","None"
"AT2G32200","None","None","None","Down","Down","Down","Down","None","Down","None","None","None","Up","None","None"
"AT2G32210","None","None","None","None","None","None","None","None","None","None","Up","Up","Up","None","None"
"AT2G32220","None","None","None","None","None","None","None","Down","None","None","None","None","None","None","None"
"AT2G32290","None","None","None","None","None","None","None","Down","Up","None","None","None","None","None","None"
"AT2G32300","None","None","None","None","None","None","None","None","None","None","None","Up","None","None","None"
"AT2G32390","None","None","None","None","None","None","None","Down","None","None","None","None","None","None","None"
"AT2G32460","None","None","None","Down","None","Down","None","None","Down","None","Up","None","Up","None","None"
"AT2G32487","None","Down","None","None","None","None","None","None","None","None","None","None","None","None","None"
"AT2G32510","None","None","Up","None","None","None","None","None","None","None","None","None","None","None","None"
"AT2G32550","Up","Up","None","None","None","None","None","None","None","None","None","None","None","None","None"
"AT2G32640","Up","None","None","None","None","None","None","None","None","None","None","None","None","None","None"
"AT2G32650","Up","Down","None","None","None","None","None","None","None","None","None","None","None","None","None"
"AT2G32670","None","Down","None","None","None","None","None","None","None","None","None","None","None","None","None"
"AT2G32680","None","None","None","Up","Up","None","Up","None","Up","None","None","None","None","None","None"
"AT2G32740","None","Up","None","None","None","None","None","None","None","None","None","None","None","None","None"
"AT2G32790","None","Up","None","None","None","None","None","None","None","None","None","None","None","None","None"
"AT2G32810","Up","None","None","None","None","None","None","None","None","None","None","None","None","None","None"
"AT2G32930","None","None","None","None","None","None","None","Down","None","None","None","None","Up","None","None"
"AT2G32940","None","None","None","None","None","None","None","Down","None","None","None","None","None","None","None"
"AT2G32960","None","None","None","Up","None","None","None","Down","Up","None","None","None","None","None","None"
"AT2G32990","None","None","None","None","None","Up","None","Down","Up","None","None","None","None","None","None"
"AT2G33000","None","Up","None","None","None","None","None","None","None","None","None","None","None","None","None"
"AT2G33020","None","None","None","Up","None","None","Up","None","Up","None","None","None","None","None","None"
"AT2G33050","None","None","None","None","None","None","Up","None","None","None","None","None","None","None","None"
"AT2G33060","None","None","None","None","None","None","None","Up","None","None","None","None","None","None","None"
"AT2G33100","None","Down","None","None","None","None","None","Down","None","None","None","None","None","None","None"
"AT2G33130","None","Down","None","None","None","None","None","None","None","None","None","None","None","None","None"
"AT2G33380","None","None","None","Up","None","None","None","None","None","None","None","None","None","None","None"
"AT2G33385","None","None","None","Up","None","None","None","None","None","None","None","None","None","None","None"
"AT2G33400","Up","None","None","None","Down","None","None","None","None","None","None","None","None","None","None"
"AT2G33560","Up","None","None","None","None","Down","None","None","None","None","None","None","None","None","None"
"AT2G33580","None","None","None","None","None","None","None","None","None","None","None","None","Up","None","None"
"AT2G33790","None","None","None","Down","None","None","None","None","None","None","None","None","None","None","None"
"AT2G33810","None","Up","None","None","None","None","None","Up","None","None","None","None","None","None","None"
"AT2G33830","None","None","None","Down","None","Down","Down","None","Down","None","None","None","None","None","None"
"AT2G33880","None","Up","None","None","None","None","None","None","None","None","None","None","None","None","None"
"AT2G34000","None","Up","None","None","None","None","None","Up","Down","None","None","None","None","None","None"
"AT2G34010","Up","None","None","None","None","None","None","Down","None","None","None","None","None","None","None"
"AT2G34030","None","Down","None","None","None","None","None","None","None","None","None","None","None","None","None"
"AT2G34070","None","None","None","None","None","None","Down","None","None","None","None","None","None","None","None"
"AT2G34080","None","None","None","None","Down","None","Down","None","None","None","None","None","None","None","None"
"AT2G34180","None","None","Up","None","None","None","None","None","None","None","None","None","None","None","None"
"AT2G34190","None","None","None","None","None","None","None","None","None","None","None","None","Down","None","None"
"AT2G34315","None","Up","None","None","None","None","None","None","None","None","None","None","None","None","None"
"AT2G34317","None","Up","None","None","None","None","None","None","None","None","None","None","None","None","None"
"AT2G34360","None","Down","None","None","None","None","None","None","None","None","None","None","None","None","None"
"AT2G34390","None","None","None","None","None","None","None","Down","None","None","None","None","None","None","None"
"AT2G34490","None","None","None","None","None","Up","None","None","Up","None","None","None","None","None","None"
"AT2G34500","None","None","None","None","None","None","None","None","None","None","Up","Up","None","None","None"
"AT2G34600","None","None","None","Down","Down","Down","Down","None","Down","None","None","None","Up","None","None"
"AT2G34610","None","None","None","None","None","None","None","None","None","None","Up","Up","None","None","None"
"AT2G34620","None","None","None","None","None","None","None","None","None","Down","None","None","None","None","None"
"AT2G34655","None","None","None","None","None","None","None","None","Up","None","None","None","None","None","None"
"AT2G34700","None","None","None","None","None","None","Down","None","None","None","None","None","None","None","None"
"AT2G34790","Down","None","None","None","None","None","None","None","None","None","None","None","None","None","None"
"AT2G34850","None","Up","None","None","None","None","None","None","None","None","None","None","None","None","None"
"AT2G34920","None","Down","None","None","None","None","None","None","None","None","None","None","None","None","None"
"AT2G34930","None","None","None","Down","Down","Down","Down","None","Down","None","None","None","Up","None","None"
"AT2G35070","None","Up","None","None","None","Up","None","None","None","None","None","None","None","None","None"
"AT2G35075","None","Down","None","None","None","None","None","None","None","None","None","None","None","None","None"
"AT2G35150","None","None","None","None","None","None","None","None","None","Down","None","None","None","None","None"
"AT2G35210","Up","None","None","None","None","None","None","None","None","None","None","None","None","None","None"
"AT2G35290","None","None","None","None","None","None","Down","None","None","None","None","None","None","None","None"
"AT2G35300","None","None","None","None","Down","Down","None","None","None","None","None","None","None","None","None"
"AT2G35585","None","Up","None","None","None","None","None","None","None","None","None","None","None","None","None"
"AT2G35612","None","None","None","None","None","None","None","Down","None","None","None","None","None","None","None"
"AT2G35637","None","None","None","None","Down","Down","None","None","Down","None","None","None","None","None","None"
"AT2G35640","None","Down","None","None","None","None","None","Down","None","None","None","None","None","None","None"
"AT2G35658","None","Up","None","None","None","None","None","None","None","None","None","None","Up","None","None"
"AT2G35710","None","None","None","None","Down","None","Down","None","None","None","None","None","None","None","None"
"AT2G35738","None","Down","None","None","None","None","None","None","None","None","None","None","None","None","None"
"AT2G35740","None","Down","None","None","None","None","None","None","None","None","None","None","None","None","None"
"AT2G35770","None","None","None","None","None","None","None","Down","None","None","None","None","None","None","None"
"AT2G35820","Up","None","None","None","None","None","None","None","None","None","None","None","None","None","None"
"AT2G35859","None","None","None","None","None","None","None","Down","None","None","None","None","None","None","None"
"AT2G35930","None","None","None","None","None","None","Down","None","None","None","None","None","None","None","None"
"AT2G35950","None","Down","None","None","None","None","None","None","None","None","None","None","None","None","None"
"AT2G35960","None","None","None","None","None","None","None","Down","None","None","None","None","None","None","None"
"AT2G35980","None","None","None","None","None","None","None","None","None","None","None","Up","None","None","None"
"AT2G36050","None","None","Up","None","None","None","None","None","None","None","None","None","None","None","None"
"AT2G36090","None","None","None","None","None","None","None","Down","None","None","None","None","None","None","None"
"AT2G36220","None","None","None","None","None","Down","None","None","Down","None","None","None","None","None","None"
"AT2G36295","None","None","None","None","None","None","None","Down","None","None","None","None","None","None","None"
"AT2G36570","None","None","None","None","None","None","None","Down","None","None","None","None","None","None","None"
"AT2G36590","None","None","None","None","None","None","None","Down","None","None","None","None","None","None","None"
"AT2G36630","None","None","None","None","None","None","None","None","None","Up","None","None","None","None","None"
"AT2G36640","None","Up","None","None","None","None","None","None","None","None","None","None","None","None","None"
"AT2G36750","None","None","None","None","None","None","None","Down","None","None","None","None","None","None","None"
"AT2G36770","None","None","None","Down","None","Down","Down","None","Down","None","Up","Up","Up","None","None"
"AT2G36780","None","Down","None","None","None","None","None","None","Down","None","None","None","Up","None","None"
"AT2G36792","None","None","None","None","Down","None","None","None","Down","Down","None","None","Up","None","None"
"AT2G36870","None","None","None","Up","None","Up","None","Down","None","None","None","None","None","None","None"
"AT2G36970","None","None","None","None","None","None","None","Down","None","None","None","None","None","None","None"
"AT2G36985","None","Down","None","None","None","None","None","None","None","None","None","None","Up","None","None"
"AT2G37025","None","None","None","None","None","Down","None","Up","None","None","None","None","None","None","None"
"AT2G37040","None","None","None","Up","None","None","None","None","Up","None","None","None","None","None","None"
"AT2G37180","None","None","None","None","None","None","Down","Up","None","None","None","None","None","None","None"
"AT2G37420","Up","None","None","None","None","Down","None","None","None","None","None","None","None","None","None"
"AT2G37430","None","None","None","None","None","None","None","None","None","Up","Up","Up","Up","None","None"
"AT2G37460","None","None","None","None","None","None","Up","None","None","None","None","None","None","None","None"
"AT2G37530","None","None","None","None","None","None","None","Down","None","None","None","None","None","None","None"
"AT2G37560","None","None","None","None","None","None","None","Down","None","None","None","None","None","None","None"
"AT2G37580","None","None","Down","None","None","None","None","Down","None","None","None","None","None","None","None"
"AT2G37640","None","None","None","None","None","Up","None","None","None","None","None","None","None","None","None"
"AT2G37720","Up","Up","None","None","None","None","None","Down","None","Down","None","None","None","None","None"
"AT2G37750","None","None","None","None","None","None","None","None","Down","None","None","None","None","None","None"
"AT2G37770","None","None","None","Up","None","None","None","None","None","Up","None","None","None","None","None"
"AT2G37870","None","Up","None","Up","None","None","None","None","None","None","None","None","None","None","None"
"AT2G37880","None","None","None","None","None","None","None","None","None","None","None","None","Down","None","None"
"AT2G37900","None","None","Up","Up","None","None","None","Up","Up","None","None","None","None","None","None"
"AT2G38010","None","None","None","None","None","None","None","Down","None","None","None","None","None","None","None"
"AT2G38160","None","None","None","None","None","None","None","None","Up","None","None","None","Down","None","None"
"AT2G38195","None","Up","None","None","None","None","None","None","None","None","None","None","None","None","None"
"AT2G38220","None","Up","None","None","None","None","None","None","None","None","None","None","None","None","None"
"AT2G38240","None","None","None","None","None","None","Down","None","Down","None","None","None","Up","None","None"
"AT2G38250","None","None","None","None","None","None","None","None","None","None","None","None","Up","None","None"
"AT2G38340","None","Down","None","None","None","None","None","None","None","None","None","None","Up","None","None"
"AT2G38400","None","None","None","None","None","None","Down","Up","Down","None","None","None","None","None","None"
"AT2G38470","None","None","None","None","Down","Down","None","None","Down","None","None","None","Up","None","None"
"AT2G38720","None","None","None","None","None","None","None","Down","None","None","None","None","None","None","None"
"AT2G38750","None","None","None","None","None","Up","None","Down","Up","None","None","None","None","None","None"
"AT2G38760","Up","None","None","None","None","None","None","None","None","None","None","None","None","None","None"
"AT2G38790","None","None","None","None","None","None","None","None","None","None","None","None","Up","None","None"
"AT2G38823","None","None","None","None","None","None","None","None","None","Up","None","None","None","None","None"
"AT2G38860","None","None","None","None","None","None","None","Down","None","None","None","None","None","None","None"
"AT2G38920","None","None","None","None","None","None","None","Down","None","None","None","None","None","None","None"
"AT2G38995","None","None","None","None","None","None","Up","None","None","None","None","None","None","None","None"
"AT2G39030","None","Down","Up","None","None","None","None","None","None","None","None","None","None","None","None"
"AT2G39040","None","None","Down","Down","None","None","None","None","None","None","None","None","None","None","None"
"AT2G39050","None","None","Up","None","None","None","None","None","None","None","None","None","None","None","None"
"AT2G39200","None","None","Up","None","None","None","None","None","None","None","Up","Up","None","None","None"
"AT2G39220","None","None","None","None","None","None","None","Down","None","None","None","None","None","None","None"
"AT2G39240","None","None","None","None","Up","None","None","Down","None","None","None","None","None","None","None"
"AT2G39280","Down","None","None","None","None","None","None","None","None","None","None","None","None","None","None"
"AT2G39400","None","None","None","None","None","Down","None","Up","Down","None","None","None","None","None","None"
"AT2G39510","None","None","None","Up","Up","None","Up","Down","Up","None","Up","None","None","None","None"
"AT2G39518","None","None","None","None","None","None","Down","None","None","None","None","None","None","None","None"
"AT2G39530","None","None","None","None","None","None","Down","None","None","None","None","None","None","None","None"
"AT2G39560","None","None","None","None","None","None","None","Down","None","None","None","None","None","None","None"
"AT2G39570","None","None","None","Down","None","Down","None","None","Down","None","None","None","None","None","None"
"AT2G39650","None","Down","None","None","None","Down","Down","None","Down","None","None","None","Up","None","None"
"AT2G39710","None","None","None","None","None","None","None","Down","None","None","None","None","None","None","None"
"AT2G39800","None","None","Up","Up","Up","Up","Up","None","Up","None","None","None","None","None","None"
"AT2G39850","None","Down","None","None","None","None","None","None","None","None","None","None","None","None","None"
"AT2G39855","None","None","None","None","None","None","None","Up","None","None","None","None","None","None","None"
"AT2G39920","None","None","None","None","Up","None","None","None","Up","None","None","None","None","None","None"
"AT2G39980","None","None","None","None","None","Down","None","Up","None","Up","None","None","None","None","None"
"AT2G40000","None","None","None","Down","Down","Down","Down","None","Down","Down","None","None","Up","None","None"
"AT2G40100","Up","None","None","None","None","None","None","None","None","None","None","None","None","None","None"
"AT2G40113","None","None","None","None","None","None","Down","None","None","None","None","None","None","None","None"
"AT2G40130","None","None","None","None","None","None","None","Down","None","None","None","None","None","None","None"
"AT2G40140","None","None","None","None","None","Down","None","None","Down","None","None","None","Up","None","None"
"AT2G40170","None","Up","None","None","None","None","None","None","None","None","None","Up","None","None","None"
"AT2G40200","None","None","None","None","None","None","None","Down","None","None","None","None","None","None","None"
"AT2G40340","None","None","None","None","None","None","None","None","Down","None","Up","Up","Up","None","None"
"AT2G40350","None","None","None","None","None","None","None","None","None","None","None","None","Up","None","None"
"AT2G40420","None","None","None","None","None","None","None","Up","None","None","None","None","None","None","None"
"AT2G40435","None","None","None","None","None","None","None","Down","Up","Down","None","None","None","None","None"
"AT2G40475","None","None","None","None","None","None","None","Down","None","None","None","None","None","None","None"
"AT2G40610","None","None","None","None","None","None","Up","None","Up","None","None","None","Down","None","None"
"AT2G40750","None","Up","None","Up","Up","None","Up","None","Up","None","None","None","None","None","None"
"AT2G40900","None","None","None","None","None","None","None","Down","None","None","None","None","None","None","None"
"AT2G41010","None","None","None","None","Down","Down","None","None","None","None","None","None","None","None","None"
"AT2G41090","None","None","None","Up","None","None","Up","None","None","None","None","None","None","None","None"
"AT2G41100","None","None","None","None","None","Down","None","None","Down","None","None","None","Up","None","None"
"AT2G41105","None","None","None","None","None","None","None","None","None","None","None","None","Up","None","None"
"AT2G41178","None","None","None","None","None","None","None","None","None","Down","None","None","None","None","None"
"AT2G41180","None","None","None","None","None","None","Up","Down","None","None","None","None","None","None","None"
"AT2G41190","None","None","Up","Up","None","Up","None","None","None","None","None","None","None","None","None"
"AT2G41240","None","None","None","Up","None","None","None","None","Up","None","None","None","None","None","None"
"AT2G41260","None","None","None","None","None","None","None","None","Down","None","None","None","None","None","None"
"AT2G41312","None","None","None","None","None","None","None","None","Up","None","None","None","None","None","None"
"AT2G41630","None","None","Down","None","None","None","None","None","Down","None","None","None","Up","None","None"
"AT2G41640","None","None","None","None","None","Down","None","None","Down","None","None","None","None","None","None"
"AT2G41750","None","None","None","None","None","Down","None","None","Down","None","None","None","None","None","None"
"AT2G41810","None","None","Up","None","None","None","None","Down","None","None","None","None","None","None","None"
"AT2G41850","None","Up","None","None","None","None","None","None","None","None","None","None","None","None","None"
"AT2G42060","None","None","None","None","None","None","None","None","None","None","Up","None","None","None","None"
"AT2G42110","None","None","None","None","None","None","None","None","None","None","None","None","Down","None","None"
"AT2G42150","None","None","None","None","None","None","Down","Down","None","None","None","None","None","None","None"
"AT2G42170","None","None","None","None","None","None","None","Up","None","None","None","None","None","None","None"
"AT2G42200","None","None","None","None","None","None","None","Down","None","None","None","None","None","None","None"
"AT2G42250","Down","None","None","None","None","None","None","None","None","None","None","None","None","None","None"
"AT2G42350","None","None","None","None","None","None","None","None","None","None","None","Up","None","None","None"
"AT2G42380","None","None","Up","None","None","None","None","None","None","None","None","None","None","None","None"
"AT2G42480","None","Down","None","None","None","None","None","None","None","None","None","None","None","None","None"
"AT2G42540","None","None","Up","None","None","None","None","None","None","None","None","None","None","None","None"
"AT2G42560","None","Up","None","None","Down","Down","None","None","Down","None","None","Up","None","None","None"
"AT2G42750","None","None","None","None","None","None","None","None","Up","None","None","None","None","None","None"
"AT2G42850","None","None","None","None","None","None","None","Up","None","None","None","None","None","None","None"
"AT2G42870","None","None","Up","None","None","None","None","Up","None","None","None","None","None","None","None"
"AT2G42980","None","None","None","None","None","None","None","Down","None","None","None","None","None","None","None"
"AT2G42990","None","None","None","None","None","None","None","Down","None","None","None","None","None","None","None"
"AT2G43000","None","None","None","None","None","None","None","Down","None","None","None","None","Up","None","None"
"AT2G43100","None","None","None","None","None","None","None","Down","None","Down","None","None","None","None","None"
"AT2G43140","None","None","None","None","None","Down","None","None","None","None","None","None","None","None","None"
"AT2G43290","None","None","Up","None","None","None","None","None","None","None","None","None","None","None","None"
"AT2G43390","None","None","None","None","None","Up","None","None","None","None","None","None","None","None","None"
"AT2G43520","None","None","None","None","None","None","Down","None","None","None","None","None","None","None","None"
"AT2G43550","None","None","None","None","None","None","None","Down","None","None","None","None","None","None","None"
"AT2G43570","None","None","None","None","None","None","None","None","None","None","None","Up","None","None","None"
"AT2G43580","None","None","None","None","None","None","None","None","None","None","None","None","Up","None","None"
"AT2G43600","None","None","None","Down","None","None","None","None","None","None","None","None","None","None","None"
"AT2G43620","None","None","Up","Up","Up","None","None","None","None","None","Up","Up","None","None","None"
"AT2G43820","None","None","None","None","None","None","None","Up","None","None","None","None","None","None","None"
"AT2G43860","None","Up","None","None","None","None","None","None","None","None","None","None","None","None","None"
"AT2G43880","None","Up","None","None","None","None","None","None","None","None","None","None","None","None","None"
"AT2G43890","None","Up","Up","None","None","None","None","None","None","None","None","None","None","None","None"
"AT2G43930","None","None","None","None","None","None","None","Up","None","None","None","None","None","None","None"
"AT2G44010","None","None","None","None","None","None","None","None","None","None","None","Up","None","None","None"
"AT2G44070","None","None","None","None","None","None","None","None","None","None","None","Up","None","None","None"
"AT2G44080","None","None","None","None","None","Down","None","Up","None","None","None","None","None","None","None"
"AT2G44190","Up","None","None","None","Down","Down","None","None","None","Down","None","None","None","None","None"
"AT2G44230","None","None","None","None","None","None","None","None","Up","None","None","None","None","None","None"
"AT2G44370","None","None","None","None","None","None","None","None","None","None","Up","Up","None","None","None"
"AT2G44460","None","None","None","Up","Up","None","Up","Down","None","None","None","None","None","None","None"
"AT2G44570","None","None","None","None","None","None","None","None","Down","None","None","None","None","None","None"
"AT2G44578","None","None","None","None","None","None","Down","None","None","None","None","None","Up","None","None"
"AT2G44670","None","None","None","None","None","None","None","Down","None","None","None","None","None","None","None"
"AT2G44745","None","None","None","None","None","None","None","None","Up","None","None","None","None","None","None"
"AT2G44840","None","None","None","None","Down","Down","Down","None","Down","None","None","None","Up","None","None"
"AT2G44910","None","None","Up","None","None","None","None","Down","None","None","None","None","None","None","None"
"AT2G44930","None","None","None","None","None","None","None","Down","None","None","None","None","None","None","None"
"AT2G44940","None","None","None","None","None","None","None","Down","None","None","None","None","None","None","None"
"AT2G44995","None","Up","None","None","None","None","None","None","None","None","None","None","None","None","None"
"AT2G45080","None","None","None","None","None","None","None","Down","None","None","None","None","None","None","None"
"AT2G45170","None","None","None","None","None","None","None","Up","None","None","None","None","None","None","None"
"AT2G45220","None","None","None","None","None","None","None","None","None","None","None","Up","None","None","None"
"AT2G45360","None","None","None","None","None","None","None","None","None","None","None","Up","None","None","None"
"AT2G45460","None","Down","Down","Down","Down","Down","Down","None","Down","None","None","None","Up","None","None"
"AT2G45570","None","None","None","Up","None","None","None","None","None","None","None","None","None","None","None"
"AT2G45600","None","None","None","None","None","None","Up","None","None","None","None","None","None","None","None"
"AT2G45680","None","None","None","None","Down","None","None","Down","None","None","None","None","None","None","None"
"AT2G45685","None","None","None","None","None","None","None","None","None","Up","None","None","None","None","None"
"AT2G45760","None","None","None","Up","None","None","None","None","None","None","None","None","None","None","None"
"AT2G45780","None","None","None","None","None","None","None","None","None","None","None","None","Down","None","None"
"AT2G45800","None","None","None","None","Down","None","None","None","None","None","None","None","None","None","None"
"AT2G45930","None","None","None","None","None","None","None","Down","None","None","None","None","Up","None","None"
"AT2G46130","None","None","None","None","None","None","None","None","Up","None","None","None","None","None","None"
"AT2G46270","None","None","None","None","None","None","None","Up","None","Up","None","None","None","None","None"
"AT2G46310","None","None","None","None","None","None","None","None","None","Up","None","None","None","None","None"
"AT2G46400","None","None","None","None","None","Down","None","Down","Down","None","None","None","Up","None","None"
"AT2G46430","None","None","None","Up","None","None","Up","None","None","Up","None","None","None","None","None"
"AT2G46440","None","None","None","Up","None","None","Up","None","None","None","None","None","None","None","None"
"AT2G46495","None","None","None","None","None","None","None","Down","None","None","None","None","None","None","None"
"AT2G46510","None","None","None","None","None","None","Down","None","None","None","None","None","None","None","None"
"AT2G46610","None","Down","Down","Down","None","None","None","None","Down","None","None","None","Up","None","None"
"AT2G46630","None","None","None","None","None","None","None","Down","None","None","None","None","None","None","None"
"AT2G46640","None","None","None","Up","None","None","None","None","Up","None","None","None","None","None","None"
"AT2G46650","None","None","None","None","None","None","None","Down","None","None","None","None","None","None","None"
"AT2G46660","None","None","None","None","None","None","None","Down","None","None","None","None","None","None","None"
"AT2G46670","None","None","Down","None","None","None","None","None","None","Up","None","None","None","None","None"
"AT2G46680","None","None","Up","Up","Up","Up","None","None","Up","None","None","None","None","None","None"
"AT2G46790","None","None","None","None","None","None","None","Down","None","Up","None","None","None","None","None"
"AT2G46880","None","None","None","None","None","None","Up","None","Up","None","None","None","None","None","None"
"AT2G46970","None","None","None","Up","Up","None","None","Down","None","None","None","None","None","None","None"
"AT2G47050","Up","None","None","None","None","None","None","None","None","None","None","None","None","None","None"
"AT2G47140","None","None","None","None","None","None","Down","None","None","None","Up","None","None","None","None"
"AT2G47180","None","None","None","None","None","None","Down","None","None","None","None","None","None","None","None"
"AT2G47200","None","None","None","None","None","None","None","None","Up","None","None","None","None","None","None"
"AT2G47270","None","None","None","None","None","None","None","Up","None","None","None","None","None","None","None"
"AT2G47460","None","None","None","None","None","None","None","Down","None","Up","None","None","None","None","None"
"AT2G47485","None","None","None","None","None","None","Down","None","None","None","None","None","None","None","None"
"AT2G47550","None","None","None","None","None","None","None","None","None","None","Up","Up","None","None","None"
"AT2G47560","None","None","None","None","None","None","None","Down","None","None","None","None","None","None","None"
"AT2G47670","None","None","Down","None","None","None","None","Down","None","None","None","None","Up","None","None"
"AT2G47680","None","Down","Down","None","None","None","None","None","Down","None","None","None","Up","None","None"
"AT2G47770","None","Up","None","None","None","None","None","None","None","None","None","None","None","None","None"
"AT2G47780","None","None","Down","None","None","None","None","None","None","Down","None","None","Up","None","None"
"AT2G47880","None","None","None","None","None","None","None","None","Up","None","None","None","None","None","None"
"AT2G47920","None","None","None","None","None","None","None","None","None","Down","None","None","None","None","None"
"AT2G47935","None","None","None","None","None","None","None","None","None","None","Up","None","None","None","None"
"AT2G47950","None","None","None","None","None","None","None","None","None","None","None","Up","None","None","None"
"AT2G48080","None","None","None","None","None","Up","None","Down","Up","Down","None","None","None","None","None"
"AT2G48090","None","None","None","None","None","None","None","Down","None","None","None","None","None","None","None"
"AT3G01015","Up","None","None","None","None","Down","None","None","None","None","None","None","None","None","None"
"AT3G01070","None","None","None","None","None","None","Down","None","None","None","None","None","None","None","None"
"AT3G01080","None","None","None","None","None","None","Up","None","None","None","None","None","None","None","None"
"AT3G01175","None","None","None","Down","None","Down","None","None","Down","None","None","None","None","None","None"
"AT3G01205","None","None","None","None","None","None","None","Down","None","None","None","None","None","None","None"
"AT3G01260","None","None","None","None","None","None","None","Down","None","None","None","None","None","None","None"
"AT3G01290","None","None","None","Down","None","Down","None","None","Down","None","None","None","None","None","None"
"AT3G01295","None","None","None","None","None","Down","None","None","None","None","None","None","None","None","None"
"AT3G01410","Up","None","None","None","None","None","None","None","None","None","None","None","None","None","None"
"AT3G01440","None","None","None","None","None","None","None","Down","None","None","None","None","None","None","None"
"AT3G01513","None","None","Down","Down","None","None","Down","None","Down","None","None","None","None","None","None"
"AT3G01550","None","None","None","None","None","None","None","None","Up","None","None","None","None","None","None"
"AT3G01600","None","Down","Down","None","None","None","None","None","None","None","None","None","Up","None","None"
"AT3G01660","None","None","None","None","None","None","None","Down","None","None","None","None","None","None","None"
"AT3G01710","None","None","None","None","None","None","None","None","Up","None","None","None","Down","None","None"
"AT3G01795","None","None","None","None","Up","None","None","None","None","None","None","None","None","None","None"
"AT3G01830","None","None","None","None","None","None","None","None","None","None","None","Up","Up","None","None"
"AT3G01970","None","None","None","None","None","None","None","None","Down","None","None","None","None","None","None"
"AT3G01990","None","None","None","None","None","None","None","Down","None","None","None","None","None","None","None"
"AT3G02020","None","None","None","Up","None","None","None","Down","Up","Down","None","None","None","None","None"
"AT3G02030","Up","None","None","None","None","None","None","None","None","None","None","None","None","None","None"
"AT3G02040","None","None","None","Up","None","None","None","Up","None","Up","None","None","None","None","None"
"AT3G02120","None","None","None","None","None","Down","None","None","None","None","None","None","Down","None","None"
"AT3G02140","None","None","None","None","None","Down","Down","None","None","None","None","None","None","None","None"
"AT3G02340","None","None","None","None","None","None","None","Up","None","None","None","None","None","None","None"
"AT3G02400","None","Down","Down","Down","None","None","None","None","Down","None","None","None","Up","None","None"
"AT3G02465","None","Up","None","None","None","None","None","None","None","None","None","None","None","None","None"
"AT3G02480","None","Up","None","None","None","None","None","None","None","None","None","None","None","None","None"
"AT3G02500","None","None","None","None","None","None","None","None","None","Down","None","None","None","None","None"
"AT3G02535","None","None","None","None","None","None","None","None","None","None","None","None","Up","None","None"
"AT3G02550","None","None","None","Down","None","None","None","None","None","Down","None","None","None","None","None"
"AT3G02620","Up","None","None","None","None","None","None","None","None","None","None","None","None","None","None"
"AT3G02640","None","None","None","None","None","None","None","None","None","None","None","None","Down","None","None"
"AT3G02670","None","Down","None","None","None","None","None","None","None","None","None","None","Up","None","None"
"AT3G02810","None","Down","None","None","None","None","None","None","None","None","None","None","Up","None","None"
"AT3G02832","None","None","None","Up","Up","None","Up","Down","Up","None","None","None","None","None","None"
"AT3G02840","None","None","None","None","None","None","None","None","Down","None","Up","Up","Up","None","None"
"AT3G02885","None","None","None","Up","None","None","Up","None","Up","None","None","None","None","None","None"
"AT3G02910","None","None","None","None","Up","None","Up","None","None","None","None","None","None","None","None"
"AT3G03020","None","None","None","None","None","Down","None","None","Down","None","None","None","None","None","None"
"AT3G03060","None","None","None","None","None","None","None","Down","None","None","None","None","None","None","None"
"AT3G03105","None","None","None","None","Down","None","None","None","None","Down","None","None","None","None","None"
"AT3G03130","None","None","None","None","Down","None","None","None","None","Down","None","None","Down","None","None"
"AT3G03145","None","None","None","None","Up","None","None","None","None","None","None","None","None","None","None"
"AT3G03165","None","Down","None","None","None","None","None","None","None","None","None","None","None","None","None"
"AT3G03190","None","None","None","Up","None","None","None","Down","Up","None","None","None","Down","None","None"
"AT3G03225","None","None","None","None","None","None","None","None","None","None","None","None","Up","None","None"
"AT3G03265","None","None","None","Up","None","None","None","Up","None","None","None","None","None","None","None"
"AT3G03280","None","None","Up","None","None","None","None","None","None","None","None","None","None","None","None"
"AT3G03341","None","Up","None","None","None","None","None","None","None","None","None","None","None","None","None"
"AT3G03470","None","None","None","None","None","None","None","None","None","None","None","None","Up","None","None"
"AT3G03530","None","None","None","None","None","None","None","None","Up","None","None","None","None","None","None"
"AT3G03535","None","None","None","None","None","None","None","Down","None","None","None","None","None","None","None"
"AT3G03640","None","None","Up","Up","None","None","None","None","None","None","None","None","None","None","None"
"AT3G03770","None","None","None","None","None","None","None","Down","None","None","None","None","None","None","None"
"AT3G03780","None","None","Up","None","None","Up","None","Down","Up","None","None","None","None","None","None"
"AT3G03820","None","None","None","Up","Up","None","Up","None","Up","None","None","None","None","None","None"
"AT3G03830","None","None","None","None","Up","None","None","None","None","None","None","None","None","None","None"
"AT3G03840","None","None","None","Up","Up","Up","Up","None","Up","None","None","None","Down","None","None"
"AT3G03850","None","None","None","Up","None","None","None","None","None","None","None","None","None","None","None"
"AT3G03870","None","None","None","None","None","None","None","Up","None","None","None","None","None","None","None"
"AT3G04060","None","None","None","None","None","None","None","None","None","None","None","Up","None","None","None"
"AT3G04115","None","Up","None","None","None","None","None","None","None","None","None","None","None","None","None"
"AT3G04140","None","None","None","None","None","None","None","Down","None","None","None","None","None","None","None"
"AT3G04175","None","None","None","Up","None","None","None","None","None","None","None","None","None","None","None"
"AT3G04181","Up","None","None","None","None","None","None","None","None","None","None","None","None","None","None"
"AT3G04210","None","None","None","None","None","None","None","Down","None","None","None","None","None","None","None"
"AT3G04220","None","None","None","None","None","None","None","None","None","Up","None","None","Up","None","None"
"AT3G04285","None","None","None","None","None","None","None","None","None","None","None","None","Up","None","None"
"AT3G04300","None","None","Up","Up","None","None","Up","None","None","None","None","None","None","None","None"
"AT3G04330","None","None","None","Down","None","None","None","None","None","None","None","None","None","None","None"
"AT3G04360","None","None","None","None","None","None","None","Up","None","None","None","None","None","None","None"
"AT3G04370","None","None","None","None","None","None","None","Down","None","None","None","None","None","None","None"
"AT3G04420","None","None","None","None","None","None","None","Down","Down","None","None","None","None","None","None"
"AT3G04510","None","None","None","Up","None","None","None","None","Up","None","None","None","None","None","None"
"AT3G04640","None","None","Up","None","None","None","Down","None","Down","None","None","None","None","None","None"
"AT3G04775","None","Down","Down","None","None","None","None","Down","Down","None","None","None","Up","None","None"
"AT3G04800","None","None","None","None","None","None","Down","None","Down","None","None","None","None","None","None"
"AT3G04854","None","None","None","None","None","Down","None","None","None","None","None","None","None","None","None"
"AT3G05320","None","None","None","None","Down","None","None","None","None","None","None","None","None","None","None"
"AT3G05327","None","None","None","None","None","None","Down","Down","None","None","None","None","None","None","None"
"AT3G05355","None","None","None","Up","None","None","None","None","Up","None","None","None","None","None","None"
"AT3G05370","None","None","None","None","None","None","None","Down","None","None","None","None","None","None","None"
"AT3G05400","None","None","None","None","None","None","Up","None","None","None","None","None","None","None","None"
"AT3G05640","None","None","None","None","None","None","None","Up","None","None","None","None","None","None","None"
"AT3G05650","None","None","None","None","None","None","None","Down","None","None","None","None","None","None","None"
"AT3G05660","None","None","None","Up","None","None","None","None","None","Up","None","None","None","None","None"
"AT3G05720","None","None","Down","None","None","None","None","None","Down","None","None","None","Up","None","None"
"AT3G05790","None","None","None","None","None","None","None","Down","None","None","None","None","None","None","None"
"AT3G05845","None","None","None","Up","Up","None","Up","None","Up","None","None","None","None","None","None"
"AT3G05858","None","None","None","None","None","None","None","Down","None","None","None","None","Up","None","None"
"AT3G05936","Up","None","None","None","None","None","None","None","None","None","None","None","None","None","None"
"AT3G05945","None","Up","None","None","None","None","None","None","None","None","None","None","None","None","None"
"AT3G05950","Up","Down","None","None","None","None","None","None","None","None","None","None","None","None","None"
"AT3G05955","None","Up","None","None","None","None","None","None","None","None","None","None","None","None","None"
"AT3G06020","None","None","None","None","None","None","None","Down","Up","None","None","None","None","None","None"
"AT3G06070","None","None","Up","None","None","None","None","None","None","None","None","None","None","None","None"
"AT3G06080","None","None","None","None","None","None","None","Up","None","None","None","None","None","None","None"
"AT3G06120","None","None","None","None","None","None","None","Down","None","None","None","None","None","None","None"
"AT3G06145","None","None","None","None","None","None","None","Down","None","None","None","None","None","None","None"
"AT3G06160","None","None","None","None","None","None","None","None","None","Down","None","None","None","None","None"
"AT3G06345","Down","None","None","None","None","None","None","None","None","None","None","None","None","None","None"
"AT3G06390","None","None","None","Down","None","None","None","None","None","None","None","None","None","None","None"
"AT3G06460","None","None","None","Down","None","None","None","None","None","None","None","None","None","None","None"
"AT3G06490","None","None","None","None","None","None","None","None","None","None","None","Up","None","None","None"
"AT3G06495","None","Up","None","None","None","None","None","None","None","None","None","None","None","None","None"
"AT3G06515","None","Up","None","None","None","None","None","None","None","None","None","None","None","None","None"
"AT3G06525","None","Up","None","None","None","None","None","None","None","None","None","None","None","None","None"
"AT3G06640","None","None","Up","None","None","None","None","Up","None","None","None","None","None","None","None"
"AT3G06780","None","None","None","None","None","None","None","Up","None","None","None","None","None","None","None"
"AT3G06850","None","None","None","None","None","None","None","Up","Down","None","None","None","None","None","None"
"AT3G06890","None","None","None","None","None","None","None","Down","Up","None","None","None","None","None","None"
"AT3G07105","None","None","None","None","None","None","None","Up","None","None","None","None","None","None","None"
"AT3G07120","None","None","None","Down","Down","None","Down","Down","None","None","None","None","None","None","None"
"AT3G07255","None","Up","None","None","None","None","None","None","None","None","Up","Up","None","None","None"
"AT3G07350","None","None","None","Down","None","Down","None","Up","Down","None","None","None","None","None","None"
"AT3G07425","None","None","None","None","None","Up","None","None","None","None","None","None","None","None","None"
"AT3G07600","None","None","None","None","None","None","None","Down","None","None","None","None","None","None","None"
"AT3G07650","None","None","None","None","None","None","Down","None","None","None","None","None","None","None","None"
"AT3G07800","None","Down","Down","Down","None","None","None","None","Down","None","None","None","Up","None","None"
"AT3G07835","None","None","None","None","None","None","None","Down","None","Down","None","None","None","None","None"
"AT3G07925","None","None","None","None","None","None","None","Down","None","None","None","None","None","None","None"
"AT3G08070","None","None","None","None","None","None","None","None","Up","None","None","None","None","None","None"
"AT3G08165","None","None","None","None","None","None","None","Down","None","None","None","None","None","None","None"
"AT3G08225","None","None","None","None","None","None","None","Down","None","None","None","None","None","None","None"
"AT3G08485","None","Up","None","None","None","None","None","None","None","None","None","None","None","None","None"
"AT3G08490","None","None","None","Up","None","None","None","None","None","None","None","None","None","None","None"
"AT3G08660","None","None","Down","None","None","None","None","None","None","None","None","None","None","None","None"
"AT3G08700","None","None","None","None","None","None","None","Down","None","Down","None","None","None","None","None"
"AT3G08770","None","None","None","None","None","None","None","Down","None","None","None","None","None","None","None"
"AT3G08785","None","None","None","None","None","None","Down","None","None","None","None","Down","None","None","None"
"AT3G08810","None","None","None","None","None","None","None","Down","None","None","None","None","Up","None","None"
"AT3G08860","None","None","None","Up","None","None","Up","None","None","None","None","None","None","None","None"
"AT3G08870","None","None","None","None","None","None","Up","Down","None","None","None","None","None","None","None"
"AT3G08970","None","None","Up","None","None","None","None","None","None","None","None","None","None","None","None"
"AT3G09020","None","None","None","Down","None","Down","None","None","Down","None","None","None","Up","None","None"
"AT3G09162","None","None","None","None","None","None","None","Down","None","None","None","None","None","None","None"
"AT3G09220","None","None","None","None","None","None","None","None","None","None","None","Up","None","None","None"
"AT3G09370","Down","None","None","None","None","None","None","None","None","None","None","None","None","None","None"
"AT3G09400","None","None","None","None","None","None","None","None","None","None","None","Up","None","None","None"
"AT3G09405","None","None","None","None","None","None","None","None","None","Up","None","None","Up","None","None"
"AT3G09415","None","Down","None","None","None","None","None","None","None","None","None","None","None","None","None"
"AT3G09440","None","None","None","None","None","None","None","Down","None","None","None","None","None","None","None"
"AT3G09450","None","None","None","None","None","None","None","Down","None","Up","None","None","None","None","None"
"AT3G09480","None","None","None","None","None","None","None","Down","None","None","None","None","None","None","None"
"AT3G09520","None","None","None","None","Down","Down","Down","Down","None","None","None","None","Up","None","None"
"AT3G09545","None","Down","None","None","None","None","None","None","None","None","None","None","None","None","None"
"AT3G09680","None","None","None","None","None","None","None","Down","None","None","None","None","None","None","None"
"AT3G09830","None","None","None","None","None","None","None","None","None","None","None","None","Up","None","None"
"AT3G09870","None","Down","None","None","None","None","Down","None","Down","None","None","None","Up","None","None"
"AT3G09922","None","Up","None","None","None","None","None","None","None","None","None","None","None","None","None"
"AT3G09940","None","None","None","None","None","None","Down","None","None","None","Up","Up","None","None","None"
"AT3G09950","None","None","None","Up","None","None","None","None","None","None","Up","None","None","None","None"
"AT3G10000","None","None","None","None","None","None","None","Down","None","None","None","None","None","None","None"
"AT3G10020","None","None","None","Down","None","Down","None","None","Down","None","None","None","None","None","None"
"AT3G10040","None","None","None","None","None","None","None","None","None","Down","None","None","None","None","None"
"AT3G10113","None","Down","None","None","None","None","None","None","None","None","None","None","None","None","None"
"AT3G10150","None","None","None","Up","None","Up","None","Down","Up","None","None","None","None","None","None"
"AT3G10185","None","None","None","None","Down","None","None","Down","None","None","None","None","None","None","None"
"AT3G10290","None","None","None","None","None","None","None","Down","None","Down","None","None","None","None","None"
"AT3G10310","Up","None","None","None","None","Down","None","None","None","None","None","None","None","None","None"
"AT3G10500","None","None","None","None","None","None","None","None","Down","None","None","None","Up","None","None"
"AT3G10520","None","None","None","None","None","None","None","Down","None","None","None","None","None","None","None"
"AT3G10780","None","None","None","None","None","None","None","None","None","None","None","None","Up","None","None"
"AT3G10815","None","None","None","None","None","None","None","None","None","None","Up","Up","None","None","None"
"AT3G10880","None","None","None","Up","None","None","None","None","Up","None","None","None","None","None","None"
"AT3G10930","None","Down","None","Down","None","Down","None","None","Down","None","None","None","Up","None","None"
"AT3G10985","None","None","None","None","None","None","None","None","Down","None","None","None","None","None","None"
"AT3G10986","None","None","None","None","None","None","None","None","Up","None","None","None","None","None","None"
"AT3G11000","Up","None","None","None","None","None","None","None","None","None","None","None","None","None","None"
"AT3G11010","None","None","None","Up","Up","None","Up","None","None","None","None","None","None","None","None"
"AT3G11340","None","None","None","None","None","None","None","None","None","None","Up","Up","None","None","None"
"AT3G11370","None","None","None","Down","Down","Down","None","None","None","None","None","None","None","None","None"
"AT3G11390","None","None","None","Down","Down","Down","None","None","None","None","None","None","None","None","None"
"AT3G11430","None","None","None","None","None","None","None","None","None","None","None","Up","None","None","None"
"AT3G11520","None","None","None","None","None","None","None","None","None","None","None","None","Down","None","None"
"AT3G11773","None","Down","None","None","None","None","None","None","None","None","None","None","Up","None","None"
"AT3G11820","None","None","None","None","None","Down","None","None","Down","None","None","None","None","None","None"
"AT3G12170","None","None","None","None","None","None","None","Down","None","None","None","None","None","None","None"
"AT3G12220","None","None","None","None","Up","None","Up","None","None","None","None","None","None","None","None"
"AT3G12410","None","Down","Down","None","None","None","None","Down","None","None","None","None","Up","None","None"
"AT3G12510","None","None","None","None","None","None","None","None","None","None","None","None","Up","None","None"
"AT3G12520","None","None","None","None","None","None","None","Down","None","Down","None","None","None","None","None"
"AT3G12580","None","None","None","Up","None","None","None","None","None","None","None","None","None","None","None"
"AT3G12750","None","None","None","None","None","None","None","Down","None","None","None","None","None","None","None"
"AT3G12820","None","None","None","Up","None","None","Up","None","Up","None","None","None","None","None","None"
"AT3G12870","None","None","None","None","None","None","None","None","None","Down","None","None","Down","None","None"
"AT3G12900","None","Up","None","Up","None","None","None","None","None","None","None","None","None","None","None"
"AT3G12970","None","None","None","None","None","None","Down","None","None","None","None","None","None","None","None"
"AT3G13010","None","Down","None","None","None","None","None","None","None","None","None","None","None","None","None"
"AT3G13080","None","Down","None","None","None","None","None","None","None","None","None","None","Up","None","None"
"AT3G13130","None","None","None","Up","None","None","None","Down","None","None","None","None","None","None","None"
"AT3G13210","None","None","None","None","None","None","None","Down","None","None","None","None","None","None","None"
"AT3G13275","Up","None","None","None","None","None","None","None","None","None","None","None","None","None","None"
"AT3G13380","None","None","None","None","None","None","None","None","None","None","None","None","Up","None","None"
"AT3G13450","None","None","None","None","None","None","None","Up","None","None","None","None","None","None","None"
"AT3G13470","None","None","None","None","None","None","None","Down","None","None","None","None","None","None","None"
"AT3G13600","None","None","Up","None","None","None","None","None","None","None","None","None","None","None","None"
"AT3G13610","None","None","None","None","None","None","None","Down","None","None","None","None","None","None","None"
"AT3G13650","None","None","None","None","None","None","None","Down","None","None","None","None","None","None","None"
"AT3G13710","None","None","None","None","None","None","None","None","Down","None","None","None","None","None","None"
"AT3G13784","None","None","None","None","None","None","None","Down","None","None","None","None","None","None","None"
"AT3G13898","None","None","None","Down","None","None","None","None","Down","None","None","None","None","None","None"
"AT3G14190","Up","None","None","None","Down","Down","None","None","None","None","None","None","None","None","None"
"AT3G14210","None","None","None","None","None","None","None","Down","None","Down","None","None","None","None","None"
"AT3G14225","None","None","None","None","None","None","None","None","Down","None","None","None","None","None","None"
"AT3G14260","None","None","None","Down","None","None","None","None","None","None","None","None","None","None","None"
"AT3G14395","None","None","None","None","Down","None","None","Down","None","None","None","None","Up","None","None"
"AT3G14440","None","Up","Up","None","None","None","None","None","None","None","None","None","None","None","None"
"AT3G14530","None","None","None","None","None","None","Down","None","None","None","None","None","None","None","None"
"AT3G14560","None","Down","None","None","None","None","None","None","None","None","None","None","Up","None","None"
"AT3G14700","None","None","None","None","None","Up","None","None","None","None","None","None","None","None","None"
"AT3G14740","None","None","None","None","None","None","None","Down","None","None","None","None","None","None","None"
"AT3G14780","None","None","None","None","None","None","Down","None","None","None","None","None","None","None","None"
"AT3G14900","None","None","None","None","Up","None","None","None","None","None","None","None","None","None","None"
"AT3G14990","None","None","None","None","None","None","Down","None","None","None","None","None","None","None","None"
"AT3G15170","None","None","None","None","None","None","None","Down","None","None","None","None","None","None","None"
"AT3G15210","None","None","None","None","None","Down","Down","Down","None","None","None","None","None","None","None"
"AT3G15240","None","None","Down","Down","None","None","None","None","None","None","None","None","Up","None","None"
"AT3G15270","None","None","None","None","None","None","None","Down","None","None","None","None","None","None","None"
"AT3G15356","None","None","None","None","None","Down","Down","None","Down","None","None","None","None","None","None"
"AT3G15358","None","None","None","None","None","None","None","Up","None","None","None","None","None","None","None"
"AT3G15370","None","Up","None","None","None","None","None","None","None","None","None","None","None","None","None"
"AT3G15440","None","None","None","None","None","None","None","None","Down","None","None","None","None","None","None"
"AT3G15450","None","None","None","Down","None","Down","None","None","Down","None","None","None","None","None","None"
"AT3G15460","None","None","None","None","None","None","None","Down","None","None","None","None","None","None","None"
"AT3G15500","None","None","None","Down","None","None","None","None","Down","None","Up","Up","None","None","None"
"AT3G15540","None","None","None","None","None","None","None","None","None","Up","None","None","None","None","None"
"AT3G15550","None","None","None","None","Down","Down","None","None","None","Down","None","None","Down","None","None"
"AT3G15620","None","None","None","None","None","None","Down","None","Down","None","None","None","None","None","None"
"AT3G15630","None","None","None","Down","None","Down","None","None","Down","None","None","None","None","None","None"
"AT3G15650","None","None","None","Up","None","None","None","Down","Up","None","None","None","None","None","None"
"AT3G15670","None","Up","None","Down","None","None","None","None","Down","None","None","None","None","None","Up"
"AT3G15720","None","None","None","None","None","None","None","Down","None","Down","None","None","None","None","None"
"AT3G15750","None","Up","None","None","None","None","None","Down","None","None","None","None","None","None","None"
"AT3G15770","None","None","None","None","None","None","None","None","Down","None","None","None","None","None","None"
"AT3G15990","None","None","Up","Up","None","None","None","None","None","None","None","None","None","None","None"
"AT3G16150","None","None","None","None","None","None","Down","None","None","None","None","None","None","None","None"
"AT3G16330","None","None","None","None","None","None","None","Down","None","None","None","None","None","None","None"
"AT3G16360","None","None","None","None","None","Up","Up","None","None","None","None","None","None","None","None"
"AT3G16370","None","None","None","None","None","None","None","None","Up","None","None","None","None","None","None"
"AT3G16530","None","None","None","None","None","None","None","None","Down","None","None","None","None","None","None"
"AT3G16560","None","None","None","None","None","None","None","Down","None","None","None","None","None","None","None"
"AT3G16650","Down","None","None","None","Up","None","Up","None","None","None","None","None","None","None","None"
"AT3G16670","None","None","None","None","None","None","None","None","None","None","Down","None","None","None","None"
"AT3G16720","None","None","None","Down","None","Down","None","None","Down","None","None","None","Up","None","None"
"AT3G16857","None","None","None","None","None","None","None","Up","None","None","None","None","None","None","None"
"AT3G16860","None","None","None","None","None","None","Down","None","None","None","None","None","None","None","None"
"AT3G16870","None","None","None","None","None","None","None","Down","None","None","None","None","None","None","None"
"AT3G16980","None","None","None","None","None","None","None","Down","None","None","None","None","None","None","None"
"AT3G17130","None","None","None","Up","None","Up","None","Down","Up","None","None","None","None","None","None"
"AT3G17360","None","None","None","None","None","Down","None","None","None","None","None","None","None","None","None"
"AT3G17520","None","Up","None","None","None","None","None","None","None","None","None","None","None","None","None"
"AT3G17600","None","None","None","None","None","None","None","None","Up","None","None","None","Down","None","None"
"AT3G17609","None","None","None","None","None","None","Down","None","None","None","None","None","None","None","None"
"AT3G17690","None","Down","None","None","None","None","None","Down","None","None","None","None","Up","None","None"
"AT3G17790","None","None","None","Up","None","Up","None","None","Up","Up","None","None","None","None","None"
"AT3G18000","None","None","Up","None","None","None","None","Down","Up","None","None","None","None","None","None"
"AT3G18217","None","None","None","Up","None","None","None","None","None","None","None","None","None","None","None"
"AT3G18250","None","None","None","None","None","None","None","None","None","None","None","None","Up","None","None"
"AT3G18290","None","None","None","None","None","None","None","None","Up","None","None","None","None","None","None"
"AT3G18300","None","None","None","None","None","None","Down","None","None","None","None","None","None","None","None"
"AT3G18450","None","Up","None","None","None","None","None","None","None","None","None","None","None","None","None"
"AT3G18485","Up","None","None","None","None","None","None","Down","None","None","None","None","None","None","None"
"AT3G18560","None","None","None","None","None","None","None","Up","None","None","None","None","None","None","None"
"AT3G18630","None","None","None","None","None","None","None","Down","None","None","None","None","None","None","None"
"AT3G18773","None","None","None","Down","None","Down","None","None","None","Down","None","None","None","None","None"
"AT3G18900","None","None","None","None","None","None","None","None","None","None","None","None","Down","None","None"
"AT3G19030","None","None","None","None","None","None","Down","None","None","None","None","None","None","None","None"
"AT3G19040","None","None","None","Down","None","None","None","None","None","Down","None","None","None","None","None"
"AT3G19150","None","Down","Down","None","None","None","None","None","Down","None","None","None","Up","None","None"
"AT3G19184","None","None","None","None","None","None","None","None","None","None","None","None","Down","None","None"
"AT3G19210","None","None","Down","None","None","None","None","Down","None","None","None","None","Up","None","None"
"AT3G19270","None","None","None","None","None","None","None","Down","None","None","None","None","None","None","None"
"AT3G19580","None","None","None","None","None","None","None","None","Down","None","None","None","None","None","None"
"AT3G19615","None","None","None","None","None","None","None","None","Down","None","None","None","Up","None","None"
"AT3G19620","None","None","None","None","None","None","None","None","Up","None","None","None","None","None","None"
"AT3G19710","None","None","None","None","None","None","None","Down","None","Down","None","None","None","None","None"
"AT3G19920","None","Up","None","Down","None","None","None","None","None","None","None","None","None","None","None"
"AT3G20110","None","None","None","None","None","None","None","Down","None","None","None","None","None","None","None"
"AT3G20140","None","None","None","Down","None","None","Down","Down","None","None","None","None","None","None","None"
"AT3G20150","None","None","None","None","None","None","None","None","None","None","None","None","Down","None","None"
"AT3G20210","None","Up","None","None","Down","None","None","None","None","None","None","None","None","None","None"
"AT3G20340","None","Up","None","None","None","Down","None","None","Down","None","None","None","None","None","None"
"AT3G20395","None","None","None","None","None","Down","None","None","None","None","None","None","None","None","None"
"AT3G20440","None","None","None","None","Up","None","None","None","None","None","None","None","None","None","None"
"AT3G20470","None","None","None","None","None","None","None","Down","None","None","None","None","None","None","None"
"AT3G20490","None","Down","Down","None","None","None","None","None","Down","None","None","None","Up","None","None"
"AT3G20760","None","Down","None","None","None","None","None","None","None","None","None","None","None","None","None"
"AT3G20850","None","None","None","None","None","None","None","None","None","None","None","None","Down","None","None"
"AT3G21090","None","None","None","None","None","None","None","Up","None","None","None","None","None","None","None"
"AT3G21150","None","None","None","None","Down","Down","Down","Down","Down","None","None","None","Up","None","None"
"AT3G21310","None","Down","None","None","None","None","None","None","None","None","None","None","None","None","None"
"AT3G21320","None","None","None","None","None","Down","None","None","Down","None","None","None","None","None","None"
"AT3G21330","None","None","None","None","Up","None","None","None","None","Up","None","None","None","None","None"
"AT3G21351","None","None","None","None","None","None","None","None","None","None","Up","None","None","None","None"
"AT3G21370","None","None","None","None","Down","Down","None","None","None","None","None","None","None","None","None"
"AT3G21500","None","Up","None","None","None","None","None","None","None","None","None","None","None","None","None"
"AT3G21520","None","None","None","None","None","None","None","None","None","None","None","Up","Up","None","None"
"AT3G21560","None","None","None","None","None","None","None","Down","None","None","None","None","None","None","None"
"AT3G21620","Up","None","None","None","None","None","None","None","None","None","None","None","None","None","None"
"AT3G21660","None","None","None","None","None","None","Down","Down","Down","None","None","None","Up","None","None"
"AT3G21680","None","None","None","None","None","None","None","Down","None","None","None","None","None","None","None"
"AT3G21720","None","Up","None","None","None","None","None","None","None","None","None","None","None","None","None"
"AT3G21760","None","None","None","None","None","None","Down","None","None","None","None","None","None","None","None"
"AT3G21850","None","Down","None","None","None","None","None","None","None","None","None","None","Up","None","None"
"AT3G21860","None","Down","Down","None","None","None","None","None","None","None","None","None","Up","None","None"
"AT3G21890","None","None","None","None","None","None","None","Down","None","Up","None","None","None","None","None"
"AT3G21950","None","None","None","None","None","None","None","None","Up","None","None","None","None","None","None"
"AT3G22100","None","None","None","None","None","Up","Up","Up","None","None","None","None","None","None","None"
"AT3G22120","None","None","None","None","None","None","Down","None","None","None","None","None","None","None","None"
"AT3G22142","Up","None","None","None","None","None","None","None","None","None","None","None","None","None","None"
"AT3G22231","Up","Up","None","Up","Up","None","Up","None","Up","None","None","None","None","None","None"
"AT3G22235","None","None","None","Up","Up","None","Up","None","Up","None","None","None","None","None","None"
"AT3G22275","None","None","None","None","None","None","Down","None","None","None","None","None","None","None","None"
"AT3G22460","None","None","None","Down","None","Down","None","None","Down","None","None","None","None","None","None"
"AT3G22540","None","None","None","None","None","Up","Up","None","None","None","None","None","None","None","None"
"AT3G22550","None","None","None","Up","None","Up","Up","Down","Up","None","None","None","None","None","None"
"AT3G22600","None","None","None","None","None","None","None","None","None","None","None","Up","None","None","None"
"AT3G22640","None","Up","Down","Down","None","Down","None","None","Down","None","None","None","None","None","None"
"AT3G22740","None","None","None","None","None","None","None","None","None","Down","None","None","None","None","None"
"AT3G22800","None","None","None","Down","None","None","None","None","Down","None","None","None","None","None","None"
"AT3G22830","None","None","Up","None","None","None","Up","None","None","Up","None","None","Down","None","None"
"AT3G22840","None","None","None","None","None","None","None","Down","None","None","None","None","None","None","None"
"AT3G22860","None","Down","None","None","None","None","None","None","None","None","None","None","None","None","None"
"AT3G22910","None","None","None","Up","None","None","None","None","None","None","None","Up","Up","None","None"
"AT3G22961","None","None","None","None","None","None","None","Up","Down","None","None","None","None","None","None"
"AT3G23010","None","None","None","None","None","None","Up","None","None","None","None","None","None","None","None"
"AT3G23060","Down","None","None","None","None","None","None","None","None","None","None","None","None","None","None"
"AT3G23110","None","None","None","Up","None","None","Up","None","Up","None","None","None","None","None","None"
"AT3G23120","None","None","None","Up","Up","None","Up","None","None","None","None","None","None","None","None"
"AT3G23150","None","None","None","None","None","Down","None","None","None","None","None","None","None","None","None"
"AT3G23170","None","None","None","None","None","None","Down","Down","None","None","None","None","None","None","None"
"AT3G23180","None","None","None","None","None","None","None","None","None","None","Down","None","None","None","None"
"AT3G23210","None","None","None","None","None","None","None","Down","None","None","None","None","None","None","None"
"AT3G23230","None","None","None","None","None","Down","None","None","Down","None","None","None","Up","None","None"
"AT3G23240","None","None","None","None","None","None","None","Up","None","None","None","None","None","None","None"
"AT3G23250","None","None","Up","None","None","None","None","None","None","Up","Up","Up","Up","None","None"
"AT3G23290","None","None","None","None","None","None","None","Down","None","None","None","None","None","None","None"
"AT3G23410","None","None","None","None","None","None","None","Down","None","None","None","None","None","None","None"
"AT3G23550","None","None","None","Down","None","Down","None","None","Down","None","Up","None","None","None","None"
"AT3G23670","None","None","None","None","Down","Down","None","None","None","Down","None","None","None","None","None"
"AT3G23810","None","None","None","None","None","Up","None","Down","Up","None","None","None","None","None","None"
"AT3G23880","None","None","None","None","None","None","None","None","None","Down","None","None","None","None","None"
"AT3G24230","None","None","None","None","None","None","Up","None","Up","Down","None","None","None","None","None"
"AT3G24300","None","None","None","None","None","None","None","Down","None","None","None","None","None","None","None"
"AT3G24310","None","Up","None","None","None","None","None","None","None","None","None","None","None","None","None"
"AT3G24420","None","None","None","None","None","None","Up","Up","None","Up","None","None","None","None","None"
"AT3G24575","None","None","None","None","None","None","None","Up","None","None","None","None","None","None","None"
"AT3G24780","None","None","None","None","None","None","None","Down","None","None","None","None","None","None","None"
"AT3G24790","None","Down","None","None","None","None","None","None","None","None","None","None","None","None","None"
"AT3G24890","None","None","Down","None","None","None","None","None","None","None","None","None","None","None","None"
"AT3G24900","None","None","None","Up","None","None","None","None","None","None","None","None","None","None","None"
"AT3G25011","None","None","None","None","None","None","None","None","Down","None","None","None","None","None","None"
"AT3G25180","None","None","None","Up","Up","Up","None","None","None","None","None","None","None","None","None"
"AT3G25190","None","None","None","None","None","Down","None","None","Down","None","None","None","None","None","None"
"AT3G25250","None","Down","None","None","None","None","None","None","Down","None","Up","Up","Up","None","None"
"AT3G25700","None","None","None","None","None","None","None","Down","None","None","None","None","None","None","None"
"AT3G25717","None","None","None","None","None","None","Up","None","None","None","None","None","None","None","None"
"AT3G25760","None","None","None","Down","None","None","Down","Down","Down","None","None","None","Up","None","None"
"AT3G25770","None","None","None","None","None","None","None","Down","None","None","None","None","None","None","None"
"AT3G25780","None","None","None","None","None","None","Down","None","None","None","Up","Up","None","None","None"
"AT3G25795","None","None","None","None","None","None","None","None","Up","None","None","None","None","None","None"
"AT3G25820","None","None","Up","None","None","None","None","None","None","None","None","None","None","None","None"
"AT3G25882","None","None","None","Up","None","None","Up","None","None","None","None","None","None","None","None"
"AT3G25905","None","None","None","Up","None","None","None","Down","Up","None","None","None","None","None","None"
"AT3G25980","Up","None","None","None","None","Down","None","None","None","None","None","None","None","None","None"
"AT3G26050","Up","None","None","None","None","Down","None","None","None","Down","None","None","Down","None","None"
"AT3G26190","None","Up","None","None","None","None","None","None","None","None","None","None","None","None","None"
"AT3G26200","None","Down","None","None","None","Down","None","None","None","None","None","Up","None","None","None"
"AT3G26220","None","None","None","None","None","None","None","Up","None","None","None","None","None","None","None"
"AT3G26230","None","None","None","None","None","None","Up","Up","None","None","None","None","None","None","None"
"AT3G26235","Up","None","None","None","None","None","None","None","None","None","None","None","None","None","None"
"AT3G26280","None","None","None","None","None","None","Up","None","None","None","None","None","None","None","None"
"AT3G26290","None","None","None","None","None","None","Up","Down","None","None","None","None","None","None","None"
"AT3G26320","None","None","None","None","None","None","None","Down","None","None","None","None","None","None","None"
"AT3G26350","None","None","None","None","Down","Down","Down","None","None","None","None","None","Up","None","None"
"AT3G26460","None","None","Up","None","None","None","None","None","None","None","None","None","None","None","None"
"AT3G26500","None","None","None","None","None","None","None","None","None","None","None","Up","None","None","None"
"AT3G26510","None","None","None","None","None","None","None","Up","None","None","None","None","None","None","None"
"AT3G26740","None","None","None","None","Up","None","None","None","None","None","None","None","None","None","None"
"AT3G26830","None","None","None","None","None","None","None","Down","None","None","None","Up","Up","None","None"
"AT3G26960","None","None","None","None","None","None","None","Down","Up","Down","None","None","None","None","None"
"AT3G27025","None","None","None","Up","None","None","None","Up","None","Up","None","None","None","None","None"
"AT3G27060","None","Down","Down","Down","None","None","None","None","Down","None","None","None","Up","None","None"
"AT3G27070","None","Down","Down","None","None","None","None","None","None","None","None","None","Up","None","None"
"AT3G27250","None","Up","None","Up","Up","Up","Up","None","Up","None","None","None","Down","None","None"
"AT3G27330","Up","None","None","None","None","None","None","None","None","None","None","None","None","None","None"
"AT3G27400","None","None","None","None","None","None","None","Down","None","None","None","None","None","None","None"
"AT3G27490","None","None","None","Down","None","None","None","None","None","None","None","None","None","None","None"
"AT3G27620","None","None","None","Up","None","None","Up","None","Up","None","None","None","None","None","None"
"AT3G27630","None","Down","Down","Down","None","Down","None","None","Down","None","None","None","Up","None","None"
"AT3G27660","Up","None","None","Up","None","None","None","None","None","None","None","None","None","None","None"
"AT3G27710","Up","Down","None","None","None","None","None","None","None","None","None","None","None","None","None"
"AT3G27730","Up","None","None","None","None","Down","None","None","None","None","None","None","None","None","None"
"AT3G27884","None","None","Up","None","None","Up","None","None","Up","None","None","None","Down","None","None"
"AT3G27970","None","Down","Up","Up","None","Up","None","None","None","None","None","None","None","None","None"
"AT3G28070","None","None","None","None","None","Up","None","Down","Up","Down","None","None","None","None","None"
"AT3G28080","None","None","None","None","None","None","None","Down","None","None","None","None","None","None","None"
"AT3G28130","None","None","None","None","None","Up","None","None","None","Down","None","None","None","None","None"
"AT3G28155","Up","None","None","None","None","None","None","None","None","None","None","None","None","None","None"
"AT3G28210","None","None","None","None","None","None","None","None","None","None","None","Up","Up","None","None"
"AT3G28220","None","None","Up","None","None","None","None","None","None","None","None","None","None","None","None"
"AT3G28270","None","None","None","None","None","None","None","Down","None","None","None","None","None","None","None"
"AT3G28510","None","Down","Down","None","None","None","Up","Down","None","None","None","None","Up","None","None"
"AT3G28540","None","None","None","Up","Up","Up","Up","None","None","None","None","None","None","None","None"
"AT3G28550","None","None","None","None","None","None","Down","None","None","None","None","None","None","None","None"
"AT3G28580","None","Down","None","Up","None","None","None","Down","None","None","None","None","Up","None","None"
"AT3G28620","Up","None","None","None","None","None","None","None","None","None","None","None","None","None","None"
"AT3G28740","None","None","None","None","None","None","None","Up","None","None","None","None","None","None","None"
"AT3G28770","None","None","None","None","None","None","None","Up","None","None","None","None","None","None","None"
"AT3G28840","Up","None","None","None","None","None","None","None","None","None","None","None","None","None","None"
"AT3G28857","None","None","None","Up","Up","Up","Up","None","Up","Up","None","None","None","None","None"
"AT3G28890","None","Up","None","None","None","None","None","None","None","None","None","None","None","None","None"
"AT3G29000","None","Down","None","None","None","Down","None","None","Down","None","None","None","Up","None","None"
"AT3G29030","None","None","None","None","None","None","None","Down","Up","None","None","None","None","None","None"
"AT3G29034","None","None","None","None","None","None","None","None","None","None","None","Up","None","None","None"
"AT3G29240","None","None","None","None","None","None","None","Up","None","None","None","None","None","None","None"
"AT3G29250","None","None","None","None","None","None","None","None","Up","None","None","None","None","None","None"
"AT3G29300","None","None","None","Down","None","None","None","None","None","None","None","None","None","None","None"
"AT3G29340","None","Down","Down","None","None","None","None","None","None","None","None","None","Up","None","None"
"AT3G29370","None","None","None","None","None","None","None","Up","None","None","None","None","None","None","None"
"AT3G29430","None","Up","None","None","None","None","None","None","None","None","None","None","None","None","None"
"AT3G29590","None","None","None","None","None","None","None","Down","None","Down","None","None","None","None","None"
"AT3G29670","None","None","Up","None","None","None","None","Up","None","None","None","None","None","None","None"
"AT3G30460","None","None","None","None","None","None","None","Down","None","None","None","None","None","None","None"
"AT3G30730","None","None","None","None","None","None","None","Down","None","None","None","None","None","None","None"
"AT3G30770","None","Down","None","None","None","None","None","None","None","None","None","None","None","None","None"
"AT3G30775","None","None","None","Down","None","Down","None","None","Down","None","None","None","None","None","None"
"AT3G32030","None","None","Up","None","None","None","None","None","None","None","None","None","None","None","None"
"AT3G32920","None","Down","None","None","None","None","None","None","None","None","None","None","None","None","None"
"AT3G36659","None","Down","None","None","None","None","None","None","None","None","None","None","None","None","None"
"AT3G41762","None","None","Up","None","None","None","None","None","None","None","None","None","None","None","None"
"AT3G42310","None","Up","None","None","None","None","None","None","None","None","None","None","None","None","None"
"AT3G42725","None","None","None","Up","None","None","None","None","Up","None","None","None","Down","None","None"
"AT3G42850","None","Down","None","None","None","None","None","None","None","None","None","None","Up","None","None"
"AT3G42860","None","Down","Down","Down","None","None","Down","None","Down","None","None","None","Up","None","None"
"AT3G43110","None","None","None","None","None","None","Up","None","Up","None","None","None","None","None","None"
"AT3G43190","None","None","None","Up","None","None","None","None","None","None","None","None","None","None","None"
"AT3G43210","Up","None","None","None","None","None","None","None","None","None","None","None","None","None","None"
"AT3G43430","None","None","None","None","None","None","None","Up","None","None","None","None","None","None","None"
"AT3G43850","None","None","None","None","None","None","None","Up","None","None","None","None","None","None","None"
"AT3G44050","Up","None","None","None","None","None","None","None","None","None","None","None","None","None","None"
"AT3G44120","None","Down","None","None","None","None","None","None","None","None","None","None","None","None","None"
"AT3G44260","None","None","None","Down","Down","Down","Down","None","Down","None","None","None","Up","None","None"
"AT3G44326","None","None","Up","None","None","None","None","Up","None","None","None","None","None","None","None"
"AT3G44405","None","Down","None","None","None","None","None","None","None","None","None","None","None","None","None"
"AT3G44435","None","None","None","None","None","None","Down","None","None","None","None","None","None","None","None"
"AT3G44450","None","None","None","None","None","None","None","Down","None","None","None","None","None","None","None"
"AT3G44540","None","None","None","None","None","None","Up","None","None","None","None","None","None","None","None"
"AT3G44550","None","None","None","None","None","None","None","Down","None","None","None","None","None","None","None"
"AT3G44710","None","None","None","Down","None","None","None","None","None","None","None","None","None","None","None"
"AT3G44805","None","Down","None","None","None","None","None","None","None","None","None","None","None","None","None"
"AT3G44830","None","Down","None","None","None","None","None","None","None","None","None","None","None","None","None"
"AT3G44860","None","None","None","None","None","None","None","None","None","None","None","None","Up","None","None"
"AT3G44900","None","None","None","None","None","None","None","Down","None","None","None","None","None","None","None"
"AT3G44970","None","None","None","None","None","None","None","Down","None","Down","None","None","None","None","None"
"AT3G44990","None","None","None","Up","None","Up","None","Down","Up","Down","None","None","None","None","None"
"AT3G45060","None","None","None","None","None","None","None","None","None","None","None","Up","None","None","None"
"AT3G45070","None","None","None","None","None","None","None","None","Up","None","None","None","None","None","None"
"AT3G45140","None","None","None","None","None","None","None","Down","None","Down","None","None","None","None","None"
"AT3G45290","None","None","None","None","None","None","None","Up","None","None","None","None","None","None","None"
"AT3G45300","None","None","None","None","None","None","None","Up","Down","None","None","None","None","None","None"
"AT3G45330","None","None","None","None","None","None","None","None","Down","None","None","None","None","None","None"
"AT3G45490","None","Down","None","None","None","None","None","None","None","None","None","None","Up","None","None"
"AT3G45680","None","None","Up","None","None","None","None","None","None","None","None","None","None","None","None"
"AT3G45730","None","Down","Down","Down","None","Down","None","None","Down","None","None","None","Up","None","None"
"AT3G45860","None","None","None","Up","Up","None","Up","Up","Up","None","None","None","None","None","None"
"AT3G45970","None","None","None","None","None","Down","Down","None","Down","None","None","None","None","None","None"
"AT3G46080","None","None","None","None","None","None","None","None","Down","None","Up","Up","Up","None","None"
"AT3G46090","None","None","None","Down","Down","Down","Down","Down","Down","Down","None","None","Up","None","None"
"AT3G46230","None","None","None","None","Down","Down","None","Down","Down","Down","None","None","Up","None","None"
"AT3G46270","None","None","None","Up","None","None","None","None","None","None","None","None","None","None","None"
"AT3G46280","None","None","None","None","None","None","Down","None","None","None","None","None","None","None","None"
"AT3G46340","None","Up","None","None","None","None","None","None","None","None","None","None","None","None","None"
"AT3G46370","None","None","None","None","None","None","None","None","None","Down","None","None","None","None","None"
"AT3G46520","None","None","None","None","None","None","None","Down","None","None","None","None","Up","None","None"
"AT3G46600","None","None","None","None","None","Down","None","None","Down","None","None","None","Up","None","None"
"AT3G46620","None","None","None","None","None","None","Down","None","None","None","None","None","Up","None","None"
"AT3G46690","None","None","None","None","None","None","None","None","Down","None","None","None","None","None","None"
"AT3G46700","None","None","None","None","None","None","Down","None","None","None","None","None","None","None","None"
"AT3G46870","None","None","None","None","None","None","None","Down","None","None","None","None","None","None","None"
"AT3G46880","None","None","None","None","None","None","None","Down","Up","None","None","None","None","None","None"
"AT3G46890","None","None","None","None","None","None","None","Down","None","Down","None","None","None","None","None"
"AT3G46900","None","None","None","None","None","None","Up","None","Up","None","None","None","None","None","None"
"AT3G46940","None","None","None","None","None","None","None","Down","None","None","None","None","None","None","None"
"AT3G46970","None","None","None","None","Up","None","None","None","Up","None","None","None","None","None","None"
"AT3G47030","None","None","Down","None","None","None","None","Down","None","None","None","None","None","None","None"
"AT3G47050","None","None","None","None","None","None","Up","None","None","None","None","None","None","None","None"
"AT3G47090","None","None","None","None","None","None","Up","None","None","None","None","None","None","None","None"
"AT3G47160","None","None","None","None","Up","None","None","None","None","None","None","None","None","None","None"
"AT3G47295","None","None","None","None","None","None","None","Up","None","None","None","None","None","None","None"
"AT3G47340","None","None","None","Down","None","Down","None","Up","Down","None","None","None","None","None","None"
"AT3G47348","None","None","None","None","None","None","None","Down","None","None","None","None","None","None","None"
"AT3G47380","None","None","Up","None","None","None","None","None","None","None","None","None","None","None","None"
"AT3G47420","None","None","None","None","None","None","None","Down","None","Up","None","None","None","None","None"
"AT3G47480","None","None","None","Up","Up","None","Up","None","None","None","None","None","Up","None","None"
"AT3G47540","None","None","None","None","None","None","None","None","None","None","None","None","Up","None","None"
"AT3G47640","None","None","None","None","None","None","Down","None","None","None","None","None","None","None","None"
"AT3G47780","None","None","None","None","None","None","None","Down","None","None","None","None","None","None","None"
"AT3G47830","None","None","None","None","None","None","None","Down","None","None","None","None","None","None","None"
"AT3G47960","None","None","None","None","None","None","None","Down","None","Down","None","None","None","None","None"
"AT3G47980","None","None","None","None","None","None","None","Down","None","None","None","None","None","None","None"
"AT3G48080","None","None","None","None","Up","None","Up","None","None","None","None","None","None","None","None"
"AT3G48090","None","None","None","Up","None","None","Up","None","None","None","None","None","None","None","None"
"AT3G48240","None","None","None","Up","None","None","None","Down","None","None","None","None","None","None","None"
"AT3G48320","None","None","None","None","None","None","None","Down","None","None","None","None","None","None","None"
"AT3G48350","None","None","None","None","None","None","None","None","Up","None","None","None","None","None","None"
"AT3G48360","None","None","None","Down","None","Down","None","None","Down","None","None","None","None","None","None"
"AT3G48390","None","None","None","Down","None","Down","None","Up","Down","None","None","None","None","None","None"
"AT3G48450","None","None","None","None","None","None","Down","None","None","None","None","Up","None","None","None"
"AT3G48460","None","None","None","None","None","None","None","Down","None","None","None","None","None","None","None"
"AT3G48490","None","None","None","Up","None","None","None","None","None","None","None","None","Down","None","None"
"AT3G48520","None","None","None","None","None","None","Down","None","None","Up","Up","Up","None","None","None"
"AT3G48530","None","None","None","None","None","None","None","Up","None","None","None","None","None","None","None"
"AT3G48640","None","None","None","Up","None","None","Up","None","None","None","None","None","None","None","None"
"AT3G48770","None","Down","Down","None","None","None","None","Down","None","None","None","None","Up","None","None"
"AT3G48790","None","None","None","None","Down","None","None","None","None","None","None","None","None","None","None"
"AT3G48940","None","Up","None","None","None","None","None","None","None","None","None","None","None","None","None"
"AT3G48960","None","Down","None","None","None","None","None","None","None","None","None","None","None","None","None"
"AT3G49055","None","None","None","None","None","None","None","Down","None","None","None","None","None","None","None"
"AT3G49110","None","None","Down","None","None","Down","None","Down","Down","None","None","None","Up","None","None"
"AT3G49130","None","None","None","None","None","None","None","None","None","None","None","Up","None","None","None"
"AT3G49160","None","None","None","None","None","Down","None","None","Down","None","None","None","None","None","None"
"AT3G49320","None","None","None","None","Up","None","None","None","None","None","None","None","None","None","None"
"AT3G49570","None","None","None","None","None","None","None","Down","None","None","None","None","None","None","None"
"AT3G49580","None","None","None","None","None","None","Up","Down","None","None","None","None","None","None","None"
"AT3G49620","None","None","Down","Down","None","Down","Down","None","Down","None","None","None","Up","None","None"
"AT3G49630","None","Up","None","None","None","None","None","None","None","None","None","None","None","None","None"
"AT3G49780","None","None","None","None","None","None","None","Up","Down","None","None","None","None","None","None"
"AT3G49790","None","None","None","Down","None","Down","None","Up","Down","None","None","None","None","None","None"
"AT3G49845","None","None","None","None","None","None","Down","None","None","None","None","None","None","None","None"
"AT3G49950","None","None","None","None","None","None","Down","None","None","None","None","None","None","None","None"
"AT3G50040","None","None","None","None","Up","None","None","None","None","None","None","None","None","None","None"
"AT3G50060","None","None","Up","None","None","Down","None","None","None","Down","None","None","None","None","None"
"AT3G50190","None","None","None","None","None","Down","None","None","None","None","None","None","None","None","None"
"AT3G50260","None","None","None","Down","None","None","None","None","Down","None","None","Up","None","None","None"
"AT3G50270","None","None","None","None","None","None","None","Down","None","None","None","None","None","None","None"
"AT3G50300","None","None","None","None","None","None","None","Down","None","None","None","None","None","None","None"
"AT3G50330","None","Up","None","None","None","None","None","None","None","None","None","None","None","None","None"
"AT3G50390","None","None","None","Up","None","None","None","None","None","None","None","None","None","None","None"
"AT3G50400","None","None","Up","None","None","None","None","None","None","None","None","None","None","None","None"
"AT3G50440","None","None","None","None","None","None","None","None","None","Down","None","None","None","None","None"
"AT3G50470","None","None","None","None","None","Down","Up","Up","None","None","None","None","None","None","None"
"AT3G50480","None","None","None","None","None","None","None","None","Down","None","None","None","Up","None","None"
"AT3G50610","None","None","None","None","None","None","None","Down","Up","None","None","None","None","None","None"
"AT3G50760","None","None","None","None","None","None","None","Down","None","None","None","None","None","None","None"
"AT3G50770","None","None","None","Up","None","Up","None","None","None","None","None","None","None","None","None"
"AT3G50800","None","None","Up","None","None","None","None","None","None","None","None","None","None","None","None"
"AT3G50930","None","None","None","None","None","None","None","None","Down","None","None","None","Up","None","None"
"AT3G50970","None","None","Up","None","Up","None","None","None","None","Up","None","Up","None","None","None"
"AT3G50980","None","Up","None","None","None","None","None","None","None","None","None","None","None","None","None"
"AT3G51000","None","None","None","None","None","None","None","Up","None","None","None","None","None","None","None"
"AT3G51070","None","None","None","Up","None","None","Up","Up","Up","None","None","None","Down","None","None"
"AT3G51075","None","None","None","None","None","None","None","Down","None","None","None","None","None","None","None"
"AT3G51180","None","None","None","None","None","None","None","Down","None","None","None","None","None","None","None"
"AT3G51230","None","None","None","None","None","Down","None","None","None","Down","None","None","Down","None","None"
"AT3G51238","None","None","None","None","None","None","None","Down","None","None","None","None","None","None","None"
"AT3G51240","None","None","None","Up","None","Up","None","Down","None","None","None","None","None","None","None"
"AT3G51280","None","None","None","None","None","None","None","None","None","Down","None","None","Down","None","None"
"AT3G51360","None","None","None","None","None","None","None","None","None","None","Up","Up","None","None","None"
"AT3G51642","None","None","None","None","None","Up","None","None","None","None","None","None","None","None","None"
"AT3G51740","None","None","None","None","None","Down","None","None","None","None","None","None","Down","None","None"
"AT3G51750","None","None","Up","Up","None","Up","Up","None","None","None","None","None","None","None","None"
"AT3G51810","None","Up","None","None","None","None","None","None","None","None","None","None","None","None","None"
"AT3G51840","None","None","None","None","None","None","None","Up","None","None","None","None","None","None","None"
"AT3G51860","None","None","None","None","None","Up","None","None","None","None","None","None","None","None","None"
"AT3G51890","None","None","None","None","None","None","None","None","None","None","None","None","Up","None","None"
"AT3G51895","None","None","None","Up","None","Up","None","None","Up","None","None","None","None","None","None"
"AT3G51930","None","None","None","None","None","None","None","None","None","None","None","None","Down","None","None"
"AT3G51970","None","None","None","None","None","None","Down","None","None","None","None","None","None","None","None"
"AT3G52060","None","None","None","None","None","None","None","Up","None","None","None","None","None","None","None"
"AT3G52110","None","None","None","None","None","None","None","None","None","None","None","None","Down","None","None"
"AT3G52115","None","Down","Down","Down","None","Down","None","None","Down","None","None","None","Up","None","None"
"AT3G52310","None","None","None","None","None","None","None","Up","None","Up","None","None","None","None","None"
"AT3G52370","None","None","None","None","None","None","None","Down","None","None","None","None","None","None","None"
"AT3G52400","None","None","None","None","None","Down","Down","None","Down","None","None","None","Up","None","None"
"AT3G52450","None","None","None","None","None","None","Down","None","None","None","Up","None","None","None","None"
"AT3G52520","None","None","None","None","Down","Down","Down","None","Down","None","None","None","None","None","None"
"AT3G52550","None","None","None","Up","None","None","None","None","None","None","None","None","None","None","None"
"AT3G52561","None","Up","None","None","Down","None","None","None","None","None","None","None","None","None","None"
"AT3G52630","None","None","None","None","None","None","None","Down","None","None","None","None","None","None","None"
"AT3G52720","None","None","None","Up","None","None","None","None","Up","None","None","None","None","None","None"
"AT3G52740","None","None","None","None","None","None","None","Down","None","None","None","None","None","None","None"
"AT3G52800","None","None","None","None","None","None","Down","None","None","None","None","None","None","None","None"
"AT3G53200","None","Up","None","None","None","None","None","None","None","None","None","None","None","None","None"
"AT3G53450","None","None","None","None","None","None","None","Up","None","None","None","None","None","None","None"
"AT3G53600","None","None","None","None","None","None","None","None","None","None","Up","Up","None","None","None"
"AT3G53650","None","None","None","None","None","None","None","Down","None","None","None","None","None","None","None"
"AT3G53800","None","None","None","None","Up","None","None","None","None","None","None","None","None","None","None"
"AT3G54150","None","None","None","None","None","Down","None","None","Down","Up","None","None","Up","None","None"
"AT3G54340","None","Up","None","None","None","None","None","None","None","None","None","None","None","None","None"
"AT3G54420","None","None","Up","None","None","None","None","None","None","None","None","None","None","None","None"
"AT3G54430","None","None","None","None","Down","None","None","None","None","Down","None","None","None","None","None"
"AT3G54500","None","None","None","None","None","None","None","Up","None","None","None","None","None","None","None"
"AT3G54510","None","None","None","None","None","None","None","None","None","Up","None","None","None","None","None"
"AT3G54520","None","None","None","None","None","None","None","None","None","None","None","None","Up","None","None"
"AT3G54600","None","None","None","None","None","None","None","Down","Up","Down","None","None","None","None","None"
"AT3G54730","None","Up","None","None","None","None","None","None","None","None","None","None","None","None","None"
"AT3G54940","None","Up","None","Down","Down","Down","None","None","Down","None","None","None","None","None","None"
"AT3G54990","None","None","None","None","None","None","Down","None","None","None","None","None","None","None","None"
"AT3G55060","Up","None","None","None","None","None","None","None","None","None","None","None","None","None","None"
"AT3G55110","None","None","Down","None","None","None","None","None","None","None","None","None","None","None","None"
"AT3G55120","None","None","None","None","None","Up","None","Down","None","None","None","None","None","None","None"
"AT3G55150","None","None","None","None","None","None","None","None","None","None","Up","Up","None","None","None"
"AT3G55240","None","None","None","None","None","None","Up","None","None","None","None","None","None","None","None"
"AT3G55500","None","None","None","None","None","Down","None","None","Down","Up","None","None","None","None","None"
"AT3G55580","None","None","None","None","None","None","Down","None","None","None","None","None","None","None","None"
"AT3G55646","None","None","None","None","None","None","Down","None","None","None","None","None","None","None","None"
"AT3G55660","None","None","None","None","None","None","None","None","None","None","None","None","Down","None","None"
"AT3G55700","None","None","None","None","None","None","None","None","None","None","None","None","Up","None","None"
"AT3G55710","None","Down","None","None","None","None","None","None","None","None","None","None","None","None","None"
"AT3G55840","None","None","None","Down","None","Down","None","None","Down","None","None","None","Up","None","None"
"AT3G55920","Up","None","None","None","None","None","None","None","None","None","None","None","None","None","None"
"AT3G55970","None","None","Up","None","None","None","None","None","None","None","None","None","None","None","None"
"AT3G55980","None","None","Up","Down","Down","Down","Down","None","Down","None","None","None","Up","None","None"
"AT3G56080","None","None","None","None","None","Up","None","None","Up","None","None","None","None","None","None"
"AT3G56100","None","None","None","None","None","None","None","None","Up","Down","None","None","Down","None","None"
"AT3G56220","None","None","None","None","None","None","None","None","None","None","None","None","Down","None","None"
"AT3G56250","None","None","Down","None","None","None","None","None","None","None","None","None","Up","None","None"
"AT3G56260","None","None","Down","None","None","None","Down","Down","None","None","None","None","None","None","None"
"AT3G56330","None","None","None","None","Up","None","None","None","None","None","None","None","None","None","None"
"AT3G56360","None","None","None","None","None","None","None","Up","None","None","None","None","None","None","None"
"AT3G56400","None","None","None","None","None","Down","Up","None","None","None","None","None","Up","None","None"
"AT3G56410","None","None","None","None","None","None","Up","Up","None","None","None","None","None","None","None"
"AT3G56620","None","None","None","None","None","None","None","None","None","Down","None","None","None","None","None"
"AT3G56710","None","None","None","None","None","None","Up","None","None","None","None","None","Up","None","None"
"AT3G56880","None","None","None","None","None","Down","Down","None","Down","None","None","None","Up","None","None"
"AT3G56891","None","None","None","None","None","None","None","None","None","None","None","None","Up","None","None"
"AT3G56920","None","Down","Down","None","None","None","None","Down","Down","None","None","None","Up","None","Down"
"AT3G56970","None","None","None","Up","None","Up","Up","None","Up","None","Down","None","None","None","None"
"AT3G56980","None","None","None","Up","None","None","None","Up","Up","None","Down","Down","None","None","None"
"AT3G57010","None","None","Up","None","None","None","None","None","None","None","None","None","None","None","None"
"AT3G57062","None","None","None","None","None","Up","None","None","None","None","None","None","None","None","None"
"AT3G57130","None","None","None","None","None","None","None","Down","None","None","None","None","None","None","None"
"AT3G57157","None","None","None","None","None","None","None","Down","Up","None","None","None","None","None","None"
"AT3G57160","Up","None","None","None","None","None","None","None","None","None","None","None","None","None","None"
"AT3G57240","None","None","None","None","Up","None","Up","None","None","None","None","None","None","None","None"
"AT3G57260","None","Up","None","Up","Up","None","None","None","Up","None","None","None","None","None","None"
"AT3G57460","None","None","None","Up","None","None","None","None","None","None","None","None","None","None","None"
"AT3G57500","None","None","None","None","None","None","None","None","None","None","None","None","Down","None","None"
"AT3G57520","None","None","None","Down","None","Down","None","None","Down","None","None","None","None","None","None"
"AT3G57740","None","None","None","None","None","Down","None","None","None","None","None","None","None","None","None"
"AT3G57760","None","None","None","None","None","Down","None","None","None","None","None","None","None","None","None"
"AT3G58060","None","Up","None","Up","Up","None","Up","None","Up","None","None","None","None","None","None"
"AT3G58070","None","None","Down","None","None","None","None","Down","None","None","None","None","None","None","None"
"AT3G58270","None","Down","Down","None","None","None","None","None","None","None","None","None","Up","None","None"
"AT3G58450","None","Up","None","None","None","None","None","None","None","None","None","None","None","None","None"
"AT3G58480","None","Up","None","None","None","None","None","None","None","None","None","None","None","None","None"
"AT3G58540","None","None","None","None","None","None","Up","None","Up","None","None","None","None","None","None"
"AT3G58550","None","None","None","None","None","None","Up","None","None","None","None","None","None","None","None"
"AT3G58650","None","None","None","None","None","None","None","None","None","Down","None","None","Down","None","None"
"AT3G58670","Up","None","None","None","None","None","None","None","None","None","None","None","None","None","None"
"AT3G58990","None","None","None","None","None","None","None","Down","Up","Down","None","None","None","None","None"
"AT3G59010","None","Down","None","None","None","None","None","Down","None","None","None","None","None","None","None"
"AT3G59080","None","None","Up","None","None","Down","None","None","None","None","None","None","None","None","None"
"AT3G59190","Up","None","None","None","None","None","None","Down","None","None","None","None","None","None","None"
"AT3G59220","None","None","Up","None","None","None","None","None","None","None","None","None","None","None","None"
"AT3G59270","None","None","None","None","None","None","None","None","Up","None","None","None","None","None","None"
"AT3G59330","Up","None","None","None","None","None","None","None","None","None","None","None","None","None","None"
"AT3G59350","None","None","None","None","None","Down","Down","None","Down","None","None","None","None","None","None"
"AT3G59370","None","None","None","None","None","None","None","None","None","None","Down","Down","None","None","None"
"AT3G59450","None","None","None","None","None","None","None","None","None","None","None","None","Up","None","None"
"AT3G59480","None","None","None","Down","None","Down","None","None","Down","None","None","None","None","None","None"
"AT3G59750","None","None","None","None","None","None","None","Down","None","None","None","None","None","None","None"
"AT3G59765","None","None","Up","None","None","None","None","None","None","None","None","None","Down","None","None"
"AT3G59820","None","None","None","None","Up","None","None","None","None","None","None","None","None","None","None"
"AT3G59830","None","None","None","None","None","None","None","None","Up","None","None","None","Down","None","None"
"AT3G59880","None","None","None","None","None","None","None","Up","None","Up","None","None","None","None","None"
"AT3G59900","None","None","None","None","Up","None","None","Up","None","Up","None","None","None","None","None"
"AT3G59930","None","None","None","None","Down","None","Down","None","None","None","Up","None","None","None","None"
"AT3G59940","None","None","None","None","None","None","None","None","None","Down","None","None","None","None","None"
"AT3G60160","None","Down","Down","None","None","None","None","None","None","None","None","None","None","None","None"
"AT3G60290","None","None","None","None","None","Down","None","None","None","None","None","None","None","None","None"
"AT3G60415","None","Down","None","None","None","None","None","None","None","None","None","None","Up","None","None"
"AT3G60420","None","Up","None","None","None","None","None","None","None","None","None","None","None","None","None"
"AT3G60470","None","None","None","Up","Up","None","Up","None","None","None","None","None","None","None","None"
"AT3G60490","None","None","None","None","None","None","None","Up","None","None","None","None","None","None","None"
"AT3G60530","None","None","None","None","None","None","None","Up","None","None","None","None","None","None","None"
"AT3G60540","None","None","Up","None","Up","None","None","None","None","None","None","None","None","None","None"
"AT3G60840","None","None","None","None","None","None","None","None","Up","None","None","None","None","None","None"
"AT3G60966","None","None","None","Up","None","None","None","None","None","None","None","None","None","None","None"
"AT3G60970","None","Down","None","None","None","None","None","None","None","None","None","None","None","None","None"
"AT3G61060","None","None","None","Down","None","Down","None","Up","Down","None","None","None","None","None","None"
"AT3G61090","None","Down","Down","None","None","None","None","Down","Down","None","None","None","Up","None","None"
"AT3G61190","None","None","Up","None","None","Down","None","None","None","None","None","Up","None","None","None"
"AT3G61198","None","None","None","None","None","None","None","Up","None","None","None","None","None","None","None"
"AT3G61390","None","None","None","Down","None","None","None","None","Down","None","Up","Up","None","None","None"
"AT3G61400","None","None","None","None","None","None","None","Down","None","Down","None","None","None","None","None"
"AT3G61410","None","None","None","None","None","None","None","None","Up","None","None","None","None","None","None"
"AT3G61510","None","Up","None","None","None","None","None","None","None","None","None","None","None","None","None"
"AT3G61750","None","None","None","None","None","None","None","Down","None","None","None","None","None","None","None"
"AT3G61760","Up","None","None","None","None","None","None","None","None","None","None","None","None","None","None"
"AT3G61820","None","None","None","None","None","None","None","Down","Up","None","None","None","None","None","None"
"AT3G61880","None","None","None","None","None","Up","None","None","None","None","None","None","None","None","None"
"AT3G61890","None","None","None","Up","None","Up","None","Up","None","Up","None","None","None","None","None"
"AT3G61920","None","None","None","None","None","None","None","Down","None","None","None","None","None","None","None"
"AT3G61930","None","Up","None","Up","None","None","None","None","Up","None","None","None","None","None","None"
"AT3G61950","None","None","None","None","None","None","None","Down","None","None","None","None","None","None","None"
"AT3G62070","None","None","None","None","None","None","Up","None","None","None","None","None","None","None","None"
"AT3G62100","None","None","None","None","Up","None","Up","Up","None","None","None","None","None","None","None"
"AT3G62150","None","None","None","None","None","Down","None","None","Down","None","None","None","None","None","None"
"AT3G62210","None","None","None","None","None","None","Down","None","None","None","None","None","None","None","None"
"AT3G62550","None","None","None","None","Up","None","None","None","None","Down","None","None","None","None","None"
"AT3G62690","None","None","None","None","None","None","None","Down","None","None","None","None","None","None","None"
"AT3G62740","None","None","Up","None","None","None","None","None","None","None","None","None","None","None","None"
"AT3G62760","None","None","None","Down","None","None","None","None","None","None","None","None","None","None","None"
"AT3G62780","None","None","None","None","None","None","Up","None","None","None","None","None","None","None","None"
"AT3G62930","None","None","None","None","None","None","Down","None","None","None","None","None","None","None","None"
"AT3G62950","None","None","None","Down","Down","Down","Down","None","Down","Down","None","None","None","None","None"
"AT3G62990","None","Up","None","None","None","None","None","None","None","None","None","None","None","None","None"
"AT3G63050","None","None","None","None","None","None","Down","Down","None","None","None","None","None","None","None"
"AT3G63110","None","None","None","None","None","None","None","Down","None","None","None","None","None","None","None"
"AT3G63160","None","None","None","None","None","None","None","Down","None","None","None","None","None","None","None"
"AT3G63380","None","None","None","None","None","None","None","None","None","Up","None","None","Up","None","None"
"AT4G00165","None","None","None","None","None","None","None","Down","None","None","None","None","None","None","None"
"AT4G00305","None","None","None","None","None","None","None","None","None","None","None","None","Up","None","None"
"AT4G00670","None","None","Down","None","Down","None","None","None","None","None","None","None","None","None","None"
"AT4G00870","None","None","None","None","None","None","Down","Down","None","None","None","None","None","None","None"
"AT4G00880","None","None","None","None","None","None","None","Down","None","None","None","None","None","None","None"
"AT4G00960","None","None","None","None","Down","None","None","None","None","None","None","None","None","None","None"
"AT4G00970","None","None","None","None","None","None","None","None","None","None","None","None","Up","None","None"
"AT4G01010","None","None","None","None","None","None","None","None","None","Up","None","None","Up","None","None"
"AT4G01060","None","None","None","Up","None","Up","None","None","None","None","None","None","None","None","None"
"AT4G01080","None","None","None","None","None","None","None","Down","None","None","None","None","None","None","None"
"AT4G01250","None","None","Up","Down","None","Down","Down","None","Down","None","None","None","None","None","None"
"AT4G01330","None","None","None","None","None","None","None","Up","None","None","None","None","None","None","None"
"AT4G01335","None","None","None","None","None","None","None","Up","None","None","None","None","None","None","None"
"AT4G01360","None","None","None","None","None","None","None","None","None","None","None","Up","None","None","None"
"AT4G01390","None","None","None","None","None","None","Up","Down","None","Down","None","None","None","None","None"
"AT4G01500","None","None","None","None","None","None","Down","Down","None","None","None","None","None","None","None"
"AT4G01630","None","Up","Up","None","None","None","None","Down","None","None","None","None","None","None","None"
"AT4G01670","None","None","None","None","Up","None","None","None","None","None","None","None","None","None","None"
"AT4G01730","Up","None","None","None","None","Down","None","None","None","None","None","None","None","None","None"
"AT4G01870","None","None","None","None","None","None","None","None","Down","Up","None","None","None","None","None"
"AT4G01950","None","None","Up","None","None","None","None","None","None","None","None","None","None","None","None"
"AT4G01970","None","None","None","None","None","None","None","None","None","Down","None","None","None","None","None"
"AT4G01985","None","None","Up","None","None","None","Up","None","None","None","None","None","None","None","None"
"AT4G02110","None","Down","Down","None","None","None","None","None","Down","None","None","None","Up","None","None"
"AT4G02140","None","None","None","None","Down","Down","Down","Down","None","None","None","None","None","None","None"
"AT4G02330","None","None","Up","Up","None","None","None","None","None","None","None","None","None","None","None"
"AT4G02360","None","None","None","None","None","None","Down","None","None","None","None","None","None","None","None"
"AT4G02380","None","None","None","None","None","None","None","Up","None","None","None","Up","None","None","None"
"AT4G02390","None","Down","Down","Down","None","None","None","None","Down","None","None","None","Up","None","None"
"AT4G02520","None","None","None","None","None","None","None","None","Down","None","None","None","None","None","None"
"AT4G02630","None","None","None","None","None","None","None","None","Up","None","None","None","None","None","None"
"AT4G02670","None","None","None","None","None","None","None","None","Down","None","None","None","Up","None","None"
"AT4G02720","None","Up","None","None","None","None","None","None","None","None","None","None","None","None","None"
"AT4G02800","None","None","None","None","None","Down","None","None","None","None","None","None","Down","None","None"
"AT4G02810","None","None","None","Up","None","Up","None","None","Up","None","None","None","None","None","None"
"AT4G02850","None","None","None","None","None","None","None","Down","Up","Down","None","None","None","None","None"
"AT4G03070","None","None","None","None","None","None","None","Down","None","None","None","None","None","None","None"
"AT4G03100","None","None","None","None","None","None","None","None","Up","Down","None","None","Down","None","None"
"AT4G03292","None","None","None","None","None","None","None","Down","None","None","None","None","None","None","None"
"AT4G03330","None","None","None","None","Down","None","None","None","None","None","None","None","None","None","None"
"AT4G03400","None","None","None","None","None","None","None","Down","None","None","None","None","None","None","None"
"AT4G03450","None","None","None","Up","Up","None","Up","None","None","None","None","None","None","None","None"
"AT4G03460","None","None","None","None","None","None","None","None","None","None","Up","Up","None","None","None"
"AT4G03510","None","None","None","Down","None","Down","None","Up","Down","None","None","None","None","None","None"
"AT4G03540","None","None","None","None","None","None","None","Down","None","None","None","None","None","None","None"
"AT4G03610","Up","None","None","None","None","None","None","None","None","None","None","None","None","None","None"
"AT4G03905","None","None","None","None","None","None","None","Down","None","None","None","None","None","None","None"
"AT4G03925","None","None","None","Up","None","None","None","None","None","None","None","None","None","None","None"
"AT4G04020","None","None","None","None","None","None","None","Down","None","None","None","None","None","None","None"
"AT4G04075","None","None","None","None","None","None","None","None","Down","None","None","None","Up","None","None"
"AT4G04223","None","Up","None","None","None","None","None","None","None","None","None","None","None","None","None"
"AT4G04260","None","Up","None","None","None","None","None","None","None","None","None","None","None","None","None"
"AT4G04450","None","None","None","None","None","None","None","Down","None","None","None","None","None","None","None"
"AT4G04490","None","None","None","Up","None","None","None","None","None","None","None","None","None","None","None"
"AT4G04500","None","None","None","Up","Up","None","Up","None","Up","None","None","None","None","None","None"
"AT4G04540","None","Down","None","Up","None","None","None","None","None","None","None","None","None","None","None"
"AT4G04610","None","None","None","None","None","None","None","Down","Up","None","None","None","None","None","None"
"AT4G04630","None","None","Up","None","None","None","Up","Up","None","None","None","None","None","None","None"
"AT4G04695","None","None","None","None","None","None","Up","None","None","None","None","None","None","None","None"
"AT4G04745","None","None","None","Up","None","Up","None","None","Up","None","None","Up","None","None","None"
"AT4G04750","None","None","None","Up","None","Up","Up","Down","Up","Down","None","None","None","None","None"
"AT4G04760","None","None","None","None","None","None","None","None","Up","None","None","None","None","None","None"
"AT4G04810","None","None","None","None","None","None","Up","None","None","None","None","None","None","None","None"
"AT4G04990","None","None","None","Down","None","None","None","None","None","None","None","None","None","None","None"
"AT4G05095","None","Up","None","None","None","None","None","None","None","None","None","None","None","None","None"
"AT4G05100","None","None","None","None","None","None","None","None","None","None","None","Up","None","None","None"
"AT4G05110","None","None","None","None","None","None","None","None","None","Down","None","None","None","None","None"
"AT4G05170","None","None","None","None","None","None","Up","None","Up","None","None","None","None","None","None"
"AT4G05190","None","None","None","None","None","None","None","None","None","None","None","None","Down","None","None"
"AT4G05380","None","Down","Down","None","None","None","None","Down","Down","None","None","None","Up","None","None"
"AT4G05520","Up","None","None","None","None","None","None","None","None","None","None","None","None","None","None"
"AT4G05775","None","None","None","None","None","None","None","Down","None","Down","None","None","None","None","None"
"AT4G06195","None","None","None","Up","None","None","None","None","Up","None","None","None","None","None","None"
"AT4G06235","None","None","None","Up","None","None","None","None","None","None","None","None","None","None","None"
"AT4G06340","None","None","None","Up","None","None","None","None","None","None","None","None","None","None","None"
"AT4G06410","None","None","None","None","None","None","None","Up","None","None","None","None","None","None","None"
"AT4G06685","None","Down","None","None","None","None","None","None","None","None","None","None","Up","None","None"
"AT4G06695","None","None","None","None","None","None","None","Down","None","None","None","None","None","None","None"
"AT4G06705","None","None","None","None","None","None","None","None","None","None","None","None","Down","None","None"
"AT4G06746","None","None","None","None","None","Down","None","None","Down","None","None","None","None","None","None"
"AT4G06770","None","None","None","None","None","None","Up","None","None","None","None","None","None","None","None"
"AT4G06810","None","None","None","None","None","None","None","Down","None","None","None","None","None","None","None"
"AT4G06870","None","None","None","None","None","None","None","None","Up","None","None","None","Down","None","None"
"AT4G06880","None","None","None","None","None","None","None","Down","None","None","None","None","None","None","None"
"AT4G07815","None","None","None","None","None","None","None","Down","None","None","None","None","None","None","None"
"AT4G07820","None","None","None","Down","None","None","None","None","Down","None","None","None","None","None","None"
"AT4G07995","None","None","None","None","Up","Up","Up","None","None","None","None","None","None","None","None"
"AT4G08015","Down","None","None","None","None","None","None","None","None","None","None","Down","None","None","None"
"AT4G08040","None","None","None","Down","Down","Down","Down","None","Down","None","None","None","Up","None","None"
"AT4G08290","None","None","None","None","None","None","None","Up","None","None","None","None","None","None","None"
"AT4G08360","None","Up","None","None","None","None","None","None","None","None","None","None","None","None","None"
"AT4G08555","None","None","None","None","None","None","None","None","None","Up","None","None","None","None","None"
"AT4G08570","None","None","None","Up","None","Up","Up","None","Up","None","None","None","None","None","None"
"AT4G08795","None","None","Down","None","None","None","None","None","None","None","None","None","None","None","None"
"AT4G08950","None","Down","None","None","None","Down","None","None","Down","None","None","None","Up","None","None"
"AT4G09060","Up","None","None","None","None","None","None","None","None","Down","None","None","None","None","None"
"AT4G09110","None","Up","None","None","None","None","Up","None","None","None","None","None","None","None","None"
"AT4G09225","None","Down","None","None","None","None","None","None","None","None","None","None","None","None","None"
"AT4G09240","None","None","None","None","None","None","None","None","None","None","None","None","Down","None","None"
"AT4G09250","None","Down","None","None","None","None","None","None","None","None","None","None","Down","None","None"
"AT4G09300","None","None","Down","None","None","None","None","None","None","None","None","None","None","None","None"
"AT4G09350","None","None","None","None","None","None","None","Down","None","None","None","None","None","None","None"
"AT4G09375","None","None","Up","None","None","None","None","Up","None","None","None","None","None","None","None"
"AT4G09500","None","None","None","Up","None","Up","None","None","Up","None","None","None","None","None","None"
"AT4G09600","None","Up","None","None","None","None","None","None","None","None","None","None","None","None","None"
"AT4G09715","None","Down","None","None","None","None","None","None","None","None","None","None","None","None","None"
"AT4G09760","None","None","None","None","None","None","Up","None","None","None","None","None","None","None","None"
"AT4G09815","None","Down","None","None","None","None","None","None","None","None","None","None","None","None","None"
"AT4G09820","None","None","None","None","None","None","None","Down","None","Down","None","None","None","None","None"
"AT4G09920","None","None","None","Up","None","None","None","Down","Up","None","None","None","None","None","None"
"AT4G10020","None","None","None","None","None","Down","None","None","None","None","None","None","None","None","None"
"AT4G10120","None","None","None","None","None","None","None","Down","None","Down","None","None","None","None","None"
"AT4G10150","None","None","None","Up","None","None","None","None","None","None","None","None","None","None","None"
"AT4G10160","None","Up","None","None","None","None","None","None","None","None","None","None","None","None","None"
"AT4G10390","None","None","None","None","None","None","Down","Down","None","None","None","None","None","None","None"
"AT4G10500","None","None","Up","Up","Up","None","Up","Up","None","None","None","None","None","None","None"
"AT4G10510","None","Up","None","None","None","None","None","None","None","None","None","None","None","None","None"
"AT4G10560","None","None","None","None","None","None","Up","None","None","None","None","None","None","None","None"
"AT4G10630","Up","None","None","None","None","None","None","None","None","None","None","None","None","None","None"
"AT4G10640","Up","Up","None","None","None","None","None","None","None","None","None","None","None","None","None"
"AT4G10770","None","None","None","None","None","None","None","None","None","Down","None","None","None","None","None"
"AT4G10843","Up","None","None","None","None","None","None","None","None","None","None","None","None","None","None"
"AT4G10910","None","None","None","Down","None","None","None","None","None","None","None","None","None","None","None"
"AT4G10925","None","None","None","None","None","None","None","Up","None","None","None","None","None","None","None"
"AT4G10960","None","None","None","None","None","None","None","None","None","Up","None","None","None","None","None"
"AT4G11000","None","None","None","None","None","None","None","None","None","None","None","None","Up","None","None"
"AT4G11040","None","Up","None","None","None","None","None","None","None","None","None","None","None","None","None"
"AT4G11080","Up","None","None","None","None","None","None","None","None","None","None","None","None","None","None"
"AT4G11170","None","None","None","None","None","None","None","None","None","None","None","None","Up","None","None"
"AT4G11190","None","None","Up","None","None","None","None","Down","Up","None","None","None","None","None","None"
"AT4G11210","None","None","None","None","None","None","None","None","Up","None","None","None","None","None","None"
"AT4G11280","None","None","Up","None","None","None","None","None","None","None","None","None","Up","None","None"
"AT4G11310","None","Up","None","None","None","None","None","None","None","None","None","None","None","None","None"
"AT4G11393","None","Up","None","None","None","None","None","None","None","None","Up","Up","None","None","None"
"AT4G11400","None","None","None","None","None","None","None","Down","None","None","None","None","None","None","None"
"AT4G11460","None","None","None","None","None","None","None","Down","None","None","None","None","None","None","None"
"AT4G11543","None","Down","None","None","None","None","None","None","None","None","None","None","None","None","None"
"AT4G11550","Up","None","None","None","None","None","None","None","None","None","None","None","None","None","None"
"AT4G11690","None","None","None","None","Up","None","Up","None","None","None","None","None","None","None","None"
"AT4G11720","Up","None","None","None","None","Down","Down","None","None","None","Down","None","None","None","None"
"AT4G11890","None","None","None","Up","Up","None","Up","None","None","Up","None","None","Up","None","None"
"AT4G11900","None","None","None","None","None","None","Up","None","None","None","None","None","None","None","None"
"AT4G12005","None","None","Up","None","None","None","None","None","None","None","None","None","None","None","None"
"AT4G12030","None","None","None","None","None","None","None","Down","Up","Down","None","None","None","None","None"
"AT4G12290","None","None","None","None","None","None","None","Down","None","None","None","None","None","None","None"
"AT4G12310","None","None","None","None","None","None","None","Down","None","None","None","None","None","None","None"
"AT4G12320","None","None","None","None","None","None","None","Down","None","None","None","None","None","None","None"
"AT4G12382","None","None","None","None","Up","None","Up","None","None","None","None","None","None","None","None"
"AT4G12400","None","None","None","None","None","None","Down","None","None","None","None","None","None","None","None"
"AT4G12440","None","None","None","None","None","Up","None","Down","Up","Down","None","None","None","None","None"
"AT4G12480","None","None","None","None","None","None","Up","Down","None","None","None","None","None","None","None"
"AT4G12495","None","None","None","Up","None","None","Up","None","None","None","None","None","None","None","None"
"AT4G12500","None","None","None","None","None","None","None","Down","None","None","None","None","None","None","None"
"AT4G12580","None","None","None","Up","None","None","None","None","None","None","None","None","None","None","None"
"AT4G12720","None","None","None","None","None","None","None","None","Down","None","None","None","Up","None","None"
"AT4G12735","None","None","None","None","None","None","None","None","None","None","None","Up","None","None","None"
"AT4G12740","Up","None","None","None","None","None","None","None","None","None","None","None","None","None","None"
"AT4G12830","None","None","None","None","None","None","None","Down","None","None","None","None","None","None","None"
"AT4G12880","None","None","None","None","None","None","None","None","Up","None","None","None","None","None","None"
"AT4G12900","None","None","None","None","Up","None","Up","None","None","None","None","None","None","None","None"
"AT4G12980","None","None","None","None","None","None","None","None","Up","None","None","None","None","None","None"
"AT4G13130","None","None","None","None","None","None","None","None","None","None","None","Up","None","None","None"
"AT4G13160","None","None","None","None","None","None","None","Up","None","None","None","None","None","None","None"
"AT4G13300","None","None","None","Down","None","None","None","None","Down","None","None","None","None","None","None"
"AT4G13310","None","None","None","Down","None","None","None","Up","Down","None","None","None","None","None","None"
"AT4G13370","None","Down","Down","Down","Down","Down","Down","None","Down","None","None","None","Up","None","None"
"AT4G13395","None","None","None","Down","None","Down","Down","None","Down","None","Up","Up","Up","None","None"
"AT4G13410","None","None","None","None","None","None","Down","Down","None","None","None","None","None","None","None"
"AT4G13420","None","Down","None","None","None","None","None","None","None","None","None","None","None","None","None"
"AT4G13480","None","Down","None","None","None","None","None","None","None","None","None","None","Up","None","None"
"AT4G13572","None","None","None","None","None","None","None","None","Up","None","None","None","None","None","None"
"AT4G13575","None","None","None","None","None","None","Up","None","None","None","None","None","None","None","None"
"AT4G13577","None","Up","None","None","None","Up","Up","None","None","None","None","None","None","None","None"
"AT4G13770","None","None","None","Up","None","None","None","Down","Up","Down","None","None","None","None","None"
"AT4G13800","None","None","None","Up","None","Up","None","Down","Up","None","None","None","None","None","None"
"AT4G13810","None","None","None","None","None","None","None","Down","None","None","None","None","None","None","None"
"AT4G13820","None","None","None","Up","None","None","None","None","None","None","None","None","None","None","None"
"AT4G13920","None","None","None","None","None","None","None","None","None","Up","None","None","None","None","None"
"AT4G13990","None","None","None","None","None","None","None","Down","None","None","None","None","None","None","None"
"AT4G14060","None","None","None","None","None","None","Up","None","None","None","None","None","None","None","None"
"AT4G14090","None","None","None","None","None","None","None","Down","Up","Down","None","None","None","None","None"
"AT4G14120","None","None","None","None","None","None","None","Down","None","None","None","None","None","None","None"
"AT4G14130","None","None","None","None","None","None","None","Up","None","None","None","None","None","None","None"
"AT4G14150","Up","None","None","None","None","None","None","None","None","None","None","None","None","None","None"
"AT4G14330","Up","None","None","None","Down","Down","None","None","None","Down","None","None","None","None","None"
"AT4G14365","None","None","None","Up","None","None","None","None","None","None","None","None","Up","None","None"
"AT4G14370","None","None","None","None","None","None","None","None","None","Up","Up","Up","None","None","None"
"AT4G14390","None","None","None","None","Up","None","Up","None","Up","None","None","None","None","None","None"
"AT4G14400","None","None","None","None","None","None","Up","None","None","None","None","None","None","None","None"
"AT4G14450","None","None","None","None","None","None","None","None","None","None","None","None","Up","None","None"
"AT4G14490","Up","None","None","None","None","None","None","None","None","None","None","None","None","None","None"
"AT4G14530","None","Down","None","None","None","None","None","None","None","None","None","None","Up","None","None"
"AT4G14550","None","None","None","None","None","None","None","None","Up","None","None","None","None","None","None"
"AT4G14630","None","None","None","None","None","None","None","Down","Down","None","Up","None","Up","None","None"
"AT4G14680","None","None","None","None","None","None","None","Down","None","None","None","None","None","None","None"
"AT4G14690","None","None","None","None","None","None","None","Down","None","None","None","None","None","None","None"
"AT4G14700","None","None","None","None","None","None","None","Down","None","None","None","None","None","None","None"
"AT4G14746","None","None","None","None","None","None","Down","None","None","None","None","None","None","None","None"
"AT4G14819","None","None","None","Up","None","None","Up","None","Up","None","None","None","Down","None","None"
"AT4G14970","None","None","None","None","None","None","None","Down","None","None","None","None","None","None","None"
"AT4G15070","Up","None","None","None","None","None","None","None","None","None","None","None","None","None","None"
"AT4G15210","None","Down","Up","None","None","None","None","None","None","None","None","None","None","None","None"
"AT4G15236","None","None","None","None","None","Down","None","None","None","None","None","None","None","None","None"
"AT4G15248","None","None","None","None","None","None","None","Down","None","Up","None","None","None","None","None"
"AT4G15260","None","None","None","None","None","Down","None","Up","None","None","None","None","None","None","None"
"AT4G15270","None","None","None","None","None","None","None","None","None","None","None","Up","None","None","None"
"AT4G15280","None","None","None","None","None","None","Down","None","None","None","None","None","None","None","None"
"AT4G15320","None","None","None","None","None","None","None","None","None","Down","None","None","None","None","None"
"AT4G15370","None","None","Down","None","None","None","None","None","None","None","None","None","Up","None","None"
"AT4G15390","None","None","None","None","None","None","Up","None","None","None","None","None","None","None","None"
"AT4G15393","None","None","Down","None","None","None","None","Down","None","Down","None","None","None","None","None"
"AT4G15396","None","None","None","None","None","Down","None","None","None","None","Up","None","None","None","None"
"AT4G15440","None","None","None","None","None","None","Down","None","None","None","None","None","None","None","None"
"AT4G15480","None","None","None","Up","None","Up","None","Down","None","None","None","None","None","None","None"
"AT4G15490","None","None","None","None","None","None","None","None","None","Up","None","None","None","None","None"
"AT4G15530","None","None","None","None","None","None","None","Up","None","None","None","None","None","None","None"
"AT4G15610","None","None","None","None","None","None","None","None","Down","None","None","None","None","None","None"
"AT4G15620","None","None","None","None","None","None","Up","None","Up","Down","None","None","None","None","None"
"AT4G15660","None","None","None","None","None","None","Down","None","None","Up","None","None","None","None","None"
"AT4G15670","None","None","Up","None","None","Down","Down","None","None","None","None","None","None","None","None"
"AT4G15680","None","None","Up","None","None","None","None","None","None","None","None","None","None","None","None"
"AT4G15690","None","None","Up","None","None","Down","None","Up","None","None","None","None","None","None","None"
"AT4G15700","None","None","None","None","None","Down","None","None","None","None","None","None","None","None","None"
"AT4G15710","None","None","None","None","None","None","Down","None","None","None","None","None","None","None","None"
"AT4G15720","None","None","None","None","None","None","None","Down","None","None","None","None","None","None","None"
"AT4G15760","None","None","None","None","None","None","None","Up","None","None","None","None","None","None","None"
"AT4G15830","None","None","None","None","None","None","None","None","None","Down","None","None","Down","None","None"
"AT4G15890","Down","None","None","None","None","None","None","None","None","None","None","None","None","None","None"
"AT4G15975","None","None","None","None","None","Down","None","None","Down","None","None","None","Up","None","None"
"AT4G15990","None","None","None","Down","None","None","None","Up","None","None","None","None","None","None","None"
"AT4G16000","None","None","None","Down","None","None","None","Up","None","None","None","None","None","None","None"
"AT4G16008","None","None","None","None","None","None","None","Up","None","None","None","None","None","None","None"
"AT4G16146","None","None","None","None","Up","None","None","None","None","None","None","None","None","None","None"
"AT4G16160","None","Up","Down","Down","None","None","Down","None","Down","None","None","None","None","None","None"
"AT4G16230","None","None","None","Down","None","Down","None","Down","None","None","None","None","None","None","None"
"AT4G16250","Up","None","None","None","None","None","None","None","None","None","None","None","None","None","None"
"AT4G16370","None","None","None","None","None","None","None","None","Up","None","None","None","None","None","None"
"AT4G16520","None","None","None","None","None","None","None","Up","None","None","None","None","None","None","None"
"AT4G16590","None","None","None","Up","None","None","None","None","None","None","None","None","None","None","None"
"AT4G16600","None","None","None","None","None","None","Down","None","None","None","None","None","None","None","None"
"AT4G16610","None","Down","None","None","None","None","None","None","None","None","None","None","Up","None","None"
"AT4G16680","None","None","None","None","None","None","None","Up","None","None","None","None","None","None","None"
"AT4G16780","None","None","Up","None","Up","None","Up","None","None","Up","None","None","None","None","None"
"AT4G16880","None","None","None","None","None","None","None","Down","None","None","None","None","None","None","None"
"AT4G16892","None","None","Down","None","None","Down","None","None","Down","None","None","None","None","None","None"
"AT4G16940","Up","None","None","None","None","None","None","None","None","None","None","None","None","None","None"
"AT4G17000","Up","None","None","None","Down","Down","None","None","None","None","None","None","None","None","None"
"AT4G17030","None","None","None","None","None","None","None","None","Up","None","None","None","None","None","None"
"AT4G17098","None","None","None","None","Down","None","Down","None","None","None","None","None","None","None","None"
"AT4G17160","None","None","None","None","None","None","None","Down","None","None","None","None","None","None","None"
"AT4G17230","None","None","None","None","None","None","None","None","Down","None","None","None","None","None","None"
"AT4G17245","None","None","None","None","None","Down","None","None","None","None","None","None","None","None","None"
"AT4G17250","None","None","None","None","None","Down","None","None","None","None","None","None","None","None","None"
"AT4G17380","None","None","None","None","None","None","None","Down","None","None","None","None","None","None","None"
"AT4G17460","None","None","Up","None","None","None","None","None","None","None","None","None","None","None","None"
"AT4G17470","None","None","None","None","None","None","None","Down","None","None","None","None","None","None","None"
"AT4G17480","Up","None","None","None","None","None","None","None","Up","None","None","None","None","None","None"
"AT4G17490","None","None","None","Down","None","Down","None","None","Down","None","None","None","Up","None","None"
"AT4G17500","None","None","None","Down","None","Down","Down","None","Down","None","None","None","Up","None","None"
"AT4G17660","None","None","None","None","None","None","Up","None","None","None","None","None","None","None","None"
"AT4G17670","None","None","None","Up","None","None","None","Down","None","None","None","None","None","None","None"
"AT4G17680","None","None","None","None","None","Up","None","None","Up","None","None","None","None","None","None"
"AT4G17710","None","Down","Down","None","None","None","None","None","None","None","None","None","Up","None","None"
"AT4G17760","None","None","None","None","None","None","None","Down","None","None","None","None","None","None","None"
"AT4G17770","None","None","None","None","None","Up","None","None","Up","None","None","None","None","None","None"
"AT4G17785","None","None","None","None","None","None","None","None","Down","None","None","None","None","None","None"
"AT4G17905","None","None","None","None","None","None","None","None","None","None","None","None","Up","None","None"
"AT4G18010","None","None","None","None","None","None","Down","None","None","None","None","None","None","None","None"
"AT4G18170","None","None","None","None","None","None","None","None","None","None","Up","Up","None","None","None"
"AT4G18195","None","None","None","None","None","Down","None","None","Down","None","None","None","Up","None","None"
"AT4G18197","None","None","None","None","None","Down","None","None","Down","None","None","None","None","None","None"
"AT4G18205","None","None","None","None","None","Down","None","None","Down","None","None","None","None","None","None"
"AT4G18250","None","None","None","None","None","None","None","Down","None","None","None","None","Up","None","None"
"AT4G18253","None","None","None","None","None","Down","None","None","None","None","None","None","Up","None","None"
"AT4G18280","None","None","Up","None","None","None","None","Up","None","Up","None","None","None","None","None"
"AT4G18340","None","None","None","None","None","Down","None","None","None","None","None","None","None","None","None"
"AT4G18440","None","None","None","None","Up","None","None","Down","None","None","None","None","None","None","None"
"AT4G18470","None","None","None","None","None","None","None","Down","None","None","None","None","None","None","None"
"AT4G18501","None","None","None","None","None","None","None","None","None","None","None","None","Down","None","None"
"AT4G18510","None","None","None","None","None","None","None","Up","None","None","None","None","None","None","None"
"AT4G18520","None","None","None","None","Up","None","None","None","None","None","None","None","None","None","None"
"AT4G18630","None","None","None","Up","None","None","None","None","Up","None","None","None","None","None","None"
"AT4G18650","None","Up","None","None","None","None","None","None","None","None","None","None","None","None","None"
"AT4G18750","None","None","None","None","None","None","None","Down","None","None","None","None","None","None","None"
"AT4G18830","None","None","None","Up","None","None","None","None","None","None","None","None","None","None","None"
"AT4G18880","None","None","None","None","None","None","None","None","None","None","None","None","Up","None","None"
"AT4G18970","None","None","None","None","None","None","None","None","Up","None","None","None","None","None","None"
"AT4G18980","None","None","None","None","None","None","None","None","None","None","None","Up","None","None","None"
"AT4G19130","None","Down","Down","Down","None","None","None","None","Down","None","None","None","Up","None","None"
"AT4G19160","None","None","None","None","None","None","None","Up","None","None","None","None","None","None","None"
"AT4G19170","None","None","None","None","None","Up","Up","None","None","None","None","None","None","None","None"
"AT4G19370","None","None","None","None","None","None","None","None","None","Up","None","None","None","None","None"
"AT4G19430","None","Down","None","None","None","None","None","None","None","None","None","None","None","None","None"
"AT4G19520","None","None","None","None","None","Down","None","None","None","None","None","None","None","None","None"
"AT4G19570","None","Down","None","None","None","None","None","None","None","None","None","None","Up","None","None"
"AT4G19590","None","None","None","None","None","None","None","Down","None","None","None","None","None","None","None"
"AT4G19690","None","None","None","Up","None","None","None","None","Up","None","None","None","Down","None","None"
"AT4G19865","Up","None","None","None","None","None","None","None","None","None","None","None","None","None","None"
"AT4G19975","None","None","None","None","None","Up","None","Down","None","None","None","None","None","None","None"
"AT4G20000","None","None","None","None","None","None","None","None","None","None","None","Up","None","None","None"
"AT4G20240","None","None","None","None","None","None","None","Down","None","None","None","None","None","None","None"
"AT4G20362","None","None","None","Up","None","None","None","None","None","None","None","None","None","None","None"
"AT4G20820","None","None","None","None","None","None","Up","None","None","None","None","None","None","None","None"
"AT4G20830","None","None","None","None","None","None","None","None","Down","None","None","None","None","None","None"
"AT4G20860","None","None","None","None","None","None","Down","None","None","None","None","None","None","None","None"
"AT4G20920","None","None","None","None","None","None","None","None","Down","None","None","None","None","None","None"
"AT4G20970","None","None","Up","None","Up","None","None","None","None","None","None","None","Down","None","None"
"AT4G21070","None","Down","Down","Down","None","Down","None","None","Down","None","None","None","Up","None","None"
"AT4G21120","None","None","None","None","None","None","None","None","None","None","Up","Up","None","None","None"
"AT4G21270","None","None","None","None","None","None","None","None","Up","None","None","None","None","None","None"
"AT4G21380","None","None","None","Up","Up","None","Up","None","None","None","None","None","None","None","None"
"AT4G21410","None","None","None","None","None","Down","None","None","None","None","None","None","None","None","None"
"AT4G21440","None","None","Up","Up","None","None","None","Up","None","None","None","Up","None","None","None"
"AT4G21480","Up","None","None","None","None","None","None","None","None","None","None","None","None","None","None"
"AT4G21490","None","Up","None","None","None","None","None","None","None","None","None","None","None","None","None"
"AT4G21500","None","None","None","None","None","None","None","Up","None","None","None","None","None","None","None"
"AT4G21600","None","None","None","None","None","None","Down","None","None","None","None","None","None","None","None"
"AT4G21680","None","None","None","None","None","None","None","None","Down","None","None","Up","None","None","None"
"AT4G21745","None","None","None","None","None","None","None","Up","None","None","None","None","None","None","None"
"AT4G21760","None","None","None","Up","None","Up","None","Down","Up","Down","None","None","None","None","None"
"AT4G21830","None","None","None","None","None","None","Down","None","None","None","Up","Up","None","None","None"
"AT4G21840","None","None","None","None","Up","None","None","None","None","None","None","None","None","None","None"
"AT4G21850","None","None","None","None","None","None","Down","None","None","None","None","None","None","None","None"
"AT4G21870","None","None","None","Down","None","Down","None","None","Down","None","None","None","None","None","None"
"AT4G21903","None","None","None","None","None","None","None","Down","None","None","None","None","None","None","None"
"AT4G21920","None","None","None","None","None","None","None","None","None","None","None","None","Up","None","None"
"AT4G21930","None","None","None","Up","None","Up","None","None","Up","None","None","None","None","None","None"
"AT4G21940","None","None","None","Up","None","None","None","None","None","None","None","None","None","None","None"
"AT4G21990","None","None","None","None","None","None","Up","Down","None","None","None","None","None","None","None"
"AT4G22050","None","Up","None","None","None","None","None","None","None","None","None","None","None","None","None"
"AT4G22200","None","None","None","None","None","Up","None","None","None","None","None","None","None","None","None"
"AT4G22212","None","None","Up","None","None","None","None","None","None","None","None","None","None","None","None"
"AT4G22214","None","None","Up","None","None","None","None","None","None","None","None","None","Down","None","None"
"AT4G22230","None","Up","None","None","None","None","None","None","None","None","None","None","None","None","None"
"AT4G22250","None","None","Down","None","None","None","None","None","None","None","None","None","Up","None","None"
"AT4G22305","None","None","None","None","None","None","Up","None","None","None","None","None","None","None","None"
"AT4G22370","None","None","None","None","None","None","None","None","Up","None","None","None","None","None","None"
"AT4G22390","Up","None","None","None","None","None","None","None","None","None","None","None","None","None","None"
"AT4G22475","None","None","None","Down","None","None","Down","Down","Down","Down","None","None","None","None","None"
"AT4G22485","None","None","None","None","None","None","None","None","None","Down","None","None","None","None","None"
"AT4G22495","None","None","None","Down","None","None","None","None","None","None","None","None","None","None","None"
"AT4G22505","None","None","None","None","None","None","None","None","Down","Down","None","None","None","None","None"
"AT4G22513","None","Down","Down","None","None","Down","None","Down","None","Down","None","None","None","None","None"
"AT4G22517","None","Down","None","None","None","None","None","None","None","Down","None","None","None","None","None"
"AT4G22520","None","Down","None","Down","None","None","None","None","Down","Down","None","None","None","None","None"
"AT4G22710","None","None","None","None","None","Down","None","None","Down","None","None","None","Up","None","None"
"AT4G22880","None","None","None","None","None","None","Up","Down","Up","Down","None","None","None","None","None"
"AT4G22940","None","None","None","None","None","None","None","Down","None","None","None","None","None","None","None"
"AT4G22950","None","None","None","Up","None","Up","Up","None","None","None","None","None","None","None","None"
"AT4G22960","None","Down","Down","None","None","None","None","None","None","None","None","None","Up","None","None"
"AT4G23020","None","None","None","None","None","Up","None","None","Up","None","None","None","None","None","None"
"AT4G23030","None","None","None","None","None","None","None","None","Down","None","None","None","None","None","None"
"AT4G23130","None","None","None","Up","Up","None","Up","None","None","None","None","None","None","None","None"
"AT4G23140","None","Down","None","None","None","None","None","Down","None","None","None","None","Up","None","None"
"AT4G23150","None","None","None","Up","Up","Up","Up","None","None","None","None","None","None","None","None"
"AT4G23160","None","Down","None","None","None","None","None","Down","None","None","None","None","Up","None","None"
"AT4G23170","None","None","None","None","None","None","Up","None","None","None","None","None","Up","None","None"
"AT4G23180","None","None","Up","None","None","None","None","None","None","None","None","None","None","None","None"
"AT4G23190","None","None","None","None","None","Down","None","None","Down","None","None","None","Up","None","None"
"AT4G23200","None","None","None","None","None","None","None","Down","None","None","None","None","None","None","None"
"AT4G23210","None","None","Up","None","None","None","None","None","None","None","None","None","None","None","None"
"AT4G23220","None","None","None","Up","None","None","None","Up","None","Up","None","None","Up","None","None"
"AT4G23230","None","None","None","None","None","None","None","None","None","None","None","None","Up","None","None"
"AT4G23240","None","None","Down","None","None","None","None","Down","None","None","None","None","None","None","None"
"AT4G23310","None","None","None","Up","None","None","None","None","None","None","None","None","None","None","None"
"AT4G23320","None","None","None","Up","Up","None","Up","None","Up","Up","None","None","None","None","None"
"AT4G23420","None","None","Up","None","None","None","None","None","None","None","None","None","None","None","None"
"AT4G23496","None","None","Down","None","None","None","None","Down","None","None","None","None","None","None","None"
"AT4G23600","None","None","None","None","None","None","None","Down","None","None","None","None","None","None","None"
"AT4G23670","None","None","None","None","None","None","None","None","Up","None","None","None","None","None","None"
"AT4G23680","None","None","None","Up","None","Up","Up","None","Up","None","None","None","None","None","None"
"AT4G23700","None","None","None","None","None","None","None","None","Down","None","None","None","None","None","None"
"AT4G23770","None","None","None","None","None","None","None","Down","None","None","None","None","None","None","None"
"AT4G23800","None","None","None","None","None","None","None","None","None","None","None","None","Down","None","None"
"AT4G23810","None","None","Up","None","None","Down","None","None","None","None","None","None","Up","None","None"
"AT4G23870","None","None","Up","None","None","None","None","Up","None","None","None","None","None","None","None"
"AT4G23990","None","None","None","None","None","Up","None","Down","None","None","None","None","None","None","None"
"AT4G24000","None","None","None","Up","None","None","None","None","None","None","None","None","None","None","None"
"AT4G24010","None","None","None","Up","None","Up","None","Down","Up","Down","None","None","None","None","None"
"AT4G24110","None","None","None","None","None","None","None","None","None","None","None","None","Up","None","None"
"AT4G24120","None","None","None","None","None","None","None","Down","None","None","None","None","None","None","None"
"AT4G24150","None","None","None","Up","None","None","None","Up","None","None","None","None","None","None","None"
"AT4G24180","None","None","None","None","None","None","None","Up","None","None","None","None","None","None","None"
"AT4G24230","None","None","None","Down","None","Down","None","Up","Down","None","None","None","None","None","None"
"AT4G24265","None","None","None","Up","None","Down","None","None","None","None","None","None","Down","None","None"
"AT4G24350","None","None","None","None","None","None","None","Down","None","None","None","None","None","None","None"
"AT4G24415","None","None","Up","None","None","None","None","Down","None","None","None","None","None","None","None"
"AT4G24570","None","None","Up","Down","Down","Down","Down","None","Down","Down","None","None","Up","None","None"
"AT4G24700","None","None","None","None","None","None","None","Down","None","None","None","None","None","None","None"
"AT4G25000","None","None","None","None","None","None","Up","None","None","None","None","None","None","None","None"
"AT4G25010","None","None","None","None","None","None","None","Down","None","None","None","None","None","None","None"
"AT4G25110","None","None","None","None","None","Down","None","None","None","None","None","None","None","None","None"
"AT4G25140","None","Up","None","None","None","None","None","None","Down","None","None","None","None","None","None"
"AT4G25250","None","Up","None","None","None","None","None","None","None","None","None","None","None","None","None"
"AT4G25310","None","None","None","None","None","None","None","Down","None","None","None","None","None","None","None"
"AT4G25330","None","Down","None","None","None","None","None","None","None","None","None","None","Up","None","None"
"AT4G25420","None","None","None","None","Up","None","Up","None","None","None","None","None","None","None","None"
"AT4G25433","None","None","Up","None","None","None","None","None","Up","None","None","None","Down","None","None"
"AT4G25470","None","None","None","Down","None","Down","Down","None","Down","None","None","None","Up","None","None"
"AT4G25480","None","None","None","None","Up","None","None","None","None","None","None","None","None","None","None"
"AT4G25490","None","None","None","Down","None","Down","Down","None","None","None","None","None","None","None","None"
"AT4G25530","None","Up","None","None","None","None","None","None","None","None","None","None","None","None","None"
"AT4G25580","None","None","None","Down","None","None","None","None","Down","None","None","None","None","None","None"
"AT4G25810","None","None","None","None","None","Down","None","None","Down","None","None","None","None","None","None"
"AT4G25850","None","None","None","None","None","None","Down","Down","None","None","None","None","None","None","None"
"AT4G26050","None","Up","None","None","None","None","None","None","None","None","None","None","None","None","None"
"AT4G26070","None","None","None","None","None","None","Up","None","None","None","None","None","None","None","None"
"AT4G26090","Up","None","Up","Up","Up","Up","Up","Up","Up","Up","None","None","Down","None","None"
"AT4G26095","None","None","None","None","None","None","None","None","Down","None","None","None","None","None","None"
"AT4G26120","None","None","None","None","None","Down","None","None","Down","None","None","None","Up","None","None"
"AT4G26150","None","None","None","None","Down","None","Down","None","None","Up","None","None","None","None","None"
"AT4G26170","Up","None","None","None","None","None","None","None","None","None","None","None","None","None","None"
"AT4G26200","None","None","None","None","None","None","None","None","None","None","None","None","Up","None","None"
"AT4G26260","None","None","None","Down","None","Down","None","None","Down","None","None","None","None","None","None"
"AT4G26288","None","None","None","None","None","None","None","Up","None","None","None","None","None","None","None"
"AT4G26460","None","Down","None","None","None","None","None","None","None","None","None","None","None","None","None"
"AT4G26466","None","Down","None","None","None","None","None","None","None","None","None","None","None","None","None"
"AT4G26530","None","None","None","None","None","None","None","Down","None","Down","None","None","None","None","None"
"AT4G26660","None","None","None","None","None","None","None","None","None","None","None","None","Down","None","None"
"AT4G26780","None","None","None","None","None","None","None","Down","None","None","None","None","None","None","None"
"AT4G26790","None","None","None","None","None","None","None","Down","None","Down","None","None","None","None","None"
"AT4G26850","None","None","None","None","None","None","None","Down","None","None","None","None","None","None","None"
"AT4G26890","None","None","Up","Up","None","Up","None","None","Up","None","None","None","None","None","None"
"AT4G26950","None","None","None","Up","None","None","None","Down","None","None","None","None","None","None","None"
"AT4G27130","None","None","None","None","None","None","Down","None","None","None","None","None","None","None","None"
"AT4G27160","None","Up","None","Down","None","None","None","None","Down","None","None","None","None","Down","None"
"AT4G27260","None","None","None","None","None","None","None","Up","None","None","None","None","None","None","None"
"AT4G27280","None","None","Up","None","Down","Down","None","None","Down","None","None","None","Up","None","None"
"AT4G27310","None","None","None","None","None","None","None","None","None","Up","None","None","None","None","None"
"AT4G27360","None","None","None","Up","None","None","None","None","None","None","None","None","None","None","None"
"AT4G27370","Up","None","None","None","None","None","None","None","None","None","None","None","None","None","None"
"AT4G27410","None","None","Up","None","None","None","Down","Up","None","None","None","None","None","None","None"
"AT4G27440","None","None","None","None","Up","None","None","None","None","None","None","None","None","None","None"
"AT4G27450","None","None","None","None","None","Down","None","None","Down","None","None","None","None","None","None"
"AT4G27460","None","None","None","None","None","None","None","Up","None","None","None","None","None","None","None"
"AT4G27510","None","None","None","None","None","None","None","Down","None","None","None","None","None","None","None"
"AT4G27560","None","None","None","None","None","None","None","Down","None","None","None","None","None","None","None"
"AT4G27570","None","None","None","None","None","None","None","Down","None","None","None","None","None","None","None"
"AT4G27652","None","None","None","None","None","None","None","Down","None","None","None","None","None","None","None"
"AT4G27654","None","None","None","None","None","None","Down","None","None","None","Up","None","None","None","None"
"AT4G27657","None","None","None","None","Down","None","Down","None","None","None","None","None","None","None","None"
"AT4G27660","Up","None","None","None","None","None","None","None","None","None","None","None","None","None","None"
"AT4G27710","None","None","None","None","None","None","Up","None","None","None","None","None","None","None","None"
"AT4G27740","None","None","None","None","None","None","Up","None","None","None","None","None","None","None","None"
"AT4G27790","None","Down","None","None","None","None","None","None","None","None","None","None","None","None","None"
"AT4G27820","None","None","None","None","None","None","None","Down","None","None","None","None","None","None","None"
"AT4G27840","None","None","None","None","None","Up","None","None","None","None","None","None","None","None","None"
"AT4G27970","None","None","None","None","None","None","None","Down","None","None","None","None","None","None","None"
"AT4G27980","None","None","None","None","None","None","None","None","None","None","None","None","Up","None","None"
"AT4G28040","None","None","None","None","None","None","None","Up","None","None","None","None","None","None","None"
"AT4G28085","None","None","None","None","None","Down","Down","None","None","None","Up","Up","None","None","None"
"AT4G28110","None","None","Up","None","None","None","None","None","None","None","None","None","None","None","None"
"AT4G28140","None","None","None","None","Up","None","None","None","None","None","None","None","None","None","None"
"AT4G28160","None","Down","None","None","None","None","None","None","None","None","None","None","None","None","None"
"AT4G28230","Up","None","None","None","None","None","None","None","None","None","None","None","None","None","None"
"AT4G28250","None","None","None","None","None","None","None","Down","Up","Down","None","None","None","None","None"
"AT4G28280","None","Up","None","None","None","None","None","None","None","None","None","None","None","None","None"
"AT4G28310","None","None","None","None","None","None","None","Down","None","None","None","None","None","None","None"
"AT4G28350","None","None","None","None","None","None","None","None","Down","None","None","None","None","None","None"
"AT4G28430","None","None","Up","None","None","None","None","None","None","None","None","None","Down","None","None"
"AT4G28460","None","None","None","None","None","None","None","None","None","None","None","Up","Up","None","None"
"AT4G28520","None","Up","Down","Down","None","Down","Up","None","None","None","Down","Up","None","Down","None"
"AT4G28530","None","None","None","None","None","None","None","Up","None","None","None","None","None","None","None"
"AT4G28680","None","None","None","None","None","None","None","Down","Up","None","None","None","None","None","None"
"AT4G28700","None","None","None","None","None","None","Up","None","None","None","None","None","None","None","None"
"AT4G28703","None","None","None","Down","None","None","None","Up","None","None","None","None","None","None","None"
"AT4G28720","None","None","Up","None","Up","None","None","None","None","Up","None","None","None","None","None"
"AT4G28780","None","None","None","None","None","None","None","None","Up","None","None","None","None","None","None"
"AT4G28790","None","None","None","None","None","None","Up","None","None","None","None","None","None","None","None"
"AT4G28850","None","None","None","None","None","None","None","None","None","None","None","None","Down","None","None"
"AT4G28940","None","None","None","None","None","None","None","None","Up","None","None","Up","None","None","None"
"AT4G28950","None","Down","Down","None","None","None","None","None","None","None","None","None","Up","None","None"
"AT4G29020","None","None","None","None","None","None","None","None","Up","None","None","None","None","None","None"
"AT4G29170","None","Down","Down","None","None","None","None","None","Down","None","None","None","Up","None","None"
"AT4G29610","None","None","None","None","None","None","None","Down","None","None","None","None","None","None","None"
"AT4G29710","None","Down","Down","None","None","None","None","None","None","None","None","None","Up","None","None"
"AT4G29780","None","None","Up","Down","Down","Down","Down","Down","Down","None","None","None","Up","None","None"
"AT4G29930","None","None","Up","Up","None","None","None","None","None","None","None","None","None","None","None"
"AT4G29950","None","None","None","None","None","None","None","Up","None","None","None","None","None","None","None"
"AT4G30110","None","None","None","None","None","None","Up","None","Up","None","None","None","None","None","None"
"AT4G30180","None","None","None","Up","None","Up","None","None","Up","None","None","None","None","None","None"
"AT4G30250","None","None","None","None","None","None","None","None","Up","None","None","None","None","None","None"
"AT4G30270","None","None","None","None","None","Down","None","Up","Down","None","None","None","None","None","None"
"AT4G30280","None","None","None","None","None","None","Down","None","None","None","Up","Up","None","None","None"
"AT4G30430","None","None","None","None","None","None","None","Down","None","None","None","None","Up","None","None"
"AT4G30450","None","None","None","None","None","None","Down","None","None","None","None","None","None","None","None"
"AT4G30470","None","None","None","None","None","None","Down","None","None","None","None","None","None","None","None"
"AT4G30530","None","None","None","None","None","None","None","Down","None","None","None","None","None","None","None"
"AT4G30610","None","None","None","None","Down","None","None","Down","None","None","None","None","None","None","None"
"AT4G30650","None","None","None","None","Up","None","None","Down","Up","None","None","None","None","None","None"
"AT4G30660","None","None","None","None","Up","None","None","None","None","None","None","None","None","None","None"
"AT4G30830","None","None","Up","None","None","None","None","None","None","None","None","None","None","None","None"
"AT4G31000","None","None","None","None","Down","None","None","None","None","None","None","None","None","None","None"
"AT4G31351","None","None","None","None","None","Down","None","None","Down","None","None","None","None","None","None"
"AT4G31354","None","None","None","None","None","Down","None","None","None","None","None","None","None","None","None"
"AT4G31380","None","None","None","Down","None","None","None","None","Down","None","None","None","None","None","None"
"AT4G31500","None","None","None","None","None","None","None","Down","None","None","None","None","None","None","None"
"AT4G31540","None","None","None","None","None","None","Up","None","None","None","None","None","None","None","None"
"AT4G31615","None","None","None","None","None","None","None","None","None","Down","None","None","None","None","None"
"AT4G31680","None","Down","None","None","None","None","None","None","None","None","None","None","None","None","None"
"AT4G31730","None","None","None","None","None","None","Up","None","None","None","None","None","None","None","None"
"AT4G31800","None","None","None","None","Down","Down","Down","None","Down","None","None","None","Up","None","None"
"AT4G31830","None","Up","None","None","None","None","None","None","None","None","None","None","None","None","None"
"AT4G31840","None","None","Up","None","None","None","None","None","None","None","None","None","Down","None","None"
"AT4G31875","None","Down","Down","None","None","None","None","None","None","None","None","None","None","None","None"
"AT4G31940","None","None","None","Up","None","None","None","None","Up","None","None","None","None","None","None"
"AT4G32208","None","None","None","None","None","None","None","Down","None","None","None","None","None","None","None"
"AT4G32280","None","None","None","None","Up","None","None","None","None","None","None","None","None","None","None"
"AT4G32480","None","None","None","Down","None","Down","None","None","Down","Down","None","None","None","None","None"
"AT4G32730","Down","None","None","None","None","None","None","None","None","None","None","None","None","None","None"
"AT4G32830","Up","None","None","None","None","Down","None","None","None","None","None","None","None","None","None"
"AT4G32950","None","None","None","None","None","None","None","Down","None","Down","None","None","None","None","None"
"AT4G32980","None","None","None","None","None","None","None","Down","None","None","None","None","None","None","None"
"AT4G33020","None","None","None","None","None","None","None","None","None","None","Up","Up","None","None","None"
"AT4G33040","None","None","None","None","None","None","None","Down","None","None","None","None","None","None","None"
"AT4G33050","None","None","None","None","None","Down","None","None","Down","None","None","None","Up","None","None"
"AT4G33070","None","None","None","None","None","None","None","Down","None","None","None","None","None","None","None"
"AT4G33120","None","None","None","None","None","None","None","Up","None","None","None","None","None","None","None"
"AT4G33145","None","Up","None","None","None","None","None","None","None","None","None","None","None","None","None"
"AT4G33150","None","None","None","None","None","None","None","Up","None","None","None","None","None","None","None"
"AT4G33160","None","None","None","None","None","None","Down","None","Down","None","None","None","Up","None","None"
"AT4G33260","Up","None","None","None","Down","Down","Down","None","None","None","None","None","None","None","None"
"AT4G33270","None","None","None","None","Down","Down","Down","None","None","None","None","None","None","None","None"
"AT4G33280","Up","None","None","None","None","None","None","None","None","None","None","None","None","None","None"
"AT4G33390","None","Down","None","None","None","None","None","None","None","None","None","Up","None","None","None"
"AT4G33467","None","Up","None","None","Up","None","None","None","None","None","None","Up","None","None","None"
"AT4G33550","None","None","None","Up","None","Up","Up","None","Up","None","None","None","None","None","None"
"AT4G33666","None","None","None","None","None","None","None","None","None","Down","None","None","None","None","None"
"AT4G33905","None","None","Up","Up","None","None","None","None","None","None","None","None","None","None","None"
"AT4G33960","None","None","None","None","None","None","None","None","None","Down","None","None","None","None","None"
"AT4G33980","None","None","None","None","None","None","None","None","None","None","Up","Up","None","None","None"
"AT4G33985","None","None","None","None","None","None","Down","None","None","None","None","None","None","None","None"
"AT4G34030","None","None","None","None","None","None","None","Up","None","None","None","None","None","None","None"
"AT4G34110","None","Down","None","None","None","None","None","None","None","None","None","None","None","None","None"
"AT4G34138","None","None","None","None","None","None","None","Up","None","None","None","None","None","None","None"
"AT4G34150","None","None","None","None","None","None","None","None","Down","None","None","None","None","None","None"
"AT4G34230","None","None","Up","None","None","None","None","None","None","None","None","None","None","None","None"
"AT4G34320","None","None","Down","None","None","None","None","Down","None","None","None","None","Up","None","None"
"AT4G34410","None","None","None","Down","Down","None","Down","None","Down","None","None","None","Up","None","None"
"AT4G34419","None","None","None","None","None","Up","None","None","Up","None","None","None","None","None","None"
"AT4G34510","None","Down","Down","Down","None","None","None","None","Down","None","None","None","Up","None","None"
"AT4G34550","None","None","None","None","None","None","None","Down","None","Up","None","None","None","None","None"
"AT4G34590","None","None","None","None","None","None","None","Down","None","None","None","None","None","None","None"
"AT4G34610","None","None","None","None","None","None","None","Down","None","None","None","None","None","None","None"
"AT4G34630","None","None","None","None","None","None","None","Down","None","None","None","None","None","None","None"
"AT4G34650","None","None","None","Up","None","Up","None","None","Up","None","None","None","None","None","None"
"AT4G34760","None","None","None","Up","None","None","Up","None","Up","None","None","None","Down","None","None"
"AT4G34790","None","None","None","None","None","None","Up","None","None","None","None","None","None","None","None"
"AT4G34950","None","None","None","None","None","None","None","Down","None","None","None","None","None","None","None"
"AT4G34970","None","None","None","None","None","None","None","Up","None","None","None","None","None","None","None"
"AT4G35030","None","None","None","None","None","None","None","Down","None","None","None","None","Up","None","None"
"AT4G35160","None","None","None","None","None","None","Down","None","None","None","None","None","None","None","None"
"AT4G35180","None","None","None","Up","Up","None","None","None","None","None","None","None","None","None","None"
"AT4G35210","None","None","None","None","None","None","None","Down","None","None","None","None","None","None","None"
"AT4G35270","None","None","None","None","None","None","None","Down","None","None","None","None","None","None","None"
"AT4G35520","Up","None","None","None","None","None","None","None","None","None","None","None","None","None","None"
"AT4G35590","None","None","None","None","None","None","None","None","None","Up","None","None","None","None","None"
"AT4G35620","None","None","None","None","None","Down","None","None","None","Down","None","None","Down","None","None"
"AT4G35640","None","None","None","None","None","None","None","Down","None","Down","None","None","None","None","None"
"AT4G35690","None","None","Up","Up","None","None","Up","None","None","None","None","None","Down","None","None"
"AT4G35720","None","None","None","Up","None","None","None","None","None","None","None","None","None","None","None"
"AT4G35730","None","None","None","None","None","Down","None","None","None","None","None","None","None","None","None"
"AT4G35740","None","Down","Down","None","None","None","None","None","None","None","None","None","Up","None","None"
"AT4G35750","None","None","None","None","None","None","None","Up","None","None","None","None","None","None","None"
"AT4G35770","None","None","None","Down","None","None","Down","None","Down","None","None","None","None","None","None"
"AT4G35783","None","None","None","None","None","None","None","None","None","Down","None","None","None","None","None"
"AT4G35810","None","None","None","None","None","None","Down","Down","None","Down","None","None","None","None","None"
"AT4G36032","None","None","None","None","None","None","Down","None","None","None","None","None","None","None","None"
"AT4G36040","None","None","None","Down","None","Down","None","None","Down","None","None","None","None","None","None"
"AT4G36110","None","None","None","Up","Up","None","None","None","None","None","None","None","None","None","None"
"AT4G36220","None","None","None","None","None","None","None","Down","None","None","None","None","None","None","None"
"AT4G36230","None","None","None","None","None","None","None","Down","None","None","None","None","None","None","None"
"AT4G36430","None","None","None","None","None","None","None","Down","None","None","None","None","None","None","None"
"AT4G36500","None","None","None","None","None","Down","None","None","None","None","None","None","None","None","None"
"AT4G36570","None","None","None","None","None","None","None","Down","None","None","None","None","None","None","None"
"AT4G36610","None","None","None","None","None","None","None","Down","None","None","None","None","None","None","None"
"AT4G36670","None","None","None","None","None","Down","None","Up","None","None","None","None","None","None","None"
"AT4G36700","None","Up","None","None","None","None","None","None","None","None","None","None","None","None","None"
"AT4G36830","None","None","None","None","None","Up","None","Down","Up","None","None","None","None","None","None"
"AT4G36850","None","None","None","Down","None","Down","None","Up","Down","None","None","None","None","None","None"
"AT4G36880","None","Up","None","None","None","None","None","None","None","None","None","None","None","None","None"
"AT4G36950","None","None","None","None","None","None","Down","Down","None","None","None","None","None","None","None"
"AT4G37022","None","Down","None","None","None","None","None","None","None","None","None","None","None","None","None"
"AT4G37030","None","Down","Down","None","None","None","None","None","Down","None","None","None","Up","None","None"
"AT4G37110","Up","None","None","None","None","None","None","None","None","None","None","None","None","None","None"
"AT4G37220","None","Up","None","None","None","None","None","Up","None","None","None","None","None","None","None"
"AT4G37260","None","None","None","None","None","None","Down","None","None","None","None","None","None","None","None"
"AT4G37290","None","Down","None","None","None","None","None","None","None","None","None","None","Up","None","None"
"AT4G37295","None","None","None","None","None","None","None","Up","None","None","None","None","None","None","None"
"AT4G37370","None","None","None","None","None","None","None","None","None","Up","None","Up","Up","None","None"
"AT4G37410","None","None","None","None","None","None","None","Down","None","None","None","None","None","None","None"
"AT4G37420","None","Down","None","None","None","None","None","None","None","None","None","None","Up","None","None"
"AT4G37430","Down","None","None","None","None","None","None","None","None","None","None","None","None","None","None"
"AT4G37490","None","None","Down","None","None","None","None","None","Down","None","None","None","Up","None","None"
"AT4G37520","None","None","None","None","None","None","None","None","Down","None","None","None","None","None","None"
"AT4G37610","None","None","None","Down","Down","Down","None","None","Down","Down","None","None","None","None","None"
"AT4G37685","None","None","None","None","None","None","None","None","Up","None","None","None","None","None","None"
"AT4G37700","None","None","None","None","None","Up","None","None","Up","None","Up","None","None","None","None"
"AT4G37770","None","None","None","None","None","None","None","None","Down","None","None","None","None","None","None"
"AT4G37800","None","None","None","None","None","None","None","Down","None","None","None","None","None","None","None"
"AT4G37810","None","None","Down","None","None","None","None","Down","None","None","None","None","Up","None","None"
"AT4G37850","None","None","None","None","None","None","None","Up","None","None","Up","None","None","None","None"
"AT4G37950","None","None","None","None","None","None","None","None","None","None","None","None","Down","None","None"
"AT4G37970","None","None","None","None","None","None","None","None","None","Down","None","None","None","None","None"
"AT4G37990","None","Down","None","None","None","None","None","None","Down","None","None","None","None","None","None"
"AT4G38062","None","None","None","None","Down","Down","None","None","None","None","None","None","Down","None","None"
"AT4G38380","Up","None","None","None","None","None","None","None","None","None","None","None","None","None","None"
"AT4G38390","None","None","None","None","None","None","None","Up","None","None","None","None","None","None","None"
"AT4G38470","None","None","None","Down","None","Down","None","Up","Down","None","None","None","None","None","None"
"AT4G38540","None","None","None","None","None","None","None","None","Down","None","None","None","None","None","None"
"AT4G38560","None","None","None","Up","None","None","None","None","None","None","None","None","Up","None","None"
"AT4G38840","None","None","None","Up","None","None","None","None","Up","None","None","None","None","None","None"
"AT4G38850","None","None","None","Up","Up","None","Up","None","None","None","None","None","None","None","None"
"AT4G38860","None","None","None","Up","Up","Up","Up","None","Up","None","None","None","Down","None","None"
"AT4G39070","None","None","None","None","None","None","None","Up","None","None","None","None","None","None","None"
"AT4G39130","None","Up","None","None","None","None","None","None","None","None","None","None","None","None","None"
"AT4G39210","None","None","None","Up","None","Up","None","Down","Up","None","None","None","None","None","None"
"AT4G39250","None","None","None","None","None","None","None","None","None","None","None","None","Up","None","None"
"AT4G39330","None","None","None","None","None","Up","None","None","Up","None","None","None","None","None","None"
"AT4G39340","None","None","None","None","None","None","None","Down","None","None","None","None","None","None","None"
"AT4G39480","None","None","None","None","None","None","Up","None","None","None","None","None","None","None","None"
"AT4G39500","None","Down","Down","None","None","None","None","None","None","None","None","None","Up","None","None"
"AT4G39580","None","None","None","Down","None","None","None","None","Down","None","None","None","Up","None","None"
"AT4G39670","None","None","None","None","None","None","None","None","None","None","Up","Up","None","None","None"
"AT4G39675","None","None","None","None","None","None","None","None","Down","None","None","None","None","None","None"
"AT4G39720","None","None","None","None","None","None","None","Down","None","None","None","None","None","None","None"
"AT4G39730","None","None","None","None","None","Up","None","None","None","None","None","None","None","None","None"
"AT4G39770","None","None","None","None","None","None","None","Down","None","None","None","None","None","None","None"
"AT4G39795","None","None","None","None","None","Up","None","None","None","None","None","None","None","None","None"
"AT4G39800","None","None","None","Up","None","Up","None","None","Up","None","None","None","None","None","None"
"AT4G39830","None","None","None","None","None","None","None","None","None","None","None","None","Up","None","None"
"AT4G39940","None","None","None","None","None","None","None","Down","None","None","None","None","None","None","None"
"AT4G39950","None","None","Up","None","None","None","None","Down","Up","None","None","None","None","None","None"
"AT4G39952","None","None","None","None","None","None","None","None","Down","None","None","None","None","None","None"
"AT5G00825","None","Down","Down","None","None","None","None","None","Down","None","None","None","Up","None","None"
"AT5G01015","None","None","None","None","None","None","None","Down","None","None","None","None","None","None","None"
"AT5G01040","None","None","None","Down","None","None","Down","None","Down","None","None","None","None","None","None"
"AT5G01050","None","None","None","None","None","None","Down","None","None","None","None","None","None","None","None"
"AT5G01100","None","None","None","None","None","Down","None","None","Down","None","None","None","None","None","None"
"AT5G01120","None","None","None","None","None","None","Up","None","None","Down","None","None","None","None","None"
"AT5G01155","None","None","None","None","None","None","None","Down","None","None","None","None","None","None","None"
"AT5G01210","None","None","None","None","None","None","None","Up","None","None","None","None","None","None","None"
"AT5G01215","None","None","None","None","None","Down","None","None","None","None","None","None","None","None","None"
"AT5G01225","None","Down","None","None","None","None","None","None","None","None","None","None","None","None","None"
"AT5G01300","None","Up","None","None","None","None","None","None","None","None","None","None","None","None","None"
"AT5G01370","None","None","None","None","None","None","None","None","Up","None","None","None","None","None","None"
"AT5G01380","None","None","None","None","None","None","None","None","None","Up","Up","Up","None","None","None"
"AT5G01420","Up","None","None","None","None","Down","None","None","None","Down","None","None","Down","None","None"
"AT5G01480","None","None","None","None","None","None","None","Down","None","None","None","None","None","None","None"
"AT5G01515","None","None","None","None","None","None","None","None","None","None","None","None","Down","None","None"
"AT5G01520","None","None","None","None","None","None","None","Up","None","None","None","None","None","None","None"
"AT5G01540","None","None","None","None","None","None","None","None","None","None","None","None","Up","None","None"
"AT5G01542","None","None","None","None","None","None","None","None","None","Up","None","None","None","None","None"
"AT5G01550","None","None","None","None","None","None","None","None","None","Up","None","None","None","None","None"
"AT5G01570","Up","None","None","None","None","None","None","None","None","None","None","None","None","None","None"
"AT5G01600","None","None","None","Up","None","Down","None","None","Down","None","None","None","None","None","None"
"AT5G01645","Down","Up","Down","Down","None","None","Down","Down","Down","None","None","None","Up","Down","Down"
"AT5G01740","None","None","None","None","None","None","None","Up","None","None","None","None","None","None","None"
"AT5G01760","None","None","None","None","None","None","None","None","Down","None","None","None","Up","None","None"
"AT5G01775","None","None","None","None","None","Up","Up","None","Up","None","None","None","None","None","None"
"AT5G01790","None","None","None","None","None","Up","None","Down","None","None","None","None","None","None","None"
"AT5G01820","None","None","None","None","None","None","None","Down","None","None","None","None","None","None","None"
"AT5G01840","None","None","None","None","None","None","None","Down","None","None","None","None","None","None","None"
"AT5G01870","None","None","None","None","None","None","None","Down","None","None","None","None","None","None","None"
"AT5G01900","None","Up","None","Up","None","None","None","None","Up","None","None","None","None","None","None"
"AT5G01910","None","None","None","None","None","None","None","None","Up","None","None","None","Down","None","None"
"AT5G02020","None","None","None","None","None","None","None","Up","Down","None","None","None","None","None","None"
"AT5G02170","None","None","Up","None","None","None","None","None","None","None","None","None","None","None","None"
"AT5G02210","None","Down","None","None","None","None","None","None","None","None","None","None","None","None","None"
"AT5G02220","None","Down","Down","None","None","None","None","None","Down","None","None","None","Up","None","None"
"AT5G02270","None","None","None","None","None","None","None","Down","None","None","None","None","None","None","None"
"AT5G02320","Down","None","None","None","None","None","None","None","None","None","None","None","None","None","None"
"AT5G02370","Up","None","None","None","None","Down","None","None","None","None","None","None","None","None","None"
"AT5G02390","None","None","None","None","None","None","Down","None","None","None","None","None","None","None","None"
"AT5G02490","None","None","None","None","None","None","None","Down","None","None","None","None","None","None","None"
"AT5G02515","None","None","None","Up","Up","Up","Up","None","Up","None","None","None","Down","None","None"
"AT5G02540","None","None","None","None","Up","None","None","Up","None","Up","None","None","None","None","None"
"AT5G02575","None","None","None","None","None","None","None","Down","None","None","None","None","None","None","None"
"AT5G02590","None","None","None","None","None","None","None","Down","None","None","None","None","None","None","None"
"AT5G02755","None","None","None","None","Down","None","None","Down","None","None","None","None","None","None","None"
"AT5G02760","None","None","None","None","Up","None","Up","None","None","None","None","None","None","None","None"
"AT5G02780","None","None","None","Up","Up","None","Up","Down","Up","None","None","Up","None","None","None"
"AT5G02830","None","None","None","None","None","None","None","Down","None","None","None","None","None","None","None"
"AT5G02840","None","None","None","None","None","None","None","Up","None","None","None","None","None","None","None"
"AT5G02865","None","None","Up","Up","Up","None","Up","None","None","None","None","None","Down","None","None"
"AT5G02890","None","None","None","None","None","None","None","None","Up","None","None","None","None","None","None"
"AT5G03020","None","None","None","Down","None","None","None","None","None","None","None","None","Up","None","None"
"AT5G03120","None","None","None","None","Down","None","None","None","None","None","None","None","None","None","None"
"AT5G03195","None","None","None","None","None","None","None","None","Down","None","None","None","None","None","None"
"AT5G03210","None","None","Up","Up","Up","None","None","None","None","None","None","None","None","None","None"
"AT5G03285","None","None","None","Up","None","None","None","None","None","None","None","None","None","None","None"
"AT5G03350","None","None","None","Up","Up","None","Up","None","Up","None","None","None","None","None","None"
"AT5G03355","None","None","Up","None","None","None","None","Up","None","None","None","None","None","None","None"
"AT5G03495","None","None","None","None","None","Up","None","None","None","None","None","None","None","None","None"
"AT5G03545","None","None","None","Up","None","None","Up","None","Up","None","None","None","None","None","None"
"AT5G03550","None","None","None","None","None","None","None","None","None","None","None","None","Up","None","None"
"AT5G03570","None","None","None","None","None","None","None","Up","None","None","None","None","None","None","None"
"AT5G03720","None","None","None","None","None","Down","None","None","None","None","None","None","None","None","None"
"AT5G03760","None","None","None","None","None","None","None","Down","None","None","None","None","None","None","None"
"AT5G03780","None","Down","Down","Down","None","Down","Down","None","Down","None","None","None","Up","None","None"
"AT5G03840","None","None","Down","None","None","None","None","None","None","None","None","None","None","None","None"
"AT5G03860","None","Up","None","Down","Down","Down","Down","None","Down","None","None","None","None","None","None"
"AT5G03870","None","None","None","None","None","None","None","None","None","None","None","None","Down","None","None"
"AT5G03885","None","None","None","None","None","None","None","None","None","None","None","None","Down","None","None"
"AT5G03890","None","None","None","None","None","None","None","None","Up","None","None","None","None","None","None"
"AT5G03965","None","None","None","Down","None","None","None","None","None","None","None","None","None","None","None"
"AT5G03995","None","None","None","None","None","None","Up","None","None","None","None","None","None","None","None"
"AT5G04040","None","None","None","None","None","None","None","Up","None","None","None","None","None","None","None"
"AT5G04120","None","Up","Up","None","None","None","None","None","None","None","None","None","None","None","None"
"AT5G04150","None","Up","None","None","None","None","None","Up","Up","None","None","None","None","None","None"
"AT5G04175","None","None","None","None","None","None","None","None","Down","None","None","None","Up","None","None"
"AT5G04190","None","None","None","None","Up","None","Up","Up","None","None","None","None","None","None","None"
"AT5G04205","None","None","None","None","None","None","Down","None","None","None","None","None","None","None","None"
"AT5G04305","None","Up","None","None","None","None","None","None","None","None","None","None","None","None","None"
"AT5G04340","None","None","Up","None","None","Down","Down","None","Down","None","None","None","None","None","None"
"AT5G04370","None","None","Up","None","None","None","None","Up","None","None","None","None","None","None","None"
"AT5G04660","None","None","None","None","None","None","Up","None","Up","None","None","None","None","None","None"
"AT5G04720","None","None","None","None","None","None","None","None","None","None","None","None","Up","None","None"
"AT5G04905","None","None","None","None","None","None","Up","None","None","None","None","None","None","None","None"
"AT5G04950","None","None","None","Up","None","Up","Up","Down","Up","None","None","None","None","None","None"
"AT5G05180","None","None","None","None","None","None","None","None","Up","None","None","None","None","None","None"
"AT5G05220","None","Up","None","None","None","None","None","None","None","None","None","None","None","None","None"
"AT5G05250","None","None","None","None","None","None","None","None","Up","None","None","None","None","None","None"
"AT5G05270","None","None","None","Up","None","Up","None","Down","Up","None","None","None","None","None","None"
"AT5G05290","None","Up","None","None","None","None","None","None","None","None","None","None","None","None","None"
"AT5G05300","None","None","None","None","None","None","None","None","Down","None","None","None","Up","None","None"
"AT5G05365","None","None","None","Up","None","None","None","Down","None","None","None","None","None","None","None"
"AT5G05390","None","None","None","None","None","None","None","Down","None","None","None","None","Up","None","None"
"AT5G05410","None","None","Up","None","None","None","None","Up","None","Up","None","Up","None","None","None"
"AT5G05440","None","None","None","Down","None","Down","Down","None","Down","None","None","None","None","None","None"
"AT5G05490","None","None","None","Down","None","Down","Down","None","Down","None","None","None","Up","None","None"
"AT5G05530","None","None","None","None","None","None","None","None","Down","None","None","None","None","None","None"
"AT5G05580","None","None","None","None","None","None","None","Down","None","None","None","None","None","None","None"
"AT5G05600","None","None","None","Down","None","None","Down","None","Down","None","None","Up","None","None","None"
"AT5G05765","None","Down","None","None","None","None","None","None","None","None","None","None","None","None","None"
"AT5G05840","None","None","None","Up","Up","Up","Up","None","Up","None","None","None","None","None","None"
"AT5G05940","None","None","None","None","None","None","None","None","Up","None","None","None","Down","None","None"
"AT5G05965","None","None","None","None","None","None","None","Up","None","None","None","None","None","None","None"
"AT5G06090","None","None","None","None","None","None","None","None","None","None","None","Up","None","None","None"
"AT5G06150","None","None","None","None","Down","Down","None","None","None","None","None","None","Down","None","None"
"AT5G06190","None","None","None","None","None","None","None","None","None","None","None","None","Up","None","None"
"AT5G06235","None","None","Down","Down","Down","Down","Down","Down","None","Down","None","None","Up","None","None"
"AT5G06250","None","None","Up","Up","None","Up","Up","Down","Up","None","None","None","Down","None","None"
"AT5G06320","None","None","Up","None","None","Down","None","None","None","None","None","None","Up","None","None"
"AT5G06475","None","Down","None","None","None","None","None","None","None","None","None","None","Up","None","None"
"AT5G06505","None","None","None","None","None","None","Up","None","None","None","None","None","Down","None","None"
"AT5G06510","None","None","None","Up","None","Up","None","None","None","None","None","None","None","None","None"
"AT5G06570","None","None","None","Down","None","Down","None","None","Down","None","None","None","None","None","None"
"AT5G06690","None","None","None","Down","Up","None","None","None","None","None","None","None","None","None","None"
"AT5G06695","Up","None","Up","Up","None","None","None","Up","None","Up","None","None","Down","None","None"
"AT5G06730","None","None","None","None","None","None","None","Down","None","Down","None","None","None","None","None"
"AT5G06760","None","Up","Up","None","None","None","None","None","None","None","None","None","None","None","None"
"AT5G06790","None","None","None","None","None","None","None","Down","None","None","None","None","None","None","None"
"AT5G06820","None","None","None","None","None","Down","None","None","None","None","None","None","None","None","None"
"AT5G06865","None","None","None","None","None","Down","None","Up","Down","None","None","None","None","None","None"
"AT5G06870","None","None","None","Down","None","Down","Down","None","Down","None","None","None","None","None","None"
"AT5G06990","None","None","None","None","None","None","None","None","Up","None","None","None","None","None","None"
"AT5G07010","None","None","None","None","Up","None","None","None","None","None","None","None","None","None","None"
"AT5G07080","None","None","None","None","None","Down","None","None","Down","None","None","None","None","None","None"
"AT5G07095","None","None","None","Up","None","None","None","None","None","None","None","None","None","None","None"
"AT5G07100","None","None","None","Down","None","Down","None","None","Down","None","None","None","Up","None","None"
"AT5G07165","None","Down","Down","None","None","None","None","None","Down","None","None","None","Up","None","None"
"AT5G07190","None","None","None","None","None","None","None","Down","None","None","None","None","None","None","None"
"AT5G07265","None","Down","None","None","None","None","None","None","None","None","None","None","None","None","None"
"AT5G07285","None","None","None","None","None","None","Up","None","None","None","None","None","None","None","None"
"AT5G07310","None","Down","None","None","None","None","None","None","None","None","None","None","None","None","None"
"AT5G07325","None","Down","None","None","None","None","None","None","None","None","None","None","None","None","None"
"AT5G07330","None","Up","None","None","None","None","None","None","None","None","None","None","None","None","None"
"AT5G07390","None","None","None","None","None","None","Up","None","None","None","None","Up","None","None","None"
"AT5G07440","None","None","None","None","None","Down","None","Up","Down","None","None","None","None","None","None"
"AT5G07475","None","None","None","None","None","Up","None","Down","None","None","None","None","None","None","None"
"AT5G07570","None","None","Down","None","None","None","None","None","None","None","None","None","None","None","None"
"AT5G07600","None","None","None","None","None","None","None","None","None","None","None","None","Up","None","None"
"AT5G07610","None","Down","Down","None","None","None","None","None","None","None","None","None","Up","None","Up"
"AT5G07620","None","Down","Down","Down","None","None","None","Down","Down","None","None","None","Up","None","None"
"AT5G07640","None","None","None","None","None","None","None","None","Up","None","None","None","None","None","None"
"AT5G07690","None","None","None","Up","None","None","None","Down","Up","Down","None","None","None","None","None"
"AT5G07700","None","None","None","Up","None","None","None","Down","Up","Down","None","None","Down","None","None"
"AT5G07870","None","None","None","None","None","None","None","Up","None","None","None","None","None","None","None"
"AT5G07880","Up","None","None","None","None","None","None","None","None","None","None","None","None","None","None"
"AT5G07885","None","None","None","None","None","None","None","Up","None","None","None","None","None","None","None"
"AT5G07990","None","None","None","None","None","Up","Up","None","Up","None","None","None","None","None","None"
"AT5G07995","None","Down","None","None","None","None","None","None","None","None","None","None","None","None","None"
"AT5G08030","None","None","None","None","Up","Up","Up","Down","Up","None","None","None","None","None","None"
"AT5G08150","None","None","Up","None","None","None","None","None","None","None","None","None","None","None","None"
"AT5G08275","None","None","None","Up","None","None","None","None","None","None","None","None","None","None","None"
"AT5G08350","None","None","None","None","None","Down","None","None","None","None","None","None","None","None","None"
"AT5G08391","None","None","None","None","None","None","Down","Down","None","None","None","None","None","None","None"
"AT5G08640","None","None","None","None","None","Up","None","Down","None","None","None","None","None","None","None"
"AT5G08710","Up","None","None","None","None","None","None","None","None","None","None","None","None","None","None"
"AT5G08760","None","None","None","None","None","None","None","None","None","None","None","None","Up","None","None"
"AT5G08855","None","None","None","None","None","None","None","Down","None","None","None","None","None","None","None"
"AT5G09125","None","None","None","None","None","None","None","None","None","None","None","Up","None","None","None"
"AT5G09360","None","Down","None","None","None","None","None","None","None","None","None","None","None","None","None"
"AT5G09440","None","None","None","None","None","None","Down","None","None","None","None","None","None","None","None"
"AT5G09470","None","None","None","Up","None","Up","None","None","None","None","None","None","None","None","None"
"AT5G09520","None","None","None","None","None","Up","None","Down","None","None","None","None","None","None","None"
"AT5G09540","None","None","None","None","None","None","None","Up","None","None","None","None","None","None","None"
"AT5G09565","None","None","None","None","None","None","Down","None","Down","None","None","None","None","None","None"
"AT5G09570","None","None","None","Up","None","None","Up","None","None","None","None","None","None","None","None"
"AT5G09730","None","None","None","None","None","None","None","Down","None","None","None","None","None","Down","None"
"AT5G09876","None","None","None","None","None","None","None","None","None","None","None","None","Up","None","None"
"AT5G09990","None","None","None","None","None","Up","None","None","None","None","None","None","None","None","None"
"AT5G10120","None","None","None","None","Down","None","None","None","None","None","None","None","None","None","None"
"AT5G10160","Up","None","None","None","None","None","None","None","None","None","None","None","None","None","None"
"AT5G10210","None","None","None","None","None","None","Up","None","None","None","None","None","None","None","None"
"AT5G10230","None","None","Up","Up","None","Up","None","None","None","None","None","None","None","None","None"
"AT5G10310","None","None","None","None","None","None","None","None","None","None","None","None","Up","None","None"
"AT5G10336","None","Down","None","None","None","None","None","None","None","None","None","None","None","None","None"
"AT5G10340","None","None","Up","None","None","None","None","None","None","None","None","None","None","None","None"
"AT5G10380","None","None","None","None","None","None","None","None","None","None","None","None","Up","None","None"
"AT5G10390","None","None","None","None","None","None","None","Down","None","None","None","None","None","None","None"
"AT5G10435","None","None","None","None","None","None","Down","None","None","None","None","None","None","None","None"
"AT5G10625","None","None","None","None","None","None","Down","None","None","None","None","None","None","None","None"
"AT5G10695","None","None","None","Down","Down","Down","Down","None","Down","None","None","None","Up","None","None"
"AT5G10760","None","None","None","Up","Up","None","Up","None","Up","None","None","None","None","None","None"
"AT5G10890","None","None","None","None","None","None","None","None","Up","None","None","None","None","None","None"
"AT5G11110","None","None","Up","None","None","None","None","None","None","None","None","None","None","None","None"
"AT5G11140","None","None","None","None","None","None","None","None","Down","None","None","None","Up","None","None"
"AT5G11210","None","None","None","None","None","None","None","None","None","None","None","Up","None","None","None"
"AT5G11260","None","None","None","None","None","None","Down","None","None","None","None","None","None","None","None"
"AT5G11400","None","Down","None","None","None","None","None","None","None","None","None","None","Up","None","None"
"AT5G11410","None","Down","None","None","None","None","None","Down","None","None","None","None","Up","None","None"
"AT5G11460","None","Down","Down","None","None","None","None","None","Down","None","None","None","Up","None","None"
"AT5G11510","None","None","None","None","None","Down","None","None","None","None","None","None","None","None","None"
"AT5G11590","None","None","None","Up","None","Up","None","Down","None","None","None","None","None","None","None"
"AT5G11650","None","None","None","None","None","None","Down","None","None","None","None","None","None","None","None"
"AT5G11790","None","None","None","None","None","None","None","Down","None","None","None","None","None","None","None"
"AT5G11870","Up","None","None","None","None","None","None","None","None","None","None","None","None","None","None"
"AT5G11930","None","None","None","None","None","Up","None","None","Up","None","None","None","None","None","None"
"AT5G12020","None","None","None","None","None","None","Down","None","Down","None","None","None","None","None","None"
"AT5G12030","None","None","None","None","Down","None","None","None","Down","Down","None","None","Up","None","None"
"AT5G12050","None","None","Up","None","Up","None","None","None","None","None","None","None","None","None","None"
"AT5G12110","None","None","None","None","None","None","None","Down","None","None","None","None","None","None","None"
"AT5G12235","None","Down","None","None","None","None","None","None","None","None","None","None","None","None","None"
"AT5G12340","None","None","None","None","None","None","None","None","Down","None","Up","Up","None","None","None"
"AT5G12880","None","None","None","None","None","None","Down","None","None","None","None","None","None","None","None"
"AT5G12920","None","None","None","None","None","None","None","Down","None","None","None","None","None","None","None"
"AT5G13080","None","None","None","None","None","None","None","Up","None","Up","Up","Up","None","None","None"
"AT5G13170","None","Up","None","Up","Up","Up","Up","None","Up","None","None","None","Down","None","None"
"AT5G13200","None","None","Up","None","None","None","None","None","None","None","None","None","None","None","None"
"AT5G13210","None","None","Up","Up","None","None","None","Up","None","None","None","None","None","None","None"
"AT5G13220","None","None","None","None","None","Down","Down","None","Down","None","None","Up","None","None","None"
"AT5G13320","None","None","None","Up","None","None","None","Down","None","None","None","None","Up","None","None"
"AT5G13330","None","None","None","None","None","None","None","None","None","None","None","Up","None","None","None"
"AT5G13700","None","None","Up","None","None","None","None","None","None","None","None","None","None","None","None"
"AT5G13740","None","None","None","None","None","None","None","None","Up","None","None","None","None","None","None"
"AT5G13840","Up","None","None","None","Down","Down","Down","None","None","None","None","None","None","None","None"
"AT5G13880","None","None","None","Up","None","None","None","None","Up","None","None","None","None","None","None"
"AT5G13930","None","None","None","None","None","None","None","Down","None","None","None","None","None","None","None"
"AT5G14070","None","None","None","None","None","None","None","Up","None","None","None","None","None","None","None"
"AT5G14110","None","None","None","Down","None","Down","None","None","None","None","None","None","None","None","None"
"AT5G14120","None","None","None","Down","None","Down","None","Up","Down","None","None","None","None","None","None"
"AT5G14200","None","None","None","None","None","None","None","Down","None","Down","None","None","None","None","None"
"AT5G14275","None","Up","None","None","None","None","None","None","None","None","None","None","None","None","None"
"AT5G14470","None","None","None","Down","None","None","None","None","Down","None","None","Up","None","None","None"
"AT5G14490","None","Down","Down","None","None","None","None","Down","None","None","None","None","Up","None","None"
"AT5G14650","None","None","None","Up","None","None","None","None","Up","None","None","None","None","None","None"
"AT5G14700","None","None","None","None","None","None","None","Down","None","None","None","None","None","None","None"
"AT5G14760","None","None","None","None","Down","None","Down","Down","None","None","None","None","None","None","None"
"AT5G14860","None","None","Down","Down","None","None","Down","Down","Down","None","None","None","Up","None","None"
"AT5G14870","None","None","None","None","None","None","None","Down","None","None","None","None","None","None","None"
"AT5G14930","None","Down","None","None","None","None","None","None","Down","None","None","None","Up","None","None"
"AT5G15022","None","None","None","None","None","None","None","Down","None","None","None","None","None","None","None"
"AT5G15120","None","None","None","None","None","None","None","None","None","Down","None","None","None","None","None"
"AT5G15130","None","None","None","None","None","None","None","None","None","None","None","Up","None","None","None"
"AT5G15265","None","None","None","None","None","None","Down","None","None","None","None","None","None","None","None"
"AT5G15290","None","None","None","None","None","None","None","Up","None","Up","None","None","None","None","None"
"AT5G15380","None","Down","Down","None","None","None","None","None","None","None","None","None","Up","None","None"
"AT5G15500","None","None","None","Up","Up","None","Up","None","Up","None","None","None","Down","None","None"
"AT5G15510","Up","None","None","None","Down","Down","None","None","None","Down","None","None","Down","None","None"
"AT5G15540","None","None","None","None","None","None","None","None","Down","None","None","None","Up","None","None"
"AT5G15800","None","None","None","None","None","None","None","Down","None","None","None","None","None","None","None"
"AT5G15840","None","None","None","None","None","None","None","None","None","Up","None","None","None","None","None"
"AT5G15845","None","None","None","None","None","None","None","None","None","Up","None","None","None","None","None"
"AT5G15850","None","None","None","None","None","None","None","None","None","Up","None","None","None","None","None"
"AT5G15950","None","None","None","Up","None","None","None","Down","None","None","None","None","None","None","None"
"AT5G15960","None","Up","Up","None","None","None","None","None","None","None","None","None","None","None","None"
"AT5G15970","None","None","Up","None","None","None","None","None","None","None","None","None","None","None","None"
"AT5G16023","None","Up","None","None","None","None","None","None","None","None","None","None","None","None","None"
"AT5G16030","None","None","None","None","None","None","Up","None","None","None","None","None","None","None","None"
"AT5G16110","None","None","None","None","None","None","None","Up","None","None","None","None","None","None","None"
"AT5G16200","None","None","None","None","Down","None","None","None","None","None","None","None","None","None","None"
"AT5G16250","None","None","None","None","None","None","None","None","None","None","None","None","Down","None","None"
"AT5G16350","None","None","None","None","None","None","Up","None","None","None","None","None","None","None","None"
"AT5G16370","None","None","None","Down","None","Down","None","Up","Down","None","None","None","None","None","None"
"AT5G16410","None","None","None","None","None","None","None","Up","None","None","None","None","None","None","None"
"AT5G16530","None","None","None","None","None","Up","None","Down","None","Down","None","None","None","None","None"
"AT5G16770","None","None","None","Down","None","None","None","None","None","None","None","None","None","None","None"
"AT5G16960","None","None","None","None","None","None","None","None","None","Up","None","Up","None","None","None"
"AT5G17040","None","None","None","Up","None","None","None","Down","None","None","None","None","None","None","None"
"AT5G17150","None","None","None","None","None","None","None","None","None","None","None","None","Up","None","None"
"AT5G17160","None","None","None","None","None","None","None","None","Up","None","None","None","None","None","None"
"AT5G17220","None","None","None","None","None","None","Up","Down","Up","Down","None","None","None","None","None"
"AT5G17310","Up","None","None","None","None","None","None","None","None","None","None","None","None","None","None"
"AT5G17350","None","None","Up","Down","Down","Down","Down","Down","Down","None","None","None","Up","None","None"
"AT5G17450","None","None","None","None","None","None","None","Down","None","None","None","None","None","None","None"
"AT5G17460","None","None","Up","None","None","None","None","None","None","None","None","None","None","None","None"
"AT5G17490","None","None","None","None","None","None","Down","None","None","None","None","None","None","None","None"
"AT5G17700","None","None","None","None","None","None","None","None","Up","None","None","None","None","None","None"
"AT5G17810","None","None","None","None","None","None","None","None","Up","None","None","None","None","None","None"
"AT5G17860","None","None","None","None","None","None","None","None","None","Up","None","None","None","None","None"
"AT5G18020","None","None","None","Up","Up","None","Up","None","Up","None","None","None","Down","None","None"
"AT5G18030","None","None","None","Up","Up","None","Up","None","Up","None","None","None","Down","None","None"
"AT5G18060","None","None","Up","Up","Up","None","Up","None","Up","Up","None","None","Down","None","None"
"AT5G18080","None","None","None","None","None","None","Up","None","None","None","None","None","None","None","None"
"AT5G18130","None","None","None","None","None","None","None","Up","None","None","None","None","None","None","None"
"AT5G18170","None","None","None","None","None","Down","None","Up","None","None","None","None","None","None","None"
"AT5G18180","None","Down","Down","None","None","None","None","Down","None","None","None","None","Up","None","None"
"AT5G18270","None","None","None","None","None","None","None","None","Down","None","None","None","Up","None","None"
"AT5G18300","None","None","None","None","None","None","None","Down","None","None","None","None","None","None","None"
"AT5G18340","None","None","None","None","Down","None","Down","None","None","None","None","None","None","None","None"
"AT5G18470","None","None","None","None","None","None","None","None","Down","None","None","None","Up","None","None"
"AT5G18490","None","None","None","None","None","None","None","None","Down","None","None","None","Up","None","None"
"AT5G18600","None","None","None","None","None","Down","None","None","None","None","None","None","None","None","None"
"AT5G18630","None","None","None","None","None","None","None","Up","None","None","None","None","None","None","None"
"AT5G18730","None","None","None","None","None","None","Up","None","None","None","None","None","None","None","None"
"AT5G18840","None","None","None","None","Up","None","Up","None","None","None","None","Up","None","None","None"
"AT5G19100","None","None","None","None","None","None","Down","None","None","None","None","None","None","None","None"
"AT5G19110","None","None","Up","None","None","None","None","None","None","None","None","None","None","None","None"
"AT5G19120","None","None","None","Down","None","Down","None","None","Down","Down","None","None","None","None","None"
"AT5G19190","None","None","Up","None","None","None","None","None","None","None","None","None","None","None","None"
"AT5G19230","None","None","None","Down","None","Down","Down","None","Down","None","None","None","None","None","None"
"AT5G19240","None","None","None","None","None","None","None","None","None","None","None","None","Up","None","None"
"AT5G19260","None","None","None","None","None","None","None","Down","None","None","None","None","None","None","None"
"AT5G19470","None","None","None","Up","Up","None","Up","None","None","None","None","None","None","None","None"
"AT5G19700","None","None","None","Up","None","None","None","None","Up","None","None","None","None","None","None"
"AT5G19730","None","None","None","None","None","None","None","Down","None","None","None","None","None","None","None"
"AT5G19875","None","None","None","Up","None","None","None","None","None","None","None","None","None","None","None"
"AT5G19890","None","None","Down","None","None","None","None","None","None","None","None","None","None","None","None"
"AT5G19970","None","None","None","None","None","None","None","None","Up","None","None","None","None","None","None"
"AT5G20150","None","None","None","None","None","None","None","Down","None","Up","None","None","None","None","None"
"AT5G20230","None","None","None","Down","Down","Down","Down","None","Down","None","None","Up","Up","None","None"
"AT5G20250","None","None","None","Down","None","Down","Down","None","Down","None","None","None","None","None","None"
"AT5G20410","None","None","None","Up","None","None","None","None","None","None","None","None","None","None","None"
"AT5G20640","None","None","None","None","None","None","None","Down","None","None","None","None","None","None","None"
"AT5G20670","None","None","None","None","None","None","None","Down","None","None","None","None","None","None","None"
"AT5G20740","None","None","None","None","None","None","None","Down","None","None","None","None","None","None","None"
"AT5G20790","None","None","None","Up","None","Up","None","None","Up","Up","None","None","None","None","None"
"AT5G20850","None","Down","Down","Down","None","Down","Down","None","Down","None","None","None","Up","None","None"
"AT5G20860","None","None","None","None","None","Up","None","None","None","None","None","None","None","None","None"
"AT5G20940","None","None","None","None","None","None","None","Down","None","None","None","None","None","None","None"
"AT5G21100","None","None","None","None","None","None","None","Down","None","None","None","None","None","None","None"
"AT5G21150","None","None","None","None","None","None","Down","None","None","None","None","None","None","None","None"
"AT5G21170","None","None","None","Down","None","Down","None","Up","Down","None","None","None","None","None","None"
"AT5G21940","None","None","None","Down","None","Down","None","None","Down","Down","None","None","None","None","None"
"AT5G21950","None","None","None","None","None","None","None","Up","None","None","None","None","None","None","None"
"AT5G22250","None","None","None","Down","None","Down","Down","None","Down","None","None","None","Up","None","None"
"AT5G22270","None","None","None","None","None","None","None","Up","None","None","None","None","None","None","None"
"AT5G22355","None","None","Up","None","None","None","None","None","None","Up","None","None","None","None","None"
"AT5G22460","None","None","None","Up","None","None","None","None","None","None","None","None","None","None","None"
"AT5G22470","None","Up","None","None","None","None","None","None","None","None","None","None","None","None","None"
"AT5G22490","None","Down","None","None","None","None","None","None","None","None","None","None","None","None","None"
"AT5G22500","None","None","None","None","None","None","None","None","None","Up","None","None","None","None","None"
"AT5G22520","None","None","None","Up","None","None","None","None","None","None","None","None","Up","None","None"
"AT5G22530","None","None","None","Up","None","None","None","None","None","None","None","None","None","None","None"
"AT5G22540","None","None","None","Up","None","None","None","None","None","None","None","None","None","None","None"
"AT5G22570","None","None","None","Up","Up","None","Up","Up","Up","None","None","None","None","None","None"
"AT5G22580","None","None","None","Up","None","None","Up","Down","None","None","None","None","None","None","None"
"AT5G22660","None","Down","None","None","None","None","None","None","None","None","None","None","Up","None","None"
"AT5G22920","None","None","None","Down","None","Down","None","None","Down","Down","None","None","None","None","None"
"AT5G22930","None","None","None","None","None","None","None","Down","Up","None","None","None","None","None","None"
"AT5G23010","None","None","None","None","None","None","None","None","None","Down","None","None","None","None","None"
"AT5G23020","None","None","None","None","None","None","None","None","None","Down","None","None","None","None","None"
"AT5G23190","None","None","None","None","None","None","None","Down","None","None","None","None","None","None","None"
"AT5G23240","None","None","None","None","Up","None","None","Down","Up","None","None","None","None","None","None"
"AT5G23270","Up","None","None","None","None","None","None","None","None","None","None","None","None","None","None"
"AT5G23350","None","None","Up","None","None","None","None","None","None","None","None","None","None","None","None"
"AT5G23370","None","None","Up","None","None","None","None","None","None","None","None","None","None","None","None"
"AT5G23700","None","None","None","None","None","None","None","Up","None","None","None","None","None","None","None"
"AT5G23830","None","None","Up","None","None","None","None","None","None","None","None","None","None","None","None"
"AT5G23840","None","None","Up","None","None","None","None","None","None","None","None","None","None","None","None"
"AT5G23910","None","Down","Down","Down","None","Down","None","None","None","None","None","None","Up","None","None"
"AT5G24080","None","Up","Up","None","Up","None","None","None","None","None","None","None","Down","None","None"
"AT5G24090","None","None","None","None","None","None","None","None","None","None","None","Up","None","None","None"
"AT5G24105","None","None","None","None","None","None","None","Down","None","None","None","None","None","None","None"
"AT5G24110","None","None","None","Up","None","None","None","None","None","Up","None","None","Up","None","None"
"AT5G24120","None","None","None","None","None","None","None","None","None","Up","None","None","None","None","None"
"AT5G24130","None","Up","None","None","None","None","None","None","None","None","None","None","None","None","None"
"AT5G24140","None","None","Up","None","None","None","None","None","None","Up","None","None","None","None","None"
"AT5G24150","None","None","None","None","None","None","None","Down","None","None","None","None","None","None","None"
"AT5G24155","None","None","None","None","None","Up","None","Down","Up","None","None","None","None","None","None"
"AT5G24200","None","None","None","Up","Up","None","Up","None","Up","None","None","None","None","None","None"
"AT5G24206","None","None","None","Up","None","None","None","None","Up","None","None","None","None","None","None"
"AT5G24210","None","None","None","None","None","None","None","None","None","None","None","None","Up","None","None"
"AT5G24280","None","Down","Down","None","None","None","None","None","None","None","None","None","Up","None","None"
"AT5G24330","None","None","None","None","None","None","None","Down","None","None","None","None","None","None","None"
"AT5G24470","None","None","None","None","None","None","Down","None","None","None","None","None","None","None","None"
"AT5G24530","None","None","None","Up","None","None","Up","Up","None","Up","None","None","None","None","None"
"AT5G24600","None","None","None","None","None","None","None","None","None","Up","None","None","None","None","None"
"AT5G24640","None","None","None","Up","None","None","Up","None","None","None","None","None","None","None","None"
"AT5G24655","None","None","None","Up","None","Up","None","None","None","None","None","None","None","None","None"
"AT5G24660","None","None","None","None","None","None","None","Down","None","None","None","None","None","None","None"
"AT5G24820","None","Up","None","None","None","None","None","None","None","None","None","None","None","None","None"
"AT5G24880","None","None","None","None","None","Up","None","None","None","None","None","None","None","None","None"
"AT5G25090","None","None","None","None","None","None","None","None","None","None","None","None","Down","None","None"
"AT5G25110","None","None","None","None","None","None","None","Up","None","None","None","None","None","None","None"
"AT5G25130","None","None","None","None","None","None","None","None","None","Down","None","None","None","None","None"
"AT5G25190","None","None","None","Up","Up","None","Up","None","None","None","None","None","None","None","None"
"AT5G25210","None","None","None","None","None","None","None","None","None","Down","None","None","None","None","None"
"AT5G25230","None","Up","None","None","None","None","None","Down","None","None","None","None","None","None","None"
"AT5G25240","None","None","None","None","None","None","None","None","None","Down","None","None","None","None","None"
"AT5G25250","None","None","None","None","None","None","None","None","Down","None","None","None","Up","None","None"
"AT5G25260","None","None","None","Up","None","None","None","None","None","None","None","None","Up","None","None"
"AT5G25280","None","None","None","None","None","None","None","Up","None","None","None","None","None","None","None"
"AT5G25350","None","None","None","None","None","None","None","Up","None","None","None","None","None","None","None"
"AT5G25380","None","None","None","None","None","None","None","None","Up","None","None","None","None","None","None"
"AT5G25470","None","None","None","Up","None","None","None","None","None","None","None","None","None","None","None"
"AT5G25620","None","None","None","None","None","None","None","Down","None","None","None","None","None","None","None"
"AT5G25755","Up","None","None","None","Down","None","None","None","Down","None","None","None","None","None","None"
"AT5G25910","None","None","None","None","None","None","None","None","None","None","None","Up","None","None","None"
"AT5G25930","None","None","None","None","None","Down","None","None","Down","None","None","None","Up","None","None"
"AT5G25970","None","None","None","None","None","None","None","Down","None","Down","None","None","None","None","None"
"AT5G25980","None","Down","None","None","None","None","None","None","None","None","None","None","None","None","None"
"AT5G25995","None","None","None","None","None","None","None","Down","None","None","None","None","None","None","None"
"AT5G26080","None","Up","None","None","None","None","None","None","Up","None","None","None","None","None","None"
"AT5G26120","None","Up","None","None","None","None","None","None","None","None","None","None","None","None","None"
"AT5G26140","None","None","None","None","None","None","None","None","None","None","None","None","Up","None","None"
"AT5G26146","None","Up","None","None","None","None","None","None","None","Up","None","None","None","None","None"
"AT5G26170","None","Down","None","None","None","None","None","None","None","None","None","None","Up","None","None"
"AT5G26220","None","None","None","None","None","None","None","Down","None","None","None","None","None","None","None"
"AT5G26270","None","Up","None","None","None","None","None","None","None","None","None","None","None","None","None"
"AT5G26290","None","None","None","None","None","None","None","Down","None","None","None","None","None","None","None"
"AT5G26690","None","Up","None","Up","None","None","Up","None","None","None","None","None","None","None","None"
"AT5G26790","None","None","None","None","None","None","None","Down","Up","None","None","None","None","None","None"
"AT5G26920","None","None","None","None","None","Down","None","None","Down","None","None","None","Up","None","None"
"AT5G27030","None","None","Down","Down","None","None","None","None","Down","None","None","None","Up","None","None"
"AT5G27420","None","None","None","None","None","Down","None","None","Down","None","None","Up","Up","None","None"
"AT5G27550","Up","None","None","None","None","None","None","None","None","None","None","None","None","None","None"
"AT5G27760","None","None","None","None","None","None","None","None","Down","None","None","None","Up","None","None"
"AT5G27920","None","None","None","None","None","None","None","None","None","None","Up","None","None","None","None"
"AT5G27940","None","None","Down","None","None","None","None","None","None","None","None","None","Up","None","None"
"AT5G28237","None","None","None","None","None","None","Down","None","None","None","None","None","None","None","None"
"AT5G28370","None","Up","None","None","None","None","None","None","None","None","None","None","None","None","None"
"AT5G28510","None","Up","Up","None","None","None","None","None","None","None","None","None","None","None","None"
"AT5G28520","Up","None","Up","None","None","None","None","None","None","None","None","None","None","None","None"
"AT5G28610","None","None","None","Down","None","Down","None","None","Down","None","None","None","Up","None","None"
"AT5G28630","None","None","None","Down","Down","Down","Down","None","Down","None","None","None","Up","None","None"
"AT5G28770","None","None","None","Down","None","None","None","None","None","None","None","None","None","None","None"
"AT5G28910","None","None","None","None","None","None","None","None","Up","None","None","None","None","None","None"
"AT5G28919","None","None","None","None","None","None","None","None","None","Up","None","None","Down","None","None"
"AT5G28960","None","Up","None","None","None","None","None","None","None","None","None","None","None","None","None"
"AT5G33355","None","Up","None","Down","Down","None","None","None","Down","None","None","None","None","None","None"
"AT5G33390","None","Up","None","None","None","None","None","None","None","None","None","None","None","None","None"
"AT5G33399","None","Down","None","None","None","None","None","None","None","None","None","None","Up","None","None"
"AT5G34780","None","Up","None","None","None","None","None","None","None","None","None","None","None","None","None"
"AT5G34850","Up","None","None","None","None","None","None","None","None","None","None","None","None","None","None"
"AT5G35480","None","Down","None","Up","None","None","Up","None","None","None","None","None","None","None","None"
"AT5G35490","None","Down","None","None","None","None","None","Down","None","None","None","None","None","None","None"
"AT5G35660","None","Up","None","None","None","None","None","None","None","None","None","None","None","None","None"
"AT5G35940","None","None","Up","None","None","None","None","None","None","None","None","None","None","None","None"
"AT5G36120","None","None","None","None","None","None","None","Down","None","None","None","None","None","None","None"
"AT5G36130","None","Up","None","None","None","Up","None","None","None","None","None","None","None","None","None"
"AT5G36150","None","Up","None","None","None","None","None","None","None","None","None","None","None","None","None"
"AT5G36710","None","None","None","None","None","None","None","None","None","None","None","None","Down","None","None"
"AT5G36800","None","None","None","None","None","None","None","None","None","Down","None","None","Down","None","None"
"AT5G36870","None","None","None","None","None","None","None","None","Down","None","None","None","None","None","None"
"AT5G36907","None","None","Up","None","None","None","None","None","None","None","Up","Up","None","None","None"
"AT5G36925","None","None","Up","None","None","None","Down","Up","Down","None","Up","Up","Up","None","None"
"AT5G37010","None","None","None","None","None","None","None","None","None","Down","None","None","None","None","None"
"AT5G37210","None","None","None","None","None","None","None","None","None","None","Up","None","None","None","None"
"AT5G37300","None","None","None","Up","None","None","None","None","Up","None","None","None","Down","None","None"
"AT5G37450","None","Down","None","None","None","None","None","None","None","None","None","None","None","None","None"
"AT5G37490","None","None","None","None","None","None","None","Down","None","None","None","None","Up","None","None"
"AT5G37550","None","None","None","None","None","None","None","Down","None","None","None","None","None","None","None"
"AT5G37690","None","None","None","None","None","None","None","Down","Up","None","None","None","None","None","None"
"AT5G37710","None","None","None","None","None","None","None","Up","None","None","None","None","None","None","None"
"AT5G37770","None","None","Up","None","Down","None","None","None","None","None","None","None","None","None","None"
"AT5G37800","None","None","None","None","None","None","None","None","None","None","None","None","Down","None","None"
"AT5G37940","None","Up","None","None","None","None","Up","None","None","None","None","None","None","None","None"
"AT5G37950","None","None","None","None","None","None","None","Down","None","None","None","None","Up","None","None"
"AT5G37980","None","None","None","None","None","Up","Up","Down","Up","None","None","None","None","None","None"
"AT5G37990","None","None","None","Up","None","None","Up","Down","Up","None","None","None","None","None","None"
"AT5G38000","None","None","None","None","None","None","Up","Down","Up","None","None","None","None","None","None"
"AT5G38005","None","Up","None","None","None","None","None","None","None","None","None","None","None","None","None"
"AT5G38020","None","None","None","Up","None","Up","None","Down","Up","None","None","None","None","None","None"
"AT5G38030","None","None","None","None","None","None","None","None","Up","None","None","None","None","None","None"
"AT5G38120","None","None","None","None","Up","None","None","None","None","None","None","None","None","None","None"
"AT5G38240","None","None","None","Up","None","None","None","None","None","None","None","None","None","None","None"
"AT5G38300","None","None","None","None","None","None","None","None","None","None","None","None","Down","None","None"
"AT5G38430","None","None","None","None","None","None","None","Down","None","None","None","None","None","None","None"
"AT5G38450","None","None","None","None","None","None","None","Down","None","None","None","None","None","None","None"
"AT5G38565","None","None","None","None","None","None","None","Down","None","None","None","None","None","None","None"
"AT5G38650","None","None","None","None","None","None","None","None","None","None","None","None","Up","None","None"
"AT5G38700","None","None","None","Up","None","None","None","None","None","None","None","None","None","None","None"
"AT5G38747","None","None","None","None","None","None","None","Up","None","None","None","None","None","None","None"
"AT5G38790","None","None","None","Up","None","None","None","None","Up","None","None","None","None","None","None"
"AT5G38820","None","None","None","Up","None","Up","None","None","Up","None","None","None","Down","None","None"
"AT5G38900","None","None","None","Up","None","None","Up","None","None","None","None","None","None","None","None"
"AT5G38930","None","None","None","None","None","None","Down","Down","None","Down","None","None","None","None","None"
"AT5G38940","None","None","None","None","None","None","Down","None","None","None","None","None","None","None","None"
"AT5G39020","None","None","None","None","None","Down","None","None","Down","None","None","None","Up","None","None"
"AT5G39150","None","Up","None","None","None","None","None","None","None","None","None","None","None","None","None"
"AT5G39420","None","None","Down","None","None","None","None","None","None","None","None","None","None","None","None"
"AT5G39580","None","None","None","None","None","Down","None","None","Down","None","Up","None","None","None","None"
"AT5G39610","None","None","None","None","None","None","None","Up","Down","None","None","Up","None","None","None"
"AT5G39670","None","None","None","None","None","Down","None","Down","Down","None","None","None","Up","None","None"
"AT5G39720","None","None","None","None","None","None","None","None","None","None","None","Up","None","None","None"
"AT5G39760","None","None","None","None","None","None","None","Down","None","None","None","None","None","None","None"
"AT5G39860","None","None","None","None","Up","None","Up","None","None","None","None","None","None","None","None"
"AT5G40000","None","None","None","Up","None","None","None","None","None","None","None","None","None","None","None"
"AT5G40010","None","None","None","None","None","None","None","None","None","None","None","None","Up","None","None"
"AT5G40090","None","None","Down","Down","None","None","None","None","None","None","None","None","Up","None","None"
"AT5G40100","None","None","None","Down","None","None","None","None","None","None","None","None","None","None","None"
"AT5G40320","None","None","None","None","None","None","None","None","None","None","None","None","Down","None","None"
"AT5G40390","None","None","None","None","None","None","None","Down","None","None","None","None","None","None","None"
"AT5G40420","None","Up","None","None","None","Down","None","None","None","None","None","None","None","None","None"
"AT5G40460","None","None","None","None","None","None","None","Down","Down","None","None","None","None","None","None"
"AT5G40590","None","None","None","None","None","None","None","None","None","Up","None","None","None","None","None"
"AT5G40630","None","None","Up","None","None","None","None","None","None","None","None","None","None","None","None"
"AT5G40700","Up","None","None","None","None","None","None","None","None","None","None","None","None","None","None"
"AT5G40780","None","None","None","None","None","None","None","None","Down","None","None","None","None","None","None"
"AT5G40790","None","Up","None","Up","None","None","None","None","None","None","None","None","None","None","None"
"AT5G40800","None","Up","Up","Up","Up","Up","Up","None","Up","None","None","None","Down","None","None"
"AT5G40830","None","None","None","None","None","None","None","Down","None","None","None","None","None","None","None"
"AT5G40840","None","Down","Down","Down","None","Down","None","None","Down","None","None","None","Up","None","None"
"AT5G41025","None","Up","None","None","None","None","None","None","None","None","None","None","None","None","None"
"AT5G41080","None","None","None","Down","None","Down","None","None","Down","None","None","None","None","None","None"
"AT5G41290","None","Up","None","None","None","None","None","None","None","None","None","None","None","None","None"
"AT5G41300","None","Up","None","None","None","None","None","None","None","None","None","None","None","None","None"
"AT5G41315","None","None","None","None","None","None","Down","None","None","None","None","None","None","None","None"
"AT5G41380","None","None","None","None","None","Up","None","None","Up","None","None","None","None","None","None"
"AT5G41410","None","None","None","None","None","None","None","Down","None","None","None","None","None","None","None"
"AT5G41460","None","None","None","None","None","Up","None","Down","Up","Down","None","None","None","None","None"
"AT5G41550","None","None","None","None","None","Down","None","None","Down","None","None","None","Up","None","None"
"AT5G41740","None","None","None","Down","Down","Down","Down","None","Down","None","None","None","Up","None","None"
"AT5G41750","None","None","None","None","None","Down","None","None","Down","None","None","None","Up","None","None"
"AT5G41761","None","None","None","None","None","Down","None","None","None","None","None","None","None","None","None"
"AT5G41780","None","Up","None","None","Down","None","None","None","None","None","None","None","None","None","None"
"AT5G41830","None","Up","None","None","None","None","None","None","None","None","None","None","None","None","None"
"AT5G41860","None","None","None","None","None","None","Up","None","None","Up","None","None","None","None","None"
"AT5G41900","None","None","None","Up","None","None","None","None","None","None","None","None","None","None","None"
"AT5G42040","None","None","Down","None","None","None","None","None","None","None","None","None","Up","None","None"
"AT5G42210","None","Down","Down","None","None","None","None","None","None","None","None","None","Up","None","None"
"AT5G42235","None","Up","None","None","None","None","None","None","None","None","None","None","None","None","None"
"AT5G42325","None","Down","None","None","None","None","None","None","None","None","None","None","None","None","None"
"AT5G42330","Up","None","None","None","None","None","None","None","None","None","None","None","None","None","None"
"AT5G42370","Up","None","None","None","None","None","None","None","None","None","None","None","None","None","None"
"AT5G42380","None","None","Up","None","None","None","None","None","None","None","None","Up","Up","None","None"
"AT5G42510","None","None","None","None","None","None","None","None","None","None","Up","Up","None","None","None"
"AT5G42530","None","None","None","Up","Up","None","Up","None","None","None","None","None","None","None","None"
"AT5G42580","None","None","Up","Up","None","Up","None","Up","Up","Up","None","None","Down","None","None"
"AT5G42590","None","None","Up","None","None","Up","None","None","Up","Up","None","None","Down","None","None"
"AT5G42600","None","Up","None","None","None","None","None","None","None","None","None","None","None","None","None"
"AT5G42700","Up","None","None","None","Down","Down","Down","None","None","None","None","None","None","None","None"
"AT5G42720","None","None","None","None","None","None","None","None","Up","None","None","None","None","None","None"
"AT5G42760","None","None","None","None","Down","None","None","Down","None","None","None","None","None","None","None"
"AT5G42800","None","None","None","Up","None","None","Up","Down","Up","Down","None","None","None","None","None"
"AT5G42825","None","None","None","Down","Down","None","Down","Down","None","None","None","None","None","None","None"
"AT5G42830","None","None","None","None","None","None","Up","None","None","None","None","None","None","None","None"
"AT5G42840","None","None","None","None","None","None","None","Down","None","None","None","None","None","None","None"
"AT5G42900","None","None","None","None","None","None","None","Up","None","None","None","None","None","None","None"
"AT5G42930","None","None","Up","None","None","None","None","None","None","None","None","None","None","None","None"
"AT5G43170","None","None","None","Down","None","None","Down","None","Down","None","None","None","Up","None","None"
"AT5G43250","None","None","None","None","None","None","None","Down","None","None","None","None","None","None","None"
"AT5G43290","None","None","None","None","None","None","None","Up","None","None","None","None","None","None","None"
"AT5G43350","None","None","None","None","None","None","Up","None","None","None","None","None","None","None","None"
"AT5G43380","None","None","None","None","None","None","Down","Down","None","None","None","None","None","None","None"
"AT5G43420","None","None","None","None","None","None","None","Down","None","None","None","None","None","None","None"
"AT5G43450","None","None","None","None","None","None","None","None","None","Up","None","None","None","None","None"
"AT5G43490","Down","None","None","None","None","None","None","None","None","None","None","None","Down","None","None"
"AT5G43520","None","None","None","Down","None","Down","None","None","Down","None","None","None","None","None","None"
"AT5G43530","None","None","None","None","None","None","None","None","None","Down","None","None","None","None","None"
"AT5G43650","None","None","None","None","None","None","None","None","None","None","None","Up","None","None","None"
"AT5G43660","Up","None","None","None","None","None","None","None","None","None","None","None","None","None","None"
"AT5G43840","None","Up","Up","Up","None","None","Up","Up","None","None","None","None","Down","None","None"
"AT5G43860","None","None","None","None","Up","None","None","None","None","None","None","None","None","None","None"
"AT5G43870","None","None","None","None","None","None","None","Down","None","None","None","None","None","None","None"
"AT5G43890","None","None","Up","None","None","Down","None","Down","None","None","None","None","None","None","None"
"AT5G43980","None","None","None","Up","Up","Up","Up","None","None","None","None","None","None","None","None"
"AT5G44110","None","None","None","None","None","None","None","Down","None","None","None","None","None","None","None"
"AT5G44120","None","Up","Down","Down","None","Down","None","None","Down","None","None","None","None","None","None"
"AT5G44260","None","None","None","None","Up","Down","None","Up","None","None","None","None","None","None","None"
"AT5G44306","None","Down","None","None","None","None","None","None","None","None","None","None","None","None","None"
"AT5G44310","None","Up","None","None","Down","Down","None","None","None","None","None","None","None","None","None"
"AT5G44380","None","None","None","None","None","None","None","None","Down","None","None","None","None","None","None"
"AT5G44390","None","None","None","Up","None","None","None","Down","None","None","None","None","None","None","None"
"AT5G44400","None","None","None","None","None","None","None","Down","Up","Down","None","None","None","None","None"
"AT5G44420","Up","None","None","None","None","None","None","None","None","None","None","None","None","None","None"
"AT5G44440","None","None","None","None","None","Up","None","Up","Up","None","None","None","None","None","None"
"AT5G44560","Up","None","None","None","None","None","None","None","None","None","None","None","None","None","None"
"AT5G44568","None","None","Up","None","None","None","None","None","None","None","None","None","Up","None","None"
"AT5G44585","None","Up","None","None","None","None","None","None","Down","None","None","None","None","None","None"
"AT5G44590","None","Up","None","None","None","None","None","None","None","None","None","None","None","None","None"
"AT5G44610","None","None","None","None","None","None","None","None","None","None","Up","None","None","None","None"
"AT5G44620","None","None","None","None","None","None","Down","None","None","None","None","None","None","None","None"
"AT5G44635","None","None","None","None","None","None","None","Down","None","None","None","None","None","None","None"
"AT5G44680","None","None","None","None","None","None","Up","None","None","None","None","None","None","None","None"
"AT5G44820","None","None","None","Up","None","None","Up","None","None","None","None","None","None","None","None"
"AT5G44910","None","None","None","None","None","None","Down","None","None","None","None","None","None","None","None"
"AT5G44990","None","None","None","None","None","None","None","None","None","None","None","None","Up","None","None"
"AT5G45000","None","None","None","None","None","None","Up","None","None","None","None","None","None","None","None"
"AT5G45080","None","None","None","Up","None","None","None","None","None","None","None","None","None","None","None"
"AT5G45095","None","None","None","None","None","Up","None","None","None","None","None","None","None","None","None"
"AT5G45150","Up","None","None","None","None","None","None","None","None","None","None","None","None","None","None"
"AT5G45180","None","Up","None","None","None","None","None","None","None","None","None","None","None","None","None"
"AT5G45310","None","None","None","None","None","Down","None","Up","None","None","None","None","None","None","None"
"AT5G45340","None","None","Up","Down","Down","Down","Down","None","Down","None","None","None","Up","None","None"
"AT5G45400","None","Down","Down","None","None","None","None","None","None","None","None","None","Up","None","None"
"AT5G45475","None","None","None","None","None","None","None","None","Down","None","None","None","None","None","None"
"AT5G45630","None","None","Up","None","None","None","None","None","None","None","None","Up","None","None","None"
"AT5G45650","None","None","None","None","None","None","None","Down","None","Down","None","None","None","None","None"
"AT5G45700","None","None","None","None","None","None","None","None","None","Down","None","None","Down","None","None"
"AT5G45830","None","Up","None","None","None","None","None","Up","None","None","None","None","None","None","None"
"AT5G45850","None","None","None","Up","None","Up","None","Down","Up","None","None","None","None","None","None"
"AT5G45950","None","None","None","None","None","None","None","None","Up","None","None","None","None","None","None"
"AT5G45990","None","Down","None","None","None","None","None","None","None","None","None","None","None","None","None"
"AT5G46040","None","None","None","Down","None","None","None","None","None","None","None","None","None","None","None"
"AT5G46130","None","Up","None","None","None","None","None","None","None","None","None","None","None","None","None"
"AT5G46140","None","None","None","Up","None","Up","None","Down","Up","None","None","None","None","None","None"
"AT5G46295","None","None","None","None","None","None","None","Up","None","None","None","None","Up","None","None"
"AT5G46330","None","None","None","None","Up","None","Up","None","None","Up","None","None","None","None","None"
"AT5G46500","None","None","None","None","Down","None","None","None","Down","None","None","None","None","None","None"
"AT5G46600","None","None","None","None","None","None","None","Down","None","None","None","None","None","None","None"
"AT5G46610","None","Up","None","None","None","None","None","None","None","None","None","None","None","None","None"
"AT5G46710","None","None","None","None","None","Down","None","None","Down","None","None","None","Up","None","None"
"AT5G46780","None","None","None","None","None","None","None","None","None","None","None","None","Up","None","None"
"AT5G46830","None","None","None","Up","None","Up","None","None","Up","None","None","None","None","None","None"
"AT5G46890","None","None","None","Down","None","None","None","Up","None","None","None","None","None","None","None"
"AT5G46900","None","None","None","Down","None","None","None","None","None","None","None","None","None","None","None"
"AT5G46960","None","Up","None","None","None","None","None","None","None","None","None","None","None","None","None"
"AT5G47000","None","Down","None","None","None","None","None","None","None","None","None","None","None","None","None"
"AT5G47070","None","None","None","None","None","None","None","None","None","None","None","None","Up","None","None"
"AT5G47130","None","None","None","None","None","None","None","None","None","Down","None","None","None","None","None"
"AT5G47220","None","None","None","Down","None","Down","Down","None","Down","None","None","Up","Up","None","None"
"AT5G47230","None","None","None","Down","None","Down","None","None","Down","None","None","None","Up","None","None"
"AT5G47330","None","None","Up","None","None","None","None","None","None","None","None","None","None","None","None"
"AT5G47450","None","None","None","None","None","None","None","Up","None","Up","None","None","None","None","None"
"AT5G47500","None","None","None","None","None","Down","None","None","None","None","None","None","Down","None","None"
"AT5G47530","None","None","Up","None","None","None","None","None","None","None","None","None","None","None","None"
"AT5G47590","None","None","None","None","None","None","None","None","None","Up","None","None","None","None","None"
"AT5G47740","None","None","None","None","None","None","None","None","None","None","None","Up","None","None","None"
"AT5G47850","None","None","None","None","None","None","None","None","None","None","None","None","Up","None","None"
"AT5G47980","None","None","Up","None","None","Up","None","None","Up","None","None","None","None","None","None"
"AT5G47990","None","None","Up","None","None","Up","None","None","Up","None","None","None","None","None","None"
"AT5G48000","None","None","None","Up","None","Up","Up","None","Up","None","None","None","None","None","None"
"AT5G48010","None","None","Up","Up","None","Up","None","None","Up","None","None","None","None","None","None"
"AT5G48020","None","Down","Down","None","None","None","None","None","Down","None","None","None","Up","None","None"
"AT5G48070","None","None","Up","Up","None","None","None","Down","None","None","None","None","None","None","None"
"AT5G48100","None","Up","None","None","None","None","None","None","None","None","None","None","None","None","None"
"AT5G48110","None","None","None","None","None","None","Down","None","None","None","None","None","None","None","None"
"AT5G48310","Up","None","None","None","Down","Down","None","None","None","None","None","None","Down","None","None"
"AT5G48400","None","None","None","None","None","None","None","Down","None","None","None","Up","Up","None","None"
"AT5G48410","None","None","None","None","None","None","None","None","None","None","None","Up","None","None","None"
"AT5G48430","None","None","None","None","None","None","None","Down","None","None","None","None","None","None","None"
"AT5G48485","None","None","None","Up","None","Up","None","Up","Up","None","None","None","None","None","None"
"AT5G48490","None","None","None","None","None","Up","None","None","Up","Down","None","None","None","None","None"
"AT5G48570","None","None","Up","None","None","None","None","None","None","None","None","None","None","None","None"
"AT5G48710","None","Down","None","None","None","None","None","None","None","None","None","None","None","None","None"
"AT5G48720","None","Down","Down","Down","Down","Down","Down","None","Down","None","None","None","Up","None","None"
"AT5G48850","None","None","None","None","None","None","None","Down","None","None","None","None","None","None","None"
"AT5G48880","None","None","None","None","None","Up","None","Down","Up","Down","None","None","None","None","None"
"AT5G48940","None","None","None","None","None","None","None","None","None","None","None","None","None","Down","None"
"AT5G49110","None","Down","Down","None","None","None","None","None","Down","None","None","None","Up","None","None"
"AT5G49138","None","Up","None","None","None","None","None","None","None","None","None","None","None","None","None"
"AT5G49150","None","None","None","None","None","None","None","None","None","None","None","None","Down","None","None"
"AT5G49330","None","None","None","None","None","None","None","Down","None","Up","None","None","None","None","None"
"AT5G49360","None","None","None","Down","None","Down","None","Up","Down","None","None","None","None","None","None"
"AT5G49450","None","None","None","Down","None","Down","None","Up","Down","None","None","None","None","None","None"
"AT5G49480","None","Down","Down","None","None","None","Down","None","Down","None","None","None","Up","None","None"
"AT5G49520","None","None","None","None","None","None","None","None","Down","None","None","Up","Up","None","None"
"AT5G49620","None","None","None","None","None","None","None","None","Down","None","None","None","None","None","None"
"AT5G49690","None","None","None","None","None","None","None","None","None","None","Up","Up","None","None","None"
"AT5G49700","None","None","None","None","None","Down","None","None","Down","None","None","None","None","None","None"
"AT5G49730","None","None","None","None","None","None","None","None","None","Down","None","None","None","None","None"
"AT5G49770","None","None","None","None","None","None","None","None","Down","None","None","None","None","None","None"
"AT5G49780","None","None","None","None","None","None","Down","Down","None","None","None","None","None","None","None"
"AT5G49910","None","None","None","None","None","None","None","Down","None","None","None","None","None","None","None"
"AT5G50175","None","None","None","None","None","None","None","Up","None","None","None","None","None","None","None"
"AT5G50335","None","None","None","Up","Up","None","None","None","None","None","None","None","None","None","None"
"AT5G50360","None","Up","None","None","None","None","None","None","None","None","None","Up","Down","None","None"
"AT5G50450","None","None","None","Down","None","None","Down","None","None","None","None","None","None","None","None"
"AT5G50680","None","None","None","None","None","None","Up","None","None","None","None","Up","None","None","None"
"AT5G50700","None","Up","None","None","None","None","None","None","None","None","None","None","None","None","None"
"AT5G50710","None","None","None","None","None","None","None","Down","None","None","None","None","None","None","None"
"AT5G50760","None","None","None","None","None","None","None","None","None","None","None","Up","None","None","None"
"AT5G50770","None","Down","Down","None","None","None","None","None","None","None","None","None","None","None","None"
"AT5G50790","None","Down","None","None","None","None","None","None","None","None","None","None","None","None","None"
"AT5G50800","None","None","None","Up","None","Up","None","Down","Up","None","None","None","None","None","None"
"AT5G50890","Up","None","None","None","None","None","None","None","None","None","None","None","None","None","None"
"AT5G50915","None","None","None","None","None","None","None","None","None","Down","None","None","None","None","None"
"AT5G50950","None","None","None","None","None","None","None","Down","Up","None","None","None","None","None","None"
"AT5G51030","None","None","None","None","None","Up","None","None","Up","None","None","None","None","None","None"
"AT5G51060","None","None","None","None","None","None","Down","None","None","None","Up","None","None","None","None"
"AT5G51160","None","None","None","None","None","None","Up","Up","None","Up","None","None","None","None","None"
"AT5G51190","None","Down","None","Down","Down","Down","Down","None","Down","Down","None","None","Up","None","None"
"AT5G51330","None","Down","None","None","None","None","None","None","None","None","None","None","None","None","None"
"AT5G51380","Up","None","None","None","None","None","None","None","None","None","None","None","None","None","None"
"AT5G51390","None","None","None","None","None","None","None","Up","None","None","None","None","None","None","None"
"AT5G51440","None","None","None","None","None","None","None","Down","None","None","None","None","Up","None","None"
"AT5G51470","None","None","None","None","None","None","None","None","Up","None","None","None","None","None","None"
"AT5G51480","None","Down","None","None","None","None","None","None","None","None","None","None","None","None","None"
"AT5G51500","None","Up","None","None","None","None","None","None","None","None","None","None","None","None","None"
"AT5G51520","None","Up","None","None","None","None","None","None","None","None","None","None","None","None","None"
"AT5G51580","None","Down","Down","Down","None","Down","None","None","Down","None","None","None","Up","None","None"
"AT5G51585","None","Down","Down","None","None","None","None","None","Down","None","None","None","Up","None","None"
"AT5G51600","Up","None","None","None","Down","Down","None","None","None","Down","None","None","None","None","None"
"AT5G51720","None","None","None","None","None","None","None","Down","None","None","None","None","None","None","None"
"AT5G51730","None","None","Down","None","None","None","None","None","None","None","None","None","Up","None","None"
"AT5G51790","None","None","None","None","None","None","None","Up","None","None","None","None","None","None","None"
"AT5G51810","None","None","None","None","None","None","None","Up","None","None","None","None","None","None","None"
"AT5G51930","None","None","None","Down","None","None","None","None","None","None","None","None","None","None","None"
"AT5G52050","None","None","Up","None","None","Down","Down","None","None","None","None","None","None","None","None"
"AT5G52170","None","None","None","None","None","None","None","Down","None","None","None","None","None","None","None"
"AT5G52220","None","None","None","Up","None","None","Up","Down","Up","None","None","None","None","None","None"
"AT5G52250","None","None","None","None","None","None","Down","None","None","None","None","None","None","None","None"
"AT5G52260","None","None","None","None","None","None","None","Up","None","None","None","None","None","None","None"
"AT5G52300","None","Up","None","None","None","None","None","None","None","None","None","None","None","None","None"
"AT5G52310","None","None","Up","None","Up","None","None","None","None","Up","None","None","None","None","None"
"AT5G52320","None","None","Down","None","None","None","None","Down","None","None","None","None","None","None","None"
"AT5G52330","None","None","None","None","None","None","None","None","None","None","None","Up","None","None","None"
"AT5G52390","None","None","None","None","None","None","None","Down","None","None","None","None","None","None","None"
"AT5G52570","None","None","None","Up","None","None","None","None","None","None","None","None","None","None","None"
"AT5G52600","None","None","None","None","None","None","None","Down","None","None","None","None","None","None","None"
"AT5G52750","None","Down","None","None","None","Down","None","None","Down","None","None","None","Up","None","None"
"AT5G52760","None","None","None","Up","None","None","None","None","None","None","None","None","Up","None","None"
"AT5G52810","None","None","None","Up","None","None","None","None","None","None","None","None","None","None","None"
"AT5G52900","None","None","None","None","Up","None","Up","Up","None","None","None","None","None","None","None"
"AT5G52930","None","None","None","None","Up","Up","Up","None","None","None","None","None","None","None","None"
"AT5G52940","None","None","None","None","Up","None","Up","None","None","None","None","None","None","None","None"
"AT5G53048","None","None","None","Up","None","Up","None","None","Up","None","None","None","None","None","None"
"AT5G53200","None","None","None","None","Down","None","None","None","None","None","None","None","None","None","None"
"AT5G53230","None","None","None","Up","None","Up","Up","None","None","None","None","None","None","None","None"
"AT5G53240","None","None","None","None","None","None","None","None","None","None","None","None","Up","None","None"
"AT5G53250","None","None","None","None","None","None","Down","None","None","None","None","None","None","None","None"
"AT5G53290","None","None","None","None","None","None","None","Down","None","None","None","None","None","None","None"
"AT5G53380","None","Down","None","None","None","None","None","None","None","None","None","None","None","None","None"
"AT5G53390","None","None","None","Up","None","None","None","None","Up","None","None","None","None","None","None"
"AT5G53420","None","None","None","None","None","None","None","Down","None","None","None","None","None","None","None"
"AT5G53450","None","None","None","None","None","Up","None","None","Up","None","None","None","None","None","None"
"AT5G53660","None","None","Down","None","None","None","None","None","None","None","None","None","None","None","None"
"AT5G53710","None","None","None","Up","None","None","None","None","None","None","None","None","None","None","None"
"AT5G53740","None","Down","None","None","None","None","None","None","None","None","None","None","None","None","None"
"AT5G53820","None","None","None","Up","None","None","Up","None","None","None","None","None","None","None","None"
"AT5G53870","None","None","None","Up","Up","None","Up","None","None","None","None","None","None","None","None"
"AT5G53950","None","None","None","None","None","None","None","Down","None","Down","None","None","None","None","None"
"AT5G53980","None","None","None","None","None","None","None","Up","None","None","None","None","None","None","None"
"AT5G54030","None","None","None","None","Down","None","Down","Down","Down","None","None","None","None","None","None"
"AT5G54040","None","None","None","None","None","None","Down","Down","None","None","None","None","None","None","None"
"AT5G54043","None","None","None","None","None","None","None","None","None","None","None","Up","None","None","None"
"AT5G54060","None","None","None","None","None","None","None","Down","Up","Down","None","None","None","None","None"
"AT5G54080","None","None","None","None","None","None","None","Up","None","None","None","None","None","None","None"
"AT5G54130","None","None","None","None","Down","None","None","Down","None","None","None","None","None","None","None"
"AT5G54148","None","Down","None","None","None","None","None","None","None","None","None","None","Up","None","None"
"AT5G54230","None","None","None","None","None","None","None","Up","None","None","Up","Up","None","None","None"
"AT5G54280","None","None","None","None","None","None","None","Up","None","None","None","None","None","None","None"
"AT5G54470","None","None","None","None","None","None","None","Down","None","Up","None","None","None","None","None"
"AT5G54490","None","None","Up","None","None","None","None","None","None","None","None","None","Up","None","None"
"AT5G54510","None","None","None","None","None","None","None","Up","None","None","None","None","None","None","None"
"AT5G54570","None","None","None","None","None","None","None","Down","None","None","None","None","None","None","None"
"AT5G54585","None","None","Up","Up","Up","None","Up","Up","None","None","None","None","Down","None","None"
"AT5G54610","None","Up","None","Up","Up","Up","Up","None","Up","None","None","None","None","None","None"
"AT5G54710","None","None","None","None","None","Down","None","None","Down","None","None","None","Up","None","None"
"AT5G54720","None","None","None","None","None","Down","None","None","Down","None","None","None","Up","None","None"
"AT5G54740","Down","Up","None","None","None","None","None","None","None","None","None","None","None","None","None"
"AT5G54930","None","None","None","None","None","None","Down","None","None","None","None","None","None","None","None"
"AT5G55050","None","None","Up","None","None","None","None","None","None","None","None","None","None","None","None"
"AT5G55180","None","None","Up","None","None","None","None","None","None","None","None","None","None","None","None"
"AT5G55250","None","None","None","None","None","None","None","Up","None","None","None","None","None","None","None"
"AT5G55270","None","None","Down","Up","None","None","None","None","None","None","None","None","Up","None","None"
"AT5G55340","None","None","None","None","None","None","None","Down","None","None","None","None","None","None","None"
"AT5G55360","None","None","None","None","None","None","None","None","Up","None","None","None","None","None","None"
"AT5G55410","None","Up","None","None","None","None","None","None","None","None","None","None","None","None","None"
"AT5G55450","None","None","None","Up","None","None","None","None","None","None","None","None","None","None","None"
"AT5G55490","None","Down","Down","None","None","None","None","Down","None","None","None","None","Up","None","None"
"AT5G55520","None","None","None","None","None","None","None","None","None","None","None","None","Down","None","None"
"AT5G55650","None","None","None","Down","None","None","None","None","None","None","None","None","None","None","None"
"AT5G55680","None","None","None","None","None","None","None","None","None","None","None","None","Down","None","None"
"AT5G55830","None","None","Up","None","None","None","None","None","Up","None","None","None","Down","None","None"
"AT5G55970","None","None","None","None","None","None","None","Up","None","None","None","None","None","None","None"
"AT5G56010","None","None","None","None","None","None","None","Down","None","None","None","None","None","None","None"
"AT5G56050","None","None","None","None","None","None","None","Down","None","None","None","None","None","None","None"
"AT5G56080","None","Up","None","Up","Up","Up","None","Down","Up","None","Up","Up","None","None","None"
"AT5G56100","None","None","None","None","None","None","None","Up","None","None","None","None","None","None","None"
"AT5G56120","None","None","Up","None","None","None","None","None","Up","None","None","None","Down","None","None"
"AT5G56230","None","None","None","None","None","None","None","Up","None","None","None","None","None","None","None"
"AT5G56490","None","None","None","None","None","Up","None","None","Up","None","None","None","Down","None","None"
"AT5G56510","None","Down","None","None","None","None","None","None","None","None","None","None","Up","None","None"
"AT5G56550","None","None","None","Down","None","Down","None","None","Down","Down","None","None","None","None","None"
"AT5G56580","Up","None","None","None","None","None","None","None","None","None","None","None","None","None","None"
"AT5G56700","Up","None","None","None","None","None","None","Down","None","None","None","None","None","None","None"
"AT5G56780","None","None","Down","None","None","None","None","None","None","None","None","None","Up","None","None"
"AT5G56795","None","Up","None","None","None","Up","None","None","None","None","None","None","None","None","None"
"AT5G56840","None","None","None","None","None","None","None","Down","None","Down","None","None","None","None","None"
"AT5G56870","None","None","None","Down","None","Down","None","Up","Down","None","None","None","None","None","None"
"AT5G56960","None","None","None","None","None","None","None","None","Down","None","None","None","None","None","None"
"AT5G56970","None","None","None","None","None","None","None","None","Up","None","None","None","None","None","None"
"AT5G57010","None","None","None","None","None","None","None","None","None","Up","None","Up","None","None","None"
"AT5G57090","None","None","None","None","None","None","Down","None","None","None","None","None","None","None","None"
"AT5G57123","None","Down","None","None","None","None","None","Down","None","None","None","None","None","None","None"
"AT5G57190","None","None","None","None","None","None","Up","None","None","None","None","None","None","None","None"
"AT5G57220","None","None","None","Down","None","Down","None","None","Down","None","None","None","Up","None","None"
"AT5G57240","None","None","None","None","None","None","None","Up","None","None","None","None","None","None","None"
"AT5G57260","None","None","None","Down","None","None","None","None","None","None","None","None","None","None","None"
"AT5G57340","None","None","None","None","None","None","None","Up","None","None","None","None","None","None","None"
"AT5G57400","None","None","None","None","None","None","None","Up","None","None","None","None","None","None","None"
"AT5G57420","None","Up","None","None","None","None","None","None","None","None","None","None","None","None","None"
"AT5G57510","None","None","None","None","None","None","None","None","None","None","Up","Up","None","None","None"
"AT5G57530","None","None","None","None","None","None","None","None","Up","None","None","None","None","None","None"
"AT5G57540","None","None","None","None","None","None","None","None","Up","None","None","None","None","None","None"
"AT5G57550","None","None","None","None","Down","Down","None","None","Down","None","None","None","None","None","None"
"AT5G57560","None","None","None","Down","Down","Down","Down","None","Down","Down","None","None","Up","None","None"
"AT5G57640","None","None","None","Down","None","Down","None","None","Down","None","None","None","Up","None","None"
"AT5G57655","None","None","None","None","None","None","None","Up","Down","Up","None","None","None","None","None"
"AT5G57660","None","None","None","None","None","None","None","Up","None","None","None","None","None","None","None"
"AT5G57670","None","None","None","None","None","Up","None","None","None","None","None","None","None","None","None"
"AT5G57760","None","None","None","None","Up","None","None","None","None","Up","None","Up","None","None","None"
"AT5G57770","None","None","None","None","None","None","Down","None","None","None","None","None","None","None","None"
"AT5G57780","None","None","None","None","None","None","Up","None","None","None","None","None","None","None","None"
"AT5G57810","None","None","None","None","None","None","Up","None","None","None","None","None","None","None","None"
"AT5G58070","None","None","None","None","None","None","None","None","None","None","None","None","Up","None","None"
"AT5G58120","None","None","None","None","Down","None","None","None","None","None","None","None","None","None","None"
"AT5G58280","None","None","None","None","None","None","None","None","None","None","None","None","Down","None","None"
"AT5G58310","None","None","Down","None","None","None","None","Down","None","Down","None","None","None","None","None"
"AT5G58400","None","Down","Down","None","None","None","None","Down","None","None","None","None","Up","None","None"
"AT5G58500","None","None","None","Up","None","None","None","None","Up","None","None","None","None","None","None"
"AT5G58570","None","Down","None","None","None","None","None","None","None","None","None","None","None","None","None"
"AT5G58610","None","Down","Down","None","None","None","None","Down","None","None","None","None","Up","None","None"
"AT5G58670","None","None","None","None","None","None","Up","None","None","None","None","None","None","None","None"
"AT5G58680","Up","None","None","None","None","None","None","None","None","None","None","None","None","None","None"
"AT5G58760","None","None","None","None","None","None","Down","None","None","None","None","None","None","None","None"
"AT5G58770","None","None","None","Up","None","None","None","None","None","None","None","None","None","None","None"
"AT5G58780","None","None","None","Up","None","Up","None","Down","Up","None","None","None","None","None","None"
"AT5G58784","None","None","None","None","None","None","None","Up","None","None","None","None","None","None","None"
"AT5G58910","None","None","None","None","None","None","None","Down","None","None","None","None","None","None","None"
"AT5G59050","None","None","None","None","None","None","None","Down","None","None","None","None","None","None","None"
"AT5G59070","None","None","None","None","None","None","Up","None","None","None","None","None","None","None","None"
"AT5G59080","None","None","Up","None","None","None","None","Up","None","None","None","None","None","None","None"
"AT5G59130","None","None","None","None","None","None","None","Down","Up","None","None","None","None","None","None"
"AT5G59220","None","None","Up","Up","None","None","None","None","None","Up","None","None","None","None","None"
"AT5G59240","None","None","None","None","None","None","None","Down","None","None","None","None","None","None","None"
"AT5G59260","None","None","None","Down","None","None","None","None","Down","None","None","None","None","None","None"
"AT5G59310","None","Up","None","Up","None","None","None","None","None","None","None","None","None","None","None"
"AT5G59330","None","Down","Down","None","None","None","None","Down","None","Down","None","None","None","None","None"
"AT5G59390","None","None","Down","None","None","None","None","Down","None","Down","None","None","Up","None","None"
"AT5G59400","None","None","None","None","None","None","None","None","Down","None","None","None","None","None","None"
"AT5G59490","None","None","None","None","Up","None","None","None","None","None","Up","Up","None","None","None"
"AT5G59510","None","None","None","None","None","None","None","None","None","Up","None","None","None","None","None"
"AT5G59550","None","None","None","None","None","None","Down","None","None","None","None","None","None","None","None"
"AT5G59570","None","None","None","None","None","Down","Down","None","None","None","None","None","None","None","None"
"AT5G59590","None","None","Up","None","None","None","Down","None","None","None","None","None","None","None","None"
"AT5G59650","Up","None","None","None","None","None","None","None","None","None","None","None","None","None","None"
"AT5G59660","Up","None","None","None","None","None","None","None","None","None","None","None","None","None","None"
"AT5G59662","None","None","None","None","None","None","Up","None","None","None","None","None","None","None","None"
"AT5G59670","Up","None","None","Up","None","None","Up","None","None","None","None","None","None","None","None"
"AT5G59680","None","None","None","None","None","None","Up","None","None","None","None","None","None","None","None"
"AT5G59730","None","None","None","None","Down","None","Down","None","Down","None","None","None","None","None","None"
"AT5G59732","None","None","None","None","Down","Down","Down","None","None","None","None","None","None","None","None"
"AT5G59760","None","None","None","None","None","None","None","None","None","None","None","None","Down","None","None"
"AT5G59820","None","None","None","None","None","Down","Down","None","Down","None","Up","Up","Up","None","None"
"AT5G59845","None","None","None","None","None","None","Up","None","None","None","None","None","None","None","None"
"AT5G59920","None","None","None","None","None","None","None","Down","None","None","None","None","None","None","None"
"AT5G60100","None","None","None","None","None","None","Down","None","None","None","None","None","None","None","None"
"AT5G60142","None","None","None","Up","None","None","Up","None","None","None","None","None","None","None","None"
"AT5G60180","None","None","None","None","None","None","None","Down","None","None","None","None","None","None","None"
"AT5G60250","None","Down","Down","None","None","None","None","Down","Down","None","None","None","Up","None","None"
"AT5G60260","None","Up","None","None","None","None","None","None","None","None","None","None","Down","None","None"
"AT5G60310","None","None","None","None","None","Down","Down","None","None","None","None","None","None","None","None"
"AT5G60660","None","None","None","None","None","None","None","Up","None","None","None","None","None","None","None"
"AT5G60680","None","None","None","None","None","None","None","None","None","Down","None","None","None","None","None"
"AT5G60730","None","None","None","None","Up","None","None","None","None","None","None","None","None","None","None"
"AT5G60780","None","None","None","None","None","None","None","Down","None","Down","None","None","None","None","None"
"AT5G60890","None","None","None","None","None","None","None","Down","None","None","None","None","None","None","None"
"AT5G60900","None","None","None","Up","Up","None","Up","Down","Up","None","None","None","None","None","None"
"AT5G61000","None","None","None","None","None","None","None","Down","None","None","None","None","None","None","None"
"AT5G61070","None","None","None","Up","Up","None","Up","None","Up","None","None","None","None","None","None"
"AT5G61160","None","Down","Down","None","None","None","None","Down","Down","None","None","None","Up","None","None"
"AT5G61270","None","None","None","None","None","None","None","Down","None","None","None","None","None","None","None"
"AT5G61280","None","None","None","None","Up","None","Up","None","None","None","None","None","None","None","None"
"AT5G61290","None","None","None","None","None","None","None","Down","None","Down","None","None","None","None","None"
"AT5G61420","None","None","None","None","None","None","None","Down","None","None","None","None","None","None","None"
"AT5G61430","None","None","None","None","None","None","None","None","Up","None","None","None","None","None","None"
"AT5G61440","None","None","None","Down","None","Down","None","None","None","Down","None","None","None","None","None"
"AT5G61490","None","None","None","None","None","Up","None","None","None","None","None","None","None","None","None"
"AT5G61590","None","None","None","Down","None","Down","None","None","None","Down","None","None","None","None","None"
"AT5G61600","None","None","None","Down","Down","Down","Down","None","Down","None","None","None","Up","None","None"
"AT5G61610","None","None","None","None","None","Down","None","None","Down","None","None","None","None","None","None"
"AT5G61650","None","None","None","None","None","None","Down","None","None","None","None","None","None","None","None"
"AT5G61740","None","Down","Down","None","None","None","None","Down","None","None","None","None","Up","None","None"
"AT5G61810","None","None","None","None","None","None","None","Down","None","None","None","None","None","None","None"
"AT5G61890","None","Down","None","None","None","None","None","Down","None","None","None","None","Up","None","None"
"AT5G62020","None","None","None","None","None","Down","None","None","None","None","None","None","None","None","None"
"AT5G62140","None","None","None","None","None","None","None","Down","None","None","None","None","None","None","None"
"AT5G62210","None","None","None","None","None","Up","None","Down","None","Down","None","None","None","None","None"
"AT5G62240","Up","None","None","None","None","None","None","None","None","None","None","None","None","None","None"
"AT5G62280","None","None","None","None","Up","None","None","Up","None","None","None","None","None","None","None"
"AT5G62330","None","Up","None","None","None","None","None","None","None","None","None","None","Down","None","None"
"AT5G62340","None","None","None","Down","None","None","None","None","None","None","None","None","None","None","None"
"AT5G62360","None","None","None","None","Up","None","None","None","None","None","None","None","None","None","None"
"AT5G62380","None","None","None","None","None","None","None","Down","None","None","None","None","None","None","None"
"AT5G62420","None","Up","None","None","None","None","None","None","Up","None","None","None","Down","None","None"
"AT5G62470","None","None","None","None","None","None","Down","None","None","None","None","None","None","None","None"
"AT5G62480","None","None","None","None","None","None","Up","None","None","None","None","None","None","None","None"
"AT5G62490","None","Up","None","None","None","None","None","None","None","None","None","None","None","None","None"
"AT5G62520","None","None","None","None","None","None","None","None","None","None","None","Up","None","None","None"
"AT5G62550","None","None","None","None","None","None","None","None","Up","None","None","None","None","None","None"
"AT5G62730","None","None","None","None","None","None","None","Down","None","None","None","None","None","None","None"
"AT5G62920","None","None","None","None","None","None","None","Down","None","None","None","None","None","None","None"
"AT5G63087","None","None","None","None","None","None","None","Down","None","None","None","None","None","None","None"
"AT5G63090","Up","None","None","None","None","None","None","None","None","None","None","None","None","None","None"
"AT5G63130","None","None","None","None","None","None","None","Down","None","None","None","None","None","None","None"
"AT5G63160","None","None","None","None","Down","Down","Down","Up","Down","None","None","None","None","None","None"
"AT5G63180","None","None","None","None","None","None","Up","None","Up","Down","None","None","None","None","None"
"AT5G63190","None","None","None","None","None","None","None","Up","None","None","None","None","None","None","None"
"AT5G63250","None","None","None","None","None","None","None","None","None","None","None","None","Up","None","None"
"AT5G63350","None","None","None","None","None","None","None","Up","None","None","None","None","None","None","None"
"AT5G63375","None","None","Down","None","None","None","None","None","None","None","None","None","None","None","None"
"AT5G63450","None","None","None","None","None","None","Down","None","None","None","None","Up","None","None","None"
"AT5G63530","None","None","None","None","None","Up","None","None","None","None","None","None","None","None","None"
"AT5G63560","None","None","None","None","None","None","Up","None","None","None","None","None","None","None","None"
"AT5G63580","None","None","None","Up","None","None","Up","None","None","None","None","None","None","None","None"
"AT5G63780","None","None","None","None","None","None","None","Down","None","None","None","None","None","None","None"
"AT5G64000","None","None","None","None","None","None","None","None","None","None","None","None","Up","None","None"
"AT5G64060","None","Down","Down","None","None","None","None","Down","Down","None","None","None","Up","None","None"
"AT5G64080","None","None","None","None","None","None","None","Down","None","None","None","None","None","None","None"
"AT5G64100","None","None","None","None","None","None","None","None","Down","None","None","None","None","None","None"
"AT5G64110","None","None","None","Down","None","None","Down","None","Down","None","None","None","None","None","None"
"AT5G64120","None","None","None","None","None","None","Down","None","Down","None","None","None","None","None","None"
"AT5G64190","None","None","None","None","None","None","None","Up","None","None","None","None","None","None","None"
"AT5G64260","None","None","None","Down","None","Down","Down","None","Down","None","None","None","None","None","None"
"AT5G64310","None","None","Up","None","Down","Down","None","None","None","None","None","None","None","None","None"
"AT5G64450","None","None","None","None","None","None","None","None","None","None","None","None","Up","None","None"
"AT5G64510","None","None","Up","None","None","None","None","None","None","None","None","None","None","None","None"
"AT5G64540","None","Down","None","None","None","None","None","None","None","None","None","None","None","None","None"
"AT5G64570","None","None","None","None","None","Down","None","None","None","None","None","None","None","None","None"
"AT5G64580","None","None","None","None","None","None","None","Down","None","None","None","None","None","None","None"
"AT5G64667","None","None","None","None","None","None","None","None","Up","None","None","None","None","None","None"
"AT5G64687","None","None","None","None","None","None","None","None","Down","None","None","None","None","None","None"
"AT5G64750","None","None","Up","None","None","None","Down","None","None","Up","None","Up","None","None","None"
"AT5G64770","None","None","None","None","None","Up","Up","None","None","None","None","None","None","None","None"
"AT5G64800","None","None","Down","None","None","None","None","None","None","None","None","None","None","None","None"
"AT5G64810","None","None","None","Up","Up","None","Up","None","None","Up","None","None","None","None","None"
"AT5G64870","None","None","None","None","None","None","None","None","None","None","None","None","Up","None","None"
"AT5G64905","None","None","None","None","None","None","None","None","None","None","None","Up","None","None","None"
"AT5G65030","None","None","None","None","None","Up","Up","None","Up","None","None","None","None","None","None"
"AT5G65100","None","Up","None","None","None","None","None","None","None","None","None","None","None","None","None"
"AT5G65130","None","None","None","None","None","None","Up","None","None","None","None","None","None","None","None"
"AT5G65140","None","None","None","None","None","None","None","Down","None","None","None","None","None","None","None"
"AT5G65207","None","None","None","Down","None","None","None","None","Down","None","None","None","None","None","None"
"AT5G65230","None","None","None","None","None","None","None","Down","None","None","None","None","None","None","None"
"AT5G65280","None","None","Up","None","None","None","None","None","None","None","None","None","None","None","None"
"AT5G65300","None","None","None","None","None","Down","Down","None","Down","None","None","None","Up","None","None"
"AT5G65320","None","None","None","None","None","None","None","Down","None","None","None","None","None","None","None"
"AT5G65340","None","None","None","None","None","None","None","Down","None","None","None","None","None","None","None"
"AT5G65350","None","None","None","Down","None","Down","Down","None","Down","None","None","None","Up","None","None"
"AT5G65500","None","Down","None","None","None","None","None","None","None","None","None","None","Up","None","None"
"AT5G65510","None","None","None","None","None","None","None","Down","None","Down","None","None","None","None","None"
"AT5G65600","None","None","None","Down","None","None","None","None","Down","None","None","None","Up","None","None"
"AT5G65690","None","None","None","None","None","Down","None","None","Down","None","Up","Up","None","None","None"
"AT5G65800","None","None","None","None","None","None","None","None","None","None","None","None","Down","None","None"
"AT5G65870","None","None","Up","None","None","None","None","None","None","None","None","None","None","None","None"
"AT5G66052","None","None","None","None","None","None","Down","None","None","None","None","None","None","None","None"
"AT5G66110","None","None","None","None","None","Down","None","None","Down","None","None","None","None","None","None"
"AT5G66130","None","Down","Down","Down","None","None","None","None","Down","None","None","None","Up","None","None"
"AT5G66140","None","Down","Down","None","None","None","None","None","None","None","None","None","Up","None","None"
"AT5G66150","None","Down","Down","None","None","None","None","None","None","None","None","None","Up","None","None"
"AT5G66210","None","None","None","None","None","Down","None","None","Down","None","None","None","None","None","None"
"AT5G66230","None","None","None","None","None","None","None","None","None","Down","None","None","Down","None","None"
"AT5G66270","None","None","None","None","None","None","None","Down","None","None","None","None","Up","None","None"
"AT5G66280","Down","None","Down","Down","Down","Down","Down","Down","Down","Down","None","None","Up","None","None"
"AT5G66400","None","Up","None","None","None","None","None","None","None","None","None","None","None","None","None"
"AT5G66580","None","None","Up","None","Up","None","Up","None","None","None","None","None","None","None","None"
"AT5G66620","None","None","None","None","Down","None","None","None","None","None","None","None","None","None","None"
"AT5G66640","None","None","None","None","None","Down","None","None","None","Up","None","None","Up","None","None"
"AT5G66650","None","None","None","Down","Down","Down","Down","Up","Down","None","None","None","Up","None","None"
"AT5G66690","None","None","None","None","None","None","None","Down","None","None","None","None","None","None","None"
"AT5G66740","None","None","None","Up","None","Up","None","Down","Up","None","None","None","None","None","None"
"AT5G66780","None","Up","None","None","None","None","None","None","None","None","None","Up","None","None","None"
"AT5G66790","None","None","None","None","None","None","None","Up","None","None","None","None","None","None","None"
"AT5G66815","None","None","None","None","None","None","None","Down","Up","None","None","None","None","None","None"
"AT5G66840","Up","None","None","None","Down","Down","None","None","None","Down","None","None","None","None","None"
"AT5G66940","None","None","None","None","None","None","None","None","None","None","None","None","Down","None","None"
"AT5G67060","None","None","None","None","Up","None","None","None","None","None","None","None","None","None","None"
"AT5G67080","None","None","None","None","None","None","Down","None","None","None","Up","Up","None","None","None"
"AT5G67160","None","None","None","None","None","None","None","Down","None","None","None","None","None","None","None"
"AT5G67280","None","None","None","None","None","None","None","Down","None","None","None","None","None","None","None"
"AT5G67300","None","None","None","None","None","None","Down","None","None","None","None","None","None","None","None"
"AT5G67310","None","None","None","None","None","None","None","None","Down","None","None","None","Up","None","None"
"AT5G67330","None","None","None","None","None","None","None","None","Up","None","None","None","None","None","None"
"AT5G67360","None","None","None","None","None","None","None","None","None","None","None","None","Up","None","None"
"AT5G67370","None","None","None","None","None","None","None","None","Up","None","None","None","None","None","None"
"AT5G67410","None","None","None","None","None","Down","None","None","None","None","None","None","None","None","None"
"AT5G67460","None","Down","Down","None","None","None","None","None","Down","None","None","None","Up","None","None"
"AT5G67480","None","None","None","None","None","None","None","Up","None","None","None","None","None","None","None"
"AT5G67620","None","None","Up","None","None","None","None","Down","None","None","None","None","None","None","None"
"ATCG00080","None","Up","None","None","None","None","None","None","None","None","None","None","None","None","None"
"ATCG00090","None","Up","None","None","None","Up","None","None","None","None","None","None","None","None","None"
"ATCG00150","None","None","None","None","None","Up","None","None","None","None","None","None","None","None","None"
"ATCG00160","None","None","None","None","None","Up","None","None","None","None","None","None","None","None","None"
"ATCG00300","None","None","None","None","None","Up","None","None","None","None","None","None","None","None","None"
"ATCG00330","None","None","None","None","None","Up","None","None","None","None","None","None","None","None","None"
"ATCG00370","None","Up","None","None","None","None","None","None","None","None","None","None","None","None","None"
"ATCG00380","None","Up","None","None","None","Up","None","None","None","None","None","None","None","None","None"
"ATCG00430","None","Up","None","None","None","Up","None","None","None","None","None","None","None","None","None"
"ATCG00440","None","Up","None","None","None","Up","None","None","None","None","None","None","None","None","None"
"ATCG00460","None","None","None","None","None","Up","None","None","None","None","None","None","None","None","None"
"ATCG00470","None","None","None","None","None","Up","None","None","Up","None","None","None","None","None","None"
"ATCG00480","None","None","None","None","None","Up","None","None","Up","None","None","None","None","None","None"
"ATCG00490","None","None","None","None","None","None","Down","None","None","None","None","None","None","None","None"
"ATCG00520","None","None","None","None","None","None","None","None","Down","None","None","None","None","None","None"
"ATCG00650","None","None","None","None","None","Up","None","None","None","None","None","None","None","None","None"
"ATCG00710","None","None","None","None","None","None","None","None","Down","None","None","None","None","None","None"
"ATCG01000","None","None","None","Down","Down","Down","Down","None","Down","Down","Up","None","None","None","None"
"ATCG01020","None","None","None","None","None","Up","None","None","Up","None","None","None","None","None","None"
"ATCG01040","None","None","None","None","None","Up","None","None","None","None","None","None","None","None","None"
"ATMG00040","None","Down","None","None","None","None","None","None","None","None","None","None","None","None","None"
"ATMG00160","None","None","None","None","None","None","None","Up","None","None","None","None","None","None","None"
"ATMG00210","None","None","None","None","None","None","None","Up","None","None","None","None","None","None","None"
"ATMG00270","None","None","None","None","None","None","Up","Up","None","None","None","None","None","None","None"
"ATMG00290","None","None","None","None","None","None","None","Down","None","None","None","None","None","None","None"
"ATMG00510","None","None","None","None","None","None","None","Up","None","None","None","None","None","None","None"
"ATMG00516","None","None","None","None","None","Up","Up","None","None","None","None","None","None","None","None"
"ATMG00670","None","Down","None","None","None","None","None","None","None","None","None","None","None","None","None"
"ATMG00690","None","None","None","None","None","None","Up","None","None","None","None","None","None","None","None"
"ATMG00730","None","None","None","None","None","None","None","Up","None","None","None","None","None","None","None"
"ATMG00830","None","None","None","None","None","Up","None","None","None","None","None","None","None","None","None"
"ATMG00960","None","None","None","Down","None","None","None","None","None","None","None","None","None","None","None"
"ATMG00990","None","None","None","None","None","None","None","None","None","Down","None","None","None","None","None"
"ATMG01000","None","Down","None","None","None","None","None","None","None","None","None","None","None","None","None"
"ATMG01010","None","None","None","None","None","None","None","None","None","None","None","Up","None","None","None"
"ATMG01080","None","None","None","None","None","None","None","None","Up","None","None","None","None","None","None"
"ATMG01090","None","Down","None","None","None","None","None","None","None","None","None","None","None","None","None"
"ATMG01170","None","Down","None","None","None","None","None","None","None","None","None","None","None","None","None"
"ATMG01200","None","None","None","None","None","None","None","Up","None","None","None","None","None","None","None"
"ATMG01280","None","None","Up","Up","Up","Up","None","None","Up","Up","None","None","Down","None","None"
"ATMG01320","None","None","None","Up","None","None","None","Up","None","None","None","None","None","None","None"
"ATMG01380","None","None","None","None","None","Up","None","None","None","None","None","None","None","None","None"
