"Gene","Module","kME_MEblue","kME_MEturquoise","kME_MEgrey","IsHub"
"ATCG00020","blue",0.732522991832272,0.297157373464532,0.0850537012026497,TRUE
"ATCG00490","blue",0.634885160522481,0.361698193610903,0.2318334927843,FALSE
"AT1G67090","turquoise",0.352337770917744,0.7751623898643,-0.114058781915236,TRUE
"AT2G41310","turquoise",0.0728848442348746,0.711612052977516,-0.013072000521278,TRUE
"ATCG00680","blue",0.621405429921299,0.345271688111415,-0.00627065094362727,FALSE
"ATCG00340","blue",0.724780525827364,0.233028909661601,0.0728044506277327,TRUE
"ATCG00280","blue",0.62039858191102,0.312546727667245,0.551631548924097,FALSE
"ATCG00350","blue",0.676410293711424,0.246629525190509,0.026384969739724,FALSE
"AT2G39730","turquoise",0.465592642613673,0.819184513473535,0.0405170750530581,TRUE
"AT1G29930","turquoise",0.546369541449611,0.610650202585375,0.027686667952923,FALSE
"ATCG00720","blue",0.578894054064962,0.199980705249873,0.0492514995722732,FALSE
"AT5G38410","turquoise",0.403305678821789,0.743938516946428,-0.0537976718760049,TRUE
"ATCG00270","turquoise",0.324541164564193,0.307562444238219,0.387101960765296,FALSE
"ATCG00120","blue",0.70497246564182,0.264678217245917,0.192273988325538,TRUE
"AT1G29910","turquoise",0.0658563251656055,0.50865007395974,-0.488713100520934,FALSE
"AT5G54770","turquoise",0.0336197956454658,0.791890088536816,0.112532257160505,TRUE
"AT1G20620","turquoise",0.199660747166616,0.359656245238367,0.157631983026373,FALSE
"ATCG00480","turquoise",0.327834587433276,0.524824747572191,-0.140169785838318,FALSE
"AT3G01500","turquoise",0.451250884301241,0.689787124573928,0.0774004759148498,FALSE
"AT3G47470","turquoise",0.509100263682552,0.606791433532703,-0.0913885137307865,FALSE
"ATCG00130","blue",0.610111989687925,0.246746042792223,0.129000619139972,FALSE
"ATCG00730","blue",0.632449773730576,0.292564097145599,-0.071183361256585,FALSE
"AT4G10340","turquoise",0.397453212425236,0.802591806547045,-0.0973374493536562,TRUE
"AT3G09260","turquoise",0.239404463309538,0.816965721268249,-0.10476557978005,TRUE
"AT3G27060","grey",0.103930348662023,0.0847971316280185,0.971179586978992,TRUE
"AT1G79040","turquoise",0.443661971830986,0.740176217120072,-0.00221879220528651,TRUE
"AT5G54270","turquoise",0.152358289591791,0.705211791872681,-0.114043620522855,TRUE
"AT3G54890","turquoise",0.365939931828413,0.661585954080648,-0.165766287221043,FALSE
"AT1G29920","turquoise",0.335584281947392,0.510675927712393,-0.193002765451154,FALSE
"ATCG00470","turquoise",0.218279457524076,0.472670852408132,-0.171668368295858,FALSE
"ATCG00580","blue",0.407432192685084,0.380969289184197,0.225972282964717,FALSE
"ATCG00140","blue",0.603008949920092,0.384020981308456,0.234796529465366,FALSE
"AT5G66570","turquoise",0.506045404849186,0.78069329217313,0.000353720496494951,TRUE
"AT1G06680","turquoise",0.268087979934401,0.848864878770339,-0.0556948999935687,TRUE
"AT5G38420","turquoise",0.129911891439964,0.724387420412888,0.0168821146054409,TRUE
"AT4G38970","turquoise",0.449064248504727,0.876422921088173,0.0582674126953502,TRUE
"AT3G60750","turquoise",0.280164963712215,0.910773287485919,0.0710662346977326,TRUE
"AT1G15820","turquoise",0.20371084957232,0.802270242459322,-0.101742877355457,TRUE
"ATCG00670","turquoise",0.367247177692668,0.417498838533792,-0.00118995932871781,FALSE
"AT1G20340","turquoise",0.337835230561451,0.859990996205544,-0.0155637018457779,TRUE
"AT1G61520","turquoise",0.526271785966943,0.71023860055309,-0.0675284584217635,TRUE
"AT5G20250","blue",0.81159560100328,0.0119621840632838,-0.104604797736189,TRUE
"AT5G01530","turquoise",0.44655604862049,0.78210817415911,-0.0183291530001929,TRUE
"AT1G37130","blue",0.917229403820181,0.243005981092032,0.115666602353849,TRUE
"AT5G17920","turquoise",0.263200205801016,0.877677021030291,0.112450961476622,TRUE
"AT4G33010","turquoise",0.254968165155316,0.797446781143482,0.0539906103286385,TRUE
"AT5G02500","turquoise",0.582545501318413,0.752459965271079,0.128336227410123,TRUE
"AT1G42970","turquoise",0.405286556114422,0.840736066141276,0.0827873399227659,TRUE
"AT3G26520","blue",0.729886166312946,0.420927390828992,-0.227699530516432,TRUE
"AT1G60950","turquoise",0.264679400604541,0.672551289471992,-0.0116084635667889,FALSE
"AT3G15450","blue",0.773715351469548,0.0156923274808669,-0.17692456106502,TRUE
"AT5G60390","turquoise",0.394366197183099,0.907035822239372,0.0184899350440543,TRUE
"AT5G38430","turquoise",-0.115056555542302,0.73392769575733,-0.0359833106908429,TRUE
"AT3G61470","turquoise",0.493600874654319,0.69393530130555,-0.00299054601582095,FALSE
"AT1G23310","blue",0.868962634253007,0.424239500932536,0.0601003279953695,TRUE
"ATCG01050","blue",0.613345124285406,0.194067047215373,0.371734062271701,FALSE
"AT5G35630","turquoise",0.632709499003151,0.789407678950415,0.108013377066049,TRUE
"ATCG00330","grey",0.348163751684874,0.412207358712115,-0.243905969117806,FALSE
"AT2G18193","grey",0.135448238269366,-0.0884819153841784,0.955630412310241,TRUE
"AT1G31330","turquoise",0.432600167213326,0.750241173065792,0.0252749372950029,TRUE
"AT4G12800","turquoise",0.409962055437649,0.816451218727893,0.014856260852788,TRUE
"AT4G37930","turquoise",0.612901151199434,0.833461958968423,0.2012991189144,TRUE
"AT3G16240","blue",0.706765708405685,0.342690848286063,-0.351051514566853,TRUE
"AT5G13630","turquoise",0.317641005852466,0.788442986687247,0.0598430767251913,TRUE
"AT1G62480","blue",0.665691247780593,0.183051828514409,-0.285808458820564,FALSE
"ATCG00540","blue",0.6790957189577,0.294599070977696,-0.078288553465255,FALSE
"AT3G26650","turquoise",0.607627500160782,0.768859733744935,0.169914463952666,TRUE
"AT3G47340","blue",0.68940124766866,-0.178178661007139,-0.0959547237764486,FALSE
"AT1G13440","turquoise",-0.0585733694578823,0.831394554295261,0.0639435328943173,TRUE
"ATCG00400","turquoise",0.161731958105089,0.601233208209731,-0.0215288887466661,FALSE
"ATMG01360","blue",0.551489014536094,0.299211098268052,0.0778305920829491,FALSE
"AT2G34430","turquoise",0.519904817030034,0.419416039616696,-0.114734066499453,FALSE
"ATCG00040","turquoise",0.206078148571255,0.365348128408824,-0.0922495582360557,FALSE
"AT1G08380","turquoise",0.244742427165734,0.828413402791176,-0.0902951958325294,TRUE
"AT1G44575","turquoise",0.239082899221815,0.891793684481317,0.102964820888803,TRUE
"ATMG00020","turquoise",0.469246167342382,0.407232034485107,0.0943476618113789,FALSE
"AT1G12900","turquoise",0.279953694771368,0.894655604862049,0.111582738439771,TRUE
"AT3G08940","turquoise",0.5776898835938,0.593864557206251,-0.0426072416232555,FALSE
"AT1G30380","turquoise",0.330857289857869,0.811692070229597,0.0607434561708148,TRUE
"AT1G76180","blue",0.443372564152036,0.161135764357837,0.786449289343366,FALSE
"AT4G02770","turquoise",0.332754517975433,0.877805646665381,-0.0178789632773812,TRUE
"ATCG01130","turquoise",0.431767571622831,0.364640528667393,0.285872772155133,FALSE
"AT3G12780","turquoise",0.453308894462666,0.893916007460287,0.051289471991768,TRUE
"AT5G40450","blue",0.882661264389993,0.220914528265483,-0.022766737410766,TRUE
"AT1G75750","blue",0.790147276352177,0.179947263489614,-0.0287156730336356,TRUE
"AT4G21280","turquoise",0.34846572502352,0.884260115310226,0.0020741050398207,TRUE
"ATCG00630","turquoise",0.292874314746277,0.437076404053656,-0.106141613683989,FALSE
"AT2G30570","turquoise",0.300919673290887,0.821146054408644,-0.089523442021995,TRUE
"AT3G08580","turquoise",0.37651939031449,0.911216155379767,0.197311724226638,TRUE
"ATCG00450","turquoise",0.196059520632306,0.451113817448312,-0.256823496756084,FALSE
"AT5G49360","blue",0.772525564344974,0.1356678886102,-0.334233712778957,TRUE
"AT5G26000","turquoise",0.728728535597145,0.619911248311789,0.296835809376809,FALSE
"AT4G35090","blue",0.555598430767252,0.400926104572641,0.174544986815872,FALSE
"ATCG00550","turquoise",0.338404146786902,0.40002573443599,0.203502398668896,FALSE
"AT5G14740","blue",0.739243681265676,0.58122708855875,-0.0555341179497074,TRUE
"AT5G64040","turquoise",0.322721718438485,0.688854588719532,-0.0959547237764486,FALSE
"AT2G21330","turquoise",0.160942825905203,0.869187729114413,-0.0518682873496688,TRUE
"AT1G11860","turquoise",0.320020580101614,0.886005530902309,0.0940896520676571,TRUE
"AT4G35770","blue",0.605220634952953,-0.172697381648947,-0.0784461898394202,FALSE
"AT5G04140","turquoise",0.715608720818059,0.65891697215255,0.170236028040388,FALSE
"AT2G05100","turquoise",0.29188372242588,0.577368319506078,-0.0278152935880121,FALSE
"AT1G32060","turquoise",0.3446202328124,0.814618303427873,0.0233777091774391,TRUE
"AT1G56070","turquoise",0.481477908547174,0.855907132291466,0.17251913306322,TRUE
"AT3G56940","turquoise",0.477329731815551,0.736478230111261,-0.0127660942825905,TRUE
"AT3G07800","grey",0.164930220592964,0.0791369219885523,0.973310180719017,TRUE
"AT5G15970","turquoise",0.241880506785002,0.413081227088559,-0.0868223036851244,FALSE
"AT2G06520","turquoise",0.24667181169207,0.874429223744292,-0.0959868801852209,TRUE
"AT3G16640","blue",0.732715930284906,0.461733873561001,0.0881728728535597,TRUE
"AT1G64720","blue",0.758473213711493,0.351180140201942,0.0143096019036594,TRUE
"AT2G38540","turquoise",0.0743140580934208,0.859837126507996,0.1395438576791,TRUE
"ATCG00210","turquoise",0.234636612913951,0.443491987189129,-0.0306222572478006,FALSE
"ATCG01060","blue",0.558706478181272,0.274416476230814,0.423741492244839,FALSE
"AT2G45180","turquoise",0.588205029262332,0.553058074474243,-0.384108302784745,FALSE
"AT3G14420","turquoise",0.547237764486462,0.827673805389414,0.0631230304199627,TRUE
"AT3G02470","blue",0.713036208116278,0.649012798250691,0.187278924689691,TRUE
"AT1G74470","turquoise",0.590198726606213,0.750594893562287,-0.04961733873561,TRUE
"AT5G13930","turquoise",0.0220596511002065,0.70452608739712,0.177441916575713,TRUE
"AT1G09310","turquoise",-0.0199048170300341,0.81854138529809,0.0772396938709885,TRUE
"AT3G55800","turquoise",0.339893240722876,0.877130362081163,0.0323815036336742,TRUE
"AT2G41430","blue",0.858994147533604,0.296578558106631,0.000514502540356293,TRUE
"AT4G05320","blue",0.736156666023539,0.396713615023474,0.307961926812014,TRUE
"AT3G16420","turquoise",0.26339314425365,0.850022509486141,-0.136150234741784,TRUE
"AT1G76490","blue",0.920830921602676,0.217666730979484,-0.0217377323300534,TRUE
"AT5G48720","grey",0.239886809441122,0.035468518875812,0.953662614959161,TRUE
"AT1G21310","blue",0.52948742684417,0.131423242652261,-0.00594893562286964,FALSE
"AT2G37220","turquoise",0.290792742249591,0.89956668893743,-0.0842665466178318,TRUE
"AT2G45960","turquoise",0.61865714836967,0.64303170621905,-0.290179432760949,FALSE
"AT1G67740","turquoise",0.291401376294295,0.861470191009068,-0.00247604347546466,TRUE
"AT4G04640","turquoise",0.31641906231912,0.91565373979034,0.178017878963277,TRUE
"ATCG00530","turquoise",0.288406344947485,0.39295103217771,-0.311897545815427,FALSE
"AT2G30860","turquoise",-0.0359187085986237,0.819763328831436,-0.0405492314618303,TRUE
"ATCG00510","blue",0.328903619140011,0.214801752146861,-0.0107473275735228,FALSE
"AT3G53460","turquoise",0.478262267669947,0.738086050549875,-0.160685574635025,TRUE
"AT1G01620","blue",0.703935944433726,0.447392115248569,-0.411216155379767,TRUE
"AT4G05180","turquoise",0.397421056016464,0.810084249790983,0.00929320213518554,TRUE
"AT2G21660","turquoise",0.198501511351212,0.714161682423307,-0.0630587176024182,TRUE
"AT3G04120","turquoise",0.110810984629237,0.803170621904946,0.215994597723326,TRUE
"AT3G50820","turquoise",0.389060389735674,0.825422856775355,0.0291337063476751,TRUE
"ATCG00710","blue",0.554354828281584,0.136594624954275,0.14997427270115,FALSE
"ATCG00070","turquoise",0.209338972553518,0.479104695153592,-0.422633501390019,FALSE
"AT4G21960","turquoise",-0.0194867837159946,0.752652903723712,-0.0712586018393466,TRUE
"AT3G13750","blue",0.75532188565181,0.315518682873497,-0.315100649559457,TRUE
"ATCG00150","turquoise",0.310361461923125,0.396803448209454,0.0657158478333755,FALSE
"AT2G10940","turquoise",0.391472120393595,0.739758183806033,-0.294359765901344,TRUE
"AT5G46110","turquoise",0.419287413981607,0.841468904752717,0.0663065148884173,TRUE
"AT3G48360","blue",0.735513537848093,0.217280854074217,-0.243359701588527,TRUE
"AT4G03280","turquoise",0.570326065984951,0.747861598816644,0.0432503697987009,TRUE
"AT2G28000","turquoise",0.270724805453727,0.879445623512766,-0.03643321113898,TRUE
"AT1G20440","blue",0.65126374686475,0.338832079233391,-0.186507170879156,FALSE
"AT1G56280","blue",0.757958711171137,0.28734966878899,0.0599717023602804,TRUE
"AT4G13940","turquoise",0.528297639719596,0.891890153707634,0.129365232490835,TRUE
"AT2G31141","turquoise",0.193436325877057,0.283622956188665,0.64407990209696,FALSE
"AT1G09340","turquoise",0.323107595343752,0.880924818316291,0.090359508650074,TRUE
"AT1G59870","blue",0.837577979291273,0.217634574570712,0.174641456042189,TRUE
"AT5G03240","blue",0.713389928612773,0.240562094025339,0.155411923596373,TRUE
"AT3G52930","turquoise",0.126085278796064,0.855231847707248,0.0713872274744357,TRUE
"AT2G05070","turquoise",0.253392501125474,0.611325487169593,-0.0533796385619654,FALSE
"AT1G66200","turquoise",0.0532831693356486,0.805743134606727,0.0801337706604927,TRUE
"ATCG00690","grey",0.317081227949139,0.105393522026412,0.0226934624720383,FALSE
"AT3G53420","turquoise",0.442922374429224,0.701845777863528,-0.304199626985658,TRUE
"AT1G09570","blue",0.903916650588462,0.149913177696315,0.0292944883915364,TRUE
"AT4G35100","turquoise",0.610039230818702,0.60206444144318,-0.468743970673355,FALSE
"AT1G77760","blue",0.807318798636568,0.092642613672905,0.0875297446781144,TRUE
"AT1G72150","blue",0.860955688468712,0.339893240722876,-0.202070872724934,TRUE
"AT1G07890","turquoise",0.117692456106502,0.666152164126311,0.221396874397067,FALSE
"AT3G45140","turquoise",-0.0489420541513924,0.582545501318413,0.191330632194996,FALSE
"AT3G62030","turquoise",0.351823268377388,0.858479644993247,0.0288442986687247,TRUE
"AT4G30270","blue",0.818766480159496,-0.000353720496494951,0.00270113833687054,TRUE
"AT5G49480","grey",0.230593607305936,0.126567624927648,0.905878191523571,TRUE
"AT4G09650","turquoise",0.117145797157373,0.878802495337321,0.0792977040324137,TRUE
"AT4G23670","turquoise",-0.0032477972859991,0.794713486397839,-0.0261753167406264,TRUE
"AT1G49240","blue",0.848260726285741,0.442781230167615,-0.0616764878507924,TRUE
"AT2G38530","turquoise",0.178853945591356,0.743584796449932,0.278892533281883,TRUE
"AT3G18780","blue",0.84973310180719,0.568879027590199,-0.153289600617403,TRUE
"AT2G36530","turquoise",0.195189401247669,0.912566724548203,0.068428837867387,TRUE
"AT3G09440","turquoise",0.163097305292945,0.507170879156216,0.299987137436491,FALSE
"AT1G13930","turquoise",0.0297768345231205,0.574024052993762,0.518522091452827,FALSE
"AT1G65970","blue",0.565510707673873,0.0159525286359689,-0.00149554955962208,FALSE
"ATCG00520","blue",0.448779081081135,0.218439696051531,0.0861601804655553,FALSE
"AT1G55490","turquoise",0.363303106309087,0.867258344588076,-0.0503890925461445,TRUE
"AT1G54410","turquoise",0.368898321435462,0.772686346388835,0.12659978133642,TRUE
"AT5G50920","blue",0.685767573477394,0.738825647951637,0.317705318670011,FALSE
"AT1G11260","blue",0.821699319109123,0.0406299491133869,-0.179385968444028,TRUE
"AT4G25100","turquoise",0.203680330577121,0.44369769518521,0.219051217538893,FALSE
"AT4G01150","turquoise",0.375040195510965,0.888545887195318,-0.00286192038073188,TRUE
"ATCG00360","turquoise",0.21973516163561,0.354325963164337,-0.500140704892233,FALSE
"AT4G30190","turquoise",0.204772011061805,0.785677535532832,0.199723454884559,TRUE
"AT4G34710","blue",0.595086500739598,0.245835745063991,0.501189787124574,FALSE
"ATCG01020","turquoise",0.132998906682102,0.385844748858448,0.220978841083028,FALSE
"ATCG00430","grey",0.171668368295858,0.325136062908948,-0.662121857712065,FALSE
"ATCG00080","turquoise",0.0855716434080678,0.439451068392691,-0.535972409125241,FALSE
"AT5G07440","blue",0.849893883851052,-0.0141166634510258,0.0084249790983343,TRUE
"ATCG00220","turquoise",0.394430510000643,0.349797414624735,0.255836388192167,FALSE
"AT2G06850","blue",0.685124445301949,0.478519518940125,-0.310759534375201,FALSE
"AT3G21055","turquoise",0.261560228953631,0.80464981670847,-0.0529294488391537,TRUE
"AT4G32260","turquoise",0.60788475143096,0.818573541706862,0.00437327159302849,TRUE
"AT3G12580","blue",0.472345488455849,0.380571097819796,0.163065148884173,FALSE
"AT5G12860","turquoise",0.289632773811821,0.890571740947971,0.112933307608206,TRUE
"AT5G02380","turquoise",0.169528587047399,0.779535661457329,0.320052736510387,TRUE
"AT4G24770","turquoise",0.418194096083349,0.899607691812978,0.00128625635089073,TRUE
"AT3G05900","blue",0.453636438949888,0.255855392831159,-0.101972051847236,FALSE
"AT4G29060","turquoise",0.324297382468326,0.910958904109589,0.0349861727442279,TRUE
"AT2G28190","blue",0.647281088542543,0.571711097829128,-0.167620670890926,FALSE
"ATCG01100","blue",0.641648980641842,0.312560293266448,0.359862370570455,FALSE
"AT2G43150","blue",0.668306643514052,0.36362467039681,0.196829378095054,FALSE
"AT5G20290","turquoise",0.302173773233005,0.948163869059104,-0.0714836967007525,TRUE
"AT2G46820","turquoise",0.420348575471091,0.883143610521577,0.122258666152164,TRUE
"ATCG00500","blue",0.375531750119576,0.186254098421191,0.136574544840061,FALSE
"AT1G09687","turquoise",0.0936688344699867,0.654057433274545,0.0220983823079948,FALSE
"AT1G43170","turquoise",0.353238150363367,0.941378866808155,-0.0392951315197119,TRUE
"AT4G34110","blue",0.442375715480095,0.180075889124703,0.780468197311724,FALSE
"AT1G15690","turquoise",0.599395459515081,0.764904495465946,-0.0226702681844492,TRUE
"AT3G63160","turquoise",-0.0102257379895813,0.673773233005338,0.0295195832529423,FALSE
"AT5G20630","turquoise",0.11965399704161,0.683484468454563,-0.182487619782623,FALSE
"AT2G05380","turquoise",0.260048877741334,0.335680751173709,0.362724290951187,FALSE
"AT3G54050","turquoise",0.17563830471413,0.852723647823011,-0.0597466074988745,TRUE
"AT5G66190","turquoise",0.328509872017493,0.894398353591871,0.120200655990739,TRUE
"AT3G44310","turquoise",0.0511930027654512,0.689272622033571,0.229339507363818,FALSE
"AT2G15970","turquoise",0.250369798700881,0.589426972795678,-0.189915750209017,FALSE
"AT1G20020","turquoise",0.296066435684174,0.849739932980807,-0.00800701015372643,TRUE
"AT3G23810","turquoise",-0.111936458936266,0.693420798765194,0.0730272043218213,FALSE
"AT4G21070","grey",0.203374842237923,0.0730277914020592,0.972047816995661,TRUE
"AT4G14130","blue",0.697071284641068,0.0695720682899364,-0.278851023885456,FALSE
"AT1G30360","blue",0.709499003151328,0.466107145154029,-0.272429095118657,TRUE
"AT3G46780","turquoise",0.340407743263232,0.880249533732073,0.0302913370634768,TRUE
"AT3G30775","blue",0.823204064570069,0.0242459322142903,0.0753424657534247,TRUE
"AT2G13360","turquoise",0.677792784101872,0.556145089716381,-0.0369477136793363,FALSE
"AT2G33830","blue",0.627982506913628,-0.0928033957167664,-0.27062833622741,FALSE
"AT2G20670","blue",0.693260016721333,0.246607498874526,-0.256672454820246,FALSE
"AT2G26080","turquoise",0.51744901160116,0.730953204033556,0.213648897435174,TRUE
"AT5G09660","turquoise",0.507705541414096,0.811827222252922,-0.0194708620404874,TRUE
"AT1G07590","turquoise",0.313656132688545,0.700372213446433,-0.250355733139908,TRUE
"AT3G16460","turquoise",0.5541513923725,0.60901022573799,-0.176988873882565,FALSE
"AT5G07010","blue",0.685242949834963,0.145110460891185,0.0954111329560437,FALSE
"AT2G42540","turquoise",-0.0721446430360399,0.439218902120682,-0.105170071339144,FALSE
"ATCG00790","blue",0.686185606791434,0.485690398096341,0.0445366261495916,FALSE
"AT5G57560","blue",0.793288903563672,0.154416316297969,0.174465998349569,TRUE
"AT3G14990","blue",0.727892468969066,-0.0161103607949064,0.210881728728536,TRUE
"AT5G56030","turquoise",0.268377387613351,0.722200784616374,0.0437005595215126,TRUE
"AT1G56220","blue",0.723229789697087,0.357547109138851,-0.247282783458743,TRUE
"AT1G78380","turquoise",0.356743198919545,0.745771432246447,0.39381953823397,TRUE
"AT1G02780","turquoise",0.383979677149656,0.934979741462474,0.110360794906425,TRUE
"AT4G24190","turquoise",0.265965656955431,0.817287285355972,-0.0924496752202714,TRUE
"AT1G04410","turquoise",0.527236478230111,0.80706154736639,0.0665637661585954,TRUE
"ATCG01080","blue",0.524738307881673,0.264346932082328,0.253991735959395,FALSE
"AT1G62750","turquoise",0.460479773618882,0.857643578365168,-0.00884301241237379,TRUE
"AT3G11630","turquoise",0.54720560807769,0.846388835294874,-0.0437327159302849,TRUE
"AT5G53460","blue",0.653193131391086,0.65338606984372,0.276448646215191,FALSE
"ATCG00380","grey",-0.134674287958518,0.140719838611861,-0.80013506040684,TRUE
"AT5G67360","blue",0.399414753360345,0.330857289857869,0.839282268956203,FALSE
"AT2G18020","turquoise",0.324844041417454,0.933339764615088,-0.161457328445559,TRUE
"AT2G47730","blue",0.849700945398418,0.319088044247219,0.217152228439128,TRUE
"AT5G25610","turquoise",0.143932085664673,0.72978969708663,0.194385491028362,TRUE
"AT1G14320","turquoise",0.240690719660428,0.931120972409801,-0.148594764936652,TRUE
"AT5G44340","turquoise",0.724419576821661,0.765676249276481,0.0546658949128561,TRUE
"AT2G47400","turquoise",0.363142324265226,0.753907003665831,-0.0466267927197891,TRUE
"AT4G38770","turquoise",0.0753424657534247,0.820149205736703,-0.0115763071580166,TRUE
"AT3G14415","turquoise",0.479709306064699,0.857032606598495,0.00575599717023603,TRUE
"AT3G27690","turquoise",0.142870924175188,0.703743005981092,-0.0652775098077047,TRUE
"AT4G28080","turquoise",0.529455270435398,0.720818059039167,0.0485561772461252,TRUE
"AT2G04030","turquoise",0.447102707569619,0.720978841083028,0.276320020580102,TRUE
"AT1G03130","turquoise",0.430284905781722,0.700141488198598,-0.0543764872339057,TRUE
"AT5G01600","grey",0.223165476879542,0.237507235191974,-0.153771946748987,FALSE
"AT3G09200","turquoise",0.408386391407808,0.915396488520162,-0.122065727699531,TRUE
"AT5G20720","turquoise",0.267187600488777,0.910605183613094,-0.0681394301884366,TRUE
"AT5G44020","blue",0.765901344137887,0.508810856003602,-0.290372371213583,TRUE
"AT3G57520","blue",0.780050163997685,0.211235449225031,-0.0670782686989517,TRUE
"AT1G52230","turquoise",0.216541256672455,0.878384462023281,-0.0355006752845842,TRUE
"AT1G68010","turquoise",0.549810277188244,0.696604283233649,-0.090488134285163,FALSE
"AT5G47210","turquoise",0.298925975947006,0.937713036208116,-0.123255514824104,TRUE
"AT2G37040","turquoise",-0.0355006752845842,0.593542993118529,0.142774454948871,FALSE
"AT3G55440","turquoise",0.331114541128047,0.914206701395588,0.112643899929256,TRUE
"AT5G63160","blue",0.793523699273265,0.202392436812657,-0.242459322142903,TRUE
"AT5G57655","blue",0.762171200720304,-0.0990417390185864,0.0764357836516818,TRUE
"AT5G42270","turquoise",0.543411151842562,0.706572769953052,0.17522027140009,TRUE
"AT3G62290","blue",0.753778378030742,0.314907711106824,0.134574570711943,TRUE
"AT5G56870","blue",0.711267605633803,-0.0912920445044697,-0.253456813943019,TRUE
"AT2G15960","blue",0.762501206298358,0.0957809435488965,-0.100202591941703,TRUE
"AT5G02870","turquoise",0.313961621027743,0.943975046456692,-0.0541679060399686,TRUE
"AT3G09840","turquoise",0.550549874590006,0.543829185156602,0.560711299762043,FALSE
"AT3G25520","turquoise",0.411602032285034,0.928162582802753,-0.0353720496494951,TRUE
"ATCG00180","blue",0.60786300331142,0.35631130572647,0.29964624677164,FALSE
"AT2G36880","turquoise",-0.00295838960704869,0.80223808605055,0.0899093189272622,TRUE
"AT2G26500","turquoise",0.449610907453856,0.620136343173194,0.0199048170300341,FALSE
"AT1G26630","turquoise",0.402694707055116,0.950061097176667,-0.0119621840632838,TRUE
"AT2G41100","blue",0.741816193967458,-0.00675284584217635,0.22171843848479,TRUE
"AT5G49910","turquoise",0.281014856260853,0.836581130619332,0.128625635089073,TRUE
"AT5G10450","blue",0.816869252041932,0.262492764808026,-0.0513537848093125,TRUE
"AT1G64230","blue",0.838478358736896,0.22413016914271,0.0246961219371021,TRUE
"AT5G26742","turquoise",0.583670975625442,0.833526271785967,0.0923853624027269,TRUE
"AT4G02390","grey",0.113641662181804,0.0175736186707289,0.967127846901202,TRUE
"ATCG00800","blue",0.544022123609235,0.407132291465689,-0.0846678242973825,FALSE
"AT1G52400","turquoise",0.353205993954595,0.628078976139945,-0.0138594121808476,FALSE
"AT3G15950","turquoise",0.343944948228182,0.749598044890347,-0.127114283876777,TRUE
"AT3G58610","turquoise",0.471593604054117,0.90593370905967,0.197667033795006,TRUE
"ATCG01070","blue",0.614078273283021,0.0492594215133536,0.312281895836206,FALSE
"AT2G05520","turquoise",0.404849186442858,0.602386005530902,0.363367419126632,FALSE
"AT5G05170","blue",0.794237525248551,0.72612970394095,0.131247437519817,TRUE
"AT3G16770","blue",0.432278603125603,-0.00363367419126632,0.217505948935623,FALSE
"AT3G03780","turquoise",-0.104251077239694,0.697343880635411,0.040034728921474,FALSE
"AT5G56010","turquoise",0.220046305228632,0.735417068621776,0.1159560100328,TRUE
"AT1G80920","blue",0.823943661971831,0.102418161939675,-0.0871438677728471,TRUE
"AT3G13080","blue",0.351598173515982,0.133642034857547,0.828509872017493,FALSE
"AT1G28330","blue",0.765933500546659,0.132580873368062,-0.223744292237443,TRUE
"AT4G28750","turquoise",0.304038844941797,0.807222329410252,-0.0640877226831308,TRUE
"AT5G64260","blue",0.832754517975433,0.0671425815164962,0.269342079876519,TRUE
"AT1G65930","blue",0.891021930670783,0.419512508843012,-0.0652453533989324,TRUE
"AT5G25460","turquoise",0.259341436748344,0.382018136214548,0.155218985143739,FALSE
"ATMG00160","blue",0.501005411051204,0.301848280304882,0.295993083180929,FALSE
"AT5G14780","blue",0.601607846367658,-0.00625452206849878,0.29737117135446,FALSE
"AT2G40000","blue",0.781497202392437,0.129236606855746,-0.12148691234163,TRUE
"AT2G41840","turquoise",0.550554300570081,0.903184314006885,-0.01384344526578,TRUE
"AT3G04840","turquoise",0.236028040388449,0.931024503183485,-0.125377837803074,TRUE
"AT1G54100","blue",0.787188886745128,0.0387806289793556,0.0675606148305357,TRUE
"AT5G14120","blue",0.850247604347547,0.199626985658242,-0.130265611936459,TRUE
"AT1G72370","turquoise",0.344941796900122,0.933500546658949,-0.0901022573798958,TRUE
"AT1G12080","blue",0.382178918258409,0.177406907196604,-0.540195510965335,FALSE
"AT2G18960","blue",0.781657984436298,0.662968679657856,0.16557334876841,TRUE
"AT4G16370","turquoise",-0.002636825519326,0.238632709499003,0.201492057367033,FALSE
"AT5G49720","blue",0.933588442923946,0.559879734082454,0.055261232727626,TRUE
"AT4G27440","turquoise",0.391214869123416,0.785452440671426,-0.00655990738954274,TRUE
"AT5G15200","turquoise",0.380667567046112,0.942150620618689,-0.0687182455463374,TRUE
"AT1G48920","turquoise",0.250691362788604,0.82265740562094,-0.124413145539906,TRUE
"AT1G05850","turquoise",0.506752845842176,0.901247668660364,0.104379702874783,TRUE
"AT1G18080","turquoise",0.31812335198405,0.95633159688726,-0.0690076532252878,TRUE
"AT1G78370","turquoise",-0.00575599717023603,0.783072866422278,0.0160782043861342,TRUE
"AT5G52310","turquoise",0.153289600617403,0.303267091131262,0.00170428966493022,FALSE
"AT5G24280","grey",0.0787355998449766,-0.00673682179600678,0.936386072977658,TRUE
"AT5G61790","turquoise",0.124220207087273,0.79882950672069,-0.0836066628078976,TRUE
"AT2G34480","turquoise",0.315293588012091,0.939256543829185,-0.108849443694128,TRUE
"ATCG00420","turquoise",0.269535018329153,0.365489742105602,-0.655347610778828,FALSE
"AT4G33150","blue",0.801305550196154,0.0595215126374687,-0.104347546466011,TRUE
"AT2G30950","blue",0.73149398675156,0.718695736060197,0.293362917229404,TRUE
"AT4G39090","blue",0.841372435526401,0.283458743327545,0.067592771239308,TRUE
"AT5G53300","blue",0.827905555894943,0.466046578947619,0.0142454036068306,TRUE
"AT4G15530","blue",0.718663579651425,0.16232555148241,0.274036915557271,TRUE
"AT2G36830","turquoise",0.515820953115956,0.77857096919416,-0.322978969708663,TRUE
"AT4G20260","blue",0.718438484790019,0.429995498102772,0.00987201749308637,TRUE
"ATCG00440","grey",0.0568690660918281,0.202844257227736,-0.790314411839898,TRUE
"AT1G68560","turquoise",0.404688404398997,0.728599909962056,-0.121358286706541,TRUE
"AT2G01250","turquoise",0.291433532703068,0.933661328702811,-0.0920959547237765,TRUE
"AT2G21790","grey",0.176249276480803,0.252717216541257,0.889510579458486,TRUE
"AT1G08260","grey",0.216882386071928,0.113192378823217,0.897564112986827,TRUE
"AT4G26850","turquoise",-0.158273843977105,0.397163804746286,0.220207087272493,FALSE
"AT3G45780","turquoise",0.546080133770661,0.65367547752267,-0.149527300791048,FALSE
"AT4G15560","turquoise",0.712586018393466,0.667213325615795,0.071065663386713,FALSE
"AT5G48020","grey",0.234999035307737,0.168467425557914,0.940349861727442,TRUE
"AT3G60245","turquoise",0.24326323236221,0.862885072995048,-0.165283941089459,TRUE
"AT3G51600","blue",0.572030355649881,0.38092481831629,0.0791690783973246,FALSE
"AT3G48990","blue",0.878448774840826,0.179079040452762,0.240787188886745,TRUE
"AT4G18480","turquoise",0.241655411923596,0.944272943597659,0.0318348446845456,TRUE
"AT1G62380","blue",0.42854845970802,0.278152935880121,0.270049520869509,FALSE
"AT3G04400","turquoise",0.297189529873304,0.890250176860248,-0.0314168113705061,TRUE
"AT4G08950","blue",0.796096211975047,0.223197633288314,0.283137179239823,TRUE
"AT5G20700","turquoise",-0.172615602289536,0.560357579265548,0.335519969129848,FALSE
"AT1G53240","turquoise",0.15650524149463,0.935429931185285,0.0636696893690913,TRUE
"AT2G39010","blue",0.768152292751946,0.48723390571741,-0.142742298540099,TRUE
"AT3G12120","blue",0.796713588629422,0.49899108458012,0.0171395036623943,TRUE
"AT1G70600","turquoise",0.155829956910412,0.898803781593672,-0.205382982828478,TRUE
"AT3G01120","turquoise",0.192327480866937,0.875683323686411,0.125699401890797,TRUE
"AT4G31700","turquoise",0.19776191394945,0.919448196025468,-0.0994276159238536,TRUE
"AT2G15620","turquoise",0.405878191523571,0.746285934786803,0.0525435719338864,TRUE
"AT5G61410","turquoise",0.636954144961091,0.681651553154544,0.111261174352048,FALSE
"AT1G08930","blue",0.83201492057367,0.0999742748729822,0.0753103093446524,TRUE
"AT1G23390","blue",0.607058445291105,0.361122276757025,-0.33626497311204,FALSE
"AT1G12780","blue",0.83109574735399,0.00692981751034184,-0.095924109667516,TRUE
"AT4G14960","turquoise",0.263971959611551,0.938452633609879,-0.111775676892405,TRUE
"AT1G03090","blue",0.832939399293613,-0.0414194523981304,-0.027768398405113,TRUE
"AT1G58290","turquoise",0.396745771432246,0.603704418290565,0.0274294166827449,FALSE
"AT5G42980","turquoise",0.391137622509444,0.857248514791631,0.33780578981886,TRUE
"AT2G37170","blue",0.587143867772847,0.302398868094411,-0.365907775419641,FALSE
"AT1G10960","turquoise",0.294231140266255,0.867676377902116,0.0319634703196347,TRUE
"AT4G27090","turquoise",0.465130113930024,0.865303759946284,-0.0750858181082378,TRUE
"AT1G17290","blue",0.722908225609364,0.279246253778378,0.674802238086051,TRUE
"AT4G32410","blue",0.775966300083607,0.727185027976076,0.0376229982635539,TRUE
"ATMG01390","blue",0.567055229593355,0.321569258020503,0.132904574339874,FALSE
"AT3G15730","turquoise",0.594737561418355,0.670788079545114,0.427812301546893,FALSE
"AT4G34620","turquoise",0.305228632066371,0.811499131776963,-0.0206444144317963,TRUE
"AT3G48560","turquoise",0.693195703903788,0.723712135828671,0.137243552640041,TRUE
"AT3G52960","turquoise",0.243231075953438,0.899639848221751,0.0577850665637662,TRUE
"AT2G30870","turquoise",0.496912984757862,0.635860827062834,0.506977940703582,FALSE
"AT3G25920","turquoise",0.468068686089138,0.811499131776963,0.304199626985658,TRUE
"AT4G16190","blue",0.620683002122323,0.34831821982121,0.135989452697923,FALSE
"AT4G17090","turquoise",0.0346646086565052,0.399189658498939,0.277477651295903,FALSE
"AT5G48300","turquoise",0.283587368962634,0.847128432696637,0.272300469483568,TRUE
"AT4G37300","blue",0.720625120586533,0.366390121551225,-0.0669496430638626,TRUE
"AT5G30510","turquoise",0.520644414431796,0.889799987137437,0.131776963148756,TRUE
"AT4G04020","turquoise",0.208727249340794,0.690719660428323,0.257251270178147,FALSE
"AT4G01050","turquoise",0.617370892018779,0.846099427615924,-0.0300340857932986,TRUE
"AT1G79550","turquoise",0.230272043218213,0.889832143546209,0.197536819088044,TRUE
"AT3G49010","turquoise",0.322014277445495,0.897710463695415,-0.183741719724741,TRUE
"AT3G01420","blue",0.555522505665466,0.167648784885352,0.381120820650465,FALSE
"AT1G11910","turquoise",0.512605312238729,0.607531030934465,0.398514373914721,FALSE
"AT5G52640","blue",0.561193645893627,0.24043346839025,0.310920316419062,FALSE
"AT3G13470","turquoise",0.31059875233134,0.836227410122838,-0.0279439192231012,TRUE
"AT3G05590","turquoise",0.279374879413467,0.93578365168178,-0.107273779664287,TRUE
"AT1G54010","turquoise",0.0144383436105348,0.754733059490105,-0.273637160253555,TRUE
"AT4G24280","turquoise",0.487973503119172,0.918869380667567,0.0990738954273587,TRUE
"AT5G13650","turquoise",0.338510515145669,0.825712264454306,0.092642613672905,TRUE
"AT5G27850","turquoise",0.33031063090874,0.90388449417969,-0.0993954595150814,TRUE
"AT1G65960","turquoise",0.401440607112998,0.836227410122838,0.106662807897614,TRUE
"AT3G19820","turquoise",0.719403177053187,0.72554505112869,-0.233359058460351,TRUE
"AT4G02380","blue",0.721975689754968,0.047816579844363,0.0518682873496688,TRUE
"AT1G78630","turquoise",0.469069305672319,0.797002998634978,-0.0766132598042298,TRUE
"AT3G49910","turquoise",0.2987008810856,0.914045919351727,-0.0993954595150814,TRUE
"AT4G13930","turquoise",0.0901665701974404,0.70994919287414,0.166988230754389,TRUE
"AT1G12090","turquoise",0.119557527815294,0.860634124380989,-0.0990417390185864,TRUE
"AT3G54210","turquoise",0.411910829574935,0.857939883138238,-0.0136987402630019,TRUE
"AT3G22890","turquoise",0.492861277252556,0.740208373528844,0.346903337835231,TRUE
"AT5G21940","blue",0.717055759212811,0.30989131133835,-0.223776448646215,TRUE
"AT1G48030","turquoise",0.226413274165541,0.879316997877677,0.0973052929448839,TRUE
"AT5G39740","turquoise",0.344813171265033,0.934400926104573,-0.0838960704868481,TRUE
"AT4G02510","blue",0.846035114798379,0.554312174416361,0.181683709563316,TRUE
"AT3G13920","turquoise",0.626117435204836,0.850215447938774,0.163611807833301,TRUE
"ATCG00780","blue",0.677760627693099,0.428741398160653,0.038233970030227,FALSE
"AT1G78040","turquoise",0.430638626278217,0.90912598880957,-0.0125731558299569,TRUE
"AT2G42600","turquoise",0.320502926233198,0.853752652903724,0.12489549167149,TRUE
"AT3G55980","blue",0.732898682404241,0.308913024264149,0.168758189906652,TRUE
"AT3G63140","turquoise",0.54379702874783,0.846292366068558,-0.051418097626857,TRUE
"AT1G70290","blue",0.775451797543251,0.2051257315583,-0.125088430124124,TRUE
"AT5G61310","turquoise",0.229286254346793,0.782499639133312,0.0922451080776684,TRUE
"AT4G34870","turquoise",0.192570202030485,0.92558143277022,0.137196420967365,TRUE
"AT5G28540","turquoise",0.273940446330954,0.758666152164126,0.345070422535211,TRUE
"AT2G05540","blue",0.716514860423022,0.0840253716132015,-0.25816980328993,TRUE
"AT2G38170","turquoise",0.519957231649316,0.662588129387683,0.25514707656523,FALSE
"AT3G16370","turquoise",0.140009003794456,0.823815036336742,-0.182809183870345,TRUE
"AT3G63410","turquoise",0.432201686631165,0.926112017780407,-0.0206767370636389,TRUE
"AT1G07320","turquoise",0.451186571483697,0.830117692456107,-0.0462730722232941,TRUE
"AT5G11740","turquoise",0.290854717345167,0.78310502283105,-0.108785130876584,TRUE
"AT5G65360","blue",0.420348575471091,0.413209852723648,0.63254871695929,FALSE
"AT1G01320","turquoise",0.435172679915107,0.746929062962248,0.103993825969516,TRUE
"AT2G21170","turquoise",0.629847578622419,0.848093124959805,0.0494244002829764,TRUE
"AT1G78900","turquoise",0.525789439835359,0.866840311274037,0.203550067528458,TRUE
"AT4G16720","turquoise",0.336645443436877,0.933500546658949,-0.135571419383883,TRUE
"ATCG00600","blue",0.313491483660665,0.0163293572778187,-0.0977348231160083,FALSE
"AT1G67430","turquoise",0.343462602096598,0.92925590070101,-0.111454112804682,TRUE
"AT1G05010","blue",0.719145925783009,0.130169142710142,0.322721718438485,TRUE
"AT1G03870","turquoise",0.620136343173194,0.605376551546723,-0.379027590198727,FALSE
"AT3G41768","blue",0.357611421956396,0.166827448710528,-0.0683966814586147,FALSE
"AT1G73600","turquoise",-0.431378223679979,0.492861277252556,0.0648273200848929,FALSE
"AT2G35370","turquoise",0.256383047141295,0.869605762428452,0.0364010547302077,TRUE
"AT5G23060","turquoise",0.196076855078002,0.846482836350271,-0.00176863091911277,TRUE
"AT5G14040","turquoise",0.351308765837031,0.921023860055309,0.117403048427552,TRUE
"AT3G26060","turquoise",0.394719917679594,0.861952537140652,0.10093896713615,TRUE
"AT3G62250","turquoise",0.267284069715094,0.938452633609879,-0.0570133127532317,TRUE
"AT2G33800","turquoise",0.568525307093704,0.782944240787189,0.0125088430124124,TRUE
"AT5G39570","turquoise",0.580358865521899,0.767380538941411,0.357032606598495,TRUE
"AT3G27830","turquoise",0.431989195446653,0.866261495916136,0.0167856453791241,TRUE
"AT3G63490","blue",0.733551996912985,0.685413852980899,0.0990095826098142,TRUE
"AT5G42020","turquoise",0.136278860376873,0.802784744999679,-0.0456299440478487,TRUE
"AT2G04965","turquoise",-0.122065215713957,0.550709092613546,0.0628664816829391,FALSE
"AT4G09320","turquoise",0.143740302759667,0.921336752688727,-0.0565635777526297,TRUE
"AT1G56340","turquoise",0.325133449096405,0.875136664737282,-0.157051900443758,TRUE
"AT5G15230","turquoise",0.312964764341938,0.769589439775333,-0.106551117045673,TRUE
"AT3G09630","turquoise",0.409254614444659,0.915685896199113,-0.0508392822689562,TRUE
"AT1G78570","turquoise",0.0500675284584218,0.593060646986944,0.333236864107017,FALSE
"ATCG00100","turquoise",0.409533373583355,0.406589405033811,-0.179646430561548,FALSE
"AT3G53020","turquoise",0.264936651874719,0.92018779342723,-0.0840568525307094,TRUE
"AT2G22990","blue",0.809151713936588,0.414817673162261,-0.306739983278668,TRUE
"AT3G56240","turquoise",0.139719596115506,0.493825969515725,0.477394044633095,FALSE
"AT5G09810","turquoise",0.450897163804746,0.93096019036594,0.140619975561129,TRUE
"AT3G18290","grey",0.298893819538234,0.162261238664866,0.274808669367805,FALSE
"AT4G27520","turquoise",0.297575406778571,0.766833879992283,0.0724805453726928,TRUE
"ATCG00740","blue",0.641166634510258,0.395652453533989,0.0394880699723455,FALSE
"AT1G32470","turquoise",0.337417197247411,0.822689562029713,-0.118978712457393,TRUE
"AT5G65220","turquoise",0.383760752521668,0.77527132416163,-0.0342471259791836,TRUE
"AT1G03220","blue",0.858769052672198,0.170171715222844,0.104572641327417,TRUE
"AT2G37660","turquoise",0.23319827641649,0.85780436040903,-0.104669110553733,TRUE
"AT1G17220","turquoise",0.356167246838048,0.83194121763909,0.0251304354824787,TRUE
"AT1G47128","turquoise",0.594604154608014,0.518650717087916,0.141648980641842,FALSE
"AT3G26740","blue",0.472236737399797,0.360218986915837,0.0508557693097123,FALSE
"AT5G07090","turquoise",0.313750080391022,0.936458936265998,-0.0836709756254422,TRUE
"AT1G35720","turquoise",-0.00289407678950415,0.819859798057753,-0.121229661071452,TRUE
"AT1G09970","blue",0.85015113512123,0.185478165798444,0.385748279632131,TRUE
"AT5G66040","turquoise",0.24850472699209,0.667631358929835,0.00897163804746286,FALSE
"AT5G16030","turquoise",0.448581902373143,0.535822239372307,-0.260145346967651,FALSE
"AT3G27850","turquoise",0.299665573348768,0.895073638176089,-0.0673676763779021,TRUE
"AT4G30950","turquoise",0.702424593221429,0.810823847192746,-0.0257251270178147,TRUE
"AT2G25450","turquoise",0.372724934079362,0.356453791240594,0.507846163740434,FALSE
"AT3G61440","turquoise",0.692263168049392,0.569779407035822,-0.0462730722232941,FALSE
"AT5G57660","blue",0.779564273756204,0.157440308726838,-0.0939143018048878,TRUE
"ATCG00560","blue",0.448201018235616,0.347884153571311,0.335258093163826,FALSE
"AT4G19690","turquoise",-0.0901190600635274,0.366827182042708,-0.334348948085826,FALSE
"AT4G25050","turquoise",0.361823911505563,0.844491607177311,-0.173901858640427,TRUE
"AT5G18380","turquoise",0.354781657984436,0.908804424721847,-0.118464209917036,TRUE
"AT5G22920","blue",0.741944819602547,0.21194289021802,-0.282429738246833,TRUE
"AT5G19120","blue",0.71477265418998,0.237410765965657,-0.246961219371021,TRUE
"AT5G24490","blue",0.834812528136858,0.136600424464596,-0.0224773297318156,TRUE
"AT4G24690","blue",0.614862692134543,0.200816772782816,0.678339443051,FALSE
"AT4G15000","turquoise",0.27757412052222,0.919962698565824,-0.128786417132935,TRUE
"AT1G04820","turquoise",0.290533153257444,0.91819409608335,-0.12971895298733,TRUE
"AT1G32080","turquoise",0.22746018603367,0.824754202501107,0.136714070958104,TRUE
"AT1G68530","blue",0.793137822367998,0.544054280018008,0.0855038909254615,TRUE
"AT3G62870","turquoise",0.428902180204515,0.920348575471092,-0.0405813878706026,TRUE
"AT5G02960","turquoise",0.338092481831629,0.898289279053315,-0.1548009518297,TRUE
"AT4G12420","turquoise",0.703164190623191,0.628786417132935,-0.275548266769567,FALSE
"AT3G61430","blue",0.719242395009325,0.47392115248569,-0.266319377451926,TRUE
"AT4G26630","turquoise",0.574024052993762,0.722554505112869,0.158820502926233,TRUE
"AT5G65010","turquoise",0.610392951315197,0.641874075503248,-0.0734452376358608,FALSE
"AT5G51070","blue",0.815582995691041,0.0704546916200399,0.422342272814972,TRUE
"AT2G23120","blue",0.654066612557412,0.362952303634981,0.450370203646649,FALSE
"AT4G13340","blue",0.84530231289561,0.309861645949028,-0.079780691531708,TRUE
"AT5G08690","turquoise",0.429870328253072,0.918683827637793,0.174546390017779,TRUE
"AT3G16400","turquoise",0.430027654511544,0.734162968679658,-0.0659849508006946,TRUE
"AT4G17520","turquoise",0.418579972988617,0.634928291208438,0.557624284519905,FALSE
"AT2G20260","turquoise",0.42372840480182,0.7325771157314,-0.0816940132351085,TRUE
"AT1G45201","turquoise",-0.216348318219821,0.708598623705705,-0.0277509807704676,TRUE
"AT5G25280","blue",0.723878737231067,0.427876614881462,-0.163436261471143,TRUE
"AT3G52590","turquoise",0.268152292751946,0.923692841983408,-0.0760499067464146,TRUE
"AT3G09390","turquoise",0.113319184513474,0.548877741333848,0.321049585182327,FALSE
"AT1G21400","blue",0.75210830561552,-0.0766948846182104,0.30983447098384,TRUE
"AT1G78850","blue",0.747925911634189,0.323750723519197,0.163515338606984,TRUE
"AT5G04590","turquoise",0.312495980448903,0.83413724355264,0.195928998649431,TRUE
"AT5G53450","grey",-0.00123803169043561,0.148515567851348,0.183727118527373,FALSE
"AT2G30520","turquoise",0.487366449356939,0.541373572060488,0.132871349217661,FALSE
"AT5G21020","blue",0.724741140909383,0.294874268441701,0.175059489356229,TRUE
"AT1G10070","blue",0.618522389339536,-0.18962939145469,-0.161524238303699,FALSE
"AT3G51840","blue",0.900379445623513,0.0962441314553991,0.0634767509164577,TRUE
"AT4G32020","blue",0.78593478680301,0.427069264904496,0.376905267219757,TRUE
"AT1G31580","grey",-0.0384117566777578,0.224682246887814,0.752494191827435,TRUE
"AT3G02260","blue",0.747218470641199,0.350344073573863,0.410380088751688,TRUE
"AT1G18540","turquoise",0.251881149913178,0.925750852144833,-0.0811949321499775,TRUE
"AT3G26570","turquoise",0.165701974403499,0.822753874847257,0.048652646472442,TRUE
"AT1G10760","turquoise",0.260774493339938,0.714215658712213,0.0940904084731066,TRUE
"AT2G19800","blue",0.799376165669818,0.0795549553025918,-0.116084635667889,TRUE
"AT3G13460","blue",0.908458007441468,0.373724787175135,0.210577935709548,TRUE
"AT1G04270","turquoise",0.329091332984885,0.9303566978619,-0.0968398035258922,TRUE
"AT2G27860","turquoise",0.746607498874526,0.685413852980899,0.122001414881986,FALSE
"AT3G57410","blue",0.958734956740067,0.320409032818193,0.102017026958623,TRUE
"AT4G36850","blue",0.770071789784593,0.0193261570377092,-0.180527530132611,TRUE
"AT4G23400","turquoise",0.651038652003344,0.481960254678758,-0.233069650781401,FALSE
"AT5G56710","turquoise",0.210817415910991,0.905202906939353,-0.140523506334813,TRUE
"AT2G27710","turquoise",0.26921345424143,0.906778570969194,-0.137404334683903,TRUE
"AT1G11840","turquoise",0.0611936458936266,0.856260852787961,0.161425172036787,TRUE
"AT2G39460","turquoise",0.314154561031447,0.904486659031889,-0.156667283007852,TRUE
"AT2G34250","turquoise",0.578847514309602,0.787928484146891,0.0569489999356872,TRUE
"AT5G02160","blue",0.657309151713937,0.192263168049392,-0.151810405813879,FALSE
"AT2G47610","turquoise",0.434722490192295,0.916296867965786,-0.0555341179497074,TRUE
"AT3G19170","blue",0.65858462431082,0.744153515953656,0.199934078838531,FALSE
"AT4G01310","turquoise",0.493665187471863,0.772814972023924,-0.0425750852144832,TRUE
"AT1G20450","turquoise",0.586392906258146,0.450756083654057,0.0622070728609791,FALSE
"AT4G18100","turquoise",0.218792205286514,0.904238214676185,-0.13595729628915,TRUE
"AT5G54600","turquoise",0.448292494694193,0.807736831950608,-0.0032477972859991,TRUE
"AT2G42840","turquoise",0.52707569618625,0.71548009518297,-0.269856582416876,TRUE
"AT3G17390","turquoise",0.311531288185735,0.850215447938774,0.206926490449547,TRUE
"AT5G63190","blue",0.908656784082389,0.110943177855865,0.0189085763997822,TRUE
"AT5G40950","turquoise",0.344266512315905,0.912566724548203,0.014502540356293,TRUE
"AT3G52880","turquoise",0.325937359315712,0.703614380346003,0.528426265354685,TRUE
"AT4G22890","turquoise",0.489870731236736,0.846774712200142,0.0673998327866744,TRUE
"ATMG00090","blue",0.642589501872234,0.378287114460364,0.0761720992382775,FALSE
"ATCG00170","turquoise",0.485211477475623,0.361934929183692,0.135785894133997,FALSE
"AT4G39330","turquoise",-0.168435269149141,0.720335712907583,0.121937102064441,TRUE
"AT4G05050","turquoise",0.554955302591807,0.50170428966493,0.196443501189787,FALSE
"AT3G11510","turquoise",0.231204579072609,0.919094475528973,-0.0733809248183163,TRUE
"ATMG00060","blue",0.671885361989739,0.169958452959855,0.161430763849874,FALSE
"AT3G61260","blue",0.806611357643578,0.265418998006303,-0.256061483053573,TRUE
"AT4G17390","turquoise",0.313524985529616,0.909029519583253,-0.197568975496817,TRUE
"AT5G60600","turquoise",0.770435397774777,0.762653546851888,0.186507170879156,TRUE
"AT4G05150","blue",0.728782628991884,0.502126359640314,-0.114654597201251,TRUE
"AT1G31812","turquoise",0.603447167020387,0.612933307608206,0.112354492250305,FALSE
"AT2G38230","turquoise",0.419387254718474,0.325039592907096,0.367470315388389,FALSE
"AT3G51730","blue",0.801939047063079,0.228714296057748,0.0930453167863752,TRUE
"AT4G37870","blue",0.862113319184514,0.305839603833044,0.188275773361631,TRUE
"AT2G16600","turquoise",0.141391729371664,0.870956331596887,0.190269470705512,TRUE
"AT1G78830","blue",0.802913370634768,0.191041224516046,-0.0484918644285806,TRUE
"AT3G16140","turquoise",0.646257737843804,0.765141892533984,0.095940188130417,TRUE
"AT1G09690","turquoise",0.3293137822368,0.900958260981414,-0.132484404141745,TRUE
"AT1G09070","blue",0.831706728944228,0.331344963464326,0.0894766460442049,TRUE
"AT3G09820","turquoise",0.24467811434819,0.908675799086758,0.0220592964177761,TRUE
"AT3G53430","turquoise",0.217280854074217,0.930027654511544,-0.121679850794263,TRUE
"ATCG00660","blue",0.445327217145851,0.189951598472721,0.366940620671713,FALSE
"AT2G27720","turquoise",0.279374879413467,0.835327030677214,-0.142034857547109,TRUE
"AT3G53260","turquoise",0.128337259130611,0.658681094312672,0.0438134591745071,FALSE
"AT3G53870","turquoise",0.301659270692649,0.946845456299441,-0.062672840697151,TRUE
"AT1G35680","turquoise",0.404305777762259,0.817679735698618,-0.262269778368646,TRUE
"AT3G14940","turquoise",0.179529230175574,0.610875297446781,0.218985143739147,FALSE
"AT2G15890","blue",0.772563931499107,0.26532466176063,-0.256240403252888,TRUE
"AT2G39570","blue",0.821458144104492,0.176186380049266,-0.170960921615609,TRUE
"AT5G26280","turquoise",0.65679464917358,0.571901730014792,-0.119461058588977,FALSE
"AT5G25980","turquoise",0.401826484018265,0.479966557334877,0.630201299118914,FALSE
"AT1G02500","turquoise",0.666409415396489,0.680815486526465,0.0477844234355907,FALSE
"AT3G05730","turquoise",0.452440671425815,0.46980513216284,0.531384654961734,FALSE
"AT5G08670","turquoise",0.675027332947457,0.787960640555663,0.183195060775613,TRUE
"AT1G64660","blue",0.727130937694341,-0.0406007301403819,0.125629110727447,TRUE
"AT2G29630","turquoise",0.158306000385877,0.631776963148756,0.211717795356615,FALSE
"AT2G24270","turquoise",0.420959547237765,0.775966300083607,-0.0150170428966493,TRUE
"AT5G17230","turquoise",0.334365026419468,0.859338698165094,0.171121704952029,TRUE
"AT4G05631","blue",0.585879723481131,0.32623030993178,0.458443244511477,FALSE
"AT1G56190","turquoise",0.353913434947585,0.846420991703647,0.118399897099492,TRUE
"AT4G02480","blue",0.952987330374944,0.429866872467683,0.145346967650653,TRUE
"AT2G18700","blue",0.818210320708804,0.107998167073455,-0.0972578402005847,TRUE
"AT3G08530","blue",0.871052800823204,0.489324072287607,0.29146568911184,TRUE
"AT1G17360","blue",0.464660106759277,0.268377387613351,0.864943083156473,FALSE
"AT5G54940","blue",0.842626535468519,0.420316419062319,0.0866293652324908,TRUE
"AT1G76160","blue",0.831661200077175,0.541899800630266,-0.0843784166184321,TRUE
"AT4G35830","blue",0.880956974725063,0.564859476493665,0.176152807254486,TRUE
"AT3G24830","turquoise",0.309749097613534,0.933122171248328,-0.119863977301266,TRUE
"AT3G45300","blue",0.80464981670847,-0.0482667695671747,0.0300340857932986,TRUE
"AT1G50010","turquoise",0.353527558042318,0.876937423628529,-0.193485111582738,TRUE
"AT2G19730","turquoise",0.297350311917165,0.892083092160268,-0.133706347675092,TRUE
"AT1G48300","blue",0.589050566841957,0.19778117214551,0.0632848299784349,FALSE
"AT4G25080","blue",0.707500603033809,0.713481791232991,-0.164096792367863,TRUE
"AT1G03600","turquoise",0.500160782043861,0.800598109203164,-0.148916329024375,TRUE
"AT4G30210","blue",0.897749837235882,0.33327169973181,0.135813684274151,TRUE
"AT3G01290","blue",0.790919030162711,-0.040742169914464,0.0373979034021481,TRUE
"AT5G64740","turquoise",0.640073316612001,0.803685124445302,0.126471155701331,TRUE
"AT2G43030","turquoise",0.383111454112805,0.869605762428452,-0.0543764872339057,TRUE
"AT3G32980","turquoise",0.43271619330771,0.709552941956027,-0.102000948624981,TRUE
"AT1G22530","blue",0.812045790726092,0.43507621068879,-0.185606791433533,TRUE
"AT2G30490","turquoise",0.237828799279696,0.762139044311531,0.229468132998907,TRUE
"AT2G20890","turquoise",0.517850969942211,0.913104645864012,0.126086292420728,TRUE
"AT1G05190","turquoise",0.423532059939546,0.803749437262847,0.00839282268956203,TRUE
"AT1G52300","turquoise",0.316965721268249,0.90841854781658,-0.1241880506785,TRUE
"AT2G34420","turquoise",0.375800666656728,0.469802401670839,0.0889922381638295,FALSE
"AT5G58070","blue",0.426908482860634,0.358961991124831,0.682969965914207,FALSE
"AT1G80440","blue",0.701311230839853,0.164776061940225,-0.254383496873176,TRUE
"AT5G64570","blue",0.815702100660649,0.3082055775839,-0.118851042281819,TRUE
"AT5G45390","turquoise",0.498810212875426,0.778152935880121,0.493311466975368,TRUE
"AT3G13120","turquoise",0.458586232137722,0.848823467963212,0.0118014968932434,TRUE
"AT1G76930","blue",0.633422032161057,0.182842810177062,0.226833131021632,FALSE
"AT2G43970","blue",0.797019076968621,0.456721145435247,0.25760706161246,TRUE
"AT5G64940","turquoise",0.360441185928356,0.719756897549682,0.179207666087851,TRUE
"AT5G01410","turquoise",0.0984950800694579,0.723615666602354,0.166023538491221,TRUE
"AT1G53210","blue",0.938999292559007,0.375715480095183,0.254453662614959,TRUE
"AT5G20230","blue",0.685248010378791,-0.109960607780111,0.0826754562370713,FALSE
"AT3G59970","turquoise",0.341951250884301,0.897003022702425,-0.0107402405299376,TRUE
"AT4G37800","turquoise",-0.0307736831950608,0.796321306836453,0.0127339378738183,TRUE
"AT3G11940","turquoise",0.525588873771611,0.901857062581401,0.0180721923007523,TRUE
"AT2G26250","turquoise",0.697333408388091,0.723862658897425,-0.0605670828294929,TRUE
"AT1G08830","turquoise",0.705865328960062,0.598495080069458,-0.00623834330182005,FALSE
"AT1G09210","turquoise",0.221847064119879,0.748601196218406,-0.348157437777349,TRUE
"AT5G64120","blue",0.721236092353206,0.124991960897807,-0.144414431796257,TRUE
"AT1G29070","turquoise",0.380088751688211,0.799601260531224,-0.0340857932986044,TRUE
"AT5G52920","blue",0.721139623126889,0.395459515081356,0.466589491285613,TRUE
"AT3G23820","turquoise",0.346549617338736,0.823171908161297,0.130683645250498,TRUE
"AT2G07698","blue",0.419873041537871,0.273697766325773,0.166553079101818,FALSE
"AT1G18270","blue",0.842729779512886,0.0607921795004812,-0.0947496201524295,TRUE
"AT5G16110","blue",0.907582481188501,0.211331918451347,-0.0444723133320471,TRUE
"AT1G55670","turquoise",0.503476939666244,0.798015933654426,0.0165124486503555,TRUE
"AT4G34350","blue",0.765226059553669,0.546240915814522,0.0930928033957168,TRUE
"AT5G10860","blue",0.834298025596501,0.238182519776191,0.0717731043797029,TRUE
"AT3G11130","blue",0.846742555791369,0.627114283876777,0.25332818830793,TRUE
"AT1G76680","blue",0.683104083114902,0.344703394951287,0.296789960698065,FALSE
"AT2G31400","turquoise",0.447295646022252,0.877998585118014,0.183806032542286,TRUE
"AT2G05710","turquoise",0.557463502476044,0.633031063090874,0.434336613287028,FALSE
"AT5G08280","turquoise",0.466846742555791,0.902051578879671,0.0141166634510258,TRUE
"AT5G10360","turquoise",0.477140629160614,0.911143089159685,-0.0631074595449322,TRUE
"AT3G09500","turquoise",0.352434240144061,0.891793684481317,-0.161232233584153,TRUE
"AT4G13430","turquoise",0.269792269599331,0.864589362659978,0.311016785645379,TRUE
"AT1G76080","turquoise",0.257122644543057,0.876422921088173,-0.0426715544408001,TRUE
"AT3G02090","turquoise",0.45874332754518,0.925075567560615,0.204386134156537,TRUE
"AT1G07610","turquoise",0.135474950157566,0.674480673998328,-0.319313139108624,FALSE
"AT2G45460","blue",0.349861727442279,0.0683645250498424,0.924979098334298,FALSE
"AT2G22125","blue",0.867644221493344,0.604251077239694,0.134060068171587,TRUE
"AT5G54160","turquoise",0.146153227770319,0.814840421361053,-0.0149529704979534,TRUE
"AT1G28290","turquoise",0.519358158080906,0.585407421699145,-0.387002379574249,FALSE
"AT4G34670","turquoise",0.543411151842562,0.874590005788154,-0.0260145346967651,TRUE
"AT3G04790","turquoise",0.148723390571741,0.906392694063927,0.0435397774776513,TRUE
"AT1G48600","turquoise",0.0842819473921153,0.86503955238279,0.0596501382725577,TRUE
"AT3G48870","turquoise",0.625570776255708,0.575438934979742,0.568235899414753,FALSE
"AT1G75350","turquoise",0.443726284648531,0.78622419448196,0.0270435397774777,TRUE
"AT5G11670","blue",0.597562544215062,0.296031899157502,0.339796771496559,FALSE
"AT3G46970","turquoise",-0.115634445945077,0.652742941668275,0.109460415460801,FALSE
"AT4G40040","blue",0.771110682358994,0.574056209402534,0.0931249598044891,TRUE
"AT1G02340","blue",0.55590130324247,0.25851686050872,0.256008237080047,FALSE
"AT3G15356","blue",0.727882242307931,0.0625447178674615,0.251931409836826,TRUE
"AT5G57290","turquoise",0.27728471284327,0.849765258215963,-0.132098527236478,TRUE
"AT2G25080","blue",0.899253971316483,0.442054151392373,0.155476236413917,TRUE
"AT2G18280","blue",0.883207923339122,0.265837031320342,-0.037269277767059,TRUE
"AT1G02930","grey",0.201652839410895,0.251559585825455,0.634703196347032,FALSE
"ATCG01010","turquoise",0.328587392838646,0.250524572705957,0.0179279185268688,FALSE
"AT5G64840","turquoise",0.577368319506078,0.536979870088109,0.18570326065985,FALSE
"ATCG00700","blue",0.342037776974078,0.00302389381947457,-0.137748014202022,FALSE
"AT5G54080","blue",0.859690165779135,-0.00122197300439916,0.0783027438345251,TRUE
"AT5G67030","turquoise",0.408965206765708,0.729275194546273,0.0485561772461252,TRUE
"AT3G44110","blue",0.693260016721333,0.651102964820889,0.229950479130491,FALSE
"AT4G34050","turquoise",0.216444787446138,0.841147340664995,0.118078333011769,TRUE
"AT4G38470","blue",0.87439706733552,0.158981284970095,-0.15026689819281,TRUE
"AT2G23350","turquoise",0.446395266576629,0.812785388127854,0.411730657920124,TRUE
"AT2G22430","turquoise",0.42443243938517,0.47334233712779,0.552189851437392,FALSE
"AT3G44990","turquoise",-0.412438098913113,0.560325422856775,-0.138851373078655,FALSE
"AT1G16880","turquoise",0.508778699594829,0.847868030098399,0.0607112997620426,TRUE
"AT5G41520","turquoise",0.457316043780002,0.909117219120791,-0.0528012476803968,TRUE
"AT2G45470","turquoise",0.275419641134478,0.869830857289858,-0.190976911698502,TRUE
"AT4G39200","turquoise",0.513409222458036,0.808347803717281,-0.070711942890218,TRUE
"AT1G21130","blue",0.770049520869509,0.300630265611936,-0.0528329796128368,TRUE
"AT5G12250","turquoise",0.385976477410355,0.895675732196061,-0.0184740053546821,TRUE
"AT3G23050","blue",0.638567098926504,0.222057865929951,-0.0423020958121571,FALSE
"AT5G60360","turquoise",0.646665380410316,0.595182969965914,0.257797929127275,FALSE
"AT3G14310","turquoise",0.390346646086565,0.828284777156087,-0.101742877355457,TRUE
"AT3G45730","blue",0.47585818801874,-0.0834793793821225,0.783326634075044,FALSE
"AT1G10370","turquoise",0.00268512489124552,0.515222407275877,-0.0956033090020711,FALSE
"AT2G28800","blue",0.887934915428645,0.641874075503248,0.111229017943276,TRUE
"AT1G76810","blue",0.723712135828671,0.548524020837353,0.356807511737089,TRUE
"AT2G47590","turquoise",0.325026127544223,0.895602540512902,0.132068494269021,TRUE
"AT1G30230","blue",0.726831307479581,0.571805260788475,0.103093446523892,TRUE
"AT1G80380","blue",0.915275220905685,0.348015531681543,0.03683546237387,TRUE
"AT4G34030","blue",0.761887917960805,-0.0196316453769076,0.400881092696508,TRUE
"AT3G47070","turquoise",0.228696379188372,0.720946684674256,-0.0411280468197312,TRUE
"AT3G27630","grey",0.0512952454647654,-0.0378523535498613,0.960796931587836,TRUE
"AT1G63940","turquoise",0.192552575728343,0.859315711621326,0.225319956267284,TRUE
"ATMG00070","blue",0.541783436113696,0.295990671562145,0.327911391917599,FALSE
"AT1G23870","blue",0.866378860119004,0.156267837233624,-0.08190434847907,TRUE
"AT5G58330","turquoise",0.39623126889189,0.89735674319892,0.0209981349282912,TRUE
"AT3G22960","blue",0.895363045855039,0.468454562994405,0.117306579201235,TRUE
"ATCG00810","blue",0.612664903429208,0.385783537406651,-0.0694584013335305,FALSE
"AT5G47700","turquoise",0.305710978197955,0.881793041353142,-0.0322207215898129,TRUE
"AT5G16130","turquoise",0.360634124380989,0.912727506592064,-0.131744806739983,TRUE
"AT3G11170","turquoise",0.699626985658242,0.809441121615538,0.104508328509872,TRUE
"AT1G19770","blue",0.814232426522606,0.283715994597723,-0.0479452054794521,TRUE
"AT4G01850","turquoise",0.786031256029327,0.762171200720304,0.0459193517267992,TRUE
"AT2G27530","turquoise",0.402537161061637,0.918169320961248,-0.0273814021923617,TRUE
"AT1G49500","blue",0.69264904495466,0.387999228246189,-0.159527943919223,FALSE
"AT3G51550","blue",0.946781143481896,0.43478680300984,0.0264647244195768,TRUE
"AT5G09650","turquoise",0.320438613415654,0.942247089845006,0.0809698372885716,TRUE
"AT4G35750","blue",0.849122130040517,0.272493407936202,0.0464981670847,TRUE
"AT5G14320","turquoise",0.574892276030613,0.755482667695672,0.0754067785709692,TRUE
"AT2G33040","turquoise",0.435481666694137,0.903505880679725,0.178630286762853,TRUE
"AT5G05690","blue",0.920138274899867,0.207170994479709,0.0676903288133158,TRUE
"AT1G61740","blue",0.766608785130877,0.100167213325616,0.0686539327287929,TRUE
"AT2G02100","turquoise",0.613930156280147,0.615087786995948,-0.30506785002251,FALSE
"AT1G06950","turquoise",0.571355071065664,0.848125281368577,0.0470448260338285,TRUE
"AT5G40890","blue",0.714644028554891,0.622001414881986,-0.0848607627500161,TRUE
"AT3G52150","turquoise",0.375380855540263,0.873342926767294,-0.0472542225738996,TRUE
"AT5G41700","blue",0.741237378609557,0.440542800180076,-0.00704225352112676,TRUE
"AT4G34150","blue",0.795555948607197,0.311373009311378,0.140942672705956,TRUE
"AT5G64100","blue",0.737249983921796,0.202810470126696,-0.17563830471413,TRUE
"AT3G15360","turquoise",0.330117692456107,0.861663129461702,0.0290372371213583,TRUE
"AT2G30600","blue",0.839787444456396,0.155606112987479,-0.144463827773558,TRUE
"AT2G41740","blue",0.744292237442922,0.686732265740562,0.122033571290758,TRUE
"AT4G38740","turquoise",0.279296733695546,0.881687581927503,-0.0504216543013777,TRUE
"AT5G19140","turquoise",0.51218727892469,0.700527365103865,-0.0282011704932793,TRUE
"AT3G48730","turquoise",0.265644092867709,0.880603254228568,-0.0739597401762171,TRUE
"AT5G07610","grey",0.146606960652905,-0.00717116741074751,0.951658936188146,TRUE
"AT4G39260","turquoise",-0.010225902405052,0.803054908054602,0.123884556652399,TRUE
"AT2G23810","blue",0.803427873175124,0.290661778892533,0.032960318991575,TRUE
"AT1G01100","turquoise",0.455518932448943,0.846032639389042,-0.0701181767113706,TRUE
"AT3G19450","turquoise",0.0867901472763522,0.690944755289729,0.0637018457778635,FALSE
"AT1G70850","turquoise",0.292784101871503,0.406810727377966,-0.257733616309731,FALSE
"AT5G19760","turquoise",0.447283163587381,0.963831788504588,0.0175093053361608,TRUE
"ATCG00590","blue",0.353885857189329,0.10923574995264,-0.0389380637627615,FALSE
"AT1G01580","grey",-0.0440874997113486,0.345062666413294,-0.347924655818335,FALSE
"AT3G48930","turquoise",0.409318927262203,0.908193452955174,-0.0149205736703325,TRUE
"AT3G62410","turquoise",0.10547302077304,0.769856582416876,-0.0107402405299376,TRUE
"AT4G03520","turquoise",0.46199483886983,0.842134881168131,0.115989098893539,TRUE
"AT2G36910","blue",0.335455656312303,0.335423499903531,0.830792977040324,FALSE
"AT1G22410","turquoise",0.14261367290501,0.815904559778764,0.0956010032799537,TRUE
"AT3G28220","turquoise",0.138534263826975,0.497073672958559,0.0837219024776069,FALSE
"AT1G68590","turquoise",0.190430252749373,0.896199112483118,-0.0105794584860763,TRUE
"AT1G80070","blue",0.767991510708084,0.57669303492186,0.222811756383047,TRUE
"AT1G36160","blue",0.712489549167149,0.576500096469226,0.217634574570712,TRUE
"AT1G70830","turquoise",0.193422353713512,0.73090496903263,-0.0726901463955767,TRUE
"AT2G28290","blue",0.842433597015885,0.430574313460673,0.211235449225031,TRUE
"AT1G23130","turquoise",0.316901408450704,0.350729950479131,0.707312367354814,FALSE
"AT4G21990","turquoise",-0.149722646534346,0.573197202421546,0.180866629173632,FALSE
"AT5G03780","grey",0.231172422663837,0.035468518875812,0.960897806932922,TRUE
"AT3G52380","turquoise",0.209484609021891,0.874838211796002,-0.0886880883693876,TRUE
"AT1G58030","blue",0.882371856711043,0.229693227860313,-0.0139880378159367,TRUE
"AT4G34450","blue",0.775258859090617,0.710302913370635,0.312560293266448,TRUE
"AT3G01480","turquoise",0.438934979741463,0.918933693485112,0.0114155251141553,TRUE
"AT3G28860","blue",0.765611936458936,0.612933307608206,-0.155829956910412,TRUE
"AT2G21870","turquoise",0.238568396681459,0.92825905202907,0.118174802238086,TRUE
"AT5G24930","blue",0.73731429673934,0.632130683645251,0.0344716702038716,TRUE
"AT1G57990","blue",0.762579286307412,0.159770401400762,-0.0688956596560598,TRUE
"AT3G56360","blue",0.689915750209017,0.281432889574892,0.14161682423307,FALSE
"AT3G18490","turquoise",-0.0269470705511608,0.716026754132099,0.0209016657019744,TRUE
"AT5G28840","blue",0.75744420863078,0.619621840632838,-0.0630265611936459,TRUE
"AT4G39800","turquoise",-0.13237398506414,0.659120508164625,0.169531312828409,FALSE
"AT5G20850","grey",0.208166185663245,0.0975954852070672,0.945615036488178,TRUE
"AT2G41630","blue",0.617268269233256,0.207862368384453,0.770753276086442,FALSE
"AT5G23120","blue",0.800942190377274,0.629820485425245,0.0894920050514886,TRUE
"AT1G53310","turquoise",0.109091493761112,0.729216744000218,0.102033105292265,TRUE
"AT4G11010","turquoise",0.0732201427744549,0.897806932921731,0.0568846871181427,TRUE
"AT3G56150","turquoise",0.474532124252364,0.823332690205158,0.245610650202585,TRUE
"AT3G25690","blue",0.769599331146698,0.66486590777542,0.0772075374622162,TRUE
"AT1G29660","turquoise",0.130973052929449,0.786031256029327,-0.168821146054409,TRUE
"AT2G01450","blue",0.928451990481703,0.259663000836067,0.171490127982507,TRUE
"AT2G26980","blue",0.910644660816783,0.316791407748739,-0.0874500566789519,TRUE
"AT3G01540","blue",0.931506849315069,0.333558428194739,0.196732908868738,TRUE
"AT1G66580","turquoise",0.51800758891247,0.714322464467168,0.243424014406071,TRUE
"AT5G42650","turquoise",0.191330632194996,0.781079169078397,0.156344459450769,TRUE
"AT1G56110","turquoise",0.209820567239051,0.779471348639784,-0.146343816322593,TRUE
"AT1G54780","turquoise",0.245996527107853,0.917197247411409,-0.00945398417904689,TRUE
"AT3G62650","blue",0.793266448003087,0.308315647308509,0.149237893112097,TRUE
"AT3G13520","turquoise",0.375233133963599,0.749565888481575,-0.299022445173323,TRUE
"AT3G20770","blue",0.967585818920792,0.295747246601456,0.183616046329707,TRUE
"AT5G19940","turquoise",0.614701910090681,0.731429673934015,-0.00144703839475207,TRUE
"AT3G54500","blue",0.656467561785955,0.252415789083194,-0.0302757456426303,FALSE
"AT2G38470","blue",0.758195996560741,0.153661869945097,0.231513787311861,TRUE
"AT3G06325","turquoise",0.340262706648258,0.400612409879888,0.0844542233700448,FALSE
"AT3G05880","turquoise",0.486598601236625,0.698930782307563,0.118530428506357,FALSE
"AT1G32990","turquoise",0.443726284648531,0.818862949385813,-0.0471091388513731,TRUE
"AT4G19160","blue",0.830471412952602,0.318059039166506,-0.061483053572577,TRUE
"AT1G64510","turquoise",0.420830921602675,0.848479001865072,-0.00694578429480996,TRUE
"AT3G57150","turquoise",0.199208952344202,0.820213518554248,-0.0266576628722104,TRUE
"AT3G53740","turquoise",0.391439963984822,0.861277252556435,-0.0699723454884559,TRUE
"AT4G27450","blue",0.713927388863204,0.0735762292562952,-0.0587194906564664,TRUE
"AT5G40840","blue",0.298940395569115,0.0726609104763785,0.944125545773843,FALSE
"AT2G24090","turquoise",0.287896327738118,0.819666859605119,-0.161167920766609,TRUE
"AT4G13770","turquoise",-0.177599845649238,0.688147147726542,0.0419319570390379,FALSE
"AT2G35050","blue",0.86674384204772,0.442632966750273,0.310437970287478,TRUE
"AT3G13790","blue",0.775194546273072,0.33342980255965,-0.0314811241880507,TRUE
"AT1G31280","blue",0.417618638017852,0.139849346018298,0.912284650848269,FALSE
"AT1G68840","blue",0.779342723004695,0.256640298411473,-0.0706797864814458,TRUE
"AT1G70320","blue",0.770660492636182,0.511190430252749,0.284712843269664,TRUE
"AT5G65430","blue",0.797437113643313,0.375348698872979,-0.0940743301394646,TRUE
"AT1G29470","turquoise",0.630780114476815,0.83725641520355,0.179561386584346,TRUE
"AT3G04730","blue",0.9261367290501,0.372178275130233,-0.00591677921409737,TRUE
"ATCG01040","turquoise",0.266497261601603,0.36167255716514,-0.0568767694968173,FALSE
"AT3G23030","blue",0.823497254819892,0.167040493982933,-0.0811486546474021,TRUE
"AT1G09780","turquoise",0.229468132998907,0.866808154865265,0.128786417132935,TRUE
"AT2G35260","turquoise",0.630104829892598,0.720978841083028,-0.0259180654704483,TRUE
"AT1G71500","turquoise",0.59470062383433,0.814618303427873,0.0539906103286385,TRUE
"AT4G36040","blue",0.823185143606685,0.232703593566537,-0.098480585268779,TRUE
"AT3G16470","turquoise",0.289407678950415,0.768956202971252,0.103607949064249,TRUE
"AT4G38680","turquoise",0.498685596240922,0.715534082070858,-0.345057118291412,TRUE
"AT3G22440","blue",0.913113383497331,0.426972795678179,0.127950350504856,TRUE
"ATMG01170","grey",0.186865430207422,0.108037655476446,0.830617485660019,TRUE
"AT5G19510","turquoise",0.467875747636504,0.905846035114798,-0.111743520483632,TRUE
"AT1G08360","turquoise",0.441057302720432,0.90218020451476,-0.0700688147147727,TRUE
"AT3G25770","turquoise",0.0255325990868279,0.476565640386385,0.199646273842029,FALSE
"AT5G61820","blue",0.510386520033443,0.318348446845456,0.305518039745321,FALSE
"AT5G22650","turquoise",0.309923467747122,0.851083670975626,-0.0557913692198855,TRUE
"AT5G11420","turquoise",0.0358543957810792,0.734741784037559,-0.167759984564924,TRUE
"AT2G37190","turquoise",0.371184410459696,0.89614200387168,-0.0814367598968361,TRUE
"AT4G14880","turquoise",0.531035203528668,0.76248281630556,0.319251392795968,TRUE
"AT3G25230","turquoise",0.560357579265548,0.64544343687697,0.297864814457521,FALSE
"AT5G06290","turquoise",0.443102796840455,0.847167399598084,-0.00115764002222551,TRUE
"AT1G03680","turquoise",0.391054087079555,0.861598816644157,0.0598430767251913,TRUE
"AT1G69620","turquoise",0.352337770917744,0.914045919351727,-0.04337899543379,TRUE
"AT4G02110","grey",0.223601385959585,0.150846926229441,0.95596948335364,TRUE
"AT3G48530","blue",0.907219975751032,0.109863253775929,-0.00955053018336045,TRUE
"AT1G33590","blue",0.817831015460644,0.239327920281759,0.238170270952885,TRUE
"AT3G20370","turquoise",0.0633802816901409,0.749405106437713,-0.231043797028748,TRUE
"AT4G23850","blue",0.90410077902448,0.372486755484699,0.367695412059377,TRUE
"ATCG00640","turquoise",0.356586910023087,0.430480517471273,0.0718995253320655,FALSE
"AT3G02730","turquoise",0.130683645250498,0.890218020451476,0.0742813042639398,TRUE
"AT5G28500","turquoise",0.0682358994147534,0.865779149784552,0.06974725062705,TRUE
"AT5G02565","turquoise",0.0300188268494536,0.616817716538987,0.137932165813084,FALSE
"AT3G28550","blue",0.583096847861532,0.123256505699733,-0.104750343677767,FALSE
"AT1G29670","turquoise",0.517460929963342,0.74184835037623,-0.101260531223873,TRUE
"AT5G35970","turquoise",0.371052800823204,0.614573284455592,0.0785581066306515,FALSE
"AT3G05560","turquoise",0.265921697920055,0.915346892955361,-0.119334351651409,TRUE
"AT2G42220","turquoise",0.242780886230626,0.856067914335327,-0.181201363431732,TRUE
"AT3G27160","turquoise",0.481606534182263,0.816226123866487,0.0463052286320664,TRUE
"AT3G22230","turquoise",0.252299183227217,0.915492957746479,-0.107048684802881,TRUE
"AT5G48160","blue",0.890328804681366,0.130862609551444,0.331843395814258,TRUE
"AT5G58420","turquoise",0.35015113512123,0.924818316290437,-0.0934465238922117,TRUE
"AT2G31610","turquoise",0.339992443194175,0.927350049470842,-0.131279594187101,TRUE
"AT1G79920","turquoise",0.529294488391536,0.663386712971895,0.246800437327159,FALSE
"AT4G32150","blue",0.836346681057004,0.209870489029299,0.110297368784264,TRUE
"AT1G30820","blue",0.763875490385234,0.301048298925976,-0.249405106437713,TRUE
"AT1G51200","blue",0.752433857779296,0.471191645713066,0.116969877245702,TRUE
"AT3G27090","blue",0.685322893157501,0.314685146041634,0.549059015541373,FALSE
"AT1G73260","blue",0.675863399575535,-0.0205157887967072,-0.0554376487233906,FALSE
"AT1G58270","turquoise",0.316711016080529,0.761164392946914,-0.0504859676359458,TRUE
"AT2G47110","turquoise",0.299569104122452,0.938163225930928,-0.0229275194546273,TRUE
"ATCG00770","blue",0.688597337449354,0.356775355328317,0.035114798379317,FALSE
"AT1G68520","turquoise",0.53784809312496,0.633095375908419,-0.0349540163354557,FALSE
"AT3G06345","turquoise",0.3788341891761,0.270281538991549,-0.0605694668093828,FALSE
"ATCG01090","blue",0.528943562519619,0.350988906602166,0.259077023235024,FALSE
"AT1G52190","turquoise",0.649188816216814,0.552940042127059,0.0325599344356421,FALSE
"AT1G03630","turquoise",0.0236028040388449,0.848414689047527,-0.00167213325615795,TRUE
"AT4G00100","turquoise",0.442472184706412,0.898450061097177,-0.077657727185028,TRUE
"AT1G57720","turquoise",0.675659814638647,0.861461038205841,0.182473008503296,TRUE
"AT4G09000","turquoise",0.696218406328381,0.760724162325552,0.221493343623384,TRUE
"AT5G28060","turquoise",0.455804680417652,0.866397086633941,-0.0798771615335601,TRUE
"AT2G47450","turquoise",0.389092546144447,0.833172551289472,0.0371084957231976,TRUE
"AT2G31810","blue",0.842401440607113,0.0455977876390765,-0.0483953952022638,TRUE
"AT3G57300","blue",0.935397774776513,0.403948806997235,0.249308637211396,TRUE
"AT4G37910","turquoise",0.328767123287671,0.843623384140459,0.114444658820503,TRUE
"AT4G17140","blue",0.770756961862499,0.536690462409158,0.254968165155316,TRUE
"AT3G06700","turquoise",0.244131455399061,0.845552768666795,-0.110167856453791,TRUE
"AT3G29320","turquoise",0.14856260852788,0.804296096211975,0.10264325680108,TRUE
"AT4G29350","turquoise",0.292140973696058,0.883304392565438,0.00665637661585954,TRUE
"AT1G35580","blue",0.938549102836195,0.246832593735932,0.242234227281497,TRUE
"AT1G07930","turquoise",0.40841854781658,0.900604540484919,-0.0962119750466268,TRUE
"AT1G77940","turquoise",0.398417904688404,0.873175123802174,0.0106759277123931,TRUE
"AT1G32230","blue",0.804296096211975,0.40288764550775,0.320309987780565,TRUE
"AT3G44890","turquoise",0.276191394945013,0.856743198919545,-0.0647630072673484,TRUE
"AT4G00430","turquoise",0.246705951403169,0.902991374003181,-0.187457291932322,TRUE
"AT5G42390","turquoise",0.704193195703904,0.751141552511416,0.226992089523442,TRUE
"AT2G29450","turquoise",0.332625892340344,0.704643385426716,-0.0795227988938196,TRUE
"AT1G66180","blue",0.816193967457714,0.155990738954274,0.433243295388771,TRUE
"AT3G54580","blue",0.594046193071748,0.227701361038301,-0.144512062774484,FALSE
"AT1G30400","blue",0.68258408900894,0.598012733937874,0.205318670010933,FALSE
"AT5G66140","blue",0.28934336613287,0.257347739404463,0.882532638754904,FALSE
"AT3G15190","turquoise",0.321724869766544,0.859380024438871,-0.0271400090037945,TRUE
"AT5G62350","turquoise",0.223487040967265,0.774294166827449,-0.0484275516110361,TRUE
"AT3G62530","turquoise",0.277431646993072,0.894839658846676,-0.0469165775674171,TRUE
"AT5G61170","turquoise",0.306386262782173,0.91777606276931,-0.143674834394495,TRUE
"AT5G64290","turquoise",0.36867619041154,0.908892122449802,0.117194973916691,TRUE
"AT5G02450","turquoise",0.366293652324908,0.83243295388771,-0.0926747700816773,TRUE
"AT3G48140","blue",0.644350118978713,0.463309537590842,0.264582931378224,FALSE
"AT1G75380","blue",0.73376691242091,0.510052978125831,-0.0384432957380721,TRUE
"AT4G25130","turquoise",0.422024101435766,0.936868422986919,0.139929737686508,TRUE
"AT1G25560","blue",0.803961765341668,0.168455410093289,0.237046684261274,TRUE
"AT5G51970","blue",0.81301048298926,0.205157887967072,0.0157887967071837,TRUE
"AT4G34200","turquoise",0.339416351840641,0.923064555147853,-0.017927486134643,TRUE
"AT4G23100","turquoise",0.667470576885973,0.717538105344395,0.417325873046498,TRUE
"AT4G31500","turquoise",0.072030355649881,0.680686860891376,0.264550774969451,FALSE
"AT4G18730","turquoise",0.447810148562609,0.885394559135636,-0.104379702874783,TRUE
"AT5G41670","turquoise",-0.127870987454993,0.698008698401056,0.167873881556341,FALSE
"AT1G12440","blue",0.830278474499968,0.42542928805711,0.150942182777027,TRUE
"AT3G22380","blue",0.835381981038483,0.432844819976846,0.253683948203807,TRUE
"AT2G43910","turquoise",0.309537590841855,0.798282847771561,-0.138979998713744,TRUE
"AT2G41560","blue",0.904238214676185,0.391021930670783,-0.114251720367869,TRUE
"AT4G30960","turquoise",0.0580423178339443,0.644253649752396,0.039070036658306,FALSE
"AT5G52650","turquoise",0.297478937552254,0.937777349025661,-0.0563058717602418,TRUE
"AT2G32690","turquoise",0.40941539648852,0.740208373528844,0.211717795356615,TRUE
"AT5G62700","turquoise",0.453264303702213,0.864692783267887,-0.190480018657022,TRUE
"AT1G29400","blue",0.860601967972217,0.326548331082385,0.254517975432504,TRUE
"AT5G47110","turquoise",0.618689304778442,0.838639140780758,-0.0295517396617146,TRUE
"AT1G15750","blue",0.917711749951765,0.33442665123159,0.26056338028169,TRUE
"AT5G17870","turquoise",0.24737925268506,0.844652389221172,-0.0253070937037752,TRUE
"AT4G35450","turquoise",0.457907260917101,0.941185928355521,0.00234741784037559,TRUE
"AT3G04920","turquoise",0.340246961219371,0.913049070679787,-0.0849893883851052,TRUE
"ATCG00300","turquoise",0.326472858920689,0.504566504773996,0.0856862620758644,FALSE
"AT5G19770","turquoise",0.539295131519712,0.840279117628143,-0.222200784616374,TRUE
"AT4G16990","blue",0.90553175071862,0.369222853755369,0.253008658190842,TRUE
"AT1G60140","blue",0.894373387171057,0.182649870173358,-0.0275261071951399,TRUE
"AT5G23820","turquoise",0.16827448710528,0.750016078204386,-0.240497781207795,TRUE
"AT5G40850","turquoise",0.681265676249277,0.577014599009583,-0.0253070937037752,FALSE
"AT1G03475","turquoise",0.47533603447167,0.876326451861856,0.0719981992411088,TRUE
"AT5G63310","turquoise",0.303735800831418,0.860560651521887,-0.112596570495073,TRUE
"ATMG00650","turquoise",0.348185203849468,0.436957544243906,-0.126318727294406,FALSE
"AT3G60140","blue",0.426815444861088,-0.160059811406319,0.166603693198621,FALSE
"AT2G17360","turquoise",0.455836837084936,0.914149737550743,-0.0993801802413315,TRUE
"AT5G62000","blue",0.913724355264004,0.528587047398547,0.237957424914786,TRUE
"AT3G46600","blue",0.788079523463657,0.229888014413616,0.295986044015964,TRUE
"AT3G01470","blue",0.560775612579587,0.295035050485562,0.369830857289858,FALSE
"AT3G02230","turquoise",0.151649623770017,0.847642935236993,0.0127660942825905,TRUE
"AT3G16450","turquoise",0.339153643321114,0.632773811820696,-0.326419705447296,FALSE
"AT2G32240","blue",0.702488906038974,0.446105858897678,0.189433404077433,TRUE
"ATMG00640","blue",0.483934682846954,0.272955774145198,0.142466301084277,FALSE
"AT5G15650","turquoise",0.505149086365014,0.832584350984771,0.206461882297191,TRUE
"AT5G42050","blue",0.751720367869317,0.374654318605698,0.385233777091774,TRUE
"AT2G37130","blue",0.576467940060454,0.103575792655476,-0.191073380924818,FALSE
"AT2G26690","turquoise",0.167020387163162,0.665541192359637,-0.249630201299119,FALSE
"AT5G46290","turquoise",0.631712650331211,0.806386262782173,-0.0531545437005595,TRUE
"AT5G66760","turquoise",0.43308251334491,0.759019872660621,0.315968872596309,TRUE
"AT1G69530","turquoise",-0.0441829056530967,0.413756511672776,-0.078493793813107,FALSE
"AT3G23990","turquoise",0.416650588462281,0.827094990031513,-0.00286192038073188,TRUE
"AT5G52470","turquoise",0.556112933307608,0.772171843848479,-0.00871438677728471,TRUE
"AT1G73330","turquoise",0.389317641005853,0.262782172486977,-0.37340021866358,FALSE
"AT1G27770","blue",0.714676184963663,0.387066692391794,0.372660621261818,TRUE
"AT5G47040","blue",0.847642935236993,0.372339057174095,-0.125860183934658,TRUE
"AT4G37610","blue",0.711246884889748,0.269314253592171,-0.228619663989676,TRUE
"AT5G47560","blue",0.79741462473471,0.296803652968037,0.0325744420863078,TRUE
"AT1G21750","turquoise",0.31088816001029,0.830953759084186,-0.0415782365425429,TRUE
"AT3G29240","blue",0.803460029583896,0.264968808283491,-0.0458550389092546,TRUE
"AT2G03890","blue",0.838896392050936,0.42813042639398,0.0912920445044697,TRUE
"AT2G43460","turquoise",0.335487812721075,0.84802881214226,-0.110135700045019,TRUE
"AT3G61870","turquoise",0.331082384719275,0.763457457071194,0.0926104572641328,TRUE
"AT3G55770","blue",0.878416618432054,0.403788024953373,0.0268827577336163,TRUE
"AT4G29905","turquoise",0.54946980858338,0.590502375783731,-0.357427103786754,FALSE
"AT5G23910","blue",0.307353425900873,0.238007572902836,0.856798321449655,FALSE
"AT2G26900","turquoise",0.190462409158145,0.903305678821789,-0.0841854781657985,TRUE
"AT1G04480","turquoise",0.40246961219371,0.858190237314297,-0.108463566788861,TRUE
"AT3G59940","blue",0.591488554746847,0.0215453159051578,0.107693810984489,FALSE
"AT2G28900","turquoise",0.354395781079169,0.758344588076404,0.150813557141938,TRUE
"AT2G46220","blue",0.895659653862419,0.217475540841975,0.0932704134573635,TRUE
"AT4G26530","turquoise",0.0447460025257443,0.713122332024555,-0.122500824018558,TRUE
"AT2G22795","turquoise",0.318897669455844,0.906544685738067,-0.0646831362418503,TRUE
"AT4G31940","grey",-0.267191962294883,0.191099499272532,-0.266870354251678,FALSE
"AT3G50970","blue",0.513055501961541,0.284744999678436,-0.0423821467618496,FALSE
"AT4G28660","turquoise",0.04296130749148,0.870738236717287,-0.0372374207149205,TRUE
"AT1G23740","turquoise",0.144978334450103,0.839031762775221,0.217604167511112,TRUE
"AT2G36380","blue",0.785008561738031,0.422361746442248,0.0426397408186396,TRUE
"AT2G47680","grey",0.212714644028555,0.0413209852723648,0.943340407743263,TRUE
"AT2G28910","blue",0.716284005402277,0.346195896842241,0.207312367354814,TRUE
"AT4G32060","blue",0.897154938891127,0.486224887668356,-0.0518526259955176,TRUE
"AT1G08630","blue",0.571495185010383,-0.162156512979482,-0.210731111463469,FALSE
"AT2G36620","turquoise",0.200816772782816,0.906167599202521,-0.186860891375651,TRUE
"AT1G23720","blue",0.57328681252911,0.116635045241513,0.0145351641712611,FALSE
"AT5G22640","turquoise",0.712746800437327,0.748343944948228,-0.0476236413917294,TRUE
"AT3G10985","blue",0.846228053251013,0.158820502926233,0.115763071580166,TRUE
"AT1G71880","turquoise",0.467586339957554,0.725062704997106,0.177857096919416,TRUE
"ATCG00065","blue",0.327472810575368,0.0494474614259103,0.162578234428001,FALSE
"AT1G09590","turquoise",0.233326902051579,0.911794970737668,-0.148787703389285,TRUE
"AT3G02170","blue",0.751282257513301,0.404518048126892,-0.148950880315097,TRUE
"AT4G17340","turquoise",0.497781207794714,0.345713550710657,-0.245096147662229,FALSE
"AT1G67870","turquoise",0.435655026046691,0.426040259823783,0.42642613672905,FALSE
"AT3G03470","blue",0.298046466796303,-0.0218023956937901,0.650807942844795,FALSE
"AT1G02560","turquoise",0.621647694385491,0.830857289857869,0.277541964113448,TRUE
"AT3G07110","turquoise",0.282204643385427,0.902051578879671,-0.144157180526079,TRUE
"AT1G78150","blue",0.642452890861149,0.223744292237443,0.709691941603962,FALSE
"AT1G09560","turquoise",0.635860827062834,0.469772975754068,0.367258344588076,FALSE
"AT3G08590","turquoise",0.262460608399254,0.818123351984051,0.362274101228375,TRUE
"AT5G62390","turquoise",0.706883938571451,0.756823242863568,0.0478008859177283,TRUE
"AT1G12110","turquoise",0.064473599588398,0.712425236349605,0.312914013762943,TRUE
"AT5G13450","turquoise",0.297736188822432,0.937584410573027,0.130555019615409,TRUE
"AT5G09870","turquoise",0.205382982828478,0.758183806032542,0.255965013827256,TRUE
"AT2G38040","blue",0.923403434304457,0.523377709177439,0.0153707633931443,TRUE
"AT3G18890","turquoise",0.287928484146891,0.863560357579266,0.042060582674127,TRUE
"AT5G58250","turquoise",0.192134542414303,0.879252685060133,-0.126406842883787,TRUE
"AT2G36160","turquoise",0.398160653418226,0.900958260981414,-0.0936716187536176,TRUE
"AT4G14320","turquoise",0.258119493214998,0.850762106887903,-0.13708277059618,TRUE
"AT3G60770","turquoise",0.303864427500554,0.93799390634186,-0.0573996511020148,TRUE
"ATCG00750","blue",0.702430240152611,0.397134840957917,0.0777548214928133,TRUE
"AT1G19000","turquoise",0.630812270885588,0.687568332368641,-0.0991382082449032,FALSE
"AT1G48350","turquoise",0.415074924432439,0.763457457071194,-0.114701910090681,TRUE
"AT1G06570","blue",0.775345483219176,0.00114156168858349,0.0772403148162687,TRUE
"AT4G23630","turquoise",0.27487519194399,0.818547965715287,0.109573843770373,TRUE
"AT4G01870","blue",0.557013312753232,-0.0543443308251335,0.13708277059618,FALSE
"AT4G34190","turquoise",0.265099565089641,0.902332162323858,-0.0577051394412132,TRUE
"AT1G07770","turquoise",0.366132870281047,0.869187729114413,-0.0354042060582674,TRUE
"AT1G19570","turquoise",0.313690811199,0.771541120768592,0.363887772376001,TRUE
"AT2G17840","blue",0.73419512508843,0.328574184835038,0.112225866615216,TRUE
"AT3G14210","turquoise",-0.143274031084049,0.626620897030483,0.264086630070194,FALSE
"AT4G09010","turquoise",0.449032092095955,0.873946877612708,-0.0362081162775741,TRUE
"AT2G40490","turquoise",0.382275387484726,0.935815808090553,0.0748279632130684,TRUE
"AT1G22300","turquoise",0.21790965585031,0.916834819268961,0.100393115260779,TRUE
"AT1G23020","blue",0.330664351405235,0.166891761528073,0.407871888867451,FALSE
"AT5G58140","turquoise",0.253557359949166,0.792089396356103,0.130573197219225,TRUE
"AT3G63540","turquoise",0.353013055501962,0.765965656955431,-0.032831693356486,TRUE
"AT4G04565","turquoise",-0.0682210435279204,0.402853554181866,-0.123593280651479,FALSE
"AT3G15850","turquoise",0.436973438806354,0.740915814521834,-0.207891182712715,TRUE
"AT2G14910","blue",0.862699069896276,0.285422578813156,0.311292617643168,TRUE
"AT4G39080","turquoise",0.63595729628915,0.815615152099814,0.170461122901794,TRUE
"AT1G15500","blue",0.802398868094411,0.596597851951894,0.122998263553926,TRUE
"AT1G12800","turquoise",0.38134285163033,0.890025081998842,0.0846999807061548,TRUE
"AT4G10480","turquoise",0.234840141175358,0.926883777795224,-0.0696995763381608,TRUE
"AT2G38800","blue",0.873753939160075,0.367354813814393,0.0714836967007525,TRUE
"AT5G51200","blue",0.885224815328747,0.464744233922616,0.142759524407504,TRUE
"AT5G20010","turquoise",0.714515402919802,0.591870859862371,0.389092546144447,FALSE
"AT1G64390","turquoise",-0.279921538362596,0.621229661071452,0.0172358351019358,FALSE
"AT4G00360","turquoise",0.530677213968744,0.688018522091453,0.0134413788668082,FALSE
"AT5G13420","turquoise",0.0777708998264554,0.829593780927355,0.154850431306304,TRUE
"AT2G44120","turquoise",0.44934119029356,0.866799044974991,-0.0615478611816562,TRUE
"AT1G70940","blue",0.751806802767258,0.40089717103015,-0.117098503914839,TRUE
"AT3G24170","turquoise",0.278444582012519,0.628968333742218,0.334204243083047,FALSE
"AT5G41790","turquoise",0.570422535211268,0.707601775033764,0.245642806611358,TRUE
"AT1G31910","turquoise",0.381506700657873,0.35181001842106,0.838581569433245,FALSE
"AT5G27760","blue",0.448280020273186,0.207346190647502,0.860335554850899,FALSE
"AT3G14067","turquoise",0.387902759019873,0.692520419319571,0.0400668853302463,FALSE
"AT1G08200","turquoise",0.489259759470062,0.888224323107595,0.0591356357322014,TRUE
"AT5G47030","turquoise",0.477297575406779,0.939642420734452,0.0703582223937231,TRUE
"AT5G47190","turquoise",0.448714135281521,0.76909101143243,-0.00422860174785151,TRUE
"AT4G20850","blue",0.905074281304264,0.429738246832594,0.28693163547495,TRUE
"AT3G54400","turquoise",0.341147340664995,0.764743713422085,-0.0447295646022252,TRUE
"AT2G44060","turquoise",0.298636568268056,0.928998649430832,0.0620297125217056,TRUE
"AT4G32940","blue",0.721879220528651,0.425686539327288,0.114959161360859,TRUE
"AT4G18710","blue",0.925268506013249,0.442086307801145,0.013666473728214,TRUE
"AT1G22930","blue",0.866808154865265,0.191427101421313,0.361405878191524,TRUE
"AT1G27400","turquoise",0.474467811434819,0.838799922824619,-0.0749887452569297,TRUE
"AT1G33050","blue",0.92819358481328,0.128547310893696,0.0637350269396637,TRUE
"AT5G42800","turquoise",-0.2663321543618,0.503908155825115,0.0515777306182543,FALSE
"AT1G50250","blue",0.676667309794842,0.637147083413724,0.20400025725127,FALSE
"AT5G08640","turquoise",-0.0639823767098123,0.664715629160649,0.0609110939876273,FALSE
"AT4G03210","turquoise",0.455981542087714,0.782436028355308,-0.1716844466295,TRUE
"AT2G33150","blue",0.836677599845649,0.449932471541578,0.381535790082964,TRUE
"AT3G27770","blue",0.889501652077525,0.263829376731922,-0.0318511789448435,TRUE
"AT5G04950","turquoise",-0.357932986044119,0.557720753746222,-0.123223358415332,FALSE
"AT4G33865","turquoise",0.307929770403241,0.798218534954016,-0.08293137822368,TRUE
"AT2G38140","turquoise",0.446427422985401,0.782204643385427,0.0272364782301113,TRUE
"AT5G08530","turquoise",0.555662743584797,0.900411602032285,0.210335069779407,TRUE
"AT1G76010","turquoise",0.793813106952216,0.746993375779793,-0.000964692263168049,TRUE
"AT1G32450","grey",0.150845713550711,0.167727828156152,-0.387388256479516,FALSE
"AT2G01140","turquoise",0.377033892854846,0.900861791755097,0.112258023023989,TRUE
"AT5G14200","turquoise",-0.0265292505093346,0.728091260645277,0.1455893111285,TRUE
"AT4G16660","turquoise",0.299987137436491,0.765033121101035,0.0894591292044505,TRUE
"AT2G31320","blue",0.383272236156666,0.145572062512059,0.911794970737668,FALSE
"AT3G48000","blue",0.774840825776577,0.645990095826098,0.249405106437713,TRUE
"AT2G39800","turquoise",-0.0378162407260333,0.615896648491254,0.0684293879804412,FALSE
"AT5G43940","turquoise",0.258312431667631,0.899479066177889,0.138947842304971,TRUE
"AT5G23010","turquoise",0.0361759598688019,0.729210881728729,0.0279760756318734,TRUE
"AT1G44446","turquoise",0.311373009311378,0.635335353864458,0.0448103158603124,FALSE
"AT3G02080","turquoise",0.577561257958711,0.805678821789183,-0.060164640812914,TRUE
"AT4G11320","turquoise",0.207699913987627,0.510165526461325,-0.362003681950102,FALSE
"AT1G56510","blue",0.593542993118529,0.179304135314168,0.694063926940639,FALSE
"AT4G30440","turquoise",0.715582317071784,0.648021159108012,-0.0400189724349901,FALSE
"AT5G08680","turquoise",0.480082964217104,0.795652418609049,0.295503694006703,TRUE
"AT2G14170","blue",0.830365540942172,0.114107933857423,-0.0278315955343383,TRUE
"AT3G56340","turquoise",0.471284326966364,0.872435526400412,-0.10376873110811,TRUE
"AT3G52300","turquoise",0.363881921666988,0.881117756768924,0.0795549553025918,TRUE
"AT2G42890","blue",0.846379561249625,0.0113513035512668,0.151554372909689,TRUE
"AT5G55220","turquoise",0.43308251334491,0.835970158852659,0.0586211331918451,TRUE
"AT3G10020","blue",0.817261699023925,0.139141899338049,-0.0635576528869088,TRUE
"AT2G36120","turquoise",0.544766100458954,0.471931249060599,0.1947568554058,FALSE
"AT5G02480","blue",0.501865071708792,0.20853431088816,0.394108945912921,FALSE
"AT2G45820","turquoise",0.733326902051579,0.533410508714387,-0.195832529423114,FALSE
"AT1G15930","turquoise",0.533495188575897,0.853148539712916,-0.0920002250996439,TRUE
"AT4G19880","blue",0.806704719133134,0.145895972363902,0.328515153993746,TRUE
"AT2G20990","turquoise",0.635024760434755,0.853720496494952,0.0208373528844299,TRUE
"AT3G57550","blue",0.750777789414168,0.244519298027855,0.605799454964065,TRUE
"AT5G65730","blue",0.571782297686256,0.502275102565124,-0.203521183401176,FALSE
"AT4G20860","blue",0.756318734323751,0.144350118978712,0.157019744034986,TRUE
"AT5G05270","turquoise",-0.0926441032357068,0.649103625777286,0.0750381863590843,FALSE
"AT3G59350","blue",0.875586854460094,0.140780757604991,-0.0020258537526529,TRUE
"AT1G50480","blue",0.753720124470658,0.522433295030187,0.277640665330418,TRUE
"AT3G46740","turquoise",0.496109074538556,0.860537655154673,0.0912920445044697,TRUE
"AT2G14890","turquoise",0.489677792784102,0.743584796449932,-0.284873625313525,TRUE
"AT5G57800","turquoise",0.612906078433839,0.681866051424466,-0.0606957094986291,FALSE
"AT5G41080","blue",0.814939867515596,0.145957939417326,-0.0585246639655283,TRUE
"AT1G48090","blue",0.764305812463131,0.598810193822879,0.251242061291419,TRUE
"AT1G50200","blue",0.794938581259245,0.617210109974918,0.175895555984308,TRUE
"AT5G17170","turquoise",0.259373593157116,0.503987394687761,0.361566660235385,FALSE
"AT3G18740","turquoise",0.358222393723069,0.898289279053315,-0.0966300083606663,TRUE
"AT2G24790","blue",0.820975794095232,0.613597446780446,0.191766285348384,TRUE
"AT2G47470","turquoise",0.287864171329346,0.902115891697215,0.0745707119428902,TRUE
"AT3G59780","turquoise",0.440639269406393,0.887484725705833,0.0780757604990675,TRUE
"AT5G40340","blue",0.858318862949386,0.456492378931121,-0.0715158531095247,TRUE
"AT5G49440","blue",0.7457774276515,0.35793586353867,-0.0578337661103494,TRUE
"AT5G06165","turquoise",-0.20376876747596,0.427297125945001,-0.167634181010635,FALSE
"AT4G15760","blue",0.871324061532355,0.296293914340091,-0.06461934239922,TRUE
"AT1G74970","turquoise",0.643642677985723,0.76480802623963,-0.00302270242459322,TRUE
"AT4G29900","blue",0.812743687270517,0.129896857493887,0.422860174785151,TRUE
"AT1G70370","turquoise",0.246125152742942,0.842337127789569,-0.300758891247026,TRUE
"AT5G65670","turquoise",0.577625570776256,0.866711685638948,0.0621583381567947,TRUE
"AT3G15353","turquoise",0.465789325609347,0.433085994981476,0.473217515751961,FALSE
"AT3G54660","turquoise",0.68594994816954,0.800299057031593,0.204082288918172,TRUE
"AT4G10120","turquoise",-0.159270692649045,0.529841147340665,0.0824811885008682,FALSE
"AT1G01120","turquoise",0.697638896727289,0.569993005943285,-0.0249053388114905,FALSE
"ATCG00190","turquoise",0.388397594824097,0.589558478614637,0.112293790455849,FALSE
"AT2G38400","blue",0.776686228896921,-0.0239408312596264,-0.121456708754344,TRUE
"AT3G42050","turquoise",0.580391021930671,0.869252041931957,0.174995176538684,TRUE
"AT1G78080","blue",0.760531223872918,0.616985015113512,0.0822882500482346,TRUE
"AT2G30930","blue",0.742652260595537,0.520580101614252,-0.246285934786803,TRUE
"AT1G48630","turquoise",0.211928515735478,0.886929118694802,-0.129961170828455,TRUE
"AT4G14040","turquoise",0.3993504405428,0.680268827577336,0.00546658949128561,FALSE
"AT2G32060","turquoise",0.241333847835874,0.915428644928934,-0.0923853624027269,TRUE
"AT5G59910","turquoise",0.326773425943791,0.85185542478616,-0.0625763714708341,TRUE
"ATCG00570","blue",0.493201755953314,0.205255345631153,0.343363422736216,FALSE
"AT5G66052","blue",0.520954088335121,0.304250307507962,0.00873053516761738,FALSE
"AT4G27260","blue",0.761128395819045,0.0960374309904761,0.0694916753291207,TRUE
"AT3G11710","turquoise",0.535151256941025,0.783191710036483,0.191396483674617,TRUE
"AT5G13710","blue",0.839153643321114,0.485433146826163,-0.229854009904174,TRUE
"AT3G16000","turquoise",0.223390571740948,0.934947585053701,0.0226381117756769,TRUE
"ATCG01110","blue",0.607439444995552,0.393645842557599,0.361489175273557,FALSE
"AT1G75690","turquoise",0.306707826869895,0.557077625570776,0.535854395781079,FALSE
"AT5G55660","turquoise",0.559156209068563,0.783465041708397,0.151072022900429,TRUE
"AT5G37510","turquoise",0.48269985208052,0.859380024438871,0.301080455334748,TRUE
"ATCG00030","turquoise",0.0967783509195328,0.431039226573469,-0.122239565728511,FALSE
"AT4G39400","blue",0.934336613287028,0.412148691234163,0.145154029198019,TRUE
"AT3G14930","turquoise",0.450221879220529,0.930638626278217,0.021448324651103,TRUE
"AT1G66280","turquoise",0.562596972467955,0.498765987909132,-0.17996478845514,FALSE
"AT2G01850","blue",0.836130940896521,0.446395266576629,-0.034278731751238,TRUE
"AT1G55480","turquoise",0.343301820052737,0.875233133963599,0.152357064763007,TRUE
"AT3G07430","turquoise",0.248136923097309,0.901849812314597,0.00747642514353974,TRUE
"AT1G51980","turquoise",0.484179046884044,0.855842819473921,0.306514888417262,TRUE
"AT3G51800","turquoise",0.295570383509545,0.889942921571742,-0.0565157970971034,TRUE
"AT1G49760","turquoise",0.545147597916265,0.787317512380218,0.096951572448389,TRUE
"AT4G11420","turquoise",0.641252180644722,0.779172126625977,0.160510004748295,TRUE
"AT5G45775","turquoise",0.373625313524986,0.921216798507943,-0.0555341179497074,TRUE
"AT4G26970","blue",0.665701974403499,0.587433275451798,0.397228117563831,FALSE
"AT1G17170","grey",0.123256505699733,0.236930324548821,-0.302947962482959,FALSE
"AT2G11225","blue",0.862595665316098,0.332111389799987,0.0681715865972088,TRUE
"AT4G36360","turquoise",0.133931442536498,0.815357900829635,0.0795549553025918,TRUE
"AT1G26850","turquoise",0.503344266512316,0.896006174030484,0.140009003794456,TRUE
"AT5G35530","turquoise",0.562677364136165,0.903682742349788,0.026062978833716,TRUE
"AT1G01090","blue",0.805485883336549,0.647662229082256,0.095761785323815,TRUE
"AT1G24020","turquoise",-0.118946556048621,0.756415203550068,0.149688082834909,TRUE
"AT4G24230","blue",0.852480103012353,0.100667256223318,-0.127759466211546,TRUE
"AT1G29900","turquoise",0.579876519390315,0.74184835037623,0.217505948935623,TRUE
"AT5G64400","turquoise",0.445273371882128,0.906544685738067,0.108769927088272,TRUE
"AT4G27000","blue",0.90529057571399,0.470998705709362,0.187296508595902,TRUE
"AT2G37270","turquoise",0.385780436040903,0.902405299376166,-0.0402276673741077,TRUE
"AT5G59850","turquoise",0.156923274808669,0.911859283555213,-0.112161553797672,TRUE
"AT3G45640","blue",0.766576628722104,0.316869252041932,0.178596694321178,TRUE
"AT2G43160","blue",0.959763970093157,0.374207137184396,0.228022927711141,TRUE
"AT1G20010","turquoise",0.318573541706862,0.906328381246383,-0.00736381760884944,TRUE
"AT4G31180","blue",0.651746092996334,0.351694642742299,0.7439706733552,FALSE
"AT2G05440","turquoise",0.290824898916875,0.602455161566525,0.170382101604496,FALSE
"AT2G40840","turquoise",0.0384754524053561,0.732818290736031,0.181218898479218,TRUE
"AT5G27120","turquoise",0.219776509394113,0.727470053956882,-0.0190851354635168,TRUE
"AT4G21210","turquoise",0.133191845134735,0.881439320856647,0.106341243809891,TRUE
"AT3G08740","turquoise",0.444401569232748,0.836388192166699,0.0907775419641135,TRUE
"AT5G62190","blue",0.729017943276095,0.654640169785838,0.154575856968294,TRUE
"AT2G45540","blue",0.765801109512926,0.576300345761444,0.234713401429165,TRUE
"AT5G15540","blue",0.617628143288958,0.183420155637018,0.744163611807833,FALSE
"AT4G20360","turquoise",0.254978311848656,0.43503678129671,-0.0759734026843605,FALSE
"AT3G01280","turquoise",0.477329731815551,0.910862434883272,0.17862885072995,TRUE
"AT1G09640","turquoise",0.630940896520677,0.792494694192553,0.342112032928163,TRUE
"AT1G67700","turquoise",0.568235899414753,0.822786031256029,0.0313846549617339,TRUE
"AT2G32150","blue",0.84561708148434,0.109460415460801,0.0737346453148112,TRUE
"AT3G10740","blue",0.866518747186314,0.123223358415332,-0.0328638497652582,TRUE
"AT5G47930","turquoise",0.303430312492219,0.921690476028851,-0.06603371626778,TRUE
"AT1G62660","turquoise",0.609802960040929,0.557419749035224,-0.107306798726848,FALSE
"AT4G24220","blue",0.829989066821018,0.52807254485819,0.224966235770789,TRUE
"ATCG00090","turquoise",0.0153557962502911,0.425524389494978,-0.52640634308066,FALSE
"AT3G18390","turquoise",0.542446459579394,0.853881278538813,0.0984950800694579,TRUE
"AT5G16370","blue",0.865850423290112,0.154721804637168,-0.0965182368530518,TRUE
"AT5G63570","turquoise",0.439288700237957,0.932246446716831,0.108270628336227,TRUE
"AT5G39590","blue",0.862049006366969,0.337320728021095,0.184931506849315,TRUE
"AT2G27402","grey",0.177988246576358,0.156601999585071,0.84416180041247,TRUE
"AT3G30390","blue",0.801594957875105,0.487073123673548,0.151810405813879,TRUE
"AT2G34590","blue",0.834690612691876,0.517481168268444,0.0341343023220105,TRUE
"AT5G54810","turquoise",0.491993054215705,0.757347739404463,0.32066370827706,TRUE
"AT4G24620","turquoise",0.414914142388578,0.900218663579652,0.0161425172036787,TRUE
"AT2G19480","turquoise",0.490131922743367,0.873793120109271,0.119445940626574,TRUE
"AT4G25640","turquoise",0.256222265097434,0.516496237700174,0.296835809376809,FALSE
"AT1G72610","turquoise",0.161791899672286,0.679005002918039,-0.277097973270971,FALSE
"AT5G09530","turquoise",0.395555984307673,0.438774197697601,0.275516110360795,FALSE
"AT4G15610","blue",0.698437198533668,-0.00717087915621583,0.0449225030548588,FALSE
"AT4G12480","turquoise",0.0668376329498811,0.621411516930468,0.280390060383203,FALSE
"AT4G24520","blue",0.954273586725835,0.317898257122645,0.204289664930221,TRUE
"AT4G38600","blue",0.824940510643771,0.41366004244646,0.308669367805004,TRUE
"AT2G34660","blue",0.554794520547945,0.475239565245353,0.428902180204515,FALSE
"AT2G22660","blue",0.541128046819731,0.158048749115699,0.564152035500675,FALSE
"AT1G66150","blue",0.775709048813429,0.613512122966107,-0.157598559392887,TRUE
"AT4G11150","turquoise",0.447745835745064,0.932246446716831,0.18882243231076,TRUE
"AT1G04400","blue",0.85835791981293,0.53113167353052,0.0988817518984288,TRUE
"AT4G29950","blue",0.923177104388161,0.160028941253903,0.0896535091361162,TRUE
"AT2G14878","blue",0.371040361913367,0.0419038432566082,0.833831809637251,FALSE
"AT3G47650","turquoise",0.232426522605955,0.81953823397003,-0.118592835552126,TRUE
"AT2G29550","turquoise",0.374590005788154,0.775998456492379,-0.331339635989453,TRUE
"AT5G38480","turquoise",0.350183291530002,0.920766608785131,0.019293845263361,TRUE
"AT2G40140","blue",0.793198810296273,0.265937776382956,0.224503577487014,TRUE
"AT3G23390","turquoise",0.240336999163933,0.912180847642935,-0.10618046176603,TRUE
"AT4G22240","turquoise",0.409318927262203,0.502604669110554,0.622708855874976,FALSE
"AT5G51110","turquoise",0.310759534375201,0.880120908096984,-0.148015949578751,TRUE
"AT4G02920","turquoise",0.388629402461288,0.828886334247106,0.0695066363344566,TRUE
"AT3G18080","turquoise",0.164737282140331,0.709080969837289,0.138979998713744,TRUE
"AT5G43760","turquoise",0.707087272493408,0.651713936587562,0.0353398932407229,FALSE
"AT3G20390","turquoise",0.639912534568139,0.813846549617339,0.0837352884429867,TRUE
"AT4G27500","blue",0.907293073509551,0.503344266512316,0.253810534439514,TRUE
"AT5G35360","turquoise",0.785291658627565,0.691909447552897,0.0032477972859991,FALSE
"AT2G30250","blue",0.517493086372114,0.0456299440478487,0.828156151520998,FALSE
"AT4G17560","turquoise",0.321277262834863,0.813033097276073,0.00200979170525262,TRUE
"AT1G21680","blue",0.738365315842528,0.202329750551192,0.0490228392745219,TRUE
"AT1G30580","turquoise",0.492796964435012,0.910026368255193,0.204611229017943,TRUE
"AT5G18650","blue",0.907100135056917,0.333494115377195,0.0499067464145604,TRUE
"AT1G74310","blue",0.682616630286399,0.429266253571694,0.177700600587099,FALSE
"AT5G46430","turquoise",0.457316043780002,0.862538286559856,0.191155308669987,TRUE
"AT1G63770","turquoise",0.624996985332638,0.776905081582452,0.200480742182359,TRUE
"AT5G35210","blue",0.877837803074153,0.458164512187279,0.165091002636826,TRUE
"AT4G13250","turquoise",0.300696995773076,0.411332009563822,0.0599239494838121,FALSE
"AT1G55450","blue",0.703324972667053,0.219692584732137,0.32789890025082,TRUE
"AT5G51820","turquoise",0.315261431603319,0.826998520805197,0.0230239886809441,TRUE
"AT4G35000","turquoise",0.559489356228696,0.557206251205865,0.654157823654254,FALSE
"AT2G17500","blue",0.531738375458229,0.283619525371407,0.269245610650203,FALSE
"AT1G10670","turquoise",0.580326709113126,0.852498552961605,0.30493922438742,TRUE
"AT5G50850","turquoise",0.558561310723808,0.874050373447543,0.144672846110905,TRUE
"AT4G34950","grey",-0.131346019380747,0.284333823813089,0.369325261987483,FALSE
"AT1G23490","turquoise",0.631423242652261,0.773200848929192,0.0134092224580359,TRUE
"AT5G27030","blue",0.591452826548331,0.239404463309538,0.694899993568718,FALSE
"AT1G08520","turquoise",0.662202249380275,0.819110707392757,0.0857457533128977,TRUE
"AT3G10920","turquoise",0.27018031852052,0.919326960983474,0.143692067758741,TRUE
"AT1G52220","turquoise",0.232621331132759,0.85771478646725,-0.0558722094060228,TRUE
"AT2G17930","blue",0.810476642226992,0.454695275396353,0.1947568554058,TRUE
"AT5G53160","blue",0.91197916250907,0.233987989492331,-0.0232814271136463,TRUE
"AT4G02530","turquoise",0.240980127339379,0.872917872531996,0.00922888931764101,TRUE
"AT2G18440","blue",0.871893817230964,0.452740998129889,0.0612915933259158,TRUE
"AT5G19780","turquoise",0.628497009453984,0.826966364396424,-0.154897421056017,TRUE
"AT4G08920","blue",0.834127871014405,0.559140130734921,0.137566222641131,TRUE
"AT1G53750","turquoise",0.368769695800373,0.768377387613351,0.344588076403627,TRUE
"AT2G21390","blue",0.806656483744431,0.659651097440358,0.338178310197262,TRUE
"AT1G06410","blue",0.9144391475563,0.517320384932024,0.0565796560862717,TRUE
"AT4G11600","turquoise",0.209563315968873,0.585986237057046,0.376133513409222,FALSE
"AT1G15290","turquoise",0.528554890989774,0.715319313139109,0.133127532317191,TRUE
"AT2G16500","turquoise",0.379349154286449,0.584667824297383,0.39735674319892,FALSE
"AT3G22200","blue",0.889960769181298,0.352176988873883,0.180204514759792,TRUE
"AT5G42080","turquoise",0.684931506849315,0.78181876648016,0.0257894398353592,TRUE
"AT4G31990","turquoise",0.422020708727249,0.914528265483311,0.222361566660235,TRUE
"AT1G20960","blue",0.683998970994919,0.6471477265419,0.320567239050743,FALSE
"AT2G24200","turquoise",0.348671940317705,0.896456363753296,0.158241687568332,TRUE
"AT5G57870","blue",0.671993954568266,0.697445956723585,0.275936361964364,FALSE
"AT2G44790","blue",0.813332047076983,0.148884172615602,0.135282011704933,TRUE
"AT3G14660","blue",0.865953854923412,0.343934399915829,0.0477530348160447,TRUE
"AT1G04430","turquoise",0.653000192938453,0.768602482474757,0.301402019422471,TRUE
"AT5G02240","turquoise",0.258248118850087,0.874364910926748,0.206926490449547,TRUE
"AT5G16150","blue",0.868769695800373,0.561901086886617,0.0306129011511994,TRUE
"AT1G43670","turquoise",0.420898618080825,0.617793891861013,0.0708893730276704,FALSE
"AT4G29040","turquoise",0.288861020001286,0.635153386069844,0.51048298925976,FALSE
"AT2G20570","turquoise",-0.160042446459579,0.615055630587176,0.253681908804425,FALSE
"AT5G60250","grey",0.049089520518303,-0.00773405154579225,0.96371749157714,TRUE
"AT1G69740","turquoise",0.751324452757997,0.764685548014516,0.10764444373333,TRUE
"AT1G70780","blue",0.692911866636535,0.459711715492663,0.259182738309378,FALSE
"AT5G42530","grey",-0.190849820330789,0.252156506507815,-0.0203873270580826,FALSE
"AT1G62570","blue",0.445366261495916,0.263039423757155,0.230400668853302,FALSE
"AT3G03250","turquoise",0.203260659849508,0.819570390378803,0.160846356678886,TRUE
"AT4G14030","blue",0.797485348644239,0.628855785406723,0.136247799282486,TRUE
"AT1G48410","blue",0.834330182005274,0.660589105408708,0.172551289471992,TRUE
"AT5G19190","turquoise",0.584929777896722,0.472703009075416,-0.217813185848458,FALSE
"AT4G16760","blue",0.844427294359766,0.322818187664802,0.367837159945977,TRUE
"AT1G62390","blue",0.701266962505627,0.728599909962056,0.165959225673677,TRUE
"AT5G26260","turquoise",0.342645368245108,0.528848550153353,-0.0804559815446728,FALSE
"AT1G22780","turquoise",0.395498030439416,0.892081357137578,0.00122196318047791,TRUE
"AT1G16080","turquoise",0.319878447808007,0.829818877598343,-0.351086493407169,TRUE
"AT5G56670","turquoise",0.279184185360052,0.846540344586045,-0.118529475608978,TRUE
"AT1G67230","blue",0.883014984886488,0.524599652710785,-0.0611614894848543,TRUE
"AT3G01690","blue",0.701652839410895,0.601292687632645,-0.128689947906618,TRUE
"AT3G13450","blue",0.837582101554809,0.00945421219193034,0.0149048549352371,TRUE
"AT5G07020","turquoise",0.447102707569619,0.908193452955174,0.108206315518683,TRUE
"AT5G62690","turquoise",0.654575856968294,0.836388192166699,-0.0426393980320278,TRUE
"AT1G27950","turquoise",0.322335841533218,0.857129075824812,-0.0231526143160332,TRUE
"AT1G07140","turquoise",0.540799099675981,0.84365302687969,-0.0462095023775463,TRUE
"AT3G61580","blue",0.77657727185028,0.585696829378095,-0.248858447488585,TRUE
"AT4G04610","turquoise",-0.246641638068601,0.61395117012057,0.0570620060955324,FALSE
"AT2G05990","turquoise",0.614283876776642,0.78805710978198,-0.0633481252813686,TRUE
"AT2G05920","turquoise",0.331082384719275,0.905138594121809,-0.0274937295002894,TRUE
"AT5G15090","turquoise",0.349379381310695,0.93166763135893,0.0675606148305357,TRUE
"AT1G25230","blue",0.77104636954145,0.371792398224966,-0.273908289922182,TRUE
"AT1G76100","turquoise",0.44631846356886,0.866364929966657,0.0029905700574159,TRUE
"AT1G66270","blue",0.502801649653279,0.333673658072861,-0.174112275009445,FALSE
"AT5G22880","turquoise",0.146247347096276,0.729500289407679,-0.387034535983022,TRUE
"AT5G44380","blue",0.826258923403434,0.124766866036401,0.0161103607949064,TRUE
"AT4G40030","turquoise",0.44314746929063,0.861984693549425,0.126438999292559,TRUE
"AT3G52140","blue",0.784326966364396,0.537462216219693,0.0228310502283105,TRUE
"AT5G25350","blue",0.722491538851003,0.0364823256181802,0.294961773232929,TRUE
"AT5G45430","turquoise",0.407807576049907,0.465013827255772,0.372789246896907,FALSE
"AT1G70410","turquoise",0.625795871117114,0.8369670075246,-0.135282011704933,TRUE
"AT4G36220","turquoise",-0.147486554498258,0.71188430033412,0.0154030436290561,TRUE
"AT5G63530","turquoise",-0.0514824104444016,0.818991575020902,-0.047334233712779,TRUE
"AT5G26360","turquoise",0.628400540227668,0.824200913242009,0.29770403241366,TRUE
"AT5G60920","turquoise",0.543829185156602,0.889156858961991,0.034632452247733,TRUE
"AT4G16780","blue",0.544185748488564,0.332261384788077,-0.0626768717529967,FALSE
"AT2G43710","turquoise",0.404273621094975,0.895096912184948,0.107966010406171,TRUE
"AT2G38310","blue",0.80664040528153,0.388680762169382,0.0801672160245114,TRUE
"AT4G02450","turquoise",0.419834072930735,0.936844813171265,-0.000546658949128561,TRUE
"AT1G55020","blue",0.437076935501467,0.401559610953103,0.257978937246948,FALSE
"AT3G02560","turquoise",0.478475130852901,0.884565603649425,0.0378323190596753,TRUE
"AT2G28840","blue",0.817551109029481,0.365733855355051,0.0970809785305225,TRUE
"AT3G63460","blue",0.703009060163724,0.678264504688654,0.249262406452251,TRUE
"AT3G53480","blue",0.596726477586983,0.401151199434047,0.170010933178983,FALSE
"AT5G13000","turquoise",0.619846935494244,0.761624541771175,0.126535468518876,TRUE
"AT1G31970","turquoise",0.481156344459451,0.732137114927005,-0.280918387034536,TRUE
"AT1G79750","blue",0.900410000920309,0.510555510959152,0.192861162497797,TRUE
"AT1G02660","blue",0.779612509144907,0.121295924125334,-0.168711311220457,TRUE
"AT4G23680","turquoise",0.118979668950955,0.785426598412723,-0.0785426598412723,TRUE
"AT1G14740","blue",0.919888414837957,0.247513847759483,0.0784635297561566,TRUE
"AT3G56910","turquoise",0.302465612473698,0.845157607892831,-0.0462091308871682,TRUE
"AT1G12000","turquoise",0.260402598237829,0.85015113512123,-0.176538684159753,TRUE
"AT4G19110","turquoise",0.546562479902245,0.547848736253135,0.210142131326773,FALSE
"AT4G39730","turquoise",-0.110071387227474,0.737346453148112,0.183966814586147,TRUE
"AT2G30440","blue",0.859731489780715,0.146523032417042,0.295859795841764,TRUE
"AT4G36130","turquoise",0.466814586147019,0.865232490835424,-0.14049134992604,TRUE
"AT1G02920","blue",0.424818316290437,0.0198083478037173,0.702778313717924,FALSE
"AT3G61110","turquoise",0.384236928419834,0.87552254164255,0.0282976397195961,TRUE
"AT3G23400","turquoise",0.483941764291189,0.880722881908982,0.216333979153392,TRUE
"AT5G05600","blue",0.641975705658613,0.117564775590457,0.109573843770373,FALSE
"AT5G43630","blue",0.310134977620942,0.205754435616942,0.670289651202211,FALSE
"AT5G01590","turquoise",0.418342163031743,0.905113714043927,-0.0839449799449914,TRUE
"AT2G02710","blue",0.855335193088231,0.154705726303526,-0.154030436290561,TRUE
"AT3G59540","turquoise",0.39269722087272,0.861155549866642,-0.0601168894875163,TRUE
"AT5G67370","turquoise",0.029166097226626,0.582485871183135,0.0652941129202471,FALSE
"AT5G15350","turquoise",0.496643647868385,0.727737537305152,-0.386941177428876,TRUE
"AT1G65310","turquoise",0.243952245431934,0.628950437141808,-0.161948788293596,FALSE
"AT4G12730","turquoise",0.360698437198534,0.864492893433661,-0.224901922953245,TRUE
"AT3G04910","turquoise",0.595504534053637,0.77204321821339,-0.120618689304778,TRUE
"AT4G15545","turquoise",0.672717479582157,0.660546181015147,-0.0104509168673136,FALSE
"AT3G13930","turquoise",0.28834651746093,0.867579908675799,0.146118721461187,TRUE
"AT5G62300","turquoise",0.550280968898167,0.842826249514738,-0.0880127983564227,TRUE
"AT4G37260","blue",0.730133209017813,0.392713299206362,-0.186814158586641,TRUE
"AT1G74670","turquoise",0.261049923661044,0.426834954633514,-0.41657689530266,FALSE
"AT3G52060","blue",0.766640941539649,0.361277252556435,-0.253778378030742,TRUE
"AT3G48420","turquoise",0.656767772609272,0.765521621363901,0.104911127014187,TRUE
"AT2G27680","turquoise",0.58642977738909,0.842222043681499,-0.00228314173194557,TRUE
"AT4G02890","turquoise",0.168338799922825,0.572448388963921,0.261045726413274,FALSE
"AT5G21090","turquoise",0.638229453920022,0.521629378348086,0.451560000336158,FALSE
"AT1G15980","turquoise",0.279315057516609,0.850486373612626,0.128949272466222,TRUE
"AT1G15340","blue",0.818219821210367,0.548331082384719,-0.0161103607949064,TRUE
"AT3G63520","blue",0.754132098527237,0.639237249983922,0.0859219242395009,TRUE
"AT4G18030","turquoise",0.409383240079748,0.912759663000836,0.0968229468132999,TRUE
"AT3G55610","blue",0.789381868488661,0.503637723002664,0.0150653986225736,TRUE
"AT3G47520","turquoise",0.318509228889318,0.900829635346325,0.200784616374043,TRUE
"AT2G25900","blue",0.677219413001922,0.24726869308064,-0.263347026722661,FALSE
"AT1G14720","turquoise",0.382101599002628,0.401106189367497,0.854032848063227,FALSE
"AT3G23940","turquoise",0.401636774377683,0.825638510851418,-0.0839449799449914,TRUE
"AT1G65980","turquoise",0.683570354790521,0.762547129640128,0.221221792580566,TRUE
"AT3G51820","turquoise",0.479677149655927,0.867386970223166,0.0323815036336742,TRUE
"AT1G06430","blue",0.635254962196248,0.413422192937285,0.369817752100124,FALSE
"AT1G75800","blue",0.83062947192986,0.514141008186081,-0.174853284048648,TRUE
"AT5G57710","blue",0.740915814521834,0.555534117949707,0.231751238021738,TRUE
"AT3G23000","turquoise",0.269374236285292,0.544311531288186,0.281947392115249,FALSE
"AT3G11930","blue",0.720882371856711,0.227024245932214,0.00260466911055373,TRUE
"AT5G08050","turquoise",0.209840019321279,0.825838089985354,0.148725781834483,TRUE
"AT1G52100","turquoise",0.342948099556242,0.583510193581581,-0.400154350762107,FALSE
"AT1G61100","blue",0.881414250255589,0.481481779243959,-0.0350025323386796,TRUE
"AT1G09750","turquoise",0.549778120779471,0.677696314875555,-0.042060582674127,FALSE
"AT4G33680","turquoise",0.423114026625507,0.918129783265805,0.227217184384848,TRUE
"AT1G75500","turquoise",0.535372049649495,0.737442922374429,-0.0549231461830343,TRUE
"AT1G09620","blue",0.794559091921391,0.61427273679341,0.148837134524188,TRUE
"AT3G25660","turquoise",0.522605955366905,0.865875619010869,-0.0117370892018779,TRUE
"AT2G43090","turquoise",0.290436684031127,0.885780436040903,0.30805839603833,TRUE
"AT5G15410","blue",0.529776834523121,0.24496752202714,0.460640555662744,FALSE
"AT2G37640","turquoise",-0.102692316971588,0.688426011550411,0.00355331173488663,FALSE
"AT5G03630","turquoise",0.363399575535404,0.645186185606792,0.202617531674063,FALSE
"AT1G74060","turquoise",0.467895587316452,0.924648889418983,-0.0304362855843457,TRUE
"AT4G30530","turquoise",0.0851501704289665,0.74525692970609,0.280082320406457,TRUE
"AT1G50920","turquoise",0.626567624927648,0.749244324393852,0.17522027140009,TRUE
"AT1G70490","turquoise",0.421738081893889,0.87878446831843,0.294734303438692,TRUE
"AT4G17600","turquoise",0.246350247604348,0.940864364267799,0.00675284584217635,TRUE
"AT1G55860","blue",0.749764854394721,0.438311453415133,0.360588788589604,TRUE
"AT1G11650","blue",0.856228696379188,0.648626921345424,0.179690012219435,TRUE
"AT5G34850","turquoise",0.509007886439099,0.587261136274815,-0.305616965867534,FALSE
"AT5G22090","turquoise",0.242973824683259,0.690783973245868,0.333043925654383,FALSE
"AT3G52840","turquoise",0.603998681596159,0.705227870206323,-0.263748985063712,TRUE
"AT1G07920","turquoise",0.360955688468712,0.910187150299055,0.0549553025918066,TRUE
"AT3G52990","turquoise",0.301948678371599,0.852723647823011,0.147469290629622,TRUE
"AT4G22880","turquoise",-0.252613475154637,0.500611169614718,0.146128861988606,FALSE
"AT5G48880","turquoise",-0.149077111068236,0.64672969322786,0.157244838896392,FALSE
"AT5G33320","turquoise",0.58451174122203,0.833404346000514,0.0849418366307967,TRUE
"AT3G44010","turquoise",0.292044504469741,0.887066692391794,-0.0554054923146183,TRUE
"AT1G30510","turquoise",-0.239693870988488,0.583896070486848,0.195285870473985,FALSE
"AT5G60790","turquoise",0.450643535318563,0.633888303836676,0.309331060938841,FALSE
"AT4G30650","turquoise",-0.0284749577977155,0.675970737284899,0.0522067690396286,FALSE
"AT1G51680","turquoise",0.0215126374686475,0.73914721203936,-0.0384269084828606,TRUE
"AT5G48570","blue",0.559045559875068,0.430430833151818,0.0922443664472163,FALSE
"AT1G75950","turquoise",0.589426972795678,0.768313074795807,0.229017943276095,TRUE
"AT2G25490","blue",0.697285173387165,0.368065213733144,0.397006214288781,FALSE
"AT1G25440","turquoise",-0.0265933500546659,0.683516624863335,0.0594571998199241,FALSE
"AT3G20050","turquoise",0.432053508264197,0.904527622355136,0.0180075889124703,TRUE
"AT3G53890","turquoise",0.273749708589049,0.920983029348602,-0.095183735160764,TRUE
"AT5G59880","turquoise",0.526452878440692,0.807051957161242,0.224019422634278,TRUE
"AT1G11580","turquoise",0.226348961347997,0.544890346646087,-0.534664608656505,FALSE
"AT1G64790","turquoise",0.545694256865393,0.73972602739726,0.178596694321178,TRUE
"AT5G63600","blue",0.742278318288727,0.483495457896727,0.175126617917966,TRUE
"AT5G47910","turquoise",0.619750466267927,0.606502025853753,0.0904559778763908,FALSE
"AT5G66120","turquoise",0.440373020396178,0.458091486513107,0.786108208156921,FALSE
"AT5G23740","turquoise",0.307851854243775,0.89773375890224,-0.0203551703907985,TRUE
"AT3G55410","turquoise",0.459257830085536,0.826291079812207,0.263779021158917,TRUE
"AT4G02570","blue",0.808990931892726,0.616824233069651,0.346292366068558,TRUE
"AT3G12630","blue",0.852190690680135,0.514092772797378,0.0546346169376834,TRUE
"AT5G21170","blue",0.877394666845083,0.0594898344754775,-0.027590420529708,TRUE
"AT2G22670","turquoise",0.403337835230561,0.855006752845842,0.270917743906361,TRUE
"AT1G25275","blue",0.698983857482796,0.144896777927841,-0.0302270242459322,FALSE
"AT2G41090","turquoise",-0.0482836240917785,0.445309108506792,0.330171235672551,FALSE
"AT3G18000","turquoise",0.0617081484339829,0.753907003665831,-0.155251141552511,TRUE
"AT4G01330","blue",0.698298108406612,0.327547812955251,-0.287175117180136,FALSE
"AT1G19530","blue",0.472358015100352,-0.0468418348251004,-0.245561846760765,FALSE
"AT5G63370","blue",0.943276094925719,0.405685253070937,0.177471220014149,TRUE
"AT1G74960","turquoise",0.784108175054078,0.731113987369977,-0.0828194965900499,TRUE
"AT4G23800","turquoise",0.262687815043338,0.544058653778705,-0.356151168504406,FALSE
"AT1G02640","blue",0.825381257513146,0.142984621078492,-0.163918611480404,TRUE
"AT5G07350","turquoise",0.658016592706927,0.773361630973053,0.174352048363239,TRUE
"AT5G19820","blue",0.715447938774198,0.617467361245096,0.0932214290308059,TRUE
"AT1G01060","blue",0.420830921602675,0.190237314296739,0.284873625313525,FALSE
"AT1G36730","turquoise",0.459804489034665,0.72072158981285,0.280339571676635,TRUE
"AT5G65380","blue",0.73843977104637,0.413917293716638,-0.0969194160396167,TRUE
"AT1G32900","turquoise",-0.0945084451477991,0.465692855607495,0.126922365770113,FALSE
"AT5G23110","blue",0.778345874332755,0.349186442858062,0.31442536497524,TRUE
"AT5G15450","turquoise",0.186241327620378,0.732005756819936,0.37068182396272,TRUE
"AT1G07940","turquoise",0.311981477908547,0.932182133899286,0.0192295324458165,TRUE
"AT2G44490","blue",0.771303620811628,0.515853109524728,0.158884815743778,TRUE
"AT2G41410","blue",0.51559585825455,0.381246382404013,0.67563830471413,FALSE
"AT1G19660","blue",0.804833147118643,0.320794912825602,0.000369801673766482,TRUE
"AT3G51260","turquoise",0.248729821853495,0.579201234806097,0.630747958068043,FALSE
"AT3G43300","blue",0.89664930220593,0.520194224708985,0.246060839925397,TRUE
"AT4G03560","blue",0.897026312221991,0.550682927239218,-0.00512898843180468,TRUE
"AT5G08790","blue",0.84490964049135,0.209788410830278,0.259470062383433,TRUE
"AT2G41680","turquoise",0.607359053327341,0.880144061897869,0.0373338907167726,TRUE
"AT3G58500","blue",0.947560514858863,0.492109557781335,0.20104348385983,TRUE
"AT4G19860","blue",0.869187729114413,0.332368641070165,0.112032928162583,TRUE
"AT5G59420","blue",0.74013393254315,0.193036473706104,0.62620286035579,TRUE
"AT1G26880","turquoise",0.225289610991998,0.917976380957544,-0.107371112061416,TRUE
"AT3G10500","blue",0.638304714129526,0.113897999871374,0.696797221686282,FALSE
"AT3G63190","turquoise",0.485240208373529,0.843784166184321,0.0404527622355135,TRUE
"AT4G01800","blue",0.906682101742877,0.539488069972346,0.145990095826098,TRUE
"AT2G24550","blue",0.821844024111901,0.332660723053413,0.256996084934063,TRUE
"AT5G53560","turquoise",0.564988102128754,0.810663065148884,0.0834458807640363,TRUE
"AT4G04770","turquoise",0.249212167985079,0.516464081291401,0.371406521319699,FALSE
"AT4G08850","blue",0.790404527622355,0.224516046047977,0.342401440607113,TRUE
"AT5G16970","blue",0.603415010611615,0.412566724548202,0.231751238021738,FALSE
"AT1G26110","blue",0.752299183227217,0.702328123995112,0.2981220657277,TRUE
"AT1G48830","turquoise",0.283941089459129,0.944787446138015,0.0317705318670011,TRUE
"AT5G67460","grey",0.125171839990098,0.0548119206841676,0.951643634360172,TRUE
"AT1G14980","turquoise",0.284198340729307,0.880410315775934,-0.0741526786288507,TRUE
"AT1G13260","blue",0.7730587112041,0.313339604075406,-0.124078495723004,TRUE
"AT3G16570","turquoise",0.501836949634758,0.700693780119273,-0.0215771237475921,TRUE
"AT1G78020","turquoise",-0.270210302913371,0.608463566788861,0.118978712457393,FALSE
"AT2G31960","blue",0.880272688567005,0.488636637714659,0.258780779968327,TRUE
"AT3G11560","blue",0.882813065282444,0.377294177243664,0.130572147506852,TRUE
"AT1G33140","turquoise",0.307286642227796,0.899929255900701,-0.092513988037816,TRUE
"AT1G09815","grey",0.189531396972143,0.235644057857459,0.863808474917576,TRUE
"AT1G42550","blue",0.790886873753939,0.471766673097949,0.0533796385619654,TRUE
"AT1G01790","turquoise",0.530387806289794,0.86150234741784,0.105408707955496,TRUE
"AT3G01310","blue",0.809312495980449,0.459675863399576,0.0578493793813107,TRUE
"AT5G48930","turquoise",0.267690328839168,0.836385561648427,0.112082964883046,TRUE
"AT1G24510","turquoise",0.524213775805518,0.908032670911313,0.135828670654061,TRUE
"AT3G15000","turquoise",0.520515788796707,0.844105730272043,0.0547302077304007,TRUE
"AT1G64370","turquoise",0.202733338719026,0.542599887520895,0.484042125635362,FALSE
"AT2G39310","turquoise",0.0665959225673677,0.56592063798315,-0.408161296546402,FALSE
"AT5G65110","blue",0.87044882671173,0.0519812526646537,0.0780281531647277,TRUE
"AT5G15960","turquoise",0.13274485689894,0.344821487530847,-0.210179356756656,FALSE
"AT3G07770","turquoise",0.405042124895492,0.711557013312753,0.0720946684674256,TRUE
"AT1G54740","blue",0.782930966792272,0.188987772285628,-0.240535738760677,TRUE
"AT5G64270","blue",0.90459193517268,0.477779921538363,0.291272750659206,TRUE
"AT5G20490","blue",0.756961862499196,0.592899864943083,0.338832079233391,TRUE
"AT3G08030","turquoise",0.542832336484661,0.782011704932793,-0.0905524471027076,TRUE
"AT5G20020","turquoise",0.59370377516239,0.77558042317834,0.313364203485755,TRUE
"AT1G64860","turquoise",0.346086131644501,0.688602873220473,0.0339895973192323,FALSE
"AT5G20890","turquoise",0.391729371663773,0.941764743713422,0.0457907260917101,TRUE
"AT5G04430","turquoise",0.713389928612773,0.754453662614959,-0.148691234162969,TRUE
"AT3G57530","blue",0.818219821210367,0.395170107402405,0.0779471348639784,TRUE
"AT1G29395","turquoise",0.503585555137055,0.54648358390799,0.053831559342237,FALSE
"ATMG00080","blue",0.544386986765348,0.125148837698671,0.282505924924626,FALSE
"AT1G17100","turquoise",-0.167374107659657,0.65367547752267,0.0878834651746093,FALSE
"AT2G26910","turquoise",0.567119543444959,0.811254924134124,-0.0561942278390829,TRUE
"AT4G19200","blue",0.831146697536819,0.344427294359766,0.199048170300341,TRUE
"AT3G62120","turquoise",0.601704317145064,0.865889541071808,0.0245678913127664,TRUE
"AT2G47170","turquoise",0.543829185156602,0.895491671490128,0.0855360473342337,TRUE
"AT5G08610","turquoise",0.421795613865843,0.70641198790919,-0.0170750530580745,TRUE
"AT4G19410","blue",0.838703453598302,0.338124638240401,-0.0551482410444402,TRUE
"AT4G37490","blue",0.262804588906635,0.120267869380338,0.823706276518013,FALSE
"AT2G43100","turquoise",-0.056820831090902,0.753446792798744,0.059891792816528,TRUE
"AT3G56880","blue",0.721804632191247,0.341198318217327,0.212603805748443,TRUE
"AT5G17050","turquoise",-0.0530259180654705,0.444787446138015,0.301884365554055,FALSE
"AT5G19550","turquoise",0.312372377241116,0.481469571571198,0.667561701187663,FALSE
"AT3G51950","turquoise",0.394015644231365,0.810010370551373,0.000289410005556377,TRUE
"AT2G21580","turquoise",0.350408386391408,0.912888288635925,-0.070711942890218,TRUE
"AT1G35140","blue",0.735651406077104,0.198223258745378,-0.0483016441654052,TRUE
"AT5G67420","turquoise",0.685644459830342,0.571632995974771,-0.0928041417817449,FALSE
"AT1G66430","turquoise",0.274135588596457,0.506917703065637,0.746308012661687,FALSE
"AT1G16720","blue",0.729178725319956,0.570583317255129,-0.13708277059618,TRUE
"AT4G23820","turquoise",0.52619562510242,0.705195713539039,-0.245065961371683,TRUE
"AT2G20580","turquoise",0.4764615087787,0.737700173644607,0.306836452504984,TRUE
"AT5G27770","turquoise",0.324747572191138,0.909865586211332,-0.0803267091131263,TRUE
"AT2G07727","blue",0.410977579707691,0.23331263486712,-0.0678444440049712,FALSE
"AT4G39980","turquoise",0.204100008065613,0.76883993900122,0.104976284280793,TRUE
"AT1G74050","turquoise",0.548399803862051,0.891479287115494,-0.00660819512687061,TRUE
"AT4G08870","turquoise",0.123016319655743,0.642640083691074,0.0667256210392543,FALSE
"AT5G63790","blue",0.84888778129778,0.296420159024298,0.0676576279656242,TRUE
"AT1G56045","turquoise",0.245417711749952,0.732587304649817,-0.0599073895427359,TRUE
"AT2G47390","turquoise",0.422695993311467,0.864589362659978,0.185510322207216,TRUE
"AT1G14610","blue",0.698346343407538,0.696320473368643,0.200239567177729,FALSE
"AT4G32480","blue",0.631743964682203,0.31811494594786,-0.291247618443242,FALSE
"AT5G56080","turquoise",-0.317340622277533,0.401414904786994,-0.163984243127555,FALSE
"AT1G27090","blue",0.931731944176474,0.536208116277574,0.186314232426523,TRUE
"AT1G41880","turquoise",0.288121422599524,0.894912856132227,-0.127532317190816,TRUE
"ATMG00510","blue",0.464650853915376,0.0861093407496129,-0.0162516220569692,FALSE
"AT3G21560","turquoise",-0.204259150588234,0.381587092326083,0.234068381160541,FALSE
"AT2G02160","blue",0.924657534246575,0.303267091131262,0.203550067528458,TRUE
"AT3G50370","blue",0.894083977165501,0.412377101250553,0.214099090777151,TRUE
"AT5G01750","turquoise",0.694578429480996,0.56138658434626,0.0929320213518555,FALSE
"AT1G20970","blue",0.892315360464879,0.525713275093159,0.09515157849348,TRUE
"AT1G29880","turquoise",0.549167149012798,0.86503955238279,0.182841340279118,TRUE
"AT5G49030","turquoise",0.398163854311007,0.905081557376643,0.114670675534893,TRUE
"AT4G24570","blue",0.655545551356733,0.341190468710355,0.0670161109135136,FALSE
"AT2G01570","turquoise",0.665969933360461,0.771943082341118,-0.0640887531234862,TRUE
"AT2G22980","blue",0.510057078609221,0.263365222318792,-0.626770640807762,FALSE
"AT2G30110","turquoise",0.55103222072159,0.770210302913371,0.345938645572063,TRUE
"AT1G72970","turquoise",0.270439745995243,0.827510250127061,-0.115716697498678,TRUE
"AT4G25630","turquoise",0.0944762884805151,0.795057520264294,-0.203471312239775,TRUE
"AT1G54270","turquoise",0.392758376744485,0.795806804296096,0.234548845584925,TRUE
"AT1G72710","blue",0.903972152355344,0.494826796166837,0.231270751106829,TRUE
"AT5G58430","blue",0.872224455454812,0.382956829376617,0.05630677707939,TRUE
"AT1G65260","turquoise",0.7658271097031,0.743976654283593,0.18242477350237,TRUE
"AT4G12720","blue",0.736446073702489,0.170332497266705,0.347128432696636,TRUE
"AT1G51500","turquoise",0.361566660235385,0.751527429416683,0.0998134928291209,TRUE
"AT5G19240","blue",0.589201877934272,0.444047848736253,0.103833043925654,FALSE
"AT2G22330","turquoise",0.218824361695286,0.722586661521641,-0.208662936523249,TRUE
"AT3G06850","blue",0.858447488584475,0.0152742941668275,-0.0670461122901794,TRUE
"AT4G35250","turquoise",0.598403421488736,0.759653029584564,0.0904567050700099,TRUE
"AT2G44350","turquoise",0.458775483953952,0.755386198469355,0.406038973567432,TRUE
"AT3G49680","turquoise",0.208148433982893,0.929802559650138,0.107466718116921,TRUE
"AT3G59060","blue",0.759025974572525,0.437684398403094,0.0708089813594603,TRUE
"AT1G21500","turquoise",0.42189208309216,0.826258923403434,-0.143288957489228,TRUE
"AT2G44160","turquoise",0.472156345731587,0.894485935506552,-0.0735744547458879,TRUE
"AT3G05060","turquoise",0.304263939803203,0.773265161746736,0.0126374686475014,TRUE
"AT2G38380","turquoise",0.218856518104058,0.814489677792784,0.0718052607884752,TRUE
"AT5G03940","turquoise",0.592513988037816,0.842401440607113,0.0450189722811756,TRUE
"AT4G35790","blue",0.837545822882501,0.501800758891247,0.300437327159303,TRUE
"AT5G61780","turquoise",0.601035436362467,0.755161103607949,0.230336356035758,TRUE
"AT4G38710","turquoise",0.183741719724741,0.751495273007911,0.06662807897614,TRUE
"AT5G47690","blue",0.874211156783963,0.56151972411394,0.205432868944102,TRUE
"AT1G17880","turquoise",0.351758955559843,0.923467747122002,-0.0405492314618303,TRUE
"AT4G19530","turquoise",0.575953437520098,0.600167213325616,-0.219692584732137,FALSE
"AT5G14910","turquoise",0.347211614999442,0.841379199486956,-0.0653423479211731,TRUE
"AT2G43750","turquoise",0.649173580294553,0.726091710077819,0.25503247797286,TRUE
"AT1G58080","turquoise",0.530991237306355,0.911648846488125,-0.0258059329561454,TRUE
"AT4G31985","turquoise",0.311919672655206,0.801601402056596,-0.102837021974366,TRUE
"AT1G76790","turquoise",-0.0114478655855299,0.645646756253566,-0.139914784164721,FALSE
"AT1G20260","turquoise",0.492732651617467,0.881471477265419,0.321049585182327,TRUE
"AT3G28180","blue",0.751919351102752,0.555699367335528,0.0326711739605866,TRUE
"AT4G34720","turquoise",0.331275323171908,0.924175188114991,0.0271721654125667,TRUE
"AT3G52800","blue",0.826773425943791,0.335648594764937,0.141648980641842,TRUE
"AT5G45510","blue",0.739822496623577,0.504630522863207,0.283844620232812,TRUE
"AT1G02080","blue",0.815068493150685,0.484822175059489,0.219145925783009,TRUE
"AT3G60240","turquoise",0.578525950221879,0.670911312624606,0.353013055501962,FALSE
"AT5G18660","turquoise",0.0745063991253457,0.865489742105602,-0.107016528394109,TRUE
"AT1G17180","grey",-0.0316960019571519,0.042502553613776,0.721980570202075,TRUE
"AT4G17330","blue",0.793481843567376,0.574205529357494,0.203808957246258,TRUE
"AT5G26570","turquoise",0.342047720110618,0.725319956267284,0.240626406842884,TRUE
"AT1G09430","blue",0.812817544536626,0.251238021737732,-0.029841147340665,TRUE
"AT5G62720","turquoise",0.618560679143353,0.496334169399962,-0.0720625120586533,FALSE
"AT5G10960","blue",0.858286706540614,0.602160910669497,0.195253714065213,TRUE
"AT2G20420","turquoise",0.238504083863914,0.916136085921924,0.171168563894784,TRUE
"AT1G64780","turquoise",-0.126150605755296,0.557516219037076,0.173613846666542,FALSE
"AT3G18130","turquoise",0.0487012726016815,0.848903859631422,-0.156715518008778,TRUE
"AT4G29780","blue",0.699338366136072,0.382702650667221,0.0388941144426522,FALSE
"AT4G39950","turquoise",-0.0305485883336549,0.6745128304071,-0.0372371213582867,FALSE
"AT1G78000","turquoise",0.373496687889897,0.525918065470448,0.356582416875683,FALSE
"AT5G27700","turquoise",0.529519583252942,0.775612579587112,-0.0327030677213969,TRUE
"AT5G03300","turquoise",0.248571038105644,0.955085175003329,0.00110940502129945,TRUE
"AT3G16080","turquoise",0.255950993247332,0.892138498794817,-0.137469752639279,TRUE
"AT2G41220","turquoise",0.48474568097329,0.715357220400796,0.194708620404874,TRUE
"AT2G25430","blue",0.90742169914464,0.515209981349283,0.107788282204643,TRUE
"AT2G01530","blue",0.631846355464139,0.222620607607422,-0.339059899842938,FALSE
"AT5G24690","blue",0.767316226123867,0.67139365875619,0.329153000192938,TRUE
"AT1G80180","blue",0.779178390646579,0.208007074550562,-0.25157970901234,TRUE
"AT1G65440","blue",0.787606920059168,0.561290115119943,0.266705254357193,TRUE
"AT5G46580","turquoise",0.160656001307043,0.851933435273718,0.0839617332691533,TRUE
"AT1G56330","turquoise",0.197376037044183,0.900315132805968,-0.117403048427552,TRUE
"AT5G25560","blue",0.824683259373593,0.341951250884301,0.31924882629108,TRUE
"AT5G35735","turquoise",0.550756095956432,0.473803953863611,0.102661810961693,FALSE
"AT3G13235","blue",0.54767627884816,0.313768681024039,0.788256385133719,FALSE
"AT5G62790","turquoise",0.431574631619126,0.924729281087193,0.0849418366307967,TRUE
"AT1G73230","turquoise",0.390828992218149,0.927937487941347,-0.10688790275902,TRUE
"AT2G47940","blue",0.736413917293717,0.75291015499389,-0.0411602032285034,TRUE
"AT3G50500","blue",0.820975794095232,0.577967859429727,0.137067794298229,TRUE
"AT4G02230","turquoise",0.38475143096019,0.882436169528587,0.197826226766995,TRUE
"AT1G65840","turquoise",0.320277831371792,0.590005788153579,0.273876133513409,FALSE
"AT3G56090","turquoise",0.199837608836678,0.667202611142943,-0.120667893983367,FALSE
"AT2G43680","blue",0.883079297704033,0.284037558685446,0.265193903144897,TRUE
"AT1G27450","turquoise",0.278860376873111,0.88488005659528,0.135056916843527,TRUE
"AT5G05010","turquoise",0.627564473599588,0.855424786159882,0.190173001479195,TRUE
"AT3G06650","turquoise",0.625635089073252,0.806804296096212,0.0349861727442279,TRUE
"AT5G41260","blue",0.915718052607885,0.459900958260981,0.128143288957489,TRUE
"AT3G28740","blue",0.712232297896971,0.119525371406521,-0.168821146054409,TRUE
"AT3G11700","blue",0.785667773417354,0.65850423264261,-0.135395647599458,TRUE
"AT1G24360","turquoise",0.562994404784874,0.826837738761335,-0.175091645765001,TRUE
"AT1G58180","blue",0.869507195224539,0.112195514123353,-0.0400192941606516,TRUE
"AT3G15630","blue",0.787725307622983,0.189973148324499,-0.17264000791876,TRUE
"AT4G35800","blue",0.850955045340536,0.425461444465882,0.204514759791627,TRUE
"AT3G05727","grey",0.317563167763556,0.25633687325474,0.506805154730142,FALSE
"AT1G77180","blue",0.930349218599267,0.297575406778571,0.250305485883337,TRUE
"AT1G19835","blue",0.805485883336549,0.619010868866165,0.0776255707762557,TRUE
"AT5G08650","turquoise",0.580492157811524,0.857280671458915,0.0916304234258774,TRUE
"AT3G62600","turquoise",0.262108995032226,0.817663657364976,-0.0439742425109273,TRUE
"AT2G18300","turquoise",0.356164383561644,0.599138208244903,-0.228117563830471,FALSE
"AT4G38920","turquoise",0.505563058717602,0.81953823397003,-0.0672390507428131,TRUE
"AT2G33370","turquoise",0.336101486452806,0.876848003501255,0.0302594239142834,TRUE
"AT4G32760","blue",0.966621647694386,0.345584925075568,0.130072673483825,TRUE
"AT4G25740","turquoise",0.27789791866869,0.934199419602343,-0.0753269931128682,TRUE
"AT3G05220","turquoise",0.639258467273111,0.568465564247293,0.42683152319473,FALSE
"AT1G17840","turquoise",0.356132227152872,0.688468711814265,0.0347289214740498,FALSE
"AT5G22440","turquoise",0.386198469354943,0.867837159945977,0.0168821146054409,TRUE
"ATCG00650","turquoise",0.0985180506510157,0.519286297016209,-0.223249686440973,FALSE
"AT4G23600","turquoise",0.0132484404141745,0.536819088044247,0.292366068557464,FALSE
"AT4G18010","blue",0.795674893583031,0.223394163546843,0.0541201061248506,TRUE
"AT5G58950","blue",0.777927841018715,0.46186249919609,0.309987780564667,TRUE
"AT3G56800","turquoise",0.568722817585565,0.763286732987661,0.124462380722884,TRUE
"AT1G19870","blue",0.946330953759084,0.521416168242331,0.0613222715287157,TRUE
"AT5G11770","turquoise",0.710646268643684,0.75986204792191,0.171282488288449,TRUE
"AT2G15490","blue",0.384705674719591,0.0389111315230883,0.755181452167309,FALSE
"AT4G02930","turquoise",0.408740111904303,0.874011190430253,-0.0470126696250563,TRUE
"AT1G66970","turquoise",0.37098848800566,0.667663515338607,0.00405170750530581,FALSE
"AT4G10320","blue",0.662904366840311,0.749180011576307,0.214611872146119,FALSE
"AT5G25100","turquoise",0.558678350421921,0.848219310343581,0.0238282820193193,TRUE
"AT5G65750","blue",0.446643620927577,0.185465069563325,0.764820323275964,FALSE
"AT3G16530","blue",0.531967746879905,0.0343111639920727,0.446704343576268,FALSE
"AT1G51650","turquoise",0.23461315840247,0.835327030677214,0.0240208373528844,TRUE
"AT4G34100","blue",0.961283683838189,0.42430381375008,0.13807961926812,TRUE
"AT4G26110","turquoise",0.654645432568525,0.772338834828118,-0.020724972064565,TRUE
"AT3G55430","blue",0.892556535469509,0.345957504975365,0.13063646084142,TRUE
"AT2G32730","blue",0.714997749051386,0.706090423821468,0.348961347996656,TRUE
"AT5G18170","blue",0.807556877666889,0.00800707452471052,0.042238122040993,TRUE
"AT1G76990","blue",0.845350547896536,0.595107363092121,-0.124992965733071,TRUE
"AT5G09510","turquoise",0.270242459322143,0.913274165541192,-0.101389156858962,TRUE
"AT1G14870","blue",0.80854724218995,0.146827342818935,0.30088993577678,TRUE
"AT5G22800","turquoise",0.304989910855495,0.757305592872829,0.337837946486144,TRUE
"AT5G54500","blue",0.817898257122645,0.363817608849444,0.035114798379317,TRUE
"AT5G58290","turquoise",0.554139768972252,0.584849386228512,0.421782926431136,FALSE
"AT5G13010","blue",0.944498038459065,0.241591099106052,0.221557656440929,TRUE
"AT3G62420","blue",0.864653675477523,0.539455913563573,0.0989774262010419,TRUE
"AT3G04340","turquoise",0.639462344845328,0.780596822946813,0.131165991382082,TRUE
"AT3G61600","blue",0.944080005145026,0.434336613287028,0.120811627757412,TRUE
"AT1G26580","blue",0.896584989388385,0.320342144189337,0.0454370055952151,TRUE
"AT5G52882","turquoise",0.683773876133513,0.602160910669497,-0.11454112804682,FALSE
"AT4G29410","turquoise",0.420734452376359,0.871921023860055,-0.0506785002250949,TRUE
"AT4G13615","turquoise",0.344143419933542,0.880922903884266,-0.033893399795361,TRUE
"AT3G07810","blue",0.521994983600232,0.384429866872468,0.788442986687247,FALSE
"AT3G58680","blue",0.741526786288507,0.471187857740048,0.0653418226252492,TRUE
"AT2G45170","blue",0.84780808617057,0.0821937631380067,0.0907958099452902,TRUE
"AT1G50030","blue",0.859483403167872,0.440144383450324,0.245612624715512,TRUE
"AT4G29020","turquoise",0.104123288665728,0.835767861045891,-0.211992829070046,TRUE
"AT4G28250","turquoise",-0.168885458871953,0.716830664351405,-0.153739790340215,TRUE
"AT4G36648","blue",0.84035694198498,0.303448830331047,0.120508079443183,TRUE
"AT2G21160","turquoise",0.361052157695029,0.94102514631166,-0.0511608463566789,TRUE
"AT5G16010","turquoise",0.468454562994405,0.707280210946042,0.248697665444723,TRUE
"AT3G10720","blue",0.843669105342591,0.308079427646543,-0.104847656577585,TRUE
"AT4G19520","blue",0.694150561506289,0.293404508625191,-0.00168826574998055,FALSE
"AT1G62780","turquoise",0.106244774583575,0.845038266126439,-0.0190365939931828,TRUE
"AT3G55330","turquoise",0.514213132677343,0.849829571033507,-0.0670782686989517,TRUE
"AT4G17040","turquoise",0.779558006633386,0.661478724366384,0.247751043089901,FALSE
"AT5G64350","turquoise",0.189787124573928,0.821821338992861,0.0673998327866744,TRUE
"AT4G12320","grey",-0.427629675109359,0.335402128996136,0.101038685455979,FALSE
"AT2G20360","turquoise",0.535822239372307,0.865554054923146,0.235545694256865,TRUE
"AT3G16850","turquoise",0.565346367520741,0.699648688432542,-0.00520938010001479,FALSE
"AT1G52740","blue",0.799215383625957,0.498649430831565,0.0409672647758698,TRUE
"AT5G07030","turquoise",0.194289021802045,0.870666923917937,-0.0875619010868866,TRUE
"AT1G34030","turquoise",0.316552777595383,0.931763003577308,0.00217059249163839,TRUE
"AT1G07135","blue",0.675140084930536,0.293160970910656,0.119946297537075,FALSE
"ATCG00160","grey",0.237014765229621,0.27789213365446,-0.113916317042312,FALSE
"AT1G12240","turquoise",0.499356871824555,0.667502733294746,0.151167277638433,FALSE
"AT1G25550","blue",0.876060165152796,0.414756694629572,0.0837841966085712,TRUE
"AT2G18790","blue",0.550280968898167,0.372229502146427,0.624128755315969,FALSE
"AT5G48180","turquoise",0.504043733484237,0.471259747629047,-0.0280247608364868,FALSE
"AT5G11560","turquoise",0.650009646922632,0.806289793555856,0.140716444787446,TRUE
"AT1G74730","turquoise",0.092852376782671,0.897958855573228,-0.0697317330054449,TRUE
"AT3G13870","blue",0.69669587596432,0.730026529558145,0.198922743011483,FALSE
"AT4G16890","blue",0.634863978390893,0.400893948163869,0.611486269213454,FALSE
"AT2G22170","turquoise",0.244356550260467,0.881503633674191,-0.243456170814843,TRUE
"AT5G16710","turquoise",0.365814247023261,0.873568023438282,6.43133345680838e-05,TRUE
"AT3G16780","turquoise",0.250548673143612,0.90434195402911,-0.133080367555007,TRUE
"AT1G03080","blue",0.79804809032171,0.439260075100012,0.286435513832603,TRUE
"AT4G01690","turquoise",0.521576950286192,0.901890796835809,0.0989131133834973,TRUE
"AT3G19030","blue",0.672980143185308,0.498014309896353,-0.200691373930596,FALSE
"AT1G10950","blue",0.841822625249212,0.695864685831886,0.118689304778442,TRUE
"AT1G18070","turquoise",0.472892147404978,0.909640491349926,0.0922567367676378,TRUE
"AT3G21720","grey",0.220196319674296,-0.178311587089298,-0.327151114743549,FALSE
"AT1G67280","turquoise",0.632173004342506,0.748999115781355,0.267320524192444,TRUE
"AT3G10770","blue",0.961661213462915,0.362662893629425,0.119204765621943,TRUE
"AT3G02360","turquoise",0.504152229679209,0.759427932913576,0.319669429470661,TRUE
"AT4G33510","turquoise",0.630104829892598,0.855617724612515,0.144832465110296,TRUE
"AT5G50950","turquoise",-0.048652646472442,0.716573413081227,0.127210753103093,TRUE
"AT3G27820","turquoise",0.184145155202066,0.82446479249555,0.152422602926359,TRUE
"AT1G55810","blue",0.856260852787961,0.0919030162711428,0.0447938774197698,TRUE
"AT5G14800","blue",0.790886873753939,0.593092803395717,0.0670139558814072,TRUE
"AT1G30120","turquoise",0.563497359151908,0.856782243116012,0.0724811280582305,TRUE
"AT5G10980","turquoise",0.51871502990546,0.560646986944498,0.552993761656698,FALSE
"AT5G16880","blue",0.875586854460094,0.176410058524664,0.281561515209981,TRUE
"AT4G36690","blue",0.907582481188501,0.479130490706798,0.133609878448775,TRUE
"AT1G70890","turquoise",-0.0501961540935108,0.701106180461766,0.0683645250498424,TRUE
"AT1G59660","blue",0.356770749774461,0.0341029681496071,0.906019873768133,FALSE
"AT4G28880","blue",0.935421372959137,0.376136537221438,0.0702140830147055,TRUE
"AT5G67480","blue",0.722437495068862,0.373052496229585,0.0960848942965262,TRUE
"AT5G23900","turquoise",0.530251628012908,0.844826754671465,0.15166814054537,TRUE
"AT1G12840","turquoise",0.409447552897292,0.901858640427037,0.275773361630973,TRUE
"AT5G52840","turquoise",0.309379295939767,0.903264705675095,0.0551326060584898,TRUE
"AT3G03990","turquoise",0.646139994071896,0.525970528431431,0.0632200078804264,FALSE
"AT3G52500","turquoise",0.562130700792337,0.766486321382423,0.0119783585633056,TRUE
"AT5G14060","turquoise",0.411122991226476,0.859242228163242,0.0378001623923913,TRUE
"AT4G26690","blue",0.874332754517976,0.498360023152614,-0.119300276545115,TRUE
"AT2G25670","turquoise",0.475528972924304,0.858929834716059,0.140941539648852,TRUE
"AT4G39350","turquoise",0.615634445945077,0.783169335648595,0.221107466718117,TRUE
"AT4G09800","turquoise",0.516271142838768,0.884397710463695,0.0791369219885523,TRUE
"AT3G24503","turquoise",0.324136600424465,0.81471477265419,0.157180526078848,TRUE
"AT4G19210","blue",0.838028169014085,0.527622355135379,0.311659913820825,TRUE
"AT1G70700","blue",0.744073124285446,0.271145018539041,0.0748767997708916,TRUE
"AT4G31290","blue",0.876680172358351,0.341758312431668,0.192456106502026,TRUE
"AT5G11170","turquoise",0.675799086757991,0.763200205801016,0.134638883529487,TRUE
"AT3G53990","blue",0.650299054601582,0.419062319120201,0.388256479516368,FALSE
"AT5G59870","turquoise",0.173676763779021,0.73843977104637,-0.341308122708856,TRUE
"AT5G43580","blue",0.643824714027445,0.228344494383982,-0.0354688040142982,FALSE
"AT5G12150","turquoise",0.360701336925098,0.868069233332711,0.154914744640872,TRUE
"AT5G57990","turquoise",0.618753617595987,0.676667309794842,0.294809955624156,FALSE
"AT1G11310","blue",0.742400977586675,0.392263105864385,0.576552966069229,TRUE
"AT1G76030","turquoise",0.685607248428745,0.803640193498406,0.0531879828756898,TRUE
"AT2G46020","blue",0.900660015625088,0.44226672349107,0.218247300856792,TRUE
"AT4G26190","blue",0.714944931356984,0.564305812437279,0.11026609857523,TRUE
"AT3G26710","turquoise",0.378191523570648,0.901119043025275,-0.0612901151199434,TRUE
"AT5G60680","blue",0.63670201222403,0.467123827301635,-0.281258290399872,FALSE
"AT3G55750","turquoise",0.285709691941604,0.860794906424851,-0.195157244838896,TRUE
"AT5G05440","blue",0.860689278191023,0.221929239260815,0.127790595786783,TRUE
"AT3G10860","turquoise",0.277252556434497,0.806514888417262,0.160171072094668,TRUE
"AT1G08570","blue",0.717988295067207,0.446588205029262,-0.00112547430702939,TRUE
"AT1G79000","blue",0.868255193260017,0.519486783715995,0.191330632194996,TRUE
"AT3G57020","turquoise",0.258192108697025,0.514744187808356,-0.0696208637849122,FALSE
"AT5G23050","blue",0.761817480223809,0.331918451347354,-0.205608077689884,TRUE
"AT1G22190","blue",0.783407026389549,0.470021705985668,-0.172859554648921,TRUE
"AT1G19920","turquoise",0.083767444851759,0.794842112032928,0.172647758698309,TRUE
"AT5G37780","turquoise",0.383658113061933,0.728632066370828,0.446459579394173,TRUE
"AT1G69830","turquoise",0.32307543893498,0.765322528779986,0.0576885973374494,TRUE
"AT4G13850","turquoise",0.355851401754766,0.886075135518859,-0.0778043074774676,TRUE
"AT1G19910","turquoise",0.58704739854653,0.754839539520226,0.276705897485369,TRUE
"AT5G03850","turquoise",0.275387484725706,0.888352948742684,-0.0466267927197891,TRUE
"AT2G25510","turquoise",-0.0599400278174541,0.375220072203843,0.568160075908094,FALSE
"AT5G35790","turquoise",0.641825241968496,0.717233839213654,-0.0946868292487718,TRUE
"AT1G74260","turquoise",0.53160974982314,0.786899479066178,0.269888738825648,TRUE
"AT5G42950","blue",0.908892122449802,0.413775916277409,0.171587976627648,TRUE
"AT5G20000","blue",0.363257791974179,0.250500438142686,0.764187119671614,FALSE
"AT4G27280","blue",0.755038547829304,0.259922341656911,0.121471810665468,TRUE
"AT3G14600","turquoise",0.575117370892019,0.816965721268249,0.0911312624606084,TRUE
"AT5G43830","blue",0.849347224901923,0.473824683259374,0.120683002122323,TRUE
"AT4G34230","turquoise",0.214033056788218,0.73278024310245,0.090488134285163,TRUE
"AT1G23190","turquoise",0.204064570068815,0.834040774326323,0.261592385362403,TRUE
"AT1G16410","turquoise",-0.190497628451346,0.611431787200184,0.0246000482385685,FALSE
"AT3G57610","turquoise",0.511600611047719,0.891502532473141,0.122903770415436,TRUE
"AT1G12520","blue",0.828211044234141,0.457026633774446,-0.0825300865844936,TRUE
"AT3G61060","blue",0.787741878457174,0.177440490073343,-0.210465387374054,TRUE
"AT2G38120","turquoise",0.659945977233263,0.589909318927262,-0.17621712007203,FALSE
"AT3G55280","turquoise",0.198919544665252,0.89452697922696,-0.13737217827513,TRUE
"AT1G71695","turquoise",0.205222200784616,0.774326323236221,-0.0113512122966107,TRUE
"AT1G79930","turquoise",0.58721762207124,0.801447061764499,0.185931344987455,TRUE
"AT5G65720","turquoise",0.43773263340402,0.629338135415984,0.589399554649204,FALSE
"AT1G09130","turquoise",0.753103093446524,0.748408257765773,0.267123287671233,TRUE
"AT5G14920","blue",0.535243424014406,0.360409029519583,0.136696893690913,FALSE
"AT5G02760","blue",0.471175567379424,0.112757353831493,-0.0477848075840863,FALSE
"AT2G42750","turquoise",0.309942037617238,0.322032944516038,0.222893939279336,FALSE
"AT1G21920","blue",0.857064763007267,0.413370634767509,-0.194578429480996,TRUE
"AT3G05910","turquoise",0.506853389731069,0.819175020727325,-0.0761630664622533,TRUE
"AT3G19760","turquoise",0.440691046794152,0.927526911140905,0.065969402933212,TRUE
"AT3G12345","turquoise",0.443729851852494,0.805331575461545,-0.107065623722218,TRUE
"AT4G22670","turquoise",0.720550522167169,0.731113987369977,-0.0280566922053266,TRUE
"AT3G24080","turquoise",0.33788618148707,0.694825188339935,0.175334228366238,FALSE
"AT1G27100","blue",0.783503497166955,0.445084010026178,-0.000176863091911277,TRUE
"AT2G40940","blue",0.842102724500847,0.104669952009556,0.215497905804007,TRUE
"AT2G46340","turquoise",0.287960640555663,0.495144382275388,0.296031899157502,FALSE
"AT2G27830","blue",0.795716731943617,0.345877113307155,-0.108882475423766,TRUE
"AT5G67385","turquoise",0.444791021872868,0.800749250373569,0.0250661221479107,TRUE
"AT1G70730","turquoise",0.353688340086179,0.865393272879285,0.178693163547495,TRUE
"AT5G21160","blue",0.902855489098978,0.37098848800566,0.0665637661585954,TRUE
"AT1G72020","turquoise",0.195592928755185,0.866686496639497,0.149753599541783,TRUE
"AT3G52115","blue",0.246577324734033,0.127854909121351,0.913972875880681,FALSE
"AT5G12050","blue",0.632971838819081,0.224405302641686,-0.153290832943028,FALSE
"AT5G19250","turquoise",0.150041803331404,0.799183227217184,-0.0876583703132034,TRUE
"AT3G12670","blue",0.555056233989847,0.381104742316823,0.670772001211472,FALSE
"AT1G04140","blue",0.874879413467104,0.43366132870281,0.236413917293717,TRUE
"AT2G24280","turquoise",0.328059682294681,0.760917100778185,0.21959611550582,TRUE
"AT5G03880","turquoise",0.654645432568525,0.781310545000366,0.252108271506889,TRUE
"AT2G40360","turquoise",0.603736574699338,0.709820567239051,0.10376873110811,TRUE
"AT2G18160","turquoise",0.626620897030483,0.561873447454064,0.547322555508035,FALSE
"AT2G36460","turquoise",0.646054408643643,0.590134413788668,0.337159945977233,FALSE
"AT2G35630","blue",0.86021609106695,0.611196861534504,0.113029776834523,TRUE
"AT1G07350","blue",0.795067206894334,0.420477201106181,0.288282204643385,TRUE
"AT2G33770","turquoise",0.614320971794337,0.529909720173727,0.225498629329344,FALSE
"AT1G74910","blue",0.942061724753292,0.423744483135462,0.00893955350496365,TRUE
"AT5G66530","turquoise",0.299022445173323,0.843623384140459,0.025403562930092,TRUE
"AT3G16520","turquoise",0.325615795227989,0.686442858061612,0.154222136471799,FALSE
"AT1G79600","turquoise",0.564891632902438,0.73319827641649,0.21789182584089,TRUE
"AT3G03960","turquoise",0.376197826226767,0.923660685574635,0.0747636503955239,TRUE
"AT3G07160","blue",0.819763328831436,0.610392951315197,0.224226638369027,TRUE
"AT1G09770","blue",0.888803138465496,0.320824490320921,0.431346067271207,TRUE
"AT1G52000","turquoise",0.284522192129203,0.525536413423097,0.1546574913026,FALSE
"AT4G36730","blue",0.911045189148226,0.245423630778273,-0.0599731487685377,TRUE
"AT5G11460","grey",0.228959152403211,0.0627065094362727,0.93543641345972,TRUE
"AT5G54380","blue",0.813139108624349,0.524696121937102,-0.12914013762943,TRUE
"AT5G02840","blue",0.897163804746286,0.322175059489356,0.0104508328509872,TRUE
"AT2G36580","turquoise",0.343417128259925,0.626283252024,0.581103134489921,FALSE
"AT1G64770","turquoise",0.207473149398675,0.893626599781337,0.109396102643257,TRUE
"AT5G21930","blue",0.900347289214741,0.361373721782751,-0.0728021094604155,TRUE
"AT1G49750","turquoise",0.0797330975261837,0.615387089073836,0.214518852025477,FALSE
"AT4G26230","turquoise",0.290275901987266,0.860344716702039,-0.0739918965849894,TRUE
"AT4G00810","turquoise",0.284712843269664,0.885394559135636,-0.110971766673098,TRUE
"AT2G23090","turquoise",0.419641134478102,0.744838896392051,0.25361759598688,TRUE
"AT5G28050","blue",0.877362510177799,0.27169168188287,0.0720630913835379,TRUE
"AT3G58270","grey",-0.00701015346792113,-0.0351954723423839,0.940084089715323,TRUE
"AT2G43820","blue",0.838510515145669,0.186410701652839,0.0663065148884173,TRUE
"AT5G37600","turquoise",0.209724098012734,0.645121872789247,0.106598495080069,FALSE
"AT3G04550","turquoise",-0.0481381439320857,0.817415910991061,0.0436362467039681,TRUE
"AT5G13180","turquoise",0.117759609002887,0.28137536285507,0.513566312283073,FALSE
"AT4G34135","blue",0.694674898707312,0.143224644671683,0.416168242330697,FALSE
"AT1G66410","turquoise",0.242202070872725,0.850054665894913,0.299922824618947,TRUE
"AT4G00370","turquoise",0.114669753681909,0.811659913820825,0.0255643449739533,TRUE
"AT2G17420","turquoise",0.74124333756445,0.731339084040965,0.226415094346939,TRUE
"AT1G12410","turquoise",0.545602173808339,0.617231150183542,0.616780956841566,FALSE
"AT4G38630","turquoise",0.388375271374262,0.669667979827697,0.547905780278234,FALSE
"AT4G30010","turquoise",0.266158595408065,0.862402726863464,0.0782365425429288,TRUE
"AT5G22010","blue",0.570197440349862,0.285291658627565,0.76509743391858,FALSE
"AT5G51550","turquoise",0.606539058311598,0.705774533550152,-0.0318833356121275,TRUE
"AT1G29150","turquoise",0.552929448839154,0.625763714708341,0.558942697279568,FALSE
"AT1G48850","turquoise",0.30394237571548,0.840118335584282,0.121358286706541,TRUE
"AT2G42590","turquoise",0.542253521126761,0.777831371792398,0.0288121422599524,TRUE
"AT4G12400","blue",0.709938821963435,0.345233979961474,0.0553255460621941,TRUE
"AT4G16520","blue",0.841893706163501,0.309459687607977,0.0244712238031559,TRUE
"AT1G08510","turquoise",0.803296084998117,0.697580191423877,0.0266259345640976,FALSE
"AT1G33240","turquoise",0.636685933890388,0.682557419771073,-0.149126544529744,FALSE
"AT1G51060","turquoise",0.0835590999375829,0.833838461008849,-0.188727480290042,TRUE
"AT3G49220","turquoise",0.455463373850408,0.724323107595344,0.106244774583575,TRUE
"AT3G23600","turquoise",0.111454112804682,0.811981477908547,0.225030548588334,TRUE
"AT2G16280","turquoise",0.432394626634869,0.809270767203841,-0.170221318268076,TRUE
"AT5G20280","turquoise",0.274764852515619,0.774692499497193,0.292724495576064,TRUE
"AT5G57350","blue",0.747787219356752,0.473748100762147,0.312755746004592,TRUE
"AT3G15840","turquoise",0.466621647694386,0.774422792462538,0.191620039873947,TRUE
"AT5G67500","turquoise",0.510611614894849,0.846228053251013,0.330085536047334,TRUE
"AT5G36230","turquoise",0.657201887617606,0.826297722530741,0.168050743226403,TRUE
"AT4G34700","turquoise",0.369933274426786,0.838540075677164,0.0481228394627682,TRUE
"AT5G09590","turquoise",0.303074152678629,0.722522348704097,0.200141488198598,TRUE
"AT3G25190","blue",0.410380088751688,-0.120522220078462,-0.0945076853816966,FALSE
"AT2G38870","turquoise",0.634542414303171,0.531159560100328,0.327448710528008,FALSE
"AT5G19690","turquoise",0.529202273493478,0.820991872428874,-0.0484600975970511,TRUE
"AT4G05070","blue",0.686014728463525,0.403575907852493,-0.223783644840279,FALSE
"AT5G61600","blue",0.824954778811678,0.205314145921458,0.0298910640823863,TRUE
"AT2G47070","blue",0.747250627049971,0.519358158080906,0.440639269406393,TRUE
"AT1G11430","turquoise",0.496334169399962,0.84220850215448,0.421956395909705,TRUE
"AT5G13120","turquoise",0.481960254678758,0.934722490192295,0.00736381760884944,TRUE
"AT3G11450","blue",0.829281625828028,0.394623448453277,0.156987587626214,TRUE
"AT1G50320","turquoise",0.482446479262481,0.86726531665061,0.0195512537086975,TRUE
"AT3G49780","blue",0.783799210769082,0.0202911833098913,-0.163824775550303,TRUE
"AT2G13560","turquoise",0.652035500675285,0.820309987780565,0.323654254292881,TRUE
"AT3G26720","blue",0.81130619332433,0.189722811756383,0.362820760177503,TRUE
"AT5G23860","turquoise",0.629032647076786,0.812068397257552,-0.0763238497986735,TRUE
"AT3G59920","turquoise",0.689176152807255,0.78493793813107,0.253488970351791,TRUE
"AT1G20693","turquoise",0.184867194031771,0.637532960318992,0.116792076660879,FALSE
"AT4G12650","turquoise",0.550163997684739,0.861984693549425,0.203260659849508,TRUE
"AT3G25860","turquoise",0.739422296398797,0.761530360623124,-0.0885930428189391,TRUE
"AT2G42530","grey",-0.157920550151451,0.317754606612648,-0.0430458520268235,FALSE
"AT2G46330","blue",0.741500590902722,0.458248587131239,-0.175093053361608,TRUE
"AT3G21690","turquoise",0.340632838124638,0.512155122515918,0.200752459965271,FALSE
"AT4G03260","turquoise",0.521516830012592,0.537804181991959,0.324396459561415,FALSE
"AT3G59020","blue",0.782976397195961,0.578879670718374,0.239404463309538,TRUE
"AT5G12140","turquoise",0.265193903144897,0.883561643835617,0.222232941025146,TRUE
"AT2G36320","blue",0.841852239034775,0.307790015314324,-0.178470938201379,TRUE
"AT4G20890","turquoise",0.366004244645958,0.931892726220336,0.0822239372306901,TRUE
"AT2G39390","turquoise",0.210354530134112,0.891357826307032,-0.160254039734518,TRUE
"AT3G49120","turquoise",0.507074409929899,0.472538426908483,0.508939481638691,FALSE
"AT1G75220","blue",0.890539584539199,0.31812335198405,-0.148466139301563,TRUE
"AT3G47370","turquoise",0.235288442986687,0.918226252492122,-0.0715801659270693,TRUE
"AT1G27320","blue",0.902484122634541,0.449376959620752,0.207428249886125,TRUE
"AT2G11910","turquoise",0.470448260338286,0.868126567624928,0.0115763071580166,TRUE
"AT3G43720","turquoise",0.270841707567768,0.864603264039726,-0.141345767362912,TRUE
"AT4G22960","grey",-0.132723299494619,-0.0729954024483312,0.918240028419214,TRUE
"AT5G59613","turquoise",0.25498629322881,0.825751059186912,0.0341343023220105,TRUE
"AT5G61590","blue",0.69382833165413,0.382262382339048,-0.271981091888426,FALSE
"AT1G76090","blue",0.758987716251849,0.473599588397968,-0.186056981156345,TRUE
"AT4G16980","turquoise",0.200571591951078,0.542959855257612,0.185295312596216,FALSE
"AT5G35170","turquoise",0.680118980713363,0.78170270932204,0.00263686791576812,TRUE
"AT2G40400","turquoise",0.47416613743684,0.791970480205026,0.10565073036172,TRUE
"AT1G63000","turquoise",0.134767509164576,0.855103222072159,0.0513537848093125,TRUE
"AT4G19170","turquoise",-0.0419644508056747,0.573980432686506,0.103496233653689,FALSE
"AT2G14900","turquoise",0.517698510469002,0.505768195083947,-0.00755693831667902,FALSE
"AT1G03230","blue",0.629236606855746,0.205736703324973,0.647019100906811,FALSE
"AT3G14100","blue",0.836080070853307,0.528756330963113,0.267465230358553,TRUE
"AT1G01550","blue",0.899952568944839,0.523124663376794,0.270582276861571,TRUE
"AT3G07460","turquoise",0.464133257244219,0.824898907503885,-0.164095473150466,TRUE
"AT2G23600","turquoise",0.495180519506961,0.738317080841602,0.433873833329935,TRUE
"AT1G34430","turquoise",0.742169914463953,0.73943661971831,0.00778185092288893,TRUE
"AT3G46010","turquoise",0.482506913627886,0.822914656891119,0.116566981799473,TRUE
"AT1G06700","blue",0.91508228090198,0.394883874248035,0.236994637883389,TRUE
"AT3G57800","blue",0.873671517115904,0.294975480382207,0.383021143228221,TRUE
"AT3G12610","turquoise",-0.0190529785377148,0.76742503426593,-0.167441112651276,TRUE
"AT1G72900","blue",0.758057384715884,0.10975247010564,0.222559872722279,TRUE
"AT1G80600","turquoise",0.406801189858837,0.921794356578672,0.25612991401333,TRUE
"AT2G47510","turquoise",0.716219692584732,0.762782172486977,0.204739854653032,TRUE
"ATMG00690","turquoise",0.334025470838449,0.396433968425243,0.0992130963441433,FALSE
"AT4G30600","blue",0.767316226123867,0.560646986944498,0.157469933757798,TRUE
"AT4G25340","turquoise",0.170157004933508,0.745069980971251,-0.0647635279100604,TRUE
"AT2G32700","blue",0.869442881372935,0.491245277015021,0.21675375836872,TRUE
"AT1G80410","blue",0.793932036909353,0.616459390168725,0.144303044437138,TRUE
"AT5G60640","turquoise",0.670493279310567,0.61454112804682,0.534535983021416,FALSE
"AT1G42960","turquoise",0.711128618652945,0.738783352517221,0.14766341616832,TRUE
"AT1G09200","turquoise",0.0813885248959101,0.738911979186357,-0.358032333540523,TRUE
"AT5G24300","turquoise",0.405592044453621,0.91762265761742,0.189354535302081,TRUE
"AT5G06320","blue",0.668949771689498,0.419383883207923,0.160074602868352,FALSE
"AT5G53480","blue",0.779021158916972,0.617370892018779,0.2401440607113,TRUE
"AT4G25170","blue",0.875842109607542,0.142181847433765,0.0531553983507891,TRUE
"AT5G46800","turquoise",0.297336624041893,0.897556897232178,0.071339566369647,TRUE
"AT3G50950","blue",0.715083888728882,0.344413984945731,0.237895024567342,TRUE
"AT5G65620","blue",0.783233648466139,0.699080326709113,0.232394366197183,TRUE
"AT1G02840","blue",0.90218020451476,0.460029583896071,0.15891697215255,TRUE
"AT5G66030","blue",0.916320312592416,0.346375541650057,0.138482687658726,TRUE
"AT4G32470","turquoise",0.291934303938174,0.901785498980029,0.0553416243958361,TRUE
"AT1G65010","turquoise",0.400514510864536,0.856612267977916,0.144368518388305,TRUE
"AT1G30530","turquoise",-0.210724334780835,0.655744030955409,0.0551491277505162,FALSE
"AT3G56040","turquoise",0.563256184147278,0.634660063851493,0.430465226597827,FALSE
"AT5G66210","blue",0.842337127789569,0.295871117113641,0.142356421634832,TRUE
"AT2G02130","turquoise",0.21942101921266,0.885337363664242,-0.157246103018965,TRUE
"AT3G47250","blue",0.788532656290916,0.357590764567309,0.230375920625917,TRUE
"AT4G24780","turquoise",-0.217555932510185,0.700275743444581,-0.0879645633554966,TRUE
"AT1G62180","turquoise",-0.136457914641,0.519495136332122,0.293383712555006,FALSE
"AT1G56500","turquoise",0.441093005135203,0.893778488826303,0.095907260174655,TRUE
"AT1G54500","turquoise",0.197683112128648,0.856878713117865,-0.0632682428813525,TRUE
"AT4G29010","turquoise",0.604625736608198,0.698378500074822,0.389819199150798,FALSE
"AT5G10470","turquoise",0.315582995691041,0.795903273522413,0.179657855810663,TRUE
"AT2G42580","blue",0.901890796835809,0.379059746607499,-0.101228374815101,TRUE
"AT1G77490","blue",0.820052736510387,0.704772011061805,0.123577078911827,TRUE
"AT1G74840","blue",0.743960575949951,0.579125499451953,-0.236142486200362,TRUE
"AT5G53170","blue",0.719569743815006,0.754443649484549,0.077481489820899,TRUE
"AT5G28750","turquoise",0.431429926616348,0.868583740009256,-0.0378162407260333,TRUE
"AT1G34370","blue",0.95662100456621,0.332658048749116,0.158531095247283,TRUE
"AT5G43060","blue",0.744840781957777,0.627933338339537,-0.193538013867799,TRUE
"AT5G11500","turquoise",0.683688399477391,0.723273575139715,0.123402202765368,TRUE
"AT4G24820","turquoise",0.495357381177023,0.765328681360197,0.318318849444731,TRUE
"AT5G14260","blue",0.83384783587369,0.696797221686282,0.0961798186378545,TRUE
"AT3G05530","blue",0.843173194417648,0.526336098784488,0.409318927262203,TRUE
"AT1G53910","blue",0.780596822946813,0.295838960704868,0.49546594636311,TRUE
"AT1G70770","turquoise",0.521609106694964,0.817512380217377,0.234773940446331,TRUE
"AT4G25030","blue",0.874525692970609,0.423467747122001,0.151070808412117,TRUE
"AT2G33340","blue",0.893255084929353,0.375962698014671,0.229327116357322,TRUE
"AT1G08540","turquoise",0.495711104517148,0.868599818342898,0.252204741508741,TRUE
"AT1G66260","blue",0.763618239115056,0.655218985143739,0.137275709048813,TRUE
"AT5G48010","turquoise",-0.105039753683323,0.456174482091418,-0.115458513883352,FALSE
"AT3G07560","blue",0.897485368834009,0.194739211524857,0.244292237442922,TRUE
"AT5G17770","turquoise",0.524213775805518,0.902919801916522,0.0171715222843913,TRUE
"AT3G11830","turquoise",0.591806547044826,0.868801852209145,0.120104186764422,TRUE
"AT5G22500","blue",0.559571663150696,0.333553076031872,0.534713959822411,FALSE
"AT2G36950","blue",0.834649087655116,0.380561138404364,-0.15134657128735,TRUE
"AT1G02305","blue",0.682144867038893,0.442752632905529,0.215628265965648,FALSE
"AT1G14280","blue",0.635195755367899,0.172521906928,0.294895088067702,FALSE
"AT1G28400","turquoise",0.177406907196604,0.827223615666603,0.0742813042639398,TRUE
"AT4G11280","blue",0.64339059901911,0.487752329364348,0.271820308552006,FALSE
"AT3G24160","turquoise",0.477096229662119,0.89446096964693,0.161797572173016,TRUE
"AT3G54900","turquoise",0.148564997205472,0.856773052606927,-0.11967199937233,TRUE
"AT5G56350","turquoise",0.224258794777799,0.542800180075889,0.554730207730401,FALSE
"AT5G02270","turquoise",-0.0148403019515853,0.515841178236958,0.0911319950829748,FALSE
"AT3G22840","grey",-0.315333349503636,0.169629147321199,-0.0527217037029585,FALSE
"AT1G49600","turquoise",0.725550883929837,0.73838139417617,-0.0792983415224473,TRUE
"AT1G16240","blue",0.92018651028857,0.362537181492315,0.0456306777131094,TRUE
"AT1G73885","turquoise",0.510663954804227,0.794350073584045,-0.108657378752778,TRUE
"AT3G48690","blue",0.660899904355271,0.403308921076453,0.229598604408059,FALSE
"AT4G04340","turquoise",0.48635742429311,0.818860037086309,-0.0876758581992901,TRUE
"AT5G09220","blue",0.490610328638498,0.292687632645186,0.372146118721461,FALSE
"AT1G04420","turquoise",0.511544150749244,0.871052800823204,0.0296160524792591,TRUE
"AT1G59900","blue",0.862531352498553,0.516464081291401,0.259695157244839,TRUE
"AT3G23890","turquoise",0.364884637075865,0.635292226145305,-0.298335879128521,FALSE
"AT3G47620","blue",0.755231487833008,0.585010169564932,-0.168115056560971,TRUE
"AT4G02400","blue",0.506463438163226,0.386134156537398,0.679464917358029,FALSE
"AT4G31300","turquoise",0.39571994759742,0.613115096771185,0.536373210297819,FALSE
"AT1G49970","turquoise",0.723744292237443,0.742395009325359,0.296321306836453,TRUE
"ATCG00760","blue",0.667942214490476,0.38681255075974,0.0484761759306932,FALSE
"AT3G48200","turquoise",0.288475143096019,0.814296739340151,0.0220271400090038,TRUE
"AT1G13980","blue",0.907453855553412,0.40941539648852,0.330696507814007,TRUE
"AT5G64140","turquoise",0.237332282889871,0.906592920738993,-0.0917429717613716,TRUE
"AT1G14810","turquoise",0.519133678758305,0.875405988168486,0.081020677277638,TRUE
"AT1G52070","blue",0.59150808055367,0.315074332754346,-0.0486102739571495,FALSE
"AT2G26190","blue",0.774316469866087,0.273830100257259,0.111969515483034,TRUE
"AT1G29090","grey",0.234444722656364,0.193167657974685,-0.670000566455605,FALSE
