"Ligands","Receptors","source","Organism"
"AT1G01900","AT2G02220","STRING","Arabidopsis thaliana"
"AT1G01900","AT3G02130","STRING","Arabidopsis thaliana"
"AT1G01980","AT5G10770","STRING","Arabidopsis thaliana"
"AT1G02640","AT5G09870","STRING","Arabidopsis thaliana"
"AT1G02640","AT4G13800","STRING","Arabidopsis thaliana"
"AT1G02790","AT4G14815","STRING","Arabidopsis thaliana"
"AT1G02790","AT5G49720","STRING","Arabidopsis thaliana"
"AT1G02810","AT1G11050","STRING","Arabidopsis thaliana"
"AT1G02810","AT3G54920","STRING","Arabidopsis thaliana"
"AT1G02810","AT5G49770","STRING","Arabidopsis thaliana"
"AT1G02900","AT2G05940","STRING","Arabidopsis thaliana"
"AT1G02900","AT3G46290","STRING","Arabidopsis thaliana"
"AT1G02900","AT5G28680","STRING","Arabidopsis thaliana"
"AT1G02900","AT5G54380","STRING","Arabidopsis thaliana"
"AT1G02900","AT3G04690","STRING","Arabidopsis thaliana"
"AT1G02900","AT3G51550","STRING","Arabidopsis thaliana"
"AT1G02900","AT1G30570","STRING","Arabidopsis thaliana"
"AT1G02900","AT4G28280","STRING","Arabidopsis thaliana"
"AT1G02900","AT5G56170","STRING","Arabidopsis thaliana"
"AT1G02900","AT2G20700","STRING","Arabidopsis thaliana"
"AT1G02900","AT4G26466","STRING","Arabidopsis thaliana"
"AT1G04110","AT5G07180","STRING","Arabidopsis thaliana"
"AT1G04110","AT1G63700","STRING","Arabidopsis thaliana"
"AT1G04110","AT4G20940","STRING","Arabidopsis thaliana"
"AT1G04110","AT1G80080","STRING","Arabidopsis thaliana"
"AT1G04110","AT5G62230","STRING","Arabidopsis thaliana"
"AT1G05240","AT4G40090","STRING","Arabidopsis thaliana"
"AT1G05250","AT4G40090","STRING","Arabidopsis thaliana"
"AT1G05850","AT4G32410","STRING","Arabidopsis thaliana"
"AT1G05850","AT3G15380","STRING","Arabidopsis thaliana"
"AT1G05850","AT5G15630","STRING","Arabidopsis thaliana"
"AT1G05850","AT4G12730","STRING","Arabidopsis thaliana"
"AT1G05850","AT5G49720","STRING","Arabidopsis thaliana"
"AT1G05850","AT4G23400","STRING","Arabidopsis thaliana"
"AT1G05850","AT5G60920","STRING","Arabidopsis thaliana"
"AT1G05850","AT2G22125","STRING","Arabidopsis thaliana"
"AT1G05850","AT5G05170","STRING","Arabidopsis thaliana"
"AT1G06225","AT1G75820","STRING","Arabidopsis thaliana"
"AT1G07230","AT3G15730","STRING","Arabidopsis thaliana"
"AT1G07230","AT5G64070","STRING","Arabidopsis thaliana"
"AT1G07230","AT4G38530","STRING","Arabidopsis thaliana"
"AT1G07230","AT5G09350","STRING","Arabidopsis thaliana"
"AT1G07230","AT3G47220","STRING","Arabidopsis thaliana"
"AT1G07230","AT1G55180","STRING","Arabidopsis thaliana"
"AT1G07230","AT5G58670","STRING","Arabidopsis thaliana"
"AT1G07230","AT3G03530","STRING","Arabidopsis thaliana"
"AT1G07230","AT4G35790","STRING","Arabidopsis thaliana"
"AT1G09390","AT5G64080","STRING","Arabidopsis thaliana"
"AT1G11080","AT3G16490","STRING","Arabidopsis thaliana"
"AT1G11080","AT1G09790","STRING","Arabidopsis thaliana"
"AT1G11545","AT4G12730","STRING","Arabidopsis thaliana"
"AT1G11580","AT3G54920","STRING","Arabidopsis thaliana"
"AT1G11590","AT3G54920","STRING","Arabidopsis thaliana"
"AT1G12040","AT4G40090","STRING","Arabidopsis thaliana"
"AT1G12040","AT1G70460","STRING","Arabidopsis thaliana"
"AT1G12040","AT5G49270","STRING","Arabidopsis thaliana"
"AT1G12040","AT4G34580","STRING","Arabidopsis thaliana"
"AT1G12040","AT2G20520","STRING","Arabidopsis thaliana"
"AT1G12560","AT4G40090","STRING","Arabidopsis thaliana"
"AT1G12560","AT1G70460","STRING","Arabidopsis thaliana"
"AT1G12560","AT5G49270","STRING","Arabidopsis thaliana"
"AT1G12560","AT2G26420","STRING","Arabidopsis thaliana"
"AT1G12560","AT2G41970","STRING","Arabidopsis thaliana"
"AT1G12560","AT3G60280","STRING","Arabidopsis thaliana"
"AT1G12560","AT5G44610","STRING","Arabidopsis thaliana"
"AT1G12560","AT4G34580","STRING","Arabidopsis thaliana"
"AT1G13620","AT4G26540","STRING","Arabidopsis thaliana"
"AT1G13900","AT4G23260","STRING","Arabidopsis thaliana"
"AT1G14700","AT1G65590","STRING","Arabidopsis thaliana"
"AT1G15000","AT1G08230","STRING","Arabidopsis thaliana"
"AT1G15020","AT1G24140","STRING","Arabidopsis thaliana"
"AT1G15020","AT2G45040","STRING","Arabidopsis thaliana"
"AT1G15020","AT1G59970","STRING","Arabidopsis thaliana"
"AT1G15020","AT1G70170","STRING","Arabidopsis thaliana"
"AT1G15020","AT4G16640","STRING","Arabidopsis thaliana"
"AT1G15190","AT1G19770","STRING","Arabidopsis thaliana"
"AT1G15190","AT2G24450","STRING","Arabidopsis thaliana"
"AT1G15190","AT3G46550","STRING","Arabidopsis thaliana"
"AT1G19940","AT5G19240","STRING","Arabidopsis thaliana"
"AT1G19940","AT4G12730","STRING","Arabidopsis thaliana"
"AT1G19940","AT5G17420","STRING","Arabidopsis thaliana"
"AT1G19940","AT2G22125","STRING","Arabidopsis thaliana"
"AT1G19940","AT4G18780","STRING","Arabidopsis thaliana"
"AT1G19940","AT5G19250","STRING","Arabidopsis thaliana"
"AT1G19940","AT5G05170","STRING","Arabidopsis thaliana"
"AT1G19940","AT2G25540","STRING","Arabidopsis thaliana"
"AT1G19940","AT3G06035","STRING","Arabidopsis thaliana"
"AT1G19940","AT4G32410","STRING","Arabidopsis thaliana"
"AT1G19940","AT5G19230","STRING","Arabidopsis thaliana"
"AT1G20160","AT1G70410","STRING","Arabidopsis thaliana"
"AT1G20190","AT4G25100","STRING","Arabidopsis thaliana"
"AT1G21880","AT2G39660","STRING","Arabidopsis thaliana"
"AT1G21880","AT1G51940","STRING","Arabidopsis thaliana"
"AT1G21880","AT5G20480","STRING","Arabidopsis thaliana"
"AT1G21880","AT3G21630","STRING","Arabidopsis thaliana"
"AT1G21880","AT1G73080","STRING","Arabidopsis thaliana"
"AT1G21880","AT2G33580","STRING","Arabidopsis thaliana"
"AT1G22690","AT5G39000","STRING","Arabidopsis thaliana"
"AT1G22690","AT5G38990","STRING","Arabidopsis thaliana"
"AT1G22690","AT3G01500","STRING","Arabidopsis thaliana"
"AT1G26390","AT5G25260","STRING","Arabidopsis thaliana"
"AT1G26420","AT5G25260","STRING","Arabidopsis thaliana"
"AT1G26420","AT2G19190","STRING","Arabidopsis thaliana"
"AT1G26420","AT1G51890","STRING","Arabidopsis thaliana"
"AT1G26420","AT1G65690","STRING","Arabidopsis thaliana"
"AT1G26420","AT1G74360","STRING","Arabidopsis thaliana"
"AT1G26600","AT1G75820","STRING","Arabidopsis thaliana"
"AT1G26600","AT5G61480","STRING","Arabidopsis thaliana"
"AT1G28270","AT3G04690","STRING","Arabidopsis thaliana"
"AT1G28270","AT1G30570","STRING","Arabidopsis thaliana"
"AT1G28270","AT2G20700","STRING","Arabidopsis thaliana"
"AT1G28290","AT2G14890","STRING","Arabidopsis thaliana"
"AT1G28290","AT2G04780","STRING","Arabidopsis thaliana"
"AT1G28290","AT1G68725","STRING","Arabidopsis thaliana"
"AT1G28490","AT2G33120","STRING","Arabidopsis thaliana"
"AT1G28490","AT3G07160","STRING","Arabidopsis thaliana"
"AT1G28490","AT4G19640","STRING","Arabidopsis thaliana"
"AT1G28490","AT4G35100","STRING","Arabidopsis thaliana"
"AT1G28490","AT2G32670","STRING","Arabidopsis thaliana"
"AT1G28490","AT5G58060","STRING","Arabidopsis thaliana"
"AT1G28490","AT3G11820","STRING","Arabidopsis thaliana"
"AT1G28490","AT1G04750","STRING","Arabidopsis thaliana"
"AT1G28490","AT5G58180","STRING","Arabidopsis thaliana"
"AT1G28490","AT4G15780","STRING","Arabidopsis thaliana"
"AT1G28490","AT5G08080","STRING","Arabidopsis thaliana"
"AT1G28490","AT5G45750","STRING","Arabidopsis thaliana"
"AT1G28490","AT1G04760","STRING","Arabidopsis thaliana"
"AT1G29660","AT1G18280","STRING","Arabidopsis thaliana"
"AT1G29670","AT5G10770","STRING","Arabidopsis thaliana"
"AT1G29670","AT1G18280","STRING","Arabidopsis thaliana"
"AT1G30700","AT5G22300","STRING","Arabidopsis thaliana"
"AT1G30700","AT5G57090","STRING","Arabidopsis thaliana"
"AT1G30700","AT4G15610","STRING","Arabidopsis thaliana"
"AT1G30710","AT5G10770","STRING","Arabidopsis thaliana"
"AT1G30760","AT5G64440","STRING","Arabidopsis thaliana"
"AT1G30870","AT4G19680","STRING","Arabidopsis thaliana"
"AT1G30870","AT4G40090","STRING","Arabidopsis thaliana"
"AT1G30870","AT5G49270","STRING","Arabidopsis thaliana"
"AT1G31550","AT5G43470","STRING","Arabidopsis thaliana"
"AT1G31670","AT1G24140","STRING","Arabidopsis thaliana"
"AT1G31670","AT2G45040","STRING","Arabidopsis thaliana"
"AT1G31670","AT1G59970","STRING","Arabidopsis thaliana"
"AT1G31670","AT1G70170","STRING","Arabidopsis thaliana"
"AT1G31670","AT4G16640","STRING","Arabidopsis thaliana"
"AT1G32860","AT4G26690","STRING","Arabidopsis thaliana"
"AT1G32860","AT5G55480","STRING","Arabidopsis thaliana"
"AT1G34047","AT5G05630","STRING","Arabidopsis thaliana"
"AT1G34047","AT1G31820","STRING","Arabidopsis thaliana"
"AT1G34047","AT3G19553","STRING","Arabidopsis thaliana"
"AT1G34047","AT1G31830","STRING","Arabidopsis thaliana"
"AT1G34245","AT5G60880","STRING","Arabidopsis thaliana"
"AT1G34245","AT1G63700","STRING","Arabidopsis thaliana"
"AT1G34245","AT2G26330","STRING","Arabidopsis thaliana"
"AT1G34245","AT1G80080","STRING","Arabidopsis thaliana"
"AT1G34245","AT5G62230","STRING","Arabidopsis thaliana"
"AT1G34245","AT2G02220","STRING","Arabidopsis thaliana"
"AT1G34245","AT5G07180","STRING","Arabidopsis thaliana"
"AT1G34510","AT4G40090","STRING","Arabidopsis thaliana"
"AT1G34510","AT2G20520","STRING","Arabidopsis thaliana"
"AT1G35140","AT2G27080","STRING","Arabidopsis thaliana"
"AT1G35140","AT2G35980","STRING","Arabidopsis thaliana"
"AT1G47710","AT3G09840","STRING","Arabidopsis thaliana"
"AT1G47710","AT1G24140","STRING","Arabidopsis thaliana"
"AT1G47710","AT1G54280","STRING","Arabidopsis thaliana"
"AT1G47710","AT4G16640","STRING","Arabidopsis thaliana"
"AT1G47710","AT2G45040","STRING","Arabidopsis thaliana"
"AT1G47710","AT1G65590","STRING","Arabidopsis thaliana"
"AT1G47710","AT4G04340","STRING","Arabidopsis thaliana"
"AT1G47710","AT1G70170","STRING","Arabidopsis thaliana"
"AT1G47710","AT3G13900","STRING","Arabidopsis thaliana"
"AT1G47710","AT3G25610","STRING","Arabidopsis thaliana"
"AT1G47710","AT1G59970","STRING","Arabidopsis thaliana"
"AT1G47710","AT1G32090","STRING","Arabidopsis thaliana"
"AT1G47710","AT1G55350","STRING","Arabidopsis thaliana"
"AT1G47710","AT1G64060","STRING","Arabidopsis thaliana"
"AT1G48020","AT3G11820","STRING","Arabidopsis thaliana"
"AT1G48930","AT4G40090","STRING","Arabidopsis thaliana"
"AT1G48930","AT5G49270","STRING","Arabidopsis thaliana"
"AT1G53130","AT3G14380","STRING","Arabidopsis thaliana"
"AT1G53130","AT1G50610","STRING","Arabidopsis thaliana"
"AT1G53830","AT3G54920","STRING","Arabidopsis thaliana"
"AT1G53940","AT3G54950","STRING","Arabidopsis thaliana"
"AT1G54445","AT4G05110","STRING","Arabidopsis thaliana"
"AT1G54445","AT1G54280","STRING","Arabidopsis thaliana"
"AT1G54445","AT4G05130","STRING","Arabidopsis thaliana"
"AT1G54445","AT4G05140","STRING","Arabidopsis thaliana"
"AT1G54445","AT4G05120","STRING","Arabidopsis thaliana"
"AT1G54445","AT5G04930","STRING","Arabidopsis thaliana"
"AT1G54970","AT4G19680","STRING","Arabidopsis thaliana"
"AT1G54970","AT4G40090","STRING","Arabidopsis thaliana"
"AT1G54970","AT1G70460","STRING","Arabidopsis thaliana"
"AT1G54970","AT5G49270","STRING","Arabidopsis thaliana"
"AT1G54970","AT2G20520","STRING","Arabidopsis thaliana"
"AT1G54970","AT4G29180","STRING","Arabidopsis thaliana"
"AT1G56670","AT5G64080","STRING","Arabidopsis thaliana"
"AT1G58250","AT2G26420","STRING","Arabidopsis thaliana"
"AT1G60390","AT4G27290","STRING","Arabidopsis thaliana"
"AT1G60625","AT5G10530","STRING","Arabidopsis thaliana"
"AT1G61563","AT2G22470","STRING","Arabidopsis thaliana"
"AT1G61566","AT1G23140","STRING","Arabidopsis thaliana"
"AT1G61566","AT4G23320","STRING","Arabidopsis thaliana"
"AT1G62340","AT3G59420","STRING","Arabidopsis thaliana"
"AT1G62340","AT4G20140","STRING","Arabidopsis thaliana"
"AT1G62340","AT2G20300","STRING","Arabidopsis thaliana"
"AT1G62340","AT5G44700","STRING","Arabidopsis thaliana"
"AT1G62440","AT4G34580","STRING","Arabidopsis thaliana"
"AT1G62440","AT1G70460","STRING","Arabidopsis thaliana"
"AT1G62980","AT4G40090","STRING","Arabidopsis thaliana"
"AT1G62980","AT1G70460","STRING","Arabidopsis thaliana"
"AT1G62980","AT5G49270","STRING","Arabidopsis thaliana"
"AT1G62980","AT4G34580","STRING","Arabidopsis thaliana"
"AT1G63535","AT5G10530","STRING","Arabidopsis thaliana"
"AT1G63580","AT2G33330","STRING","Arabidopsis thaliana"
"AT1G63580","AT5G43980","STRING","Arabidopsis thaliana"
"AT1G64390","AT5G65600","STRING","Arabidopsis thaliana"
"AT1G66145","AT5G13290","STRING","Arabidopsis thaliana"
"AT1G66145","AT1G65380","STRING","Arabidopsis thaliana"
"AT1G68560","AT4G19640","STRING","Arabidopsis thaliana"
"AT1G68560","AT1G54280","STRING","Arabidopsis thaliana"
"AT1G68560","AT4G04340","STRING","Arabidopsis thaliana"
"AT1G68560","AT3G13900","STRING","Arabidopsis thaliana"
"AT1G68560","AT3G25610","STRING","Arabidopsis thaliana"
"AT1G68560","AT1G32090","STRING","Arabidopsis thaliana"
"AT1G68560","AT1G64060","STRING","Arabidopsis thaliana"
"AT1G68765","AT1G71830","STRING","Arabidopsis thaliana"
"AT1G68765","AT4G28490","STRING","Arabidopsis thaliana"
"AT1G68765","AT2G31880","STRING","Arabidopsis thaliana"
"AT1G68765","AT5G65710","STRING","Arabidopsis thaliana"
"AT1G68765","AT4G35600","STRING","Arabidopsis thaliana"
"AT1G68795","AT1G27380","STRING","Arabidopsis thaliana"
"AT1G68795","AT1G75820","STRING","Arabidopsis thaliana"
"AT1G68850","AT4G03540","STRING","Arabidopsis thaliana"
"AT1G68850","AT2G48130","STRING","Arabidopsis thaliana"
"AT1G68850","AT1G03103","STRING","Arabidopsis thaliana"
"AT1G68850","AT3G22600","STRING","Arabidopsis thaliana"
"AT1G68850","AT4G14815","STRING","Arabidopsis thaliana"
"AT1G68850","AT1G03700","STRING","Arabidopsis thaliana"
"AT1G69320","AT5G13290","STRING","Arabidopsis thaliana"
"AT1G69320","AT1G65380","STRING","Arabidopsis thaliana"
"AT1G69588","AT2G25790","STRING","Arabidopsis thaliana"
"AT1G69588","AT4G20270","STRING","Arabidopsis thaliana"
"AT1G69588","AT2G32010","STRING","Arabidopsis thaliana"
"AT1G69588","AT5G52870","STRING","Arabidopsis thaliana"
"AT1G69588","AT3G09070","STRING","Arabidopsis thaliana"
"AT1G69588","AT1G31880","STRING","Arabidopsis thaliana"
"AT1G69588","AT5G56040","STRING","Arabidopsis thaliana"
"AT1G69940","AT3G54920","STRING","Arabidopsis thaliana"
"AT1G69970","AT1G75820","STRING","Arabidopsis thaliana"
"AT1G69970","AT4G20270","STRING","Arabidopsis thaliana"
"AT1G69970","AT5G52870","STRING","Arabidopsis thaliana"
"AT1G69970","AT1G65380","STRING","Arabidopsis thaliana"
"AT1G69970","AT3G09070","STRING","Arabidopsis thaliana"
"AT1G69970","AT1G31880","STRING","Arabidopsis thaliana"
"AT1G69970","AT5G13290","STRING","Arabidopsis thaliana"
"AT1G71120","AT3G50950","STRING","Arabidopsis thaliana"
"AT1G71695","AT1G49730","STRING","Arabidopsis thaliana"
"AT1G72290","AT5G59810","STRING","Arabidopsis thaliana"
"AT1G72610","AT3G01500","STRING","Arabidopsis thaliana"
"AT1G72990","AT1G24140","STRING","Arabidopsis thaliana"
"AT1G72990","AT3G09840","STRING","Arabidopsis thaliana"
"AT1G72990","AT2G45040","STRING","Arabidopsis thaliana"
"AT1G72990","AT1G65590","STRING","Arabidopsis thaliana"
"AT1G72990","AT1G05590","STRING","Arabidopsis thaliana"
"AT1G72990","AT1G59970","STRING","Arabidopsis thaliana"
"AT1G72990","AT1G70170","STRING","Arabidopsis thaliana"
"AT1G72990","AT1G55350","STRING","Arabidopsis thaliana"
"AT1G72990","AT4G16640","STRING","Arabidopsis thaliana"
"AT1G73165","AT1G75820","STRING","Arabidopsis thaliana"
"AT1G73165","AT5G13290","STRING","Arabidopsis thaliana"
"AT1G73165","AT1G65380","STRING","Arabidopsis thaliana"
"AT1G73370","AT1G06490","STRING","Arabidopsis thaliana"
"AT1G73965","AT1G75820","STRING","Arabidopsis thaliana"
"AT1G74210","AT1G32050","STRING","Arabidopsis thaliana"
"AT1G74670","AT4G37220","STRING","Arabidopsis thaliana"
"AT1G74820","AT1G51340","STRING","Arabidopsis thaliana"
"AT1G74820","AT2G39060","STRING","Arabidopsis thaliana"
"AT1G75040","AT1G21250","STRING","Arabidopsis thaliana"
"AT1G75040","AT2G32680","STRING","Arabidopsis thaliana"
"AT1G75450","AT1G73590","STRING","Arabidopsis thaliana"
"AT1G75680","AT1G55260","STRING","Arabidopsis thaliana"
"AT1G75680","AT5G65270","STRING","Arabidopsis thaliana"
"AT1G75880","AT5G13750","STRING","Arabidopsis thaliana"
"AT1G75880","AT3G20410","STRING","Arabidopsis thaliana"
"AT1G76850","AT3G53610","STRING","Arabidopsis thaliana"
"AT1G76850","AT3G09900","STRING","Arabidopsis thaliana"
"AT1G76850","AT5G03520","STRING","Arabidopsis thaliana"
"AT1G76850","AT3G46060","STRING","Arabidopsis thaliana"
"AT1G78580","AT4G24040","STRING","Arabidopsis thaliana"
"AT1G78660","AT3G09840","STRING","Arabidopsis thaliana"
"AT1G78660","AT2G45040","STRING","Arabidopsis thaliana"
"AT1G78660","AT1G65590","STRING","Arabidopsis thaliana"
"AT1G78660","AT1G70170","STRING","Arabidopsis thaliana"
"AT1G78660","AT1G14040","STRING","Arabidopsis thaliana"
"AT1G78660","AT1G24140","STRING","Arabidopsis thaliana"
"AT1G78660","AT1G59970","STRING","Arabidopsis thaliana"
"AT1G78660","AT5G43350","STRING","Arabidopsis thaliana"
"AT1G78660","AT4G16640","STRING","Arabidopsis thaliana"
"AT1G78670","AT3G09840","STRING","Arabidopsis thaliana"
"AT1G78670","AT2G45040","STRING","Arabidopsis thaliana"
"AT1G78670","AT1G65590","STRING","Arabidopsis thaliana"
"AT1G78670","AT1G70170","STRING","Arabidopsis thaliana"
"AT1G78670","AT1G14040","STRING","Arabidopsis thaliana"
"AT1G78670","AT1G24140","STRING","Arabidopsis thaliana"
"AT1G78670","AT1G59970","STRING","Arabidopsis thaliana"
"AT1G78670","AT5G43350","STRING","Arabidopsis thaliana"
"AT1G78670","AT4G16640","STRING","Arabidopsis thaliana"
"AT1G78680","AT3G09840","STRING","Arabidopsis thaliana"
"AT1G78680","AT2G45040","STRING","Arabidopsis thaliana"
"AT1G78680","AT1G65590","STRING","Arabidopsis thaliana"
"AT1G78680","AT1G70170","STRING","Arabidopsis thaliana"
"AT1G78680","AT1G14040","STRING","Arabidopsis thaliana"
"AT1G78680","AT1G24140","STRING","Arabidopsis thaliana"
"AT1G78680","AT1G59970","STRING","Arabidopsis thaliana"
"AT1G78680","AT5G43350","STRING","Arabidopsis thaliana"
"AT1G78680","AT4G16640","STRING","Arabidopsis thaliana"
"AT1G78850","AT3G14840","STRING","Arabidopsis thaliana"
"AT1G80133","AT3G28890","STRING","Arabidopsis thaliana"
"AT1G80133","AT5G27060","STRING","Arabidopsis thaliana"
"AT1G80133","AT3G05650","STRING","Arabidopsis thaliana"
"AT1G80133","AT1G07390","STRING","Arabidopsis thaliana"
"AT1G80170","AT4G26320","STRING","Arabidopsis thaliana"
"AT1G80170","AT3G13520","STRING","Arabidopsis thaliana"
"AT2G01270","AT1G24140","STRING","Arabidopsis thaliana"
"AT2G01270","AT2G45040","STRING","Arabidopsis thaliana"
"AT2G01270","AT1G59970","STRING","Arabidopsis thaliana"
"AT2G01270","AT3G08710","STRING","Arabidopsis thaliana"
"AT2G01270","AT1G70170","STRING","Arabidopsis thaliana"
"AT2G01270","AT4G16640","STRING","Arabidopsis thaliana"
"AT2G02100","AT3G11660","STRING","Arabidopsis thaliana"
"AT2G02130","AT3G24620","STRING","Arabidopsis thaliana"
"AT2G04025","AT4G26540","STRING","Arabidopsis thaliana"
"AT2G04160","AT4G15630","STRING","Arabidopsis thaliana"
"AT2G04160","AT4G15620","STRING","Arabidopsis thaliana"
"AT2G05520","AT1G21250","STRING","Arabidopsis thaliana"
"AT2G05520","AT5G19280","STRING","Arabidopsis thaliana"
"AT2G05920","AT1G70410","STRING","Arabidopsis thaliana"
"AT2G06850","AT5G44130","STRING","Arabidopsis thaliana"
"AT2G06850","AT4G12730","STRING","Arabidopsis thaliana"
"AT2G06925","AT3G17980","STRING","Arabidopsis thaliana"
"AT2G06925","AT3G15730","STRING","Arabidopsis thaliana"
"AT2G06925","AT1G55180","STRING","Arabidopsis thaliana"
"AT2G06925","AT5G58670","STRING","Arabidopsis thaliana"
"AT2G06925","AT3G03530","STRING","Arabidopsis thaliana"
"AT2G06925","AT3G53420","STRING","Arabidopsis thaliana"
"AT2G06925","AT4G35790","STRING","Arabidopsis thaliana"
"AT2G13542","AT4G05110","STRING","Arabidopsis thaliana"
"AT2G13542","AT4G05130","STRING","Arabidopsis thaliana"
"AT2G13542","AT4G05140","STRING","Arabidopsis thaliana"
"AT2G13542","AT4G05120","STRING","Arabidopsis thaliana"
"AT2G13820","AT4G37450","STRING","Arabidopsis thaliana"
"AT2G13820","AT3G01700","STRING","Arabidopsis thaliana"
"AT2G13820","AT1G68725","STRING","Arabidopsis thaliana"
"AT2G14610","AT5G15410","STRING","Arabidopsis thaliana"
"AT2G14610","AT2G19190","STRING","Arabidopsis thaliana"
"AT2G15230","AT2G31680","STRING","Arabidopsis thaliana"
"AT2G15230","AT4G35020","STRING","Arabidopsis thaliana"
"AT2G15230","AT1G05810","STRING","Arabidopsis thaliana"
"AT2G17230","AT1G47670","STRING","Arabidopsis thaliana"
"AT2G18660","AT4G11890","STRING","Arabidopsis thaliana"
"AT2G18660","AT1G35230","STRING","Arabidopsis thaliana"
"AT2G18660","AT4G23150","STRING","Arabidopsis thaliana"
"AT2G18660","AT4G23140","STRING","Arabidopsis thaliana"
"AT2G18660","AT2G32680","STRING","Arabidopsis thaliana"
"AT2G19010","AT2G19130","STRING","Arabidopsis thaliana"
"AT2G19020","AT5G16023","STRING","Arabidopsis thaliana"
"AT2G19040","AT5G16023","STRING","Arabidopsis thaliana"
"AT2G19045","AT2G19130","STRING","Arabidopsis thaliana"
"AT2G19050","AT2G36590","STRING","Arabidopsis thaliana"
"AT2G19050","AT2G19130","STRING","Arabidopsis thaliana"
"AT2G19060","AT2G19130","STRING","Arabidopsis thaliana"
"AT2G19150","AT2G19130","STRING","Arabidopsis thaliana"
"AT2G19500","AT1G27320","STRING","Arabidopsis thaliana"
"AT2G19690","AT2G07040","STRING","Arabidopsis thaliana"
"AT2G20750","AT1G16150","STRING","Arabidopsis thaliana"
"AT2G20875","AT5G07180","STRING","Arabidopsis thaliana"
"AT2G20875","AT4G17870","STRING","Arabidopsis thaliana"
"AT2G20875","AT5G60880","STRING","Arabidopsis thaliana"
"AT2G20875","AT1G63700","STRING","Arabidopsis thaliana"
"AT2G20875","AT2G26330","STRING","Arabidopsis thaliana"
"AT2G20875","AT1G80080","STRING","Arabidopsis thaliana"
"AT2G20875","AT5G62230","STRING","Arabidopsis thaliana"
"AT2G21100","AT2G35980","STRING","Arabidopsis thaliana"
"AT2G21110","AT2G21120","STRING","Arabidopsis thaliana"
"AT2G22420","AT5G51110","STRING","Arabidopsis thaliana"
"AT2G22860","AT5G53890","STRING","Arabidopsis thaliana"
"AT2G22860","AT2G02220","STRING","Arabidopsis thaliana"
"AT2G23000","AT3G06035","STRING","Arabidopsis thaliana"
"AT2G23000","AT5G19250","STRING","Arabidopsis thaliana"
"AT2G23540","AT4G03540","STRING","Arabidopsis thaliana"
"AT2G23540","AT4G20390","STRING","Arabidopsis thaliana"
"AT2G23540","AT1G03700","STRING","Arabidopsis thaliana"
"AT2G24560","AT3G28890","STRING","Arabidopsis thaliana"
"AT2G25110","AT5G48380","STRING","Arabidopsis thaliana"
"AT2G25110","AT5G20480","STRING","Arabidopsis thaliana"
"AT2G25110","AT2G31880","STRING","Arabidopsis thaliana"
"AT2G26440","AT2G40540","STRING","Arabidopsis thaliana"
"AT2G26870","AT5G53890","STRING","Arabidopsis thaliana"
"AT2G26870","AT3G15730","STRING","Arabidopsis thaliana"
"AT2G26870","AT5G64070","STRING","Arabidopsis thaliana"
"AT2G26870","AT1G79670","STRING","Arabidopsis thaliana"
"AT2G26870","AT1G17240","STRING","Arabidopsis thaliana"
"AT2G26870","AT1G17230","STRING","Arabidopsis thaliana"
"AT2G26870","AT5G09350","STRING","Arabidopsis thaliana"
"AT2G26870","AT1G55180","STRING","Arabidopsis thaliana"
"AT2G26870","AT5G58670","STRING","Arabidopsis thaliana"
"AT2G26870","AT3G03530","STRING","Arabidopsis thaliana"
"AT2G26870","AT4G35790","STRING","Arabidopsis thaliana"
"AT2G26870","AT1G17250","STRING","Arabidopsis thaliana"
"AT2G27250","AT1G75820","STRING","Arabidopsis thaliana"
"AT2G27250","AT3G59420","STRING","Arabidopsis thaliana"
"AT2G27250","AT1G62360","STRING","Arabidopsis thaliana"
"AT2G27250","AT3G49670","STRING","Arabidopsis thaliana"
"AT2G27250","AT5G61480","STRING","Arabidopsis thaliana"
"AT2G27250","AT4G28490","STRING","Arabidopsis thaliana"
"AT2G27250","AT5G19280","STRING","Arabidopsis thaliana"
"AT2G27250","AT3G02130","STRING","Arabidopsis thaliana"
"AT2G27250","AT5G65710","STRING","Arabidopsis thaliana"
"AT2G27250","AT5G13290","STRING","Arabidopsis thaliana"
"AT2G27250","AT1G65380","STRING","Arabidopsis thaliana"
"AT2G27250","AT4G20270","STRING","Arabidopsis thaliana"
"AT2G27250","AT5G65700","STRING","Arabidopsis thaliana"
"AT2G27380","AT2G29940","STRING","Arabidopsis thaliana"
"AT2G28100","AT1G65590","STRING","Arabidopsis thaliana"
"AT2G28100","AT1G05590","STRING","Arabidopsis thaliana"
"AT2G28470","AT2G45470","STRING","Arabidopsis thaliana"
"AT2G28470","AT1G74360","STRING","Arabidopsis thaliana"
"AT2G28670","AT3G11550","STRING","Arabidopsis thaliana"
"AT2G28670","AT5G06200","STRING","Arabidopsis thaliana"
"AT2G28670","AT5G15290","STRING","Arabidopsis thaliana"
"AT2G28670","AT2G36100","STRING","Arabidopsis thaliana"
"AT2G28670","AT2G27370","STRING","Arabidopsis thaliana"
"AT2G29960","AT1G13980","STRING","Arabidopsis thaliana"
"AT2G30210","AT2G44790","STRING","Arabidopsis thaliana"
"AT2G30370","AT5G60880","STRING","Arabidopsis thaliana"
"AT2G30370","AT5G61480","STRING","Arabidopsis thaliana"
"AT2G30370","AT1G80080","STRING","Arabidopsis thaliana"
"AT2G30370","AT5G62230","STRING","Arabidopsis thaliana"
"AT2G30370","AT5G07180","STRING","Arabidopsis thaliana"
"AT2G31550","AT4G08670","STRING","Arabidopsis thaliana"
"AT2G31980","AT1G53910","STRING","Arabidopsis thaliana"
"AT2G33790","AT5G53250","STRING","Arabidopsis thaliana"
"AT2G33790","AT5G64080","STRING","Arabidopsis thaliana"
"AT2G33790","AT2G23130","STRING","Arabidopsis thaliana"
"AT2G33790","AT3G01700","STRING","Arabidopsis thaliana"
"AT2G33790","AT3G46550","STRING","Arabidopsis thaliana"
"AT2G33790","AT5G18690","STRING","Arabidopsis thaliana"
"AT2G33790","AT2G04780","STRING","Arabidopsis thaliana"
"AT2G33790","AT4G37450","STRING","Arabidopsis thaliana"
"AT2G33790","AT1G68725","STRING","Arabidopsis thaliana"
"AT2G33790","AT2G47930","STRING","Arabidopsis thaliana"
"AT2G34790","AT5G64440","STRING","Arabidopsis thaliana"
"AT2G34810","AT4G23210","STRING","Arabidopsis thaliana"
"AT2G34925","AT1G75820","STRING","Arabidopsis thaliana"
"AT2G34925","AT5G61480","STRING","Arabidopsis thaliana"
"AT2G34925","AT4G28650","STRING","Arabidopsis thaliana"
"AT2G34925","AT1G08590","STRING","Arabidopsis thaliana"
"AT2G35150","AT4G17660","STRING","Arabidopsis thaliana"
"AT2G35150","AT5G47070","STRING","Arabidopsis thaliana"
"AT2G35860","AT2G04780","STRING","Arabidopsis thaliana"
"AT2G36190","AT5G58090","STRING","Arabidopsis thaliana"
"AT2G36190","AT4G31140","STRING","Arabidopsis thaliana"
"AT2G36190","AT1G66250","STRING","Arabidopsis thaliana"
"AT2G36190","AT1G11820","STRING","Arabidopsis thaliana"
"AT2G36190","AT2G01630","STRING","Arabidopsis thaliana"
"AT2G36190","AT2G39060","STRING","Arabidopsis thaliana"
"AT2G36190","AT3G13560","STRING","Arabidopsis thaliana"
"AT2G36870","AT3G19700","STRING","Arabidopsis thaliana"
"AT2G38080","AT5G15630","STRING","Arabidopsis thaliana"
"AT2G38080","AT4G18780","STRING","Arabidopsis thaliana"
"AT2G38080","AT5G44030","STRING","Arabidopsis thaliana"
"AT2G38080","AT5G03170","STRING","Arabidopsis thaliana"
"AT2G38080","AT5G17420","STRING","Arabidopsis thaliana"
"AT2G38540","AT3G43720","STRING","Arabidopsis thaliana"
"AT2G38540","AT5G37780","STRING","Arabidopsis thaliana"
"AT2G39040","AT5G15460","STRING","Arabidopsis thaliana"
"AT2G40250","AT5G62850","STRING","Arabidopsis thaliana"
"AT2G40250","AT3G18830","STRING","Arabidopsis thaliana"
"AT2G40370","AT2G48130","STRING","Arabidopsis thaliana"
"AT2G40370","AT1G03103","STRING","Arabidopsis thaliana"
"AT2G40370","AT3G22600","STRING","Arabidopsis thaliana"
"AT2G40370","AT4G03540","STRING","Arabidopsis thaliana"
"AT2G40370","AT4G14815","STRING","Arabidopsis thaliana"
"AT2G40370","AT1G03700","STRING","Arabidopsis thaliana"
"AT2G40610","AT4G38850","STRING","Arabidopsis thaliana"
"AT2G40880","AT5G51970","STRING","Arabidopsis thaliana"
"AT2G41850","AT4G28490","STRING","Arabidopsis thaliana"
"AT2G41850","AT3G14380","STRING","Arabidopsis thaliana"
"AT2G43535","AT5G54610","STRING","Arabidopsis thaliana"
"AT2G44450","AT5G58090","STRING","Arabidopsis thaliana"
"AT2G44450","AT1G11050","STRING","Arabidopsis thaliana"
"AT2G44450","AT4G31140","STRING","Arabidopsis thaliana"
"AT2G44450","AT1G66250","STRING","Arabidopsis thaliana"
"AT2G44450","AT1G11820","STRING","Arabidopsis thaliana"
"AT2G44450","AT1G14280","STRING","Arabidopsis thaliana"
"AT2G44450","AT5G47070","STRING","Arabidopsis thaliana"
"AT2G44450","AT5G49770","STRING","Arabidopsis thaliana"
"AT2G44450","AT2G01630","STRING","Arabidopsis thaliana"
"AT2G44450","AT3G13560","STRING","Arabidopsis thaliana"
"AT2G45220","AT3G54920","STRING","Arabidopsis thaliana"
"AT2G46930","AT2G20840","STRING","Arabidopsis thaliana"
"AT2G47030","AT3G54920","STRING","Arabidopsis thaliana"
"AT2G47550","AT5G53250","STRING","Arabidopsis thaliana"
"AT2G47550","AT3G54920","STRING","Arabidopsis thaliana"
"AT2G47550","AT4G26320","STRING","Arabidopsis thaliana"
"AT2G47670","AT2G35620","STRING","Arabidopsis thaliana"
"AT3G01190","AT5G49270","STRING","Arabidopsis thaliana"
"AT3G01610","AT3G09840","STRING","Arabidopsis thaliana"
"AT3G02240","AT1G72590","STRING","Arabidopsis thaliana"
"AT3G02242","AT1G72590","STRING","Arabidopsis thaliana"
"AT3G02885","AT3G02880","STRING","Arabidopsis thaliana"
"AT3G02885","AT5G05170","STRING","Arabidopsis thaliana"
"AT3G03220","AT5G05170","STRING","Arabidopsis thaliana"
"AT3G05620","AT3G54920","STRING","Arabidopsis thaliana"
"AT3G05620","AT2G40540","STRING","Arabidopsis thaliana"
"AT3G05910","AT4G12730","STRING","Arabidopsis thaliana"
"AT3G05910","AT2G14890","STRING","Arabidopsis thaliana"
"AT3G05950","AT2G27370","STRING","Arabidopsis thaliana"
"AT3G07850","AT5G49720","STRING","Arabidopsis thaliana"
"AT3G10150","AT4G08850","STRING","Arabidopsis thaliana"
"AT3G10150","AT1G35710","STRING","Arabidopsis thaliana"
"AT3G10380","AT1G17140","STRING","Arabidopsis thaliana"
"AT3G10410","AT4G18780","STRING","Arabidopsis thaliana"
"AT3G10410","AT5G44030","STRING","Arabidopsis thaliana"
"AT3G10720","AT3G54920","STRING","Arabidopsis thaliana"
"AT3G11210","AT2G27370","STRING","Arabidopsis thaliana"
"AT3G11700","AT2G24450","STRING","Arabidopsis thaliana"
"AT3G11700","AT4G12730","STRING","Arabidopsis thaliana"
"AT3G11700","AT4G31370","STRING","Arabidopsis thaliana"
"AT3G11700","AT1G03870","STRING","Arabidopsis thaliana"
"AT3G11700","AT3G60900","STRING","Arabidopsis thaliana"
"AT3G12203","AT2G23240","STRING","Arabidopsis thaliana"
"AT3G12490","AT2G40410","STRING","Arabidopsis thaliana"
"AT3G12490","AT3G56170","STRING","Arabidopsis thaliana"
"AT3G13662","AT1G19780","STRING","Arabidopsis thaliana"
"AT3G13750","AT1G11260","STRING","Arabidopsis thaliana"
"AT3G13784","AT5G58090","STRING","Arabidopsis thaliana"
"AT3G13784","AT4G31140","STRING","Arabidopsis thaliana"
"AT3G13784","AT1G66250","STRING","Arabidopsis thaliana"
"AT3G13784","AT1G11820","STRING","Arabidopsis thaliana"
"AT3G13784","AT2G01630","STRING","Arabidopsis thaliana"
"AT3G13784","AT3G13560","STRING","Arabidopsis thaliana"
"AT3G13790","AT5G58090","STRING","Arabidopsis thaliana"
"AT3G13790","AT4G31140","STRING","Arabidopsis thaliana"
"AT3G13790","AT1G66250","STRING","Arabidopsis thaliana"
"AT3G13790","AT1G11820","STRING","Arabidopsis thaliana"
"AT3G13790","AT2G01630","STRING","Arabidopsis thaliana"
"AT3G13790","AT3G13560","STRING","Arabidopsis thaliana"
"AT3G14310","AT3G54920","STRING","Arabidopsis thaliana"
"AT3G15720","AT3G54920","STRING","Arabidopsis thaliana"
"AT3G16370","AT2G01950","STRING","Arabidopsis thaliana"
"AT3G16370","AT1G55260","STRING","Arabidopsis thaliana"
"AT3G16370","AT3G43720","STRING","Arabidopsis thaliana"
"AT3G16570","AT1G31420","STRING","Arabidopsis thaliana"
"AT3G16570","AT3G46290","STRING","Arabidopsis thaliana"
"AT3G16570","AT3G51550","STRING","Arabidopsis thaliana"
"AT3G16570","AT1G30570","STRING","Arabidopsis thaliana"
"AT3G16920","AT5G60490","STRING","Arabidopsis thaliana"
"AT3G16920","AT5G05170","STRING","Arabidopsis thaliana"
"AT3G16920","AT5G03170","STRING","Arabidopsis thaliana"
"AT3G16920","AT1G27380","STRING","Arabidopsis thaliana"
"AT3G16920","AT4G32410","STRING","Arabidopsis thaliana"
"AT3G16920","AT5G15630","STRING","Arabidopsis thaliana"
"AT3G16920","AT1G20850","STRING","Arabidopsis thaliana"
"AT3G16920","AT5G17420","STRING","Arabidopsis thaliana"
"AT3G16920","AT4G35350","STRING","Arabidopsis thaliana"
"AT3G16920","AT4G18780","STRING","Arabidopsis thaliana"
"AT3G16920","AT1G08340","STRING","Arabidopsis thaliana"
"AT3G16920","AT5G44030","STRING","Arabidopsis thaliana"
"AT3G17790","AT1G64060","STRING","Arabidopsis thaliana"
"AT3G18080","AT5G58090","STRING","Arabidopsis thaliana"
"AT3G18080","AT4G31140","STRING","Arabidopsis thaliana"
"AT3G18080","AT1G66250","STRING","Arabidopsis thaliana"
"AT3G18080","AT1G11820","STRING","Arabidopsis thaliana"
"AT3G18080","AT2G01630","STRING","Arabidopsis thaliana"
"AT3G18080","AT3G13560","STRING","Arabidopsis thaliana"
"AT3G18715","AT1G28440","STRING","Arabidopsis thaliana"
"AT3G19620","AT5G09870","STRING","Arabidopsis thaliana"
"AT3G21770","AT2G36100","STRING","Arabidopsis thaliana"
"AT3G21920","AT4G39170","STRING","Arabidopsis thaliana"
"AT3G21920","AT4G23740","STRING","Arabidopsis thaliana"
"AT3G21960","AT1G80830","STRING","Arabidopsis thaliana"
"AT3G21960","AT1G47670","STRING","Arabidopsis thaliana"
"AT3G21990","AT3G46330","STRING","Arabidopsis thaliana"
"AT3G22800","AT2G04780","STRING","Arabidopsis thaliana"
"AT3G22820","AT1G80080","STRING","Arabidopsis thaliana"
"AT3G22820","AT5G62230","STRING","Arabidopsis thaliana"
"AT3G22820","AT5G07180","STRING","Arabidopsis thaliana"
"AT3G23805","AT5G24105","STRING","Arabidopsis thaliana"
"AT3G23805","AT1G07490","STRING","Arabidopsis thaliana"
"AT3G23805","AT1G67265","STRING","Arabidopsis thaliana"
"AT3G23805","AT3G25717","STRING","Arabidopsis thaliana"
"AT3G23805","AT4G13395","STRING","Arabidopsis thaliana"
"AT3G23805","AT2G46330","STRING","Arabidopsis thaliana"
"AT3G23805","AT1G55330","STRING","Arabidopsis thaliana"
"AT3G23805","AT5G40730","STRING","Arabidopsis thaliana"
"AT3G23805","AT3G13520","STRING","Arabidopsis thaliana"
"AT3G23805","AT3G61640","STRING","Arabidopsis thaliana"
"AT3G24225","AT1G65380","STRING","Arabidopsis thaliana"
"AT3G24225","AT1G75820","STRING","Arabidopsis thaliana"
"AT3G24225","AT5G13290","STRING","Arabidopsis thaliana"
"AT3G24225","AT5G65700","STRING","Arabidopsis thaliana"
"AT3G24480","AT2G14890","STRING","Arabidopsis thaliana"
"AT3G24770","AT5G05160","STRING","Arabidopsis thaliana"
"AT3G24770","AT4G28650","STRING","Arabidopsis thaliana"
"AT3G24770","AT1G75820","STRING","Arabidopsis thaliana"
"AT3G24770","AT1G08590","STRING","Arabidopsis thaliana"
"AT3G24770","AT1G65380","STRING","Arabidopsis thaliana"
"AT3G24770","AT5G61480","STRING","Arabidopsis thaliana"
"AT3G25165","AT5G16023","STRING","Arabidopsis thaliana"
"AT3G25170","AT5G16500","STRING","Arabidopsis thaliana"
"AT3G25170","AT3G04690","STRING","Arabidopsis thaliana"
"AT3G25265","AT1G55180","STRING","Arabidopsis thaliana"
"AT3G25655","AT4G28490","STRING","Arabidopsis thaliana"
"AT3G25655","AT5G65710","STRING","Arabidopsis thaliana"
"AT3G27950","AT5G62680","STRING","Arabidopsis thaliana"
"AT3G27950","AT1G18880","STRING","Arabidopsis thaliana"
"AT3G27950","AT3G47960","STRING","Arabidopsis thaliana"
"AT3G27980","AT1G21240","STRING","Arabidopsis thaliana"
"AT3G27980","AT1G08430","STRING","Arabidopsis thaliana"
"AT3G27980","AT3G20190","STRING","Arabidopsis thaliana"
"AT3G28200","AT5G04930","STRING","Arabidopsis thaliana"
"AT3G28455","AT1G65380","STRING","Arabidopsis thaliana"
"AT3G29780","AT1G23140","STRING","Arabidopsis thaliana"
"AT3G29780","AT1G07560","STRING","Arabidopsis thaliana"
"AT3G29780","AT4G23320","STRING","Arabidopsis thaliana"
"AT3G43270","AT3G54920","STRING","Arabidopsis thaliana"
"AT3G43270","AT3G57770","STRING","Arabidopsis thaliana"
"AT3G43270","AT4G16640","STRING","Arabidopsis thaliana"
"AT3G43550","AT3G16490","STRING","Arabidopsis thaliana"
"AT3G44735","AT5G53890","STRING","Arabidopsis thaliana"
"AT3G44735","AT5G24105","STRING","Arabidopsis thaliana"
"AT3G44735","AT2G02220","STRING","Arabidopsis thaliana"
"AT3G44735","AT1G07490","STRING","Arabidopsis thaliana"
"AT3G44735","AT3G25717","STRING","Arabidopsis thaliana"
"AT3G44735","AT4G13395","STRING","Arabidopsis thaliana"
"AT3G45010","AT4G18780","STRING","Arabidopsis thaliana"
"AT3G45010","AT5G44030","STRING","Arabidopsis thaliana"
"AT3G45940","AT4G19640","STRING","Arabidopsis thaliana"
"AT3G45940","AT1G54280","STRING","Arabidopsis thaliana"
"AT3G45940","AT5G58090","STRING","Arabidopsis thaliana"
"AT3G45940","AT4G04340","STRING","Arabidopsis thaliana"
"AT3G45940","AT4G31140","STRING","Arabidopsis thaliana"
"AT3G45940","AT3G13900","STRING","Arabidopsis thaliana"
"AT3G45940","AT1G66250","STRING","Arabidopsis thaliana"
"AT3G45940","AT3G25610","STRING","Arabidopsis thaliana"
"AT3G45940","AT1G11820","STRING","Arabidopsis thaliana"
"AT3G45940","AT1G32090","STRING","Arabidopsis thaliana"
"AT3G45940","AT2G01630","STRING","Arabidopsis thaliana"
"AT3G45940","AT1G64060","STRING","Arabidopsis thaliana"
"AT3G45940","AT3G13560","STRING","Arabidopsis thaliana"
"AT3G45960","AT2G22470","STRING","Arabidopsis thaliana"
"AT3G45960","AT5G64310","STRING","Arabidopsis thaliana"
"AT3G45960","AT3G61640","STRING","Arabidopsis thaliana"
"AT3G46120","AT5G43350","STRING","Arabidopsis thaliana"
"AT3G47380","AT1G18280","STRING","Arabidopsis thaliana"
"AT3G47400","AT3G54920","STRING","Arabidopsis thaliana"
"AT3G48460","AT5G64080","STRING","Arabidopsis thaliana"
"AT3G48610","AT5G64070","STRING","Arabidopsis thaliana"
"AT3G48610","AT3G47220","STRING","Arabidopsis thaliana"
"AT3G48610","AT3G03530","STRING","Arabidopsis thaliana"
"AT3G48610","AT3G15730","STRING","Arabidopsis thaliana"
"AT3G48610","AT5G09350","STRING","Arabidopsis thaliana"
"AT3G48610","AT1G55180","STRING","Arabidopsis thaliana"
"AT3G48610","AT5G58670","STRING","Arabidopsis thaliana"
"AT3G48610","AT4G35790","STRING","Arabidopsis thaliana"
"AT3G49780","AT5G24105","STRING","Arabidopsis thaliana"
"AT3G49780","AT1G07490","STRING","Arabidopsis thaliana"
"AT3G49780","AT3G25717","STRING","Arabidopsis thaliana"
"AT3G49780","AT4G13395","STRING","Arabidopsis thaliana"
"AT3G49780","AT5G40730","STRING","Arabidopsis thaliana"
"AT3G49780","AT3G61640","STRING","Arabidopsis thaliana"
"AT3G49780","AT5G59810","STRING","Arabidopsis thaliana"
"AT3G49960","AT4G40090","STRING","Arabidopsis thaliana"
"AT3G49960","AT4G34580","STRING","Arabidopsis thaliana"
"AT3G49960","AT2G20520","STRING","Arabidopsis thaliana"
"AT3G49960","AT4G29180","STRING","Arabidopsis thaliana"
"AT3G50220","AT5G15630","STRING","Arabidopsis thaliana"
"AT3G50220","AT5G44030","STRING","Arabidopsis thaliana"
"AT3G50220","AT5G17420","STRING","Arabidopsis thaliana"
"AT3G50220","AT4G18780","STRING","Arabidopsis thaliana"
"AT3G52370","AT2G24450","STRING","Arabidopsis thaliana"
"AT3G52370","AT2G47900","STRING","Arabidopsis thaliana"
"AT3G52370","AT5G03170","STRING","Arabidopsis thaliana"
"AT3G52370","AT2G04780","STRING","Arabidopsis thaliana"
"AT3G52370","AT4G12730","STRING","Arabidopsis thaliana"
"AT3G52370","AT4G31370","STRING","Arabidopsis thaliana"
"AT3G52370","AT3G60900","STRING","Arabidopsis thaliana"
"AT3G52820","AT5G58050","STRING","Arabidopsis thaliana"
"AT3G52840","AT1G65590","STRING","Arabidopsis thaliana"
"AT3G52840","AT1G05590","STRING","Arabidopsis thaliana"
"AT3G53230","AT3G09840","STRING","Arabidopsis thaliana"
"AT3G53230","AT4G16640","STRING","Arabidopsis thaliana"
"AT3G53230","AT1G24140","STRING","Arabidopsis thaliana"
"AT3G53230","AT3G28860","STRING","Arabidopsis thaliana"
"AT3G53230","AT2G45040","STRING","Arabidopsis thaliana"
"AT3G53230","AT1G65590","STRING","Arabidopsis thaliana"
"AT3G53230","AT1G70170","STRING","Arabidopsis thaliana"
"AT3G53230","AT1G59970","STRING","Arabidopsis thaliana"
"AT3G53230","AT1G55350","STRING","Arabidopsis thaliana"
"AT3G54590","AT4G40090","STRING","Arabidopsis thaliana"
"AT3G55500","AT1G74190","STRING","Arabidopsis thaliana"
"AT3G56310","AT3G09840","STRING","Arabidopsis thaliana"
"AT3G56310","AT1G65590","STRING","Arabidopsis thaliana"
"AT3G56310","AT1G05590","STRING","Arabidopsis thaliana"
"AT3G56310","AT1G59970","STRING","Arabidopsis thaliana"
"AT3G57240","AT1G14880","STRING","Arabidopsis thaliana"
"AT3G57260","AT1G21250","STRING","Arabidopsis thaliana"
"AT3G57260","AT5G08000","STRING","Arabidopsis thaliana"
"AT3G57260","AT4G23150","STRING","Arabidopsis thaliana"
"AT3G57260","AT4G23140","STRING","Arabidopsis thaliana"
"AT3G57260","AT2G32680","STRING","Arabidopsis thaliana"
"AT3G57510","AT3G54920","STRING","Arabidopsis thaliana"
"AT3G59010","AT3G61260","STRING","Arabidopsis thaliana"
"AT3G60730","AT2G40540","STRING","Arabidopsis thaliana"
"AT3G62020","AT1G20850","STRING","Arabidopsis thaliana"
"AT3G62020","AT4G35350","STRING","Arabidopsis thaliana"
"AT3G62680","AT4G40090","STRING","Arabidopsis thaliana"
"AT3G62680","AT1G70460","STRING","Arabidopsis thaliana"
"AT3G62680","AT5G49270","STRING","Arabidopsis thaliana"
"AT3G62680","AT4G34580","STRING","Arabidopsis thaliana"
"AT3G62680","AT2G20520","STRING","Arabidopsis thaliana"
"AT3G62680","AT4G29180","STRING","Arabidopsis thaliana"
"AT3G66658","AT3G01390","STRING","Arabidopsis thaliana"
"AT4G00190","AT2G27810","STRING","Arabidopsis thaliana"
"AT4G02270","AT4G19680","STRING","Arabidopsis thaliana"
"AT4G02270","AT4G40090","STRING","Arabidopsis thaliana"
"AT4G02270","AT5G49270","STRING","Arabidopsis thaliana"
"AT4G02270","AT2G20520","STRING","Arabidopsis thaliana"
"AT4G02270","AT4G29180","STRING","Arabidopsis thaliana"
"AT4G02320","AT3G54920","STRING","Arabidopsis thaliana"
"AT4G02330","AT3G54920","STRING","Arabidopsis thaliana"
"AT4G02350","AT3G53610","STRING","Arabidopsis thaliana"
"AT4G02350","AT3G09900","STRING","Arabidopsis thaliana"
"AT4G02350","AT5G03520","STRING","Arabidopsis thaliana"
"AT4G02350","AT1G08860","STRING","Arabidopsis thaliana"
"AT4G02350","AT3G46060","STRING","Arabidopsis thaliana"
"AT4G02350","AT3G11820","STRING","Arabidopsis thaliana"
"AT4G03210","AT5G09870","STRING","Arabidopsis thaliana"
"AT4G03210","AT5G36870","STRING","Arabidopsis thaliana"
"AT4G03210","AT5G13000","STRING","Arabidopsis thaliana"
"AT4G03930","AT3G54920","STRING","Arabidopsis thaliana"
"AT4G03930","AT5G46630","STRING","Arabidopsis thaliana"
"AT4G04460","AT3G09840","STRING","Arabidopsis thaliana"
"AT4G04460","AT5G47510","STRING","Arabidopsis thaliana"
"AT4G04460","AT1G24140","STRING","Arabidopsis thaliana"
"AT4G04460","AT4G16640","STRING","Arabidopsis thaliana"
"AT4G04460","AT5G10080","STRING","Arabidopsis thaliana"
"AT4G04460","AT2G45040","STRING","Arabidopsis thaliana"
"AT4G04460","AT1G70170","STRING","Arabidopsis thaliana"
"AT4G04460","AT1G59970","STRING","Arabidopsis thaliana"
"AT4G04460","AT1G55350","STRING","Arabidopsis thaliana"
"AT4G08485","AT5G10530","STRING","Arabidopsis thaliana"
"AT4G08950","AT5G66210","STRING","Arabidopsis thaliana"
"AT4G09647","AT4G05110","STRING","Arabidopsis thaliana"
"AT4G09647","AT4G05130","STRING","Arabidopsis thaliana"
"AT4G09647","AT4G05140","STRING","Arabidopsis thaliana"
"AT4G09647","AT4G05120","STRING","Arabidopsis thaliana"
"AT4G10510","AT2G20520","STRING","Arabidopsis thaliana"
"AT4G12420","AT5G60920","STRING","Arabidopsis thaliana"
"AT4G12420","AT5G15350","STRING","Arabidopsis thaliana"
"AT4G12420","AT2G04780","STRING","Arabidopsis thaliana"
"AT4G12420","AT5G55480","STRING","Arabidopsis thaliana"
"AT4G12420","AT5G07280","STRING","Arabidopsis thaliana"
"AT4G12420","AT3G23750","STRING","Arabidopsis thaliana"
"AT4G12960","AT4G38430","STRING","Arabidopsis thaliana"
"AT4G12960","AT4G12780","STRING","Arabidopsis thaliana"
"AT4G12970","AT5G07180","STRING","Arabidopsis thaliana"
"AT4G12970","AT5G60880","STRING","Arabidopsis thaliana"
"AT4G12970","AT1G62400","STRING","Arabidopsis thaliana"
"AT4G12970","AT1G80080","STRING","Arabidopsis thaliana"
"AT4G12970","AT5G62230","STRING","Arabidopsis thaliana"
"AT4G13075","AT2G25470","STRING","Arabidopsis thaliana"
"AT4G13090","AT1G11820","STRING","Arabidopsis thaliana"
"AT4G13195","AT5G05160","STRING","Arabidopsis thaliana"
"AT4G13195","AT1G75820","STRING","Arabidopsis thaliana"
"AT4G13195","AT5G61480","STRING","Arabidopsis thaliana"
"AT4G13340","AT4G12730","STRING","Arabidopsis thaliana"
"AT4G13580","AT3G11550","STRING","Arabidopsis thaliana"
"AT4G13580","AT2G36100","STRING","Arabidopsis thaliana"
"AT4G13700","AT4G23320","STRING","Arabidopsis thaliana"
"AT4G13700","AT1G23140","STRING","Arabidopsis thaliana"
"AT4G14010","AT5G24105","STRING","Arabidopsis thaliana"
"AT4G14010","AT1G07490","STRING","Arabidopsis thaliana"
"AT4G14010","AT1G67265","STRING","Arabidopsis thaliana"
"AT4G14010","AT3G25717","STRING","Arabidopsis thaliana"
"AT4G14010","AT4G13395","STRING","Arabidopsis thaliana"
"AT4G14010","AT2G46330","STRING","Arabidopsis thaliana"
"AT4G14010","AT1G55330","STRING","Arabidopsis thaliana"
"AT4G14010","AT5G40730","STRING","Arabidopsis thaliana"
"AT4G14010","AT3G13520","STRING","Arabidopsis thaliana"
"AT4G14010","AT3G61640","STRING","Arabidopsis thaliana"
"AT4G14723","AT1G80080","STRING","Arabidopsis thaliana"
"AT4G14723","AT5G62230","STRING","Arabidopsis thaliana"
"AT4G14723","AT5G07180","STRING","Arabidopsis thaliana"
"AT4G14723","AT5G61480","STRING","Arabidopsis thaliana"
"AT4G14940","AT1G24140","STRING","Arabidopsis thaliana"
"AT4G14940","AT2G45040","STRING","Arabidopsis thaliana"
"AT4G14940","AT1G59970","STRING","Arabidopsis thaliana"
"AT4G14940","AT1G70170","STRING","Arabidopsis thaliana"
"AT4G14940","AT4G16640","STRING","Arabidopsis thaliana"
"AT4G15800","AT5G24105","STRING","Arabidopsis thaliana"
"AT4G15800","AT1G07490","STRING","Arabidopsis thaliana"
"AT4G15800","AT1G67265","STRING","Arabidopsis thaliana"
"AT4G15800","AT3G25717","STRING","Arabidopsis thaliana"
"AT4G15800","AT4G13395","STRING","Arabidopsis thaliana"
"AT4G15800","AT2G46330","STRING","Arabidopsis thaliana"
"AT4G15800","AT1G55330","STRING","Arabidopsis thaliana"
"AT4G15800","AT5G40730","STRING","Arabidopsis thaliana"
"AT4G15800","AT3G13520","STRING","Arabidopsis thaliana"
"AT4G15800","AT3G61640","STRING","Arabidopsis thaliana"
"AT4G16195","AT5G10530","STRING","Arabidopsis thaliana"
"AT4G16260","AT3G48890","STRING","Arabidopsis thaliana"
"AT4G16295","AT3G25610","STRING","Arabidopsis thaliana"
"AT4G18510","AT1G75820","STRING","Arabidopsis thaliana"
"AT4G18510","AT5G13290","STRING","Arabidopsis thaliana"
"AT4G18510","AT1G65380","STRING","Arabidopsis thaliana"
"AT4G18670","AT1G55330","STRING","Arabidopsis thaliana"
"AT4G18670","AT2G14890","STRING","Arabidopsis thaliana"
"AT4G18823","AT2G25540","STRING","Arabidopsis thaliana"
"AT4G18970","AT1G18280","STRING","Arabidopsis thaliana"
"AT4G19410","AT1G18280","STRING","Arabidopsis thaliana"
"AT4G19420","AT1G18280","STRING","Arabidopsis thaliana"
"AT4G20050","AT3G09090","STRING","Arabidopsis thaliana"
"AT4G20050","AT2G13680","STRING","Arabidopsis thaliana"
"AT4G20830","AT4G23190","STRING","Arabidopsis thaliana"
"AT4G20830","AT3G11820","STRING","Arabidopsis thaliana"
"AT4G20830","AT5G48380","STRING","Arabidopsis thaliana"
"AT4G20860","AT5G64440","STRING","Arabidopsis thaliana"
"AT4G21323","AT4G21390","STRING","Arabidopsis thaliana"
"AT4G21323","AT4G21230","STRING","Arabidopsis thaliana"
"AT4G21630","AT1G49270","STRING","Arabidopsis thaliana"
"AT4G21630","AT3G18810","STRING","Arabidopsis thaliana"
"AT4G21630","AT1G10620","STRING","Arabidopsis thaliana"
"AT4G23170","AT4G00960","STRING","Arabidopsis thaliana"
"AT4G23170","AT1G70520","STRING","Arabidopsis thaliana"
"AT4G23170","AT4G11890","STRING","Arabidopsis thaliana"
"AT4G24230","AT1G31812","STRING","Arabidopsis thaliana"
"AT4G25000","AT4G24040","STRING","Arabidopsis thaliana"
"AT4G25820","AT4G19680","STRING","Arabidopsis thaliana"
"AT4G25820","AT1G70460","STRING","Arabidopsis thaliana"
"AT4G25820","AT5G49270","STRING","Arabidopsis thaliana"
"AT4G25820","AT5G16900","STRING","Arabidopsis thaliana"
"AT4G25820","AT4G29180","STRING","Arabidopsis thaliana"
"AT4G25820","AT4G40090","STRING","Arabidopsis thaliana"
"AT4G25820","AT2G41970","STRING","Arabidopsis thaliana"
"AT4G25820","AT4G34580","STRING","Arabidopsis thaliana"
"AT4G25820","AT2G20520","STRING","Arabidopsis thaliana"
"AT4G25980","AT4G16360","STRING","Arabidopsis thaliana"
"AT4G26010","AT4G40090","STRING","Arabidopsis thaliana"
"AT4G26010","AT5G49270","STRING","Arabidopsis thaliana"
"AT4G26010","AT4G26080","STRING","Arabidopsis thaliana"
"AT4G26010","AT1G64060","STRING","Arabidopsis thaliana"
"AT4G26140","AT1G54280","STRING","Arabidopsis thaliana"
"AT4G26790","AT1G32050","STRING","Arabidopsis thaliana"
"AT4G26790","AT1G03550","STRING","Arabidopsis thaliana"
"AT4G28780","AT4G35580","STRING","Arabidopsis thaliana"
"AT4G28850","AT4G34580","STRING","Arabidopsis thaliana"
"AT4G28850","AT2G20520","STRING","Arabidopsis thaliana"
"AT4G29460","AT3G54950","STRING","Arabidopsis thaliana"
"AT4G30610","AT5G10770","STRING","Arabidopsis thaliana"
"AT4G30610","AT4G39400","STRING","Arabidopsis thaliana"
"AT4G33220","AT3G54920","STRING","Arabidopsis thaliana"
"AT4G33420","AT4G27270","STRING","Arabidopsis thaliana"
"AT4G37720","AT2G02220","STRING","Arabidopsis thaliana"
"AT4G37810","AT5G62230","STRING","Arabidopsis thaliana"
"AT4G37810","AT5G07180","STRING","Arabidopsis thaliana"
"AT4G38700","AT4G38580","STRING","Arabidopsis thaliana"
"AT4G38700","AT2G21120","STRING","Arabidopsis thaliana"
"AT4G39010","AT3G16490","STRING","Arabidopsis thaliana"
"AT4G39640","AT5G22300","STRING","Arabidopsis thaliana"
"AT4G39640","AT3G63080","STRING","Arabidopsis thaliana"
"AT4G39650","AT5G22300","STRING","Arabidopsis thaliana"
"AT4G39650","AT3G63080","STRING","Arabidopsis thaliana"
"AT5G01190","AT5G15630","STRING","Arabidopsis thaliana"
"AT5G03260","AT4G35350","STRING","Arabidopsis thaliana"
"AT5G03340","AT3G09840","STRING","Arabidopsis thaliana"
"AT5G03340","AT4G16640","STRING","Arabidopsis thaliana"
"AT5G03340","AT1G24140","STRING","Arabidopsis thaliana"
"AT5G03340","AT3G28860","STRING","Arabidopsis thaliana"
"AT5G03340","AT2G45040","STRING","Arabidopsis thaliana"
"AT5G03340","AT1G65590","STRING","Arabidopsis thaliana"
"AT5G03340","AT1G70170","STRING","Arabidopsis thaliana"
"AT5G03340","AT1G59970","STRING","Arabidopsis thaliana"
"AT5G03340","AT1G55350","STRING","Arabidopsis thaliana"
"AT5G03610","AT5G64080","STRING","Arabidopsis thaliana"
"AT5G03810","AT4G28490","STRING","Arabidopsis thaliana"
"AT5G04200","AT1G20850","STRING","Arabidopsis thaliana"
"AT5G04200","AT4G35350","STRING","Arabidopsis thaliana"
"AT5G04970","AT3G54920","STRING","Arabidopsis thaliana"
"AT5G05110","AT4G28280","STRING","Arabidopsis thaliana"
"AT5G05390","AT2G48130","STRING","Arabidopsis thaliana"
"AT5G05390","AT1G03103","STRING","Arabidopsis thaliana"
"AT5G05390","AT3G22600","STRING","Arabidopsis thaliana"
"AT5G05390","AT4G14815","STRING","Arabidopsis thaliana"
"AT5G06390","AT2G47900","STRING","Arabidopsis thaliana"
"AT5G06730","AT4G27270","STRING","Arabidopsis thaliana"
"AT5G06920","AT5G60490","STRING","Arabidopsis thaliana"
"AT5G06920","AT4G31370","STRING","Arabidopsis thaliana"
"AT5G06920","AT1G03870","STRING","Arabidopsis thaliana"
"AT5G06920","AT3G46550","STRING","Arabidopsis thaliana"
"AT5G06920","AT2G24450","STRING","Arabidopsis thaliana"
"AT5G06920","AT4G12730","STRING","Arabidopsis thaliana"
"AT5G06920","AT3G12660","STRING","Arabidopsis thaliana"
"AT5G06920","AT5G03170","STRING","Arabidopsis thaliana"
"AT5G07190","AT1G32090","STRING","Arabidopsis thaliana"
"AT5G07230","AT3G13220","STRING","Arabidopsis thaliana"
"AT5G07230","AT3G23870","STRING","Arabidopsis thaliana"
"AT5G07230","AT5G40260","STRING","Arabidopsis thaliana"
"AT5G07410","AT3G07160","STRING","Arabidopsis thaliana"
"AT5G07830","AT1G24140","STRING","Arabidopsis thaliana"
"AT5G07830","AT2G45040","STRING","Arabidopsis thaliana"
"AT5G07830","AT1G59970","STRING","Arabidopsis thaliana"
"AT5G07830","AT1G70170","STRING","Arabidopsis thaliana"
"AT5G07830","AT4G16640","STRING","Arabidopsis thaliana"
"AT5G08370","AT3G09840","STRING","Arabidopsis thaliana"
"AT5G08370","AT1G65590","STRING","Arabidopsis thaliana"
"AT5G08370","AT1G05590","STRING","Arabidopsis thaliana"
"AT5G08380","AT3G09840","STRING","Arabidopsis thaliana"
"AT5G08380","AT1G65590","STRING","Arabidopsis thaliana"
"AT5G08380","AT1G05590","STRING","Arabidopsis thaliana"
"AT5G08380","AT4G25830","STRING","Arabidopsis thaliana"
"AT5G09520","AT2G48130","STRING","Arabidopsis thaliana"
"AT5G09520","AT1G03103","STRING","Arabidopsis thaliana"
"AT5G09520","AT3G22600","STRING","Arabidopsis thaliana"
"AT5G09520","AT4G14815","STRING","Arabidopsis thaliana"
"AT5G09520","AT5G13900","STRING","Arabidopsis thaliana"
"AT5G09520","AT2G48140","STRING","Arabidopsis thaliana"
"AT5G09530","AT2G48130","STRING","Arabidopsis thaliana"
"AT5G09530","AT1G03103","STRING","Arabidopsis thaliana"
"AT5G09530","AT3G22600","STRING","Arabidopsis thaliana"
"AT5G09530","AT4G14815","STRING","Arabidopsis thaliana"
"AT5G09530","AT2G04780","STRING","Arabidopsis thaliana"
"AT5G09530","AT4G09030","STRING","Arabidopsis thaliana"
"AT5G09530","AT3G22620","STRING","Arabidopsis thaliana"
"AT5G09640","AT1G44120","STRING","Arabidopsis thaliana"
"AT5G09640","AT1G77460","STRING","Arabidopsis thaliana"
"AT5G10130","AT5G10150","STRING","Arabidopsis thaliana"
"AT5G10560","AT5G09870","STRING","Arabidopsis thaliana"
"AT5G10760","AT5G10380","STRING","Arabidopsis thaliana"
"AT5G10760","AT1G21250","STRING","Arabidopsis thaliana"
"AT5G10760","AT5G54610","STRING","Arabidopsis thaliana"
"AT5G10760","AT1G35710","STRING","Arabidopsis thaliana"
"AT5G10760","AT4G04490","STRING","Arabidopsis thaliana"
"AT5G10760","AT4G11890","STRING","Arabidopsis thaliana"
"AT5G10760","AT4G23140","STRING","Arabidopsis thaliana"
"AT5G10760","AT2G32680","STRING","Arabidopsis thaliana"
"AT5G11920","AT5G58090","STRING","Arabidopsis thaliana"
"AT5G11920","AT4G31140","STRING","Arabidopsis thaliana"
"AT5G11920","AT1G66250","STRING","Arabidopsis thaliana"
"AT5G11920","AT1G11820","STRING","Arabidopsis thaliana"
"AT5G11920","AT2G01630","STRING","Arabidopsis thaliana"
"AT5G11920","AT3G13560","STRING","Arabidopsis thaliana"
"AT5G12370","AT2G31680","STRING","Arabidopsis thaliana"
"AT5G12370","AT3G53610","STRING","Arabidopsis thaliana"
"AT5G12370","AT4G35020","STRING","Arabidopsis thaliana"
"AT5G12370","AT4G19640","STRING","Arabidopsis thaliana"
"AT5G12370","AT3G11820","STRING","Arabidopsis thaliana"
"AT5G12370","AT2G38120","STRING","Arabidopsis thaliana"
"AT5G12370","AT3G09900","STRING","Arabidopsis thaliana"
"AT5G12370","AT3G54840","STRING","Arabidopsis thaliana"
"AT5G12370","AT5G03520","STRING","Arabidopsis thaliana"
"AT5G12370","AT1G16920","STRING","Arabidopsis thaliana"
"AT5G12370","AT1G17140","STRING","Arabidopsis thaliana"
"AT5G12370","AT3G46060","STRING","Arabidopsis thaliana"
"AT5G12990","AT3G55950","STRING","Arabidopsis thaliana"
"AT5G12990","AT1G65380","STRING","Arabidopsis thaliana"
"AT5G12990","AT1G75820","STRING","Arabidopsis thaliana"
"AT5G12990","AT5G61480","STRING","Arabidopsis thaliana"
"AT5G12990","AT3G59420","STRING","Arabidopsis thaliana"
"AT5G12990","AT3G02130","STRING","Arabidopsis thaliana"
"AT5G12990","AT5G13290","STRING","Arabidopsis thaliana"
"AT5G14450","AT5G64080","STRING","Arabidopsis thaliana"
"AT5G15180","AT1G63430","STRING","Arabidopsis thaliana"
"AT5G15180","AT2G42960","STRING","Arabidopsis thaliana"
"AT5G17820","AT4G40090","STRING","Arabidopsis thaliana"
"AT5G19730","AT3G54920","STRING","Arabidopsis thaliana"
"AT5G19890","AT2G25680","STRING","Arabidopsis thaliana"
"AT5G21100","AT1G70530","STRING","Arabidopsis thaliana"
"AT5G22410","AT4G40090","STRING","Arabidopsis thaliana"
"AT5G22410","AT5G49270","STRING","Arabidopsis thaliana"
"AT5G22410","AT2G20520","STRING","Arabidopsis thaliana"
"AT5G22960","AT4G18780","STRING","Arabidopsis thaliana"
"AT5G22960","AT5G44030","STRING","Arabidopsis thaliana"
"AT5G22980","AT4G18780","STRING","Arabidopsis thaliana"
"AT5G22980","AT5G44030","STRING","Arabidopsis thaliana"
"AT5G23210","AT1G08230","STRING","Arabidopsis thaliana"
"AT5G23870","AT1G18280","STRING","Arabidopsis thaliana"
"AT5G24090","AT3G02210","STRING","Arabidopsis thaliana"
"AT5G24090","AT1G65590","STRING","Arabidopsis thaliana"
"AT5G24090","AT1G05590","STRING","Arabidopsis thaliana"
"AT5G28288","AT4G05110","STRING","Arabidopsis thaliana"
"AT5G28288","AT4G05130","STRING","Arabidopsis thaliana"
"AT5G28288","AT4G05140","STRING","Arabidopsis thaliana"
"AT5G28288","AT4G05120","STRING","Arabidopsis thaliana"
"AT5G33340","AT1G03103","STRING","Arabidopsis thaliana"
"AT5G33370","AT5G53390","STRING","Arabidopsis thaliana"
"AT5G34940","AT1G24140","STRING","Arabidopsis thaliana"
"AT5G34940","AT4G23140","STRING","Arabidopsis thaliana"
"AT5G34940","AT1G70170","STRING","Arabidopsis thaliana"
"AT5G34940","AT2G45040","STRING","Arabidopsis thaliana"
"AT5G34940","AT4G16640","STRING","Arabidopsis thaliana"
"AT5G34940","AT1G59970","STRING","Arabidopsis thaliana"
"AT5G37180","AT1G06490","STRING","Arabidopsis thaliana"
"AT5G37180","AT1G09960","STRING","Arabidopsis thaliana"
"AT5G38440","AT5G10530","STRING","Arabidopsis thaliana"
"AT5G38910","AT5G25260","STRING","Arabidopsis thaliana"
"AT5G39130","AT5G42100","STRING","Arabidopsis thaliana"
"AT5G39180","AT3G22231","STRING","Arabidopsis thaliana"
"AT5G39180","AT5G64440","STRING","Arabidopsis thaliana"
"AT5G39270","AT1G66570","STRING","Arabidopsis thaliana"
"AT5G39270","AT5G06170","STRING","Arabidopsis thaliana"
"AT5G39310","AT1G21240","STRING","Arabidopsis thaliana"
"AT5G39365","AT1G04300","STRING","Arabidopsis thaliana"
"AT5G39580","AT4G38830","STRING","Arabidopsis thaliana"
"AT5G39580","AT5G25260","STRING","Arabidopsis thaliana"
"AT5G39580","AT2G35980","STRING","Arabidopsis thaliana"
"AT5G41300","AT3G46330","STRING","Arabidopsis thaliana"
"AT5G42180","AT2G36100","STRING","Arabidopsis thaliana"
"AT5G43285","AT4G08850","STRING","Arabidopsis thaliana"
"AT5G43285","AT4G28650","STRING","Arabidopsis thaliana"
"AT5G43285","AT5G20690","STRING","Arabidopsis thaliana"
"AT5G43285","AT3G42880","STRING","Arabidopsis thaliana"
"AT5G43510","AT5G20690","STRING","Arabidopsis thaliana"
"AT5G43510","AT1G79860","STRING","Arabidopsis thaliana"
"AT5G43510","AT5G35390","STRING","Arabidopsis thaliana"
"AT5G43510","AT5G45840","STRING","Arabidopsis thaliana"
"AT5G43510","AT3G42880","STRING","Arabidopsis thaliana"
"AT5G43510","AT4G08850","STRING","Arabidopsis thaliana"
"AT5G43510","AT4G28650","STRING","Arabidopsis thaliana"
"AT5G43513","AT4G28650","STRING","Arabidopsis thaliana"
"AT5G43513","AT3G42880","STRING","Arabidopsis thaliana"
"AT5G43513","AT4G08850","STRING","Arabidopsis thaliana"
"AT5G43518","AT4G28650","STRING","Arabidopsis thaliana"
"AT5G43518","AT3G42880","STRING","Arabidopsis thaliana"
"AT5G43518","AT4G08850","STRING","Arabidopsis thaliana"
"AT5G43525","AT3G57770","STRING","Arabidopsis thaliana"
"AT5G43525","AT5G20690","STRING","Arabidopsis thaliana"
"AT5G43525","AT3G42880","STRING","Arabidopsis thaliana"
"AT5G44360","AT5G10770","STRING","Arabidopsis thaliana"
"AT5G44360","AT5G64440","STRING","Arabidopsis thaliana"
"AT5G44380","AT5G64440","STRING","Arabidopsis thaliana"
"AT5G44390","AT5G64440","STRING","Arabidopsis thaliana"
"AT5G44400","AT5G64440","STRING","Arabidopsis thaliana"
"AT5G45280","AT1G18280","STRING","Arabidopsis thaliana"
"AT5G45670","AT1G29510","STRING","Arabidopsis thaliana"
"AT5G45670","AT1G18280","STRING","Arabidopsis thaliana"
"AT5G45950","AT1G55260","STRING","Arabidopsis thaliana"
"AT5G46871","AT3G53350","STRING","Arabidopsis thaliana"
"AT5G48540","AT4G19370","STRING","Arabidopsis thaliana"
"AT5G48540","AT1G07560","STRING","Arabidopsis thaliana"
"AT5G48540","AT1G51800","STRING","Arabidopsis thaliana"
"AT5G49180","AT3G54920","STRING","Arabidopsis thaliana"
"AT5G49360","AT5G21170","STRING","Arabidopsis thaliana"
"AT5G49680","AT2G23130","STRING","Arabidopsis thaliana"
"AT5G51451","AT4G26540","STRING","Arabidopsis thaliana"
"AT5G51490","AT3G54920","STRING","Arabidopsis thaliana"
"AT5G51500","AT3G54920","STRING","Arabidopsis thaliana"
"AT5G51890","AT1G20850","STRING","Arabidopsis thaliana"
"AT5G53470","AT3G60720","STRING","Arabidopsis thaliana"
"AT5G53470","AT3G15730","STRING","Arabidopsis thaliana"
"AT5G53470","AT1G53910","STRING","Arabidopsis thaliana"
"AT5G55590","AT3G54920","STRING","Arabidopsis thaliana"
"AT5G56320","AT3G20190","STRING","Arabidopsis thaliana"
"AT5G56870","AT5G21170","STRING","Arabidopsis thaliana"
"AT5G57530","AT5G49270","STRING","Arabidopsis thaliana"
"AT5G57530","AT4G40090","STRING","Arabidopsis thaliana"
"AT5G57530","AT2G20520","STRING","Arabidopsis thaliana"
"AT5G57540","AT5G49270","STRING","Arabidopsis thaliana"
"AT5G57540","AT2G20520","STRING","Arabidopsis thaliana"
"AT5G58480","AT2G35980","STRING","Arabidopsis thaliana"
"AT5G58480","AT4G26540","STRING","Arabidopsis thaliana"
"AT5G58650","AT5G53890","STRING","Arabidopsis thaliana"
"AT5G58650","AT1G72300","STRING","Arabidopsis thaliana"
"AT5G58650","AT2G02220","STRING","Arabidopsis thaliana"
"AT5G59090","AT1G61590","STRING","Arabidopsis thaliana"
"AT5G59090","AT2G32270","STRING","Arabidopsis thaliana"
"AT5G59090","AT3G22600","STRING","Arabidopsis thaliana"
"AT5G59305","AT5G61480","STRING","Arabidopsis thaliana"
"AT5G60020","AT5G15630","STRING","Arabidopsis thaliana"
"AT5G60020","AT4G18780","STRING","Arabidopsis thaliana"
"AT5G60020","AT5G44030","STRING","Arabidopsis thaliana"
"AT5G60020","AT5G03170","STRING","Arabidopsis thaliana"
"AT5G60020","AT5G17420","STRING","Arabidopsis thaliana"
"AT5G60640","AT3G63080","STRING","Arabidopsis thaliana"
"AT5G60805","AT1G12480","STRING","Arabidopsis thaliana"
"AT5G60805","AT1G62280","STRING","Arabidopsis thaliana"
"AT5G60805","AT1G62262","STRING","Arabidopsis thaliana"
"AT5G60810","AT4G26540","STRING","Arabidopsis thaliana"
"AT5G61250","AT1G24140","STRING","Arabidopsis thaliana"
"AT5G61250","AT2G45040","STRING","Arabidopsis thaliana"
"AT5G61250","AT1G59970","STRING","Arabidopsis thaliana"
"AT5G61250","AT1G70170","STRING","Arabidopsis thaliana"
"AT5G61250","AT4G16640","STRING","Arabidopsis thaliana"
"AT5G61680","AT2G27810","STRING","Arabidopsis thaliana"
"AT5G63800","AT5G09870","STRING","Arabidopsis thaliana"
"AT5G63800","AT3G46550","STRING","Arabidopsis thaliana"
"AT5G63800","AT2G35620","STRING","Arabidopsis thaliana"
"AT5G64720","AT1G31820","STRING","Arabidopsis thaliana"
"AT5G65730","AT1G11820","STRING","Arabidopsis thaliana"
"AT5G65870","AT5G53890","STRING","Arabidopsis thaliana"
"AT5G65870","AT3G25717","STRING","Arabidopsis thaliana"
"AT5G65870","AT4G13395","STRING","Arabidopsis thaliana"
"AT5G65870","AT2G02220","STRING","Arabidopsis thaliana"
"AT5G66815","AT5G49660","STRING","Arabidopsis thaliana"
"AT5G66815","AT1G72180","STRING","Arabidopsis thaliana"
"AT5G67070","AT1G55910","STRING","Arabidopsis thaliana"
"AT5G67400","AT4G40090","STRING","Arabidopsis thaliana"
"AT5G67400","AT1G70460","STRING","Arabidopsis thaliana"
"AT5G67400","AT3G60280","STRING","Arabidopsis thaliana"
"AT5G67400","AT4G34580","STRING","Arabidopsis thaliana"
"AT5G67400","AT2G20520","STRING","Arabidopsis thaliana"
"AT5G67400","AT4G29180","STRING","Arabidopsis thaliana"
"AT1G14700","AT1G07550","IntAct","Arabidopsis thaliana"
"AT1G14700","AT1G12460","IntAct","Arabidopsis thaliana"
"AT1G14700","AT2G28960","IntAct","Arabidopsis thaliana"
"AT1G14700","AT4G31250","IntAct","Arabidopsis thaliana"
"AT1G14700","AT5G16900","IntAct","Arabidopsis thaliana"
"AT5G43510","AT5G45840","IntAct","Arabidopsis thaliana"
"AT1G69970","AT5G59650","IntAct","Arabidopsis thaliana"
"AT1G14700","AT5G65710","IntAct","Arabidopsis thaliana"
"AT3G12490","AT3G56170","IntAct","Arabidopsis thaliana"
"AT2G26010","AT4G35580","IntAct","Arabidopsis thaliana"
"AT4G22214","AT4G35580","IntAct","Arabidopsis thaliana"
"AT4G22212","AT4G35580","IntAct","Arabidopsis thaliana"
"AT1G75880","AT4G35580","IntAct","Arabidopsis thaliana"
"AT5G67210","AT4G35580","IntAct","Arabidopsis thaliana"
"AT5G44420","AT4G35580","IntAct","Arabidopsis thaliana"
"AT1G16950","AT4G35580","IntAct","Arabidopsis thaliana"
"AT4G28780","AT4G35580","IntAct","Arabidopsis thaliana"
"AT1G14700","AT2G23200","IntAct","Arabidopsis thaliana"
"AT1G14700","AT2G41820","IntAct","Arabidopsis thaliana"
"AT1G14700","AT4G37220","IntAct","Arabidopsis thaliana"
"AT1G14700","AT2G19130","IntAct","Arabidopsis thaliana"
"AT1G14700","AT1G61370","IntAct","Arabidopsis thaliana"
"AT1G69970","AT2G26180","IntAct","Arabidopsis thaliana"
"AT1G06225","AT2G26180","IntAct","Arabidopsis thaliana"
"AT3G22060","AT2G26180","IntAct","Arabidopsis thaliana"
"AT1G14700","AT5G53130","IntAct","Arabidopsis thaliana"
"AT1G14700","AT2G23980","IntAct","Arabidopsis thaliana"
"AT2G05520","AT5G19280","IntAct","Arabidopsis thaliana"
"AT1G14700","AT4G34460","IntAct","Arabidopsis thaliana"
"AT3G01610","AT3G09840","IntAct","Arabidopsis thaliana"
"AT1G06225","AT1G31812","IntAct","Arabidopsis thaliana"
"AT4G23170","AT3G43810","IntAct","Arabidopsis thaliana"
"AT1G14700","AT4G23210","IntAct","Arabidopsis thaliana"
"AT1G14700","AT4G31110","IntAct","Arabidopsis thaliana"
"AT1G14700","AT5G12480","IntAct","Arabidopsis thaliana"
"AT1G14700","AT1G77380","IntAct","Arabidopsis thaliana"
"AT2G05520","AT1G21250","IntAct","Arabidopsis thaliana"
"AT2G05380","AT1G21250","IntAct","Arabidopsis thaliana"
"AT3G14210","AT4G26090","IntAct","Arabidopsis thaliana"
"AT2G29960","AT1G13980","IntAct","Arabidopsis thaliana"
"AT1G14700","AT1G44100","IntAct","Arabidopsis thaliana"
"AT1G14700","AT4G23270","IntAct","Arabidopsis thaliana"
"AT1G14700","AT5G49760","IntAct","Arabidopsis thaliana"
"AT1G14700","AT1G69850","IntAct","Arabidopsis thaliana"
"AT1G14700","AT4G23220","IntAct","Arabidopsis thaliana"
"AT1G78860","AT4G30360","IntAct","Arabidopsis thaliana"
"AT1G14700","AT4G10850","IntAct","Arabidopsis thaliana"
"AT1G14700","AT5G57940","IntAct","Arabidopsis thaliana"
"AT1G14700","AT1G79670","IntAct","Arabidopsis thaliana"
"AT1G14700","AT2G23450","IntAct","Arabidopsis thaliana"
"AT5G43510","AT4G08850","IntAct","Arabidopsis thaliana"
"AT2G45220","AT5G08080","IntAct","Arabidopsis thaliana"
"AT1G14700","AT1G70300","IntAct","Arabidopsis thaliana"
"AT2G01880","AT5G67130","IntAct","Arabidopsis thaliana"
"AT1G14700","AT5G05170","IntAct","Arabidopsis thaliana"
"AT1G14700","AT5G12420","IntAct","Arabidopsis thaliana"
"AT1G14700","AT5G48380","IntAct","Arabidopsis thaliana"
"AT2G01890","AT4G23640","IntAct","Arabidopsis thaliana"
"AT5G43510","AT5G61480","IntAct","Arabidopsis thaliana"
"AT1G14700","AT5G24010","IntAct","Arabidopsis thaliana"
"AT1G14700","AT5G16590","IntAct","Arabidopsis thaliana"
"AT1G14700","AT5G59700","IntAct","Arabidopsis thaliana"
"AT1G69970","AT5G06320","IntAct","Arabidopsis thaliana"
"AT1G06225","AT5G06320","IntAct","Arabidopsis thaliana"
"AT3G50220","AT5G06320","IntAct","Arabidopsis thaliana"
"AT1G14700","AT3G17690","IntAct","Arabidopsis thaliana"
"AT1G14700","AT3G20190","IntAct","Arabidopsis thaliana"
"AT2G05520","AT1G21230","IntAct","Arabidopsis thaliana"
"AT1G69970","AT1G21240","IntAct","Arabidopsis thaliana"
"AT1G06225","AT1G21240","IntAct","Arabidopsis thaliana"
"AT2G05520","AT1G21240","IntAct","Arabidopsis thaliana"
"AT3G50220","AT1G21240","IntAct","Arabidopsis thaliana"
"AT1G14700","AT1G24400","IntAct","Arabidopsis thaliana"
"AT1G14700","AT5G49770","IntAct","Arabidopsis thaliana"
"AT1G14700","AT5G10530","IntAct","Arabidopsis thaliana"
"AT1G14700","AT5G01540","IntAct","Arabidopsis thaliana"
"AT5G43510","AT4G28650","IntAct","Arabidopsis thaliana"
"AT1G14700","AT3G45430","IntAct","Arabidopsis thaliana"
"AT1G06225","AT3G48890","IntAct","Arabidopsis thaliana"
"AT1G14700","AT3G49190","IntAct","Arabidopsis thaliana"
"AT1G14700","AT3G02880","IntAct","Arabidopsis thaliana"
"AT1G14700","AT1G18880","IntAct","Arabidopsis thaliana"
"AT1G14700","AT3G05360","IntAct","Arabidopsis thaliana"
"AT1G02900","AT3G51550","IntAct","Arabidopsis thaliana"
"AT1G54010","AT2G40270","IntAct","Arabidopsis thaliana"
"AT5G53470","AT1G53910","IntAct","Arabidopsis thaliana"
"AT1G14700","AT4G20390","IntAct","Arabidopsis thaliana"
"AT1G14700","AT1G61610","IntAct","Arabidopsis thaliana"
"AT1G14700","AT4G04540","IntAct","Arabidopsis thaliana"
"AT1G05260","AT2G01950","IntAct","Arabidopsis thaliana"
"AT5G15230","AT2G01950","IntAct","Arabidopsis thaliana"
"AT2G28100","AT2G01950","IntAct","Arabidopsis thaliana"
"AT1G54010","AT2G01950","IntAct","Arabidopsis thaliana"
"AT5G14920","AT2G01950","IntAct","Arabidopsis thaliana"
"AT3G14220","AT2G01950","IntAct","Arabidopsis thaliana"
"AT1G13750","AT2G01950","IntAct","Arabidopsis thaliana"
"AT3G16370","AT2G01950","IntAct","Arabidopsis thaliana"
"AT4G21960","AT2G01950","IntAct","Arabidopsis thaliana"
"AT4G36360","AT2G01950","IntAct","Arabidopsis thaliana"
"AT3G13750","AT2G01950","IntAct","Arabidopsis thaliana"
"AT1G14700","AT3G59740","IntAct","Arabidopsis thaliana"
"AT4G28250","AT3G11820","IntAct","Arabidopsis thaliana"
"AT1G14700","AT2G39060","IntAct","Arabidopsis thaliana"
"AT2G38540","AT5G37780","BIOGRID","Arabidopsis thaliana"
"AT2G29960","AT1G13980","BIOGRID","Arabidopsis thaliana"
"AT2G05520","AT1G21250","BIOGRID","Arabidopsis thaliana"
"AT2G05520","AT5G19280","BIOGRID","Arabidopsis thaliana"
"AT2G27250","AT1G75820","BIOGRID","Arabidopsis thaliana"
"AT2G03670","AT4G34460","BIOGRID","Arabidopsis thaliana"
"AT5G03260","AT4G01010","BIOGRID","Arabidopsis thaliana"
"AT5G53470","AT3G15730","BIOGRID","Arabidopsis thaliana"
"AT5G04200","AT3G09840","BIOGRID","Arabidopsis thaliana"
"AT5G04200","AT1G04750","BIOGRID","Arabidopsis thaliana"
"AT5G04200","AT2G18960","BIOGRID","Arabidopsis thaliana"
"AT5G04200","AT3G61260","BIOGRID","Arabidopsis thaliana"
"AT3G12490","AT2G40410","BIOGRID","Arabidopsis thaliana"
"AT1G28490","AT3G11820","BIOGRID","Arabidopsis thaliana"
"AT1G53130","AT1G50610","BIOGRID","Arabidopsis thaliana"
"AT1G69970","AT5G06320","BIOGRID","Arabidopsis thaliana"
"AT1G06225","AT1G31812","BIOGRID","Arabidopsis thaliana"
"AT1G06225","AT5G06320","BIOGRID","Arabidopsis thaliana"
"AT1G69970","AT2G26180","BIOGRID","Arabidopsis thaliana"
"AT1G69970","AT1G21240","BIOGRID","Arabidopsis thaliana"
"AT1G69970","AT5G59650","BIOGRID","Arabidopsis thaliana"
"AT1G06225","AT2G26180","BIOGRID","Arabidopsis thaliana"
"AT1G06225","AT3G48890","BIOGRID","Arabidopsis thaliana"
"AT1G06225","AT1G21240","BIOGRID","Arabidopsis thaliana"
"AT4G23170","AT5G37780","BIOGRID","Arabidopsis thaliana"
"AT4G23170","AT3G43810","BIOGRID","Arabidopsis thaliana"
"AT2G26010","AT4G35580","BIOGRID","Arabidopsis thaliana"
"AT3G14210","AT4G26090","BIOGRID","Arabidopsis thaliana"
"AT2G05520","AT1G21240","BIOGRID","Arabidopsis thaliana"
"AT2G05520","AT1G21230","BIOGRID","Arabidopsis thaliana"
"AT5G67210","AT4G35580","BIOGRID","Arabidopsis thaliana"
"AT3G13790","AT4G34460","BIOGRID","Arabidopsis thaliana"
"AT5G64120","AT3G26090","BIOGRID","Arabidopsis thaliana"
"AT5G57560","AT3G26090","BIOGRID","Arabidopsis thaliana"
"AT5G51890","AT3G26090","BIOGRID","Arabidopsis thaliana"
"AT5G14180","AT3G26090","BIOGRID","Arabidopsis thaliana"
"AT4G08950","AT3G26090","BIOGRID","Arabidopsis thaliana"
"AT4G08770","AT3G26090","BIOGRID","Arabidopsis thaliana"
"AT3G49120","AT3G26090","BIOGRID","Arabidopsis thaliana"
"AT3G32980","AT3G26090","BIOGRID","Arabidopsis thaliana"
"AT3G14210","AT3G26090","BIOGRID","Arabidopsis thaliana"
"AT3G01610","AT3G26090","BIOGRID","Arabidopsis thaliana"
"AT1G78670","AT3G26090","BIOGRID","Arabidopsis thaliana"
"AT2G06850","AT2G26300","BIOGRID","Arabidopsis thaliana"
"AT2G20875","AT2G26330","BIOGRID","Arabidopsis thaliana"
"AT1G34245","AT2G26330","BIOGRID","Arabidopsis thaliana"
"AT2G20875","AT5G62230","BIOGRID","Arabidopsis thaliana"
"AT1G34245","AT5G62230","BIOGRID","Arabidopsis thaliana"
"AT1G34245","AT1G80080","BIOGRID","Arabidopsis thaliana"
"AT4G28250","AT3G11820","BIOGRID","Arabidopsis thaliana"
"AT2G45220","AT5G08080","BIOGRID","Arabidopsis thaliana"
"AT1G69970","AT5G16590","BIOGRID","Arabidopsis thaliana"
"AT2G30370","AT2G37170","BIOGRID","Arabidopsis thaliana"
"AT4G18510","AT1G75820","BIOGRID","Arabidopsis thaliana"
"AT1G28490","AT4G35100","BIOGRID","Arabidopsis thaliana"
"AT1G02900","AT3G51550","BIOGRID","Arabidopsis thaliana"
"AT2G27250","AT5G65700","BIOGRID","Arabidopsis thaliana"
"AT2G27250","AT3G49670","BIOGRID","Arabidopsis thaliana"
"AT4G28780","AT5G43980","BIOGRID","Arabidopsis thaliana"
"AT5G49360","AT5G43980","BIOGRID","Arabidopsis thaliana"
"AT5G07530","AT3G21630","BIOGRID","Arabidopsis thaliana"
"AT5G48485","AT3G21630","BIOGRID","Arabidopsis thaliana"
"AT1G14700","AT1G24400","BIOGRID","Arabidopsis thaliana"
"AT1G14700","AT3G17690","BIOGRID","Arabidopsis thaliana"
"AT1G14700","AT5G57940","BIOGRID","Arabidopsis thaliana"
"AT1G78860","AT4G30360","BIOGRID","Arabidopsis thaliana"
"AT1G14700","AT5G12480","BIOGRID","Arabidopsis thaliana"
"AT1G14700","AT1G70300","BIOGRID","Arabidopsis thaliana"
"AT1G14700","AT4G23220","BIOGRID","Arabidopsis thaliana"
"AT1G14700","AT4G04540","BIOGRID","Arabidopsis thaliana"
"AT1G14700","AT1G44100","BIOGRID","Arabidopsis thaliana"
"AT1G14700","AT1G77380","BIOGRID","Arabidopsis thaliana"
"AT1G14700","AT2G23980","BIOGRID","Arabidopsis thaliana"
"AT1G14700","AT1G79670","BIOGRID","Arabidopsis thaliana"
"AT1G14700","AT5G53130","BIOGRID","Arabidopsis thaliana"
"AT1G14700","AT5G16590","BIOGRID","Arabidopsis thaliana"
"AT1G14700","AT5G65710","BIOGRID","Arabidopsis thaliana"
"AT1G14700","AT3G05360","BIOGRID","Arabidopsis thaliana"
"AT1G14700","AT1G69850","BIOGRID","Arabidopsis thaliana"
"AT1G14700","AT4G23270","BIOGRID","Arabidopsis thaliana"
"AT2G01890","AT4G23640","BIOGRID","Arabidopsis thaliana"
"AT1G14700","AT5G48380","BIOGRID","Arabidopsis thaliana"
"AT1G14700","AT4G23210","BIOGRID","Arabidopsis thaliana"
"AT1G14700","AT5G01540","BIOGRID","Arabidopsis thaliana"
"AT1G14700","AT5G05170","BIOGRID","Arabidopsis thaliana"
"AT1G14700","AT4G34460","BIOGRID","Arabidopsis thaliana"
"AT1G13750","AT2G01950","BIOGRID","Arabidopsis thaliana"
"AT3G14220","AT2G01950","BIOGRID","Arabidopsis thaliana"
"AT3G16370","AT2G01950","BIOGRID","Arabidopsis thaliana"
"AT5G14920","AT2G01950","BIOGRID","Arabidopsis thaliana"
"AT5G15230","AT2G01950","BIOGRID","Arabidopsis thaliana"
"AT1G05260","AT2G01950","BIOGRID","Arabidopsis thaliana"
"AT1G54010","AT2G01950","BIOGRID","Arabidopsis thaliana"
"AT4G21960","AT2G01950","BIOGRID","Arabidopsis thaliana"
"AT2G28100","AT2G01950","BIOGRID","Arabidopsis thaliana"
"AT3G13750","AT2G01950","BIOGRID","Arabidopsis thaliana"
"AT4G36360","AT2G01950","BIOGRID","Arabidopsis thaliana"
"AT5G44420","AT4G35580","BIOGRID","Arabidopsis thaliana"
"AT2G38380","AT2G45960","BIOGRID","Arabidopsis thaliana"
"AT3G10380","AT2G45960","BIOGRID","Arabidopsis thaliana"
"AT4G02350","AT2G45960","BIOGRID","Arabidopsis thaliana"
"AT4G12420","AT2G45960","BIOGRID","Arabidopsis thaliana"
"AT5G12370","AT2G45960","BIOGRID","Arabidopsis thaliana"
"AT2G38380","AT3G53420","BIOGRID","Arabidopsis thaliana"
"AT3G10380","AT3G53420","BIOGRID","Arabidopsis thaliana"
"AT4G12420","AT3G53420","BIOGRID","Arabidopsis thaliana"
"AT5G17820","AT3G53420","BIOGRID","Arabidopsis thaliana"
"AT4G12420","AT3G24300","BIOGRID","Arabidopsis thaliana"
"AT3G10380","AT3G24300","BIOGRID","Arabidopsis thaliana"
"AT2G05520","AT1G21250","interactome2.0","Arabidopsis thaliana"
"AT2G27250","AT1G75820","interactome2.0","Arabidopsis thaliana"
"AT2G29960","AT1G13980","interactome2.0","Arabidopsis thaliana"
"AT4G23170","AT3G43810","interactome2.0","Arabidopsis thaliana"
"AT3G12490","AT1G02680","interactome2.0","Arabidopsis thaliana"
"AT5G20340","AT1G04750","interactome2.0","Arabidopsis thaliana"
"AT5G63140","AT1G07430","interactome2.0","Arabidopsis thaliana"
"AT4G13090","AT1G15520","interactome2.0","Arabidopsis thaliana"
"AT5G20340","AT1G27320","interactome2.0","Arabidopsis thaliana"
"AT4G29360","AT1G32090","interactome2.0","Arabidopsis thaliana"
"AT5G20340","AT1G35350","interactome2.0","Arabidopsis thaliana"
"AT5G24090","AT1G35350","interactome2.0","Arabidopsis thaliana"
"AT2G14620","AT1G04750","interactome2.0","Arabidopsis thaliana"
"AT2G15230","AT1G04750","interactome2.0","Arabidopsis thaliana"
"AT5G24090","AT2G32670","interactome2.0","Arabidopsis thaliana"
"AT5G14180","AT2G45960","interactome2.0","Arabidopsis thaliana"
"AT5G12370","AT3G09900","interactome2.0","Arabidopsis thaliana"
"AT5G24090","AT3G13900","interactome2.0","Arabidopsis thaliana"
"AT3G23730","AT2G13680","interactome2.0","Arabidopsis thaliana"
"AT4G29360","AT3G45780","interactome2.0","Arabidopsis thaliana"
"AT5G20340","AT3G47290","interactome2.0","Arabidopsis thaliana"
"AT5G20340","AT4G04340","interactome2.0","Arabidopsis thaliana"
"AT5G12370","AT4G35020","interactome2.0","Arabidopsis thaliana"
"AT5G14180","AT4G36490","interactome2.0","Arabidopsis thaliana"
"AT4G39640","AT3G54820","interactome2.0","Arabidopsis thaliana"
"AT5G12370","AT5G09350","interactome2.0","Arabidopsis thaliana"
"AT5G14180","AT2G32670","interactome2.0","Arabidopsis thaliana"
"AT5G14180","AT3G47960","interactome2.0","Arabidopsis thaliana"
"AT5G20340","AT1G47830","interactome2.0","Arabidopsis thaliana"
"AT1G28490","AT1G04750","interactome2.0","Arabidopsis thaliana"
"AT5G24090","AT2G26300","interactome2.0","Arabidopsis thaliana"
"AT5G24090","AT4G34460","interactome2.0","Arabidopsis thaliana"
"AT3G19020","AT2G38940","interactome2.0","Arabidopsis thaliana"
"AT3G01610","AT3G09840","interactome2.0","Arabidopsis thaliana"
"AT4G23170","AT5G37780","interactome2.0","Arabidopsis thaliana"
"AT4G24973","AT5G07280","interactome2.0","Arabidopsis thaliana"
"AT1G28490","AT4G15780","interactome2.0","Arabidopsis thaliana"
"AT2G06850","AT2G46710","interactome2.0","Arabidopsis thaliana"
"AT2G06850","AT2G47160","interactome2.0","Arabidopsis thaliana"
"AT2G06850","AT4G19640","interactome2.0","Arabidopsis thaliana"
"AT2G15230","AT2G46710","interactome2.0","Arabidopsis thaliana"
"AT1G28490","AT2G33120","interactome2.0","Arabidopsis thaliana"
"AT3G12490","AT5G26340","interactome2.0","Arabidopsis thaliana"
"AT3G57240","AT5G47510","interactome2.0","Arabidopsis thaliana"
"AT3G12490","AT4G36750","interactome2.0","Arabidopsis thaliana"
"AT4G39640","AT5G26340","interactome2.0","Arabidopsis thaliana"
"AT2G14610","AT5G01410","interactome2.0","Arabidopsis thaliana"
"AT5G24090","AT5G26340","interactome2.0","Arabidopsis thaliana"
"AT1G28490","AT5G58060","interactome2.0","Arabidopsis thaliana"
"AT1G78580","AT3G54840","interactome2.0","Arabidopsis thaliana"
"AT3G53230","AT5G01410","plant.MAP","Arabidopsis thaliana"
"AT5G03340","AT5G01410","plant.MAP","Arabidopsis thaliana"
"AT2G28950","AT1G47830","plant.MAP","Arabidopsis thaliana"
"AT1G53940","AT5G06970","plant.MAP","Arabidopsis thaliana"
"AT4G19410","AT3G12145","plant.MAP","Arabidopsis thaliana"
"AT1G74210","AT3G12145","plant.MAP","Arabidopsis thaliana"
"AT5G45280","AT3G12145","plant.MAP","Arabidopsis thaliana"
"AT1G54030","AT5G61130","plant.MAP","Arabidopsis thaliana"
"AT1G01900","AT4G35350","plant.MAP","Arabidopsis thaliana"
"AT1G01900","AT1G20850","plant.MAP","Arabidopsis thaliana"
"AT5G03340","AT5G10450","plant.MAP","Arabidopsis thaliana"
"AT3G53230","AT5G10450","plant.MAP","Arabidopsis thaliana"
"AT5G03340","AT5G12110","plant.MAP","Arabidopsis thaliana"
"AT3G53230","AT5G12110","plant.MAP","Arabidopsis thaliana"
"AT5G60640","AT3G09840","plant.MAP","Arabidopsis thaliana"
"AT1G53940","AT3G01390","plant.MAP","Arabidopsis thaliana"
"AT4G30020","AT1G20850","plant.MAP","Arabidopsis thaliana"
"AT4G30020","AT4G35350","plant.MAP","Arabidopsis thaliana"
"AT5G64260","AT4G35350","plant.MAP","Arabidopsis thaliana"
"AT5G09440","AT4G35350","plant.MAP","Arabidopsis thaliana"
"AT5G64260","AT1G20850","plant.MAP","Arabidopsis thaliana"
"AT5G09440","AT1G20850","plant.MAP","Arabidopsis thaliana"
"AT3G50610","AT1G72180","literature","Arabidopsis thaliana"
"AT3G50610","AT5G49660","literature","Arabidopsis thaliana"
"AT5G66816","AT1G72180","literature","Arabidopsis thaliana"
"AT5G66816","AT5G49660","literature","Arabidopsis thaliana"
"AT5G51451","AT5G48940","literature","Arabidopsis thaliana"
"AT5G51451","AT4G26540","literature","Arabidopsis thaliana"
"AT5G51451","AT3G24240","literature","Arabidopsis thaliana"
"AT3G60650","AT3G24240","literature","Arabidopsis thaliana"
"AT3G60650","AT4G26540","literature","Arabidopsis thaliana"
"AT3G60650","AT5G48940","literature","Arabidopsis thaliana"
"AT1G69970","AT5G65700","literature","Arabidopsis thaliana"
"AT1G69970","AT3G49670","literature","Arabidopsis thaliana"
"AT1G69970","AT1G65380","literature","Arabidopsis thaliana"
"AT1G69970","AT2G23950","literature","Arabidopsis thaliana"
"AT1G69970","AT5G13290","literature","Arabidopsis thaliana"
"AT2G40530","AT1G72180","literature","Arabidopsis thaliana"
"AT2G40530","AT5G49660","literature","Arabidopsis thaliana"
"AT4G18510","AT1G75820","literature","Arabidopsis thaliana"
"AT4G34600","AT4G20140","literature","Arabidopsis thaliana"
"AT4G34600","AT5G44700","literature","Arabidopsis thaliana"
"AT2G23440","AT5G49660","literature","Arabidopsis thaliana"
"AT5G43518","AT5G20690","literature","Arabidopsis thaliana"
"AT5G66818","AT1G72180","literature","Arabidopsis thaliana"
"AT5G66818","AT5G49660","literature","Arabidopsis thaliana"
"AT5G66819","AT5G49660","literature","Arabidopsis thaliana"
"AT5G66819","AT1G72180","literature","Arabidopsis thaliana"
"AT2G23445","AT1G72180","literature","Arabidopsis thaliana"
"AT2G23445","AT5G49660","literature","Arabidopsis thaliana"
"AT1G31670","AT1G72180","literature","Arabidopsis thaliana"
"AT1G31670","AT5G49660","literature","Arabidopsis thaliana"
"AT5G66815","AT5G49660","literature","Arabidopsis thaliana"
"AT2G30370","AT2G26330","literature","Arabidopsis thaliana"
"AT3G25655","AT4G28490","literature","Arabidopsis thaliana"
"AT3G25655","AT5G65710","literature","Arabidopsis thaliana"
"AT4G14723","AT2G26330","literature","Arabidopsis thaliana"
"AT1G67775","AT2G23950","literature","Arabidopsis thaliana"
"AT1G67775","AT1G65380","literature","Arabidopsis thaliana"
"AT1G67775","AT5G13290","literature","Arabidopsis thaliana"
"AT5G60810","AT1G34110","literature","Arabidopsis thaliana"
"AT5G60810","AT3G24240","literature","Arabidopsis thaliana"
"AT5G60810","AT5G48940","literature","Arabidopsis thaliana"
"AT5G60810","AT4G26540","literature","Arabidopsis thaliana"
"AT5G60810","AT5G56040","literature","Arabidopsis thaliana"
"AT5G12235","AT5G65700","literature","Arabidopsis thaliana"
"AT5G12235","AT3G49670","literature","Arabidopsis thaliana"
"AT2G35612","AT5G49660","literature","Arabidopsis thaliana"
"AT2G35612","AT1G72180","literature","Arabidopsis thaliana"
"AT1G66145","AT2G23950","literature","Arabidopsis thaliana"
"AT1G66145","AT5G13290","literature","Arabidopsis thaliana"
"AT1G66145","AT1G65380","literature","Arabidopsis thaliana"
"AT1G66145","AT5G65700","literature","Arabidopsis thaliana"
"AT1G66145","AT3G49670","literature","Arabidopsis thaliana"
"AT1G63245","AT1G17750","literature","Arabidopsis thaliana"
"AT1G63245","AT2G23950","literature","Arabidopsis thaliana"
"AT1G63245","AT1G65380","literature","Arabidopsis thaliana"
"AT1G63245","AT5G13290","literature","Arabidopsis thaliana"
"AT1G59835","AT1G72180","literature","Arabidopsis thaliana"
"AT1G59835","AT5G49660","literature","Arabidopsis thaliana"
"AT1G49005","AT5G65700","literature","Arabidopsis thaliana"
"AT1G49005","AT2G23950","literature","Arabidopsis thaliana"
"AT1G49005","AT5G13290","literature","Arabidopsis thaliana"
"AT1G49005","AT3G49670","literature","Arabidopsis thaliana"
"AT1G49005","AT1G65380","literature","Arabidopsis thaliana"
"AT1G06225","AT2G23950","literature","Arabidopsis thaliana"
"AT1G05065","AT2G23950","literature","Arabidopsis thaliana"
"AT1G05065","AT5G13290","literature","Arabidopsis thaliana"
"AT1G05065","AT1G65380","literature","Arabidopsis thaliana"
"AT1G69320","AT2G23950","literature","Arabidopsis thaliana"
"AT1G69320","AT1G65380","literature","Arabidopsis thaliana"
"AT1G69320","AT5G13290","literature","Arabidopsis thaliana"
"AT5G43510","AT5G45840","literature","Arabidopsis thaliana"
"AT5G43510","AT4G28650","literature","Arabidopsis thaliana"
"AT5G43510","AT4G08850","literature","Arabidopsis thaliana"
"AT5G43510","AT5G61480","literature","Arabidopsis thaliana"
"AT5G43510","AT5G20690","literature","Arabidopsis thaliana"
"AT5G43285","AT5G20690","literature","Arabidopsis thaliana"
"AT5G43513","AT5G20690","literature","Arabidopsis thaliana"
"AT1G29290","AT1G72180","literature","Arabidopsis thaliana"
"AT1G29290","AT5G49660","literature","Arabidopsis thaliana"
"AT1G49800","AT1G72180","literature","Arabidopsis thaliana"
"AT1G49800","AT5G49660","literature","Arabidopsis thaliana"
"AT1G13620","AT4G26540","literature","Arabidopsis thaliana"
"AT1G13620","AT3G24240","literature","Arabidopsis thaliana"
"AT1G13620","AT5G48940","literature","Arabidopsis thaliana"
"AT2G04025","AT4G26540","literature","Arabidopsis thaliana"
"AT2G04025","AT3G24240","literature","Arabidopsis thaliana"
"AT2G04025","AT5G48940","literature","Arabidopsis thaliana"
"AT1G69588","AT1G65380","literature","Arabidopsis thaliana"
"AT1G69588","AT4G20270","literature","Arabidopsis thaliana"
"AT1G69588","AT5G13290","literature","Arabidopsis thaliana"
"AT1G69588","AT2G25790","literature","Arabidopsis thaliana"
"AT1G69588","AT2G23950","literature","Arabidopsis thaliana"
"AT1G69588","AT5G56040","literature","Arabidopsis thaliana"
"AT1G25425","AT5G56040","literature","Arabidopsis thaliana"
"AT1G25425","AT2G25790","literature","Arabidopsis thaliana"
"AT2G34925","AT3G49670","literature","Arabidopsis thaliana"
"AT2G34925","AT5G65700","literature","Arabidopsis thaliana"
"AT2G33775","AT4G39110","literature","Arabidopsis thaliana"
"AT2G33775","AT2G21480","literature","Arabidopsis thaliana"
"AT1G73965","AT5G13290","literature","Arabidopsis thaliana"
"AT1G73965","AT1G65380","literature","Arabidopsis thaliana"
"AT1G73965","AT2G23950","literature","Arabidopsis thaliana"
"AT4G24972","AT5G07280","literature","Arabidopsis thaliana"
"AT2G16385","AT5G44700","literature","Arabidopsis thaliana"
"AT2G16385","AT4G20140","literature","Arabidopsis thaliana"
"AT3G24770","AT2G23950","literature","Arabidopsis thaliana"
"AT3G24770","AT5G65700","literature","Arabidopsis thaliana"
"AT3G24770","AT5G61480","literature","Arabidopsis thaliana"
"AT3G24770","AT5G13290","literature","Arabidopsis thaliana"
"AT3G24770","AT1G65380","literature","Arabidopsis thaliana"
"AT3G24770","AT3G49670","literature","Arabidopsis thaliana"
"AT1G70895","AT5G13290","literature","Arabidopsis thaliana"
"AT1G70895","AT1G65380","literature","Arabidopsis thaliana"
"AT1G68765","AT5G65710","literature","Arabidopsis thaliana"
"AT1G68765","AT4G28490","literature","Arabidopsis thaliana"
"AT1G34245","AT5G07180","literature","Arabidopsis thaliana"
"AT1G34245","AT2G26330","literature","Arabidopsis thaliana"
"AT1G34245","AT5G62230","literature","Arabidopsis thaliana"
"AT3G28455","AT1G65380","literature","Arabidopsis thaliana"
"AT3G28455","AT5G65700","literature","Arabidopsis thaliana"
"AT3G28455","AT5G13290","literature","Arabidopsis thaliana"
"AT3G28455","AT2G23950","literature","Arabidopsis thaliana"
"AT3G28455","AT3G49670","literature","Arabidopsis thaliana"
"AT2G20875","AT2G26330","literature","Arabidopsis thaliana"
"AT2G20875","AT5G62230","literature","Arabidopsis thaliana"
"AT2G20875","AT5G07180","literature","Arabidopsis thaliana"
"AT2G01505","AT1G65380","literature","Arabidopsis thaliana"
"AT2G01505","AT5G13290","literature","Arabidopsis thaliana"
"AT2G31083","AT5G65700","literature","Arabidopsis thaliana"
"AT3G24225","AT3G49670","literature","Arabidopsis thaliana"
"AT3G24225","AT5G65700","literature","Arabidopsis thaliana"
"AT4G13195","AT1G65380","literature","Arabidopsis thaliana"
"AT4G13195","AT5G13290","literature","Arabidopsis thaliana"
"AT4G13195","AT2G23950","literature","Arabidopsis thaliana"
"AT4G13195","AT5G61480","literature","Arabidopsis thaliana"
"AT5G50260","AT1G72180","literature","Arabidopsis thaliana"
"AT5G50260","AT5G49660","literature","Arabidopsis thaliana"
"AT5G67070","AT5G28680","literature","Arabidopsis thaliana"
"AT5G67070","AT2G21480","literature","Arabidopsis thaliana"
"AT5G67070","AT4G39110","literature","Arabidopsis thaliana"
"AT5G67070","AT3G04690","literature","Arabidopsis thaliana"
"AT1G16950","AT1G72180","literature","Arabidopsis thaliana"
"AT1G16950","AT5G49660","literature","Arabidopsis thaliana"
"AT1G28270","AT4G39110","literature","Arabidopsis thaliana"
"AT1G28270","AT2G21480","literature","Arabidopsis thaliana"
"AT1G26600","AT1G65380","literature","Arabidopsis thaliana"
"AT1G26600","AT5G13290","literature","Arabidopsis thaliana"
"AT1G26600","AT2G23950","literature","Arabidopsis thaliana"
"AT3G30350","AT4G26540","literature","Arabidopsis thaliana"
"AT3G30350","AT3G24240","literature","Arabidopsis thaliana"
"AT3G30350","AT5G48940","literature","Arabidopsis thaliana"
"AT3G22820","AT2G26330","literature","Arabidopsis thaliana"
"AT3G16570","AT3G51550","literature","Arabidopsis thaliana"
"AT5G64900","AT1G17750","literature","Arabidopsis thaliana"
"AT5G64900","AT1G73080","literature","Arabidopsis thaliana"
"AT5G64800","AT1G65380","literature","Arabidopsis thaliana"
"AT5G64800","AT2G23950","literature","Arabidopsis thaliana"
"AT5G64800","AT5G13290","literature","Arabidopsis thaliana"
"AT5G12990","AT3G49670","literature","Arabidopsis thaliana"
"AT5G12990","AT5G13290","literature","Arabidopsis thaliana"
"AT5G12990","AT2G23950","literature","Arabidopsis thaliana"
"AT5G12990","AT5G65700","literature","Arabidopsis thaliana"
"AT5G12990","AT1G75820","literature","Arabidopsis thaliana"
"AT5G12990","AT3G59420","literature","Arabidopsis thaliana"
"AT5G12990","AT1G65380","literature","Arabidopsis thaliana"
"AT1G36045","AT1G72180","literature","Arabidopsis thaliana"
"AT1G36045","AT5G49660","literature","Arabidopsis thaliana"
"AT1G02900","AT3G51550","literature","Arabidopsis thaliana"
"AT4G12970","AT2G26330","literature","Arabidopsis thaliana"
"AT2G27250","AT1G65380","literature","Arabidopsis thaliana"
"AT2G27250","AT1G75820","literature","Arabidopsis thaliana"
"AT2G27250","AT5G65700","literature","Arabidopsis thaliana"
"AT2G27250","AT3G49670","literature","Arabidopsis thaliana"
"AT2G27250","AT5G13290","literature","Arabidopsis thaliana"
"AT1G59970","AT1G07650","orthologs","Arabidopsis thaliana"
"AT1G70170","AT1G07650","orthologs","Arabidopsis thaliana"
"AT1G24140","AT1G07650","orthologs","Arabidopsis thaliana"
"AT1G70170","AT1G53420","orthologs","Arabidopsis thaliana"
"AT1G24140","AT1G53420","orthologs","Arabidopsis thaliana"
"AT1G59970","AT1G53420","orthologs","Arabidopsis thaliana"
"AT1G59970","AT1G53430","orthologs","Arabidopsis thaliana"
"AT1G70170","AT1G53430","orthologs","Arabidopsis thaliana"
"AT1G24140","AT1G53430","orthologs","Arabidopsis thaliana"
"AT1G70170","AT1G53440","orthologs","Arabidopsis thaliana"
"AT1G24140","AT1G53440","orthologs","Arabidopsis thaliana"
"AT1G59970","AT1G53440","orthologs","Arabidopsis thaliana"
"AT1G24140","AT1G56130","orthologs","Arabidopsis thaliana"
"AT1G59970","AT1G56130","orthologs","Arabidopsis thaliana"
"AT1G70170","AT1G56130","orthologs","Arabidopsis thaliana"
"AT1G59970","AT1G56140","orthologs","Arabidopsis thaliana"
"AT1G70170","AT1G56140","orthologs","Arabidopsis thaliana"
"AT1G24140","AT1G56140","orthologs","Arabidopsis thaliana"
"AT1G70170","AT1G69990","orthologs","Arabidopsis thaliana"
"AT1G59970","AT1G69990","orthologs","Arabidopsis thaliana"
"AT1G24140","AT1G69990","orthologs","Arabidopsis thaliana"
"AT1G24140","AT2G02780","orthologs","Arabidopsis thaliana"
"AT1G70170","AT2G02780","orthologs","Arabidopsis thaliana"
"AT1G59970","AT2G02780","orthologs","Arabidopsis thaliana"
"AT1G24140","AT2G16250","orthologs","Arabidopsis thaliana"
"AT1G70170","AT2G16250","orthologs","Arabidopsis thaliana"
"AT1G59970","AT2G16250","orthologs","Arabidopsis thaliana"
"AT1G24140","AT3G14840","orthologs","Arabidopsis thaliana"
"AT1G70170","AT3G14840","orthologs","Arabidopsis thaliana"
"AT1G59970","AT3G14840","orthologs","Arabidopsis thaliana"
"AT1G24140","AT4G31250","orthologs","Arabidopsis thaliana"
"AT1G59970","AT4G31250","orthologs","Arabidopsis thaliana"
"AT1G70170","AT4G31250","orthologs","Arabidopsis thaliana"
"AT1G70170","AT4G37250","orthologs","Arabidopsis thaliana"
"AT1G24140","AT4G37250","orthologs","Arabidopsis thaliana"
"AT1G59970","AT4G37250","orthologs","Arabidopsis thaliana"
"AT1G70170","AT5G35390","orthologs","Arabidopsis thaliana"
"AT1G59970","AT5G35390","orthologs","Arabidopsis thaliana"
"AT1G24140","AT5G35390","orthologs","Arabidopsis thaliana"
"AT3G23010","AT1G69910","orthologs","Arabidopsis thaliana"
"AT1G02930","AT1G69910","orthologs","Arabidopsis thaliana"
"AT1G80080","AT1G69910","orthologs","Arabidopsis thaliana"
"AT1G02940","AT1G69910","orthologs","Arabidopsis thaliana"
"AT1G68090","AT1G69910","orthologs","Arabidopsis thaliana"
"AT2G42800","AT1G69910","orthologs","Arabidopsis thaliana"
"AT3G03190","AT1G69910","orthologs","Arabidopsis thaliana"
"AT5G37640","AT1G69910","orthologs","Arabidopsis thaliana"
"AT1G02920","AT1G69910","orthologs","Arabidopsis thaliana"
"AT2G47110","AT1G69910","orthologs","Arabidopsis thaliana"
"AT1G17250","AT1G69910","orthologs","Arabidopsis thaliana"
"AT4G05320","AT1G69910","orthologs","Arabidopsis thaliana"
"AT5G03240","AT1G69910","orthologs","Arabidopsis thaliana"
"AT1G23410","AT1G69910","orthologs","Arabidopsis thaliana"
"AT2G26300","AT1G69910","orthologs","Arabidopsis thaliana"
"AT5G52640","AT1G69910","orthologs","Arabidopsis thaliana"
"AT2G30860","AT1G69910","orthologs","Arabidopsis thaliana"
"AT4G05050","AT1G69910","orthologs","Arabidopsis thaliana"
"AT4G24190","AT1G69910","orthologs","Arabidopsis thaliana"
"AT3G28890","AT1G69910","orthologs","Arabidopsis thaliana"
"AT3G12610","AT1G69910","orthologs","Arabidopsis thaliana"
"AT1G49860","AT1G69910","orthologs","Arabidopsis thaliana"
"AT2G02930","AT1G69910","orthologs","Arabidopsis thaliana"
"AT4G02890","AT1G69910","orthologs","Arabidopsis thaliana"
"AT2G36170","AT1G69910","orthologs","Arabidopsis thaliana"
"AT1G74200","AT1G69910","orthologs","Arabidopsis thaliana"
"AT3G12145","AT1G69910","orthologs","Arabidopsis thaliana"
"AT5G06870","AT1G69910","orthologs","Arabidopsis thaliana"
"AT3G52590","AT1G69910","orthologs","Arabidopsis thaliana"
"AT5G06860","AT1G69910","orthologs","Arabidopsis thaliana"
"AT5G56030","AT1G69910","orthologs","Arabidopsis thaliana"
"AT5G56000","AT1G69910","orthologs","Arabidopsis thaliana"
"AT1G17240","AT1G69910","orthologs","Arabidopsis thaliana"
"AT1G23490","AT1G69910","orthologs","Arabidopsis thaliana"
"AT5G56010","AT1G69910","orthologs","Arabidopsis thaliana"
"AT1G13230","AT1G69910","orthologs","Arabidopsis thaliana"
"AT3G62250","AT1G69910","orthologs","Arabidopsis thaliana"
"AT2G47730","AT1G69910","orthologs","Arabidopsis thaliana"
"AT4G02520","AT1G69910","orthologs","Arabidopsis thaliana"
"AT1G70490","AT1G69910","orthologs","Arabidopsis thaliana"
"AT5G17220","AT1G69910","orthologs","Arabidopsis thaliana"
"AT2G30870","AT1G69910","orthologs","Arabidopsis thaliana"
"AT1G02950","AT1G69910","orthologs","Arabidopsis thaliana"
"AT3G62760","AT1G69910","orthologs","Arabidopsis thaliana"
"AT2G30210","AT5G03570","orthologs","Arabidopsis thaliana"
"AT5G09360","AT5G03570","orthologs","Arabidopsis thaliana"
"AT3G09220","AT5G03570","orthologs","Arabidopsis thaliana"
"AT5G48100","AT5G03570","orthologs","Arabidopsis thaliana"
"AT5G60020","AT5G03570","orthologs","Arabidopsis thaliana"
"AT5G03260","AT5G03570","orthologs","Arabidopsis thaliana"
"AT4G25240","AT5G03570","orthologs","Arabidopsis thaliana"
"AT5G01050","AT5G03570","orthologs","Arabidopsis thaliana"
"AT4G12420","AT5G03570","orthologs","Arabidopsis thaliana"
"AT5G58910","AT5G03570","orthologs","Arabidopsis thaliana"
"AT2G38080","AT5G03570","orthologs","Arabidopsis thaliana"
"AT5G05390","AT5G03570","orthologs","Arabidopsis thaliana"
"AT2G46570","AT5G03570","orthologs","Arabidopsis thaliana"
"AT5G01040","AT5G03570","orthologs","Arabidopsis thaliana"
"AT2G40370","AT5G03570","orthologs","Arabidopsis thaliana"
"AT5G21100","AT5G03570","orthologs","Arabidopsis thaliana"
"AT5G51480","AT5G03570","orthologs","Arabidopsis thaliana"
"AT5G07130","AT5G03570","orthologs","Arabidopsis thaliana"
"AT5G01190","AT5G03570","orthologs","Arabidopsis thaliana"
"AT2G29130","AT5G03570","orthologs","Arabidopsis thaliana"
"AT1G18140","AT5G03570","orthologs","Arabidopsis thaliana"
"AT1G24140","AT1G27190","orthologs","Arabidopsis thaliana"
"AT1G70170","AT1G27190","orthologs","Arabidopsis thaliana"
"AT1G59970","AT1G27190","orthologs","Arabidopsis thaliana"
"AT4G01370","AT2G23200","orthologs","Arabidopsis thaliana"
"AT3G59790","AT2G23200","orthologs","Arabidopsis thaliana"
"AT3G51550","AT2G23200","orthologs","Arabidopsis thaliana"
"AT3G45640","AT2G23200","orthologs","Arabidopsis thaliana"
"AT5G61350","AT2G23200","orthologs","Arabidopsis thaliana"
"AT5G56030","AT2G23200","orthologs","Arabidopsis thaliana"
"AT2G18170","AT2G23200","orthologs","Arabidopsis thaliana"
"AT5G56010","AT2G23200","orthologs","Arabidopsis thaliana"
"AT4G39110","AT2G23200","orthologs","Arabidopsis thaliana"
"AT1G70170","AT2G23200","orthologs","Arabidopsis thaliana"
"AT2G47110","AT2G23200","orthologs","Arabidopsis thaliana"
"AT5G52640","AT2G23200","orthologs","Arabidopsis thaliana"
"AT5G39020","AT2G23200","orthologs","Arabidopsis thaliana"
"AT1G59970","AT2G23200","orthologs","Arabidopsis thaliana"
"AT4G05320","AT2G23200","orthologs","Arabidopsis thaliana"
"AT2G39360","AT2G23200","orthologs","Arabidopsis thaliana"
"AT5G39030","AT2G23200","orthologs","Arabidopsis thaliana"
"AT4G05050","AT2G23200","orthologs","Arabidopsis thaliana"
"AT1G23410","AT2G23200","orthologs","Arabidopsis thaliana"
"AT2G46070","AT2G23200","orthologs","Arabidopsis thaliana"
"AT1G10210","AT2G23200","orthologs","Arabidopsis thaliana"
"AT3G46290","AT2G23200","orthologs","Arabidopsis thaliana"
"AT2G36170","AT2G23200","orthologs","Arabidopsis thaliana"
"AT5G03240","AT2G23200","orthologs","Arabidopsis thaliana"
"AT3G04690","AT2G23200","orthologs","Arabidopsis thaliana"
"AT5G39000","AT2G23200","orthologs","Arabidopsis thaliana"
"AT2G21480","AT2G23200","orthologs","Arabidopsis thaliana"
"AT5G28680","AT2G23200","orthologs","Arabidopsis thaliana"
"AT1G24140","AT2G23200","orthologs","Arabidopsis thaliana"
"AT5G38990","AT2G23200","orthologs","Arabidopsis thaliana"
"AT5G37640","AT2G23200","orthologs","Arabidopsis thaliana"
"AT1G01560","AT2G23200","orthologs","Arabidopsis thaliana"
"AT4G36450","AT2G23200","orthologs","Arabidopsis thaliana"
"AT1G30570","AT2G23200","orthologs","Arabidopsis thaliana"
"AT5G54380","AT2G23200","orthologs","Arabidopsis thaliana"
"AT2G43790","AT2G23200","orthologs","Arabidopsis thaliana"
"AT4G02890","AT2G23200","orthologs","Arabidopsis thaliana"
"AT3G52590","AT2G23200","orthologs","Arabidopsis thaliana"
"AT4G11330","AT2G23200","orthologs","Arabidopsis thaliana"
"AT1G07880","AT2G23200","orthologs","Arabidopsis thaliana"
"AT5G24010","AT2G23200","orthologs","Arabidopsis thaliana"
"AT3G62250","AT2G23200","orthologs","Arabidopsis thaliana"
"AT5G56000","AT2G23200","orthologs","Arabidopsis thaliana"
"AT1G59580","AT2G23200","orthologs","Arabidopsis thaliana"
"AT1G70170","AT2G26730","orthologs","Arabidopsis thaliana"
"AT1G59970","AT2G26730","orthologs","Arabidopsis thaliana"
"AT1G24140","AT2G26730","orthologs","Arabidopsis thaliana"
"AT1G59970","AT5G35370","orthologs","Arabidopsis thaliana"
"AT1G24140","AT5G35370","orthologs","Arabidopsis thaliana"
"AT1G70170","AT5G35370","orthologs","Arabidopsis thaliana"
"AT5G39030","AT2G39360","orthologs","Arabidopsis thaliana"
"AT4G11330","AT2G39360","orthologs","Arabidopsis thaliana"
"AT1G70170","AT2G39360","orthologs","Arabidopsis thaliana"
"AT1G59970","AT2G39360","orthologs","Arabidopsis thaliana"
"AT2G23200","AT2G39360","orthologs","Arabidopsis thaliana"
"AT4G01370","AT2G39360","orthologs","Arabidopsis thaliana"
"AT3G04690","AT2G39360","orthologs","Arabidopsis thaliana"
"AT5G56000","AT2G39360","orthologs","Arabidopsis thaliana"
"AT5G24010","AT2G39360","orthologs","Arabidopsis thaliana"
"AT2G36170","AT2G39360","orthologs","Arabidopsis thaliana"
"AT2G47110","AT2G39360","orthologs","Arabidopsis thaliana"
"AT1G30570","AT2G39360","orthologs","Arabidopsis thaliana"
"AT5G28680","AT2G39360","orthologs","Arabidopsis thaliana"
"AT5G03240","AT2G39360","orthologs","Arabidopsis thaliana"
"AT5G39000","AT2G39360","orthologs","Arabidopsis thaliana"
"AT3G59790","AT2G39360","orthologs","Arabidopsis thaliana"
"AT3G45640","AT2G39360","orthologs","Arabidopsis thaliana"
"AT2G18170","AT2G39360","orthologs","Arabidopsis thaliana"
"AT4G05050","AT2G39360","orthologs","Arabidopsis thaliana"
"AT1G59580","AT2G39360","orthologs","Arabidopsis thaliana"
"AT1G24140","AT2G39360","orthologs","Arabidopsis thaliana"
"AT4G39110","AT2G39360","orthologs","Arabidopsis thaliana"
"AT5G56010","AT2G39360","orthologs","Arabidopsis thaliana"
"AT3G62250","AT2G39360","orthologs","Arabidopsis thaliana"
"AT5G37640","AT2G39360","orthologs","Arabidopsis thaliana"
"AT1G10210","AT2G39360","orthologs","Arabidopsis thaliana"
"AT5G38990","AT2G39360","orthologs","Arabidopsis thaliana"
"AT3G51550","AT2G39360","orthologs","Arabidopsis thaliana"
"AT2G21480","AT2G39360","orthologs","Arabidopsis thaliana"
"AT5G52640","AT2G39360","orthologs","Arabidopsis thaliana"
"AT2G43790","AT2G39360","orthologs","Arabidopsis thaliana"
"AT3G46290","AT2G39360","orthologs","Arabidopsis thaliana"
"AT1G23410","AT2G39360","orthologs","Arabidopsis thaliana"
"AT2G46070","AT2G39360","orthologs","Arabidopsis thaliana"
"AT5G54380","AT2G39360","orthologs","Arabidopsis thaliana"
"AT5G61350","AT2G39360","orthologs","Arabidopsis thaliana"
"AT5G56030","AT2G39360","orthologs","Arabidopsis thaliana"
"AT4G05320","AT2G39360","orthologs","Arabidopsis thaliana"
"AT1G01560","AT2G39360","orthologs","Arabidopsis thaliana"
"AT5G39020","AT2G39360","orthologs","Arabidopsis thaliana"
"AT4G02890","AT2G39360","orthologs","Arabidopsis thaliana"
"AT4G36450","AT2G39360","orthologs","Arabidopsis thaliana"
"AT3G52590","AT2G39360","orthologs","Arabidopsis thaliana"
"AT1G07880","AT2G39360","orthologs","Arabidopsis thaliana"
"AT2G46570","AT2G38460","orthologs","Arabidopsis thaliana"
"AT4G25240","AT2G38460","orthologs","Arabidopsis thaliana"
"AT5G60020","AT2G38460","orthologs","Arabidopsis thaliana"
"AT5G03260","AT2G38460","orthologs","Arabidopsis thaliana"
"AT5G07130","AT2G38460","orthologs","Arabidopsis thaliana"
"AT3G09220","AT2G38460","orthologs","Arabidopsis thaliana"
"AT5G01050","AT2G38460","orthologs","Arabidopsis thaliana"
"AT2G29130","AT2G38460","orthologs","Arabidopsis thaliana"
"AT5G09360","AT2G38460","orthologs","Arabidopsis thaliana"
"AT5G21100","AT2G38460","orthologs","Arabidopsis thaliana"
"AT1G18140","AT2G38460","orthologs","Arabidopsis thaliana"
"AT5G01190","AT2G38460","orthologs","Arabidopsis thaliana"
"AT5G51480","AT2G38460","orthologs","Arabidopsis thaliana"
"AT5G01040","AT2G38460","orthologs","Arabidopsis thaliana"
"AT5G48100","AT2G38460","orthologs","Arabidopsis thaliana"
"AT5G58910","AT2G38460","orthologs","Arabidopsis thaliana"
"AT2G30210","AT2G38460","orthologs","Arabidopsis thaliana"
"AT4G12420","AT2G38460","orthologs","Arabidopsis thaliana"
"AT2G38080","AT2G38460","orthologs","Arabidopsis thaliana"
"AT5G05390","AT2G38460","orthologs","Arabidopsis thaliana"
"AT2G40370","AT2G38460","orthologs","Arabidopsis thaliana"
"AT3G01420","AT3G45140","orthologs","Arabidopsis thaliana"
"AT1G73680","AT3G45140","orthologs","Arabidopsis thaliana"
"AT3G01420","AT1G55020","orthologs","Arabidopsis thaliana"
"AT1G73680","AT1G55020","orthologs","Arabidopsis thaliana"
"AT1G24140","AT2G20850","orthologs","Arabidopsis thaliana"
"AT1G59970","AT2G20850","orthologs","Arabidopsis thaliana"
"AT1G70170","AT2G20850","orthologs","Arabidopsis thaliana"
"AT2G26300","AT4G31110","orthologs","Arabidopsis thaliana"
"AT3G03190","AT4G31110","orthologs","Arabidopsis thaliana"
"AT5G03240","AT4G31110","orthologs","Arabidopsis thaliana"
"AT1G23490","AT4G31110","orthologs","Arabidopsis thaliana"
"AT3G12145","AT4G31110","orthologs","Arabidopsis thaliana"
"AT2G30860","AT4G31110","orthologs","Arabidopsis thaliana"
"AT1G17240","AT4G31110","orthologs","Arabidopsis thaliana"
"AT1G02940","AT4G31110","orthologs","Arabidopsis thaliana"
"AT2G36170","AT4G31110","orthologs","Arabidopsis thaliana"
"AT1G80080","AT4G31110","orthologs","Arabidopsis thaliana"
"AT4G24190","AT4G31110","orthologs","Arabidopsis thaliana"
"AT1G13230","AT4G31110","orthologs","Arabidopsis thaliana"
"AT5G56030","AT4G31110","orthologs","Arabidopsis thaliana"
"AT1G02920","AT4G31110","orthologs","Arabidopsis thaliana"
"AT1G02930","AT4G31110","orthologs","Arabidopsis thaliana"
"AT1G68090","AT4G31110","orthologs","Arabidopsis thaliana"
"AT4G05050","AT4G31110","orthologs","Arabidopsis thaliana"
"AT5G06860","AT4G31110","orthologs","Arabidopsis thaliana"
"AT1G23410","AT4G31110","orthologs","Arabidopsis thaliana"
"AT5G06870","AT4G31110","orthologs","Arabidopsis thaliana"
"AT1G02950","AT4G31110","orthologs","Arabidopsis thaliana"
"AT1G74200","AT4G31110","orthologs","Arabidopsis thaliana"
"AT3G62760","AT4G31110","orthologs","Arabidopsis thaliana"
"AT1G17250","AT4G31110","orthologs","Arabidopsis thaliana"
"AT2G30870","AT4G31110","orthologs","Arabidopsis thaliana"
"AT5G56010","AT4G31110","orthologs","Arabidopsis thaliana"
"AT5G17220","AT4G31110","orthologs","Arabidopsis thaliana"
"AT2G47730","AT4G31110","orthologs","Arabidopsis thaliana"
"AT3G62250","AT4G31110","orthologs","Arabidopsis thaliana"
"AT3G12610","AT4G31110","orthologs","Arabidopsis thaliana"
"AT2G47110","AT4G31110","orthologs","Arabidopsis thaliana"
"AT2G02930","AT4G31110","orthologs","Arabidopsis thaliana"
"AT4G02520","AT4G31110","orthologs","Arabidopsis thaliana"
"AT1G70490","AT4G31110","orthologs","Arabidopsis thaliana"
"AT4G02890","AT4G31110","orthologs","Arabidopsis thaliana"
"AT5G52640","AT4G31110","orthologs","Arabidopsis thaliana"
"AT2G42800","AT4G31110","orthologs","Arabidopsis thaliana"
"AT3G28890","AT4G31110","orthologs","Arabidopsis thaliana"
"AT3G52590","AT4G31110","orthologs","Arabidopsis thaliana"
"AT4G05320","AT4G31110","orthologs","Arabidopsis thaliana"
"AT1G49860","AT4G31110","orthologs","Arabidopsis thaliana"
"AT5G56000","AT4G31110","orthologs","Arabidopsis thaliana"
"AT5G37640","AT4G31110","orthologs","Arabidopsis thaliana"
"AT3G23010","AT4G31110","orthologs","Arabidopsis thaliana"
"AT1G74200","AT1G21250","orthologs","Arabidopsis thaliana"
"AT3G62250","AT1G21250","orthologs","Arabidopsis thaliana"
"AT1G02940","AT1G21250","orthologs","Arabidopsis thaliana"
"AT4G24190","AT1G21250","orthologs","Arabidopsis thaliana"
"AT2G47730","AT1G21250","orthologs","Arabidopsis thaliana"
"AT2G30860","AT1G21250","orthologs","Arabidopsis thaliana"
"AT5G03240","AT1G21250","orthologs","Arabidopsis thaliana"
"AT5G56030","AT1G21250","orthologs","Arabidopsis thaliana"
"AT5G17220","AT1G21250","orthologs","Arabidopsis thaliana"
"AT2G47110","AT1G21250","orthologs","Arabidopsis thaliana"
"AT5G56000","AT1G21250","orthologs","Arabidopsis thaliana"
"AT3G03190","AT1G21250","orthologs","Arabidopsis thaliana"
"AT2G26300","AT1G21250","orthologs","Arabidopsis thaliana"
"AT3G12610","AT1G21250","orthologs","Arabidopsis thaliana"
"AT4G05050","AT1G21250","orthologs","Arabidopsis thaliana"
"AT1G02920","AT1G21250","orthologs","Arabidopsis thaliana"
"AT1G13230","AT1G21250","orthologs","Arabidopsis thaliana"
"AT3G23010","AT1G21250","orthologs","Arabidopsis thaliana"
"AT1G23410","AT1G21250","orthologs","Arabidopsis thaliana"
"AT1G02950","AT1G21250","orthologs","Arabidopsis thaliana"
"AT3G12145","AT1G21250","orthologs","Arabidopsis thaliana"
"AT4G02520","AT1G21250","orthologs","Arabidopsis thaliana"
"AT3G52590","AT1G21250","orthologs","Arabidopsis thaliana"
"AT2G02930","AT1G21250","orthologs","Arabidopsis thaliana"
"AT5G56010","AT1G21250","orthologs","Arabidopsis thaliana"
"AT1G02930","AT1G21250","orthologs","Arabidopsis thaliana"
"AT1G70490","AT1G21250","orthologs","Arabidopsis thaliana"
"AT5G06860","AT1G21250","orthologs","Arabidopsis thaliana"
"AT4G02890","AT1G21250","orthologs","Arabidopsis thaliana"
"AT1G80080","AT1G21250","orthologs","Arabidopsis thaliana"
"AT2G36170","AT1G21250","orthologs","Arabidopsis thaliana"
"AT3G28890","AT1G21250","orthologs","Arabidopsis thaliana"
"AT5G06870","AT1G21250","orthologs","Arabidopsis thaliana"
"AT3G62760","AT1G21250","orthologs","Arabidopsis thaliana"
"AT1G23490","AT1G21250","orthologs","Arabidopsis thaliana"
"AT2G42800","AT1G21250","orthologs","Arabidopsis thaliana"
"AT4G05320","AT1G21250","orthologs","Arabidopsis thaliana"
"AT5G37640","AT1G21250","orthologs","Arabidopsis thaliana"
"AT1G49860","AT1G21250","orthologs","Arabidopsis thaliana"
"AT1G68090","AT1G21250","orthologs","Arabidopsis thaliana"
"AT2G30870","AT1G21250","orthologs","Arabidopsis thaliana"
"AT5G52640","AT1G21250","orthologs","Arabidopsis thaliana"
"AT1G17240","AT1G21250","orthologs","Arabidopsis thaliana"
"AT1G17250","AT1G21250","orthologs","Arabidopsis thaliana"
"AT1G70170","AT5G60900","orthologs","Arabidopsis thaliana"
"AT1G59970","AT5G60900","orthologs","Arabidopsis thaliana"
"AT1G24140","AT5G60900","orthologs","Arabidopsis thaliana"
"AT1G24140","AT5G28680","orthologs","Arabidopsis thaliana"
"AT1G07880","AT5G28680","orthologs","Arabidopsis thaliana"
"AT5G39030","AT5G28680","orthologs","Arabidopsis thaliana"
"AT3G46290","AT5G28680","orthologs","Arabidopsis thaliana"
"AT5G37640","AT5G28680","orthologs","Arabidopsis thaliana"
"AT2G39360","AT5G28680","orthologs","Arabidopsis thaliana"
"AT1G30570","AT5G28680","orthologs","Arabidopsis thaliana"
"AT2G23200","AT5G28680","orthologs","Arabidopsis thaliana"
"AT2G47110","AT5G28680","orthologs","Arabidopsis thaliana"
"AT1G70170","AT5G28680","orthologs","Arabidopsis thaliana"
"AT5G56000","AT5G28680","orthologs","Arabidopsis thaliana"
"AT3G59790","AT5G28680","orthologs","Arabidopsis thaliana"
"AT4G11330","AT5G28680","orthologs","Arabidopsis thaliana"
"AT3G52590","AT5G28680","orthologs","Arabidopsis thaliana"
"AT5G38990","AT5G28680","orthologs","Arabidopsis thaliana"
"AT5G56030","AT5G28680","orthologs","Arabidopsis thaliana"
"AT5G61350","AT5G28680","orthologs","Arabidopsis thaliana"
"AT3G45640","AT5G28680","orthologs","Arabidopsis thaliana"
"AT1G59580","AT5G28680","orthologs","Arabidopsis thaliana"
"AT3G51550","AT5G28680","orthologs","Arabidopsis thaliana"
"AT2G36170","AT5G28680","orthologs","Arabidopsis thaliana"
"AT1G59970","AT5G28680","orthologs","Arabidopsis thaliana"
"AT5G56010","AT5G28680","orthologs","Arabidopsis thaliana"
"AT5G52640","AT5G28680","orthologs","Arabidopsis thaliana"
"AT1G10210","AT5G28680","orthologs","Arabidopsis thaliana"
"AT1G01560","AT5G28680","orthologs","Arabidopsis thaliana"
"AT1G23410","AT5G28680","orthologs","Arabidopsis thaliana"
"AT4G36450","AT5G28680","orthologs","Arabidopsis thaliana"
"AT5G39020","AT5G28680","orthologs","Arabidopsis thaliana"
"AT2G43790","AT5G28680","orthologs","Arabidopsis thaliana"
"AT2G18170","AT5G28680","orthologs","Arabidopsis thaliana"
"AT5G24010","AT5G28680","orthologs","Arabidopsis thaliana"
"AT4G02890","AT5G28680","orthologs","Arabidopsis thaliana"
"AT5G03240","AT5G28680","orthologs","Arabidopsis thaliana"
"AT4G05320","AT5G28680","orthologs","Arabidopsis thaliana"
"AT4G01370","AT5G28680","orthologs","Arabidopsis thaliana"
"AT5G54380","AT5G28680","orthologs","Arabidopsis thaliana"
"AT2G21480","AT5G28680","orthologs","Arabidopsis thaliana"
"AT3G04690","AT5G28680","orthologs","Arabidopsis thaliana"
"AT4G39110","AT5G28680","orthologs","Arabidopsis thaliana"
"AT2G46070","AT5G28680","orthologs","Arabidopsis thaliana"
"AT5G39000","AT5G28680","orthologs","Arabidopsis thaliana"
"AT4G05050","AT5G28680","orthologs","Arabidopsis thaliana"
"AT3G62250","AT5G28680","orthologs","Arabidopsis thaliana"
"AT1G70170","AT5G20690","orthologs","Arabidopsis thaliana"
"AT1G24140","AT5G20690","orthologs","Arabidopsis thaliana"
"AT1G59970","AT5G20690","orthologs","Arabidopsis thaliana"
"AT1G24140","AT4G22130","orthologs","Arabidopsis thaliana"
"AT1G70170","AT4G22130","orthologs","Arabidopsis thaliana"
"AT1G59970","AT4G22130","orthologs","Arabidopsis thaliana"
"AT1G59970","AT1G78980","orthologs","Arabidopsis thaliana"
"AT1G70170","AT1G78980","orthologs","Arabidopsis thaliana"
"AT1G24140","AT1G78980","orthologs","Arabidopsis thaliana"
"AT1G24140","AT3G13065","orthologs","Arabidopsis thaliana"
"AT1G70170","AT3G13065","orthologs","Arabidopsis thaliana"
"AT1G59970","AT3G13065","orthologs","Arabidopsis thaliana"
"AT1G24140","AT4G03390","orthologs","Arabidopsis thaliana"
"AT1G70170","AT4G03390","orthologs","Arabidopsis thaliana"
"AT1G59970","AT4G03390","orthologs","Arabidopsis thaliana"
"AT3G12610","AT1G16130","orthologs","Arabidopsis thaliana"
"AT5G06870","AT1G16130","orthologs","Arabidopsis thaliana"
"AT3G23010","AT1G16130","orthologs","Arabidopsis thaliana"
"AT5G17220","AT1G16130","orthologs","Arabidopsis thaliana"
"AT4G05320","AT1G16130","orthologs","Arabidopsis thaliana"
"AT2G26300","AT1G16130","orthologs","Arabidopsis thaliana"
"AT1G70490","AT1G16130","orthologs","Arabidopsis thaliana"
"AT5G56030","AT1G16130","orthologs","Arabidopsis thaliana"
"AT1G02930","AT1G16130","orthologs","Arabidopsis thaliana"
"AT4G24190","AT1G16130","orthologs","Arabidopsis thaliana"
"AT2G02930","AT1G16130","orthologs","Arabidopsis thaliana"
"AT5G37640","AT1G16130","orthologs","Arabidopsis thaliana"
"AT1G17240","AT1G16130","orthologs","Arabidopsis thaliana"
"AT5G56010","AT1G16130","orthologs","Arabidopsis thaliana"
"AT1G17250","AT1G16130","orthologs","Arabidopsis thaliana"
"AT1G74200","AT1G16130","orthologs","Arabidopsis thaliana"
"AT2G47110","AT1G16130","orthologs","Arabidopsis thaliana"
"AT1G02940","AT1G16130","orthologs","Arabidopsis thaliana"
"AT1G23410","AT1G16130","orthologs","Arabidopsis thaliana"
"AT1G02950","AT1G16130","orthologs","Arabidopsis thaliana"
"AT4G02520","AT1G16130","orthologs","Arabidopsis thaliana"
"AT3G03190","AT1G16130","orthologs","Arabidopsis thaliana"
"AT5G06860","AT1G16130","orthologs","Arabidopsis thaliana"
"AT1G02920","AT1G16130","orthologs","Arabidopsis thaliana"
"AT4G05050","AT1G16130","orthologs","Arabidopsis thaliana"
"AT3G62250","AT1G16130","orthologs","Arabidopsis thaliana"
"AT1G68090","AT1G16130","orthologs","Arabidopsis thaliana"
"AT1G23490","AT1G16130","orthologs","Arabidopsis thaliana"
"AT2G36170","AT1G16130","orthologs","Arabidopsis thaliana"
"AT3G62760","AT1G16130","orthologs","Arabidopsis thaliana"
"AT2G30870","AT1G16130","orthologs","Arabidopsis thaliana"
"AT1G13230","AT1G16130","orthologs","Arabidopsis thaliana"
"AT1G49860","AT1G16130","orthologs","Arabidopsis thaliana"
"AT5G03240","AT1G16130","orthologs","Arabidopsis thaliana"
"AT3G52590","AT1G16130","orthologs","Arabidopsis thaliana"
"AT1G80080","AT1G16130","orthologs","Arabidopsis thaliana"
"AT3G28890","AT1G16130","orthologs","Arabidopsis thaliana"
"AT5G56000","AT1G16130","orthologs","Arabidopsis thaliana"
"AT2G47730","AT1G16130","orthologs","Arabidopsis thaliana"
"AT2G30860","AT1G16130","orthologs","Arabidopsis thaliana"
"AT3G12145","AT1G16130","orthologs","Arabidopsis thaliana"
"AT2G42800","AT1G16130","orthologs","Arabidopsis thaliana"
"AT5G52640","AT1G16130","orthologs","Arabidopsis thaliana"
"AT4G02890","AT1G16130","orthologs","Arabidopsis thaliana"
"AT3G15670","AT2G41700","orthologs","Arabidopsis thaliana"
"AT2G36640","AT2G41700","orthologs","Arabidopsis thaliana"
"AT3G53040","AT2G41700","orthologs","Arabidopsis thaliana"
"AT1G59970","AT1G60630","orthologs","Arabidopsis thaliana"
"AT1G70170","AT1G60630","orthologs","Arabidopsis thaliana"
"AT1G24140","AT1G60630","orthologs","Arabidopsis thaliana"
"AT1G08700","AT3G52640/AT3G52650","orthologs","Arabidopsis thaliana"
"AT2G29900","AT3G52640/AT3G52650","orthologs","Arabidopsis thaliana"
"AT2G02930","AT1G16110","orthologs","Arabidopsis thaliana"
"AT1G17250","AT1G16110","orthologs","Arabidopsis thaliana"
"AT3G62250","AT1G16110","orthologs","Arabidopsis thaliana"
"AT2G47110","AT1G16110","orthologs","Arabidopsis thaliana"
"AT1G23490","AT1G16110","orthologs","Arabidopsis thaliana"
"AT1G68090","AT1G16110","orthologs","Arabidopsis thaliana"
"AT1G49860","AT1G16110","orthologs","Arabidopsis thaliana"
"AT4G24190","AT1G16110","orthologs","Arabidopsis thaliana"
"AT2G26300","AT1G16110","orthologs","Arabidopsis thaliana"
"AT3G23010","AT1G16110","orthologs","Arabidopsis thaliana"
"AT2G36170","AT1G16110","orthologs","Arabidopsis thaliana"
"AT1G70490","AT1G16110","orthologs","Arabidopsis thaliana"
"AT5G06870","AT1G16110","orthologs","Arabidopsis thaliana"
"AT2G47730","AT1G16110","orthologs","Arabidopsis thaliana"
"AT5G56010","AT1G16110","orthologs","Arabidopsis thaliana"
"AT5G56030","AT1G16110","orthologs","Arabidopsis thaliana"
"AT1G02950","AT1G16110","orthologs","Arabidopsis thaliana"
"AT3G12610","AT1G16110","orthologs","Arabidopsis thaliana"
"AT1G02930","AT1G16110","orthologs","Arabidopsis thaliana"
"AT5G37640","AT1G16110","orthologs","Arabidopsis thaliana"
"AT5G06860","AT1G16110","orthologs","Arabidopsis thaliana"
"AT1G80080","AT1G16110","orthologs","Arabidopsis thaliana"
"AT5G03240","AT1G16110","orthologs","Arabidopsis thaliana"
"AT3G52590","AT1G16110","orthologs","Arabidopsis thaliana"
"AT5G17220","AT1G16110","orthologs","Arabidopsis thaliana"
"AT5G52640","AT1G16110","orthologs","Arabidopsis thaliana"
"AT2G42800","AT1G16110","orthologs","Arabidopsis thaliana"
"AT3G62760","AT1G16110","orthologs","Arabidopsis thaliana"
"AT4G05050","AT1G16110","orthologs","Arabidopsis thaliana"
"AT1G02920","AT1G16110","orthologs","Arabidopsis thaliana"
"AT3G28890","AT1G16110","orthologs","Arabidopsis thaliana"
"AT3G12145","AT1G16110","orthologs","Arabidopsis thaliana"
"AT1G23410","AT1G16110","orthologs","Arabidopsis thaliana"
"AT4G02890","AT1G16110","orthologs","Arabidopsis thaliana"
"AT3G03190","AT1G16110","orthologs","Arabidopsis thaliana"
"AT1G02940","AT1G16110","orthologs","Arabidopsis thaliana"
"AT1G17240","AT1G16110","orthologs","Arabidopsis thaliana"
"AT4G05320","AT1G16110","orthologs","Arabidopsis thaliana"
"AT2G30870","AT1G16110","orthologs","Arabidopsis thaliana"
"AT1G74200","AT1G16110","orthologs","Arabidopsis thaliana"
"AT1G13230","AT1G16110","orthologs","Arabidopsis thaliana"
"AT5G56000","AT1G16110","orthologs","Arabidopsis thaliana"
"AT4G02520","AT1G16110","orthologs","Arabidopsis thaliana"
"AT2G30860","AT1G16110","orthologs","Arabidopsis thaliana"
"AT3G62760","AT5G66790","orthologs","Arabidopsis thaliana"
"AT1G02940","AT5G66790","orthologs","Arabidopsis thaliana"
"AT2G02930","AT5G66790","orthologs","Arabidopsis thaliana"
"AT3G03190","AT5G66790","orthologs","Arabidopsis thaliana"
"AT4G02520","AT5G66790","orthologs","Arabidopsis thaliana"
"AT1G70490","AT5G66790","orthologs","Arabidopsis thaliana"
"AT1G02920","AT5G66790","orthologs","Arabidopsis thaliana"
"AT4G24190","AT5G66790","orthologs","Arabidopsis thaliana"
"AT5G06860","AT5G66790","orthologs","Arabidopsis thaliana"
"AT1G80080","AT5G66790","orthologs","Arabidopsis thaliana"
"AT1G02950","AT5G66790","orthologs","Arabidopsis thaliana"
"AT2G47110","AT5G66790","orthologs","Arabidopsis thaliana"
"AT5G06870","AT5G66790","orthologs","Arabidopsis thaliana"
"AT5G52640","AT5G66790","orthologs","Arabidopsis thaliana"
"AT3G62250","AT5G66790","orthologs","Arabidopsis thaliana"
"AT1G23410","AT5G66790","orthologs","Arabidopsis thaliana"
"AT4G05050","AT5G66790","orthologs","Arabidopsis thaliana"
"AT5G56030","AT5G66790","orthologs","Arabidopsis thaliana"
"AT2G36170","AT5G66790","orthologs","Arabidopsis thaliana"
"AT1G17250","AT5G66790","orthologs","Arabidopsis thaliana"
"AT5G03240","AT5G66790","orthologs","Arabidopsis thaliana"
"AT1G49860","AT5G66790","orthologs","Arabidopsis thaliana"
"AT1G13230","AT5G66790","orthologs","Arabidopsis thaliana"
"AT5G56010","AT5G66790","orthologs","Arabidopsis thaliana"
"AT3G12145","AT5G66790","orthologs","Arabidopsis thaliana"
"AT5G56000","AT5G66790","orthologs","Arabidopsis thaliana"
"AT2G26300","AT5G66790","orthologs","Arabidopsis thaliana"
"AT1G17240","AT5G66790","orthologs","Arabidopsis thaliana"
"AT1G23490","AT5G66790","orthologs","Arabidopsis thaliana"
"AT2G47730","AT5G66790","orthologs","Arabidopsis thaliana"
"AT2G42800","AT5G66790","orthologs","Arabidopsis thaliana"
"AT3G12610","AT5G66790","orthologs","Arabidopsis thaliana"
"AT1G74200","AT5G66790","orthologs","Arabidopsis thaliana"
"AT1G68090","AT5G66790","orthologs","Arabidopsis thaliana"
"AT5G37640","AT5G66790","orthologs","Arabidopsis thaliana"
"AT2G30860","AT5G66790","orthologs","Arabidopsis thaliana"
"AT3G28890","AT5G66790","orthologs","Arabidopsis thaliana"
"AT4G05320","AT5G66790","orthologs","Arabidopsis thaliana"
"AT3G23010","AT5G66790","orthologs","Arabidopsis thaliana"
"AT3G52590","AT5G66790","orthologs","Arabidopsis thaliana"
"AT5G17220","AT5G66790","orthologs","Arabidopsis thaliana"
"AT1G02930","AT5G66790","orthologs","Arabidopsis thaliana"
"AT2G30870","AT5G66790","orthologs","Arabidopsis thaliana"
"AT4G02890","AT5G66790","orthologs","Arabidopsis thaliana"
"AT1G24140","AT5G18500","orthologs","Arabidopsis thaliana"
"AT1G70170","AT5G18500","orthologs","Arabidopsis thaliana"
"AT1G59970","AT5G18500","orthologs","Arabidopsis thaliana"
"AT1G24140","AT3G03770","orthologs","Arabidopsis thaliana"
"AT1G59970","AT3G03770","orthologs","Arabidopsis thaliana"
"AT1G70170","AT3G03770","orthologs","Arabidopsis thaliana"
"AT1G24140","AT1G11130","orthologs","Arabidopsis thaliana"
"AT1G70170","AT1G11130","orthologs","Arabidopsis thaliana"
"AT1G59970","AT1G11130","orthologs","Arabidopsis thaliana"
"AT1G59970","AT4G32300","orthologs","Arabidopsis thaliana"
"AT1G70170","AT4G32300","orthologs","Arabidopsis thaliana"
"AT1G24140","AT4G32300","orthologs","Arabidopsis thaliana"
"AT5G56030","AT1G79670","orthologs","Arabidopsis thaliana"
"AT5G06860","AT1G79670","orthologs","Arabidopsis thaliana"
"AT3G52590","AT1G79670","orthologs","Arabidopsis thaliana"
"AT5G56010","AT1G79670","orthologs","Arabidopsis thaliana"
"AT1G13230","AT1G79670","orthologs","Arabidopsis thaliana"
"AT1G02920","AT1G79670","orthologs","Arabidopsis thaliana"
"AT3G23010","AT1G79670","orthologs","Arabidopsis thaliana"
"AT5G06870","AT1G79670","orthologs","Arabidopsis thaliana"
"AT3G12145","AT1G79670","orthologs","Arabidopsis thaliana"
"AT1G74200","AT1G79670","orthologs","Arabidopsis thaliana"
"AT1G17240","AT1G79670","orthologs","Arabidopsis thaliana"
"AT3G12610","AT1G79670","orthologs","Arabidopsis thaliana"
"AT1G02930","AT1G79670","orthologs","Arabidopsis thaliana"
"AT2G42800","AT1G79670","orthologs","Arabidopsis thaliana"
"AT1G70490","AT1G79670","orthologs","Arabidopsis thaliana"
"AT1G23490","AT1G79670","orthologs","Arabidopsis thaliana"
"AT3G28890","AT1G79670","orthologs","Arabidopsis thaliana"
"AT5G37640","AT1G79670","orthologs","Arabidopsis thaliana"
"AT1G17250","AT1G79670","orthologs","Arabidopsis thaliana"
"AT2G36170","AT1G79670","orthologs","Arabidopsis thaliana"
"AT5G56000","AT1G79670","orthologs","Arabidopsis thaliana"
"AT4G02890","AT1G79670","orthologs","Arabidopsis thaliana"
"AT4G24190","AT1G79670","orthologs","Arabidopsis thaliana"
"AT1G02950","AT1G79670","orthologs","Arabidopsis thaliana"
"AT4G05050","AT1G79670","orthologs","Arabidopsis thaliana"
"AT1G80080","AT1G79670","orthologs","Arabidopsis thaliana"
"AT1G02940","AT1G79670","orthologs","Arabidopsis thaliana"
"AT4G02520","AT1G79670","orthologs","Arabidopsis thaliana"
"AT2G47730","AT1G79670","orthologs","Arabidopsis thaliana"
"AT2G26300","AT1G79670","orthologs","Arabidopsis thaliana"
"AT3G62250","AT1G79670","orthologs","Arabidopsis thaliana"
"AT1G49860","AT1G79670","orthologs","Arabidopsis thaliana"
"AT1G68090","AT1G79670","orthologs","Arabidopsis thaliana"
"AT5G17220","AT1G79670","orthologs","Arabidopsis thaliana"
"AT5G52640","AT1G79670","orthologs","Arabidopsis thaliana"
"AT5G03240","AT1G79670","orthologs","Arabidopsis thaliana"
"AT2G30870","AT1G79670","orthologs","Arabidopsis thaliana"
"AT1G23410","AT1G79670","orthologs","Arabidopsis thaliana"
"AT3G62760","AT1G79670","orthologs","Arabidopsis thaliana"
"AT2G30860","AT1G79670","orthologs","Arabidopsis thaliana"
"AT4G05320","AT1G79670","orthologs","Arabidopsis thaliana"
"AT2G02930","AT1G79670","orthologs","Arabidopsis thaliana"
"AT3G03190","AT1G79670","orthologs","Arabidopsis thaliana"
"AT2G47110","AT1G79670","orthologs","Arabidopsis thaliana"
"AT5G37640","AT2G23450","orthologs","Arabidopsis thaliana"
"AT5G56000","AT2G23450","orthologs","Arabidopsis thaliana"
"AT1G02940","AT2G23450","orthologs","Arabidopsis thaliana"
"AT3G62760","AT2G23450","orthologs","Arabidopsis thaliana"
"AT1G74200","AT2G23450","orthologs","Arabidopsis thaliana"
"AT5G17220","AT2G23450","orthologs","Arabidopsis thaliana"
"AT2G26300","AT2G23450","orthologs","Arabidopsis thaliana"
"AT5G52640","AT2G23450","orthologs","Arabidopsis thaliana"
"AT3G28890","AT2G23450","orthologs","Arabidopsis thaliana"
"AT5G06870","AT2G23450","orthologs","Arabidopsis thaliana"
"AT1G17250","AT2G23450","orthologs","Arabidopsis thaliana"
"AT4G05320","AT2G23450","orthologs","Arabidopsis thaliana"
"AT1G49860","AT2G23450","orthologs","Arabidopsis thaliana"
"AT1G70490","AT2G23450","orthologs","Arabidopsis thaliana"
"AT3G03190","AT2G23450","orthologs","Arabidopsis thaliana"
"AT1G80080","AT2G23450","orthologs","Arabidopsis thaliana"
"AT5G56010","AT2G23450","orthologs","Arabidopsis thaliana"
"AT4G05050","AT2G23450","orthologs","Arabidopsis thaliana"
"AT1G02950","AT2G23450","orthologs","Arabidopsis thaliana"
"AT2G30860","AT2G23450","orthologs","Arabidopsis thaliana"
"AT2G42800","AT2G23450","orthologs","Arabidopsis thaliana"
"AT4G02890","AT2G23450","orthologs","Arabidopsis thaliana"
"AT2G47730","AT2G23450","orthologs","Arabidopsis thaliana"
"AT2G02930","AT2G23450","orthologs","Arabidopsis thaliana"
"AT1G02930","AT2G23450","orthologs","Arabidopsis thaliana"
"AT2G47110","AT2G23450","orthologs","Arabidopsis thaliana"
"AT5G06860","AT2G23450","orthologs","Arabidopsis thaliana"
"AT1G02920","AT2G23450","orthologs","Arabidopsis thaliana"
"AT1G68090","AT2G23450","orthologs","Arabidopsis thaliana"
"AT1G23490","AT2G23450","orthologs","Arabidopsis thaliana"
"AT4G02520","AT2G23450","orthologs","Arabidopsis thaliana"
"AT5G03240","AT2G23450","orthologs","Arabidopsis thaliana"
"AT3G23010","AT2G23450","orthologs","Arabidopsis thaliana"
"AT3G52590","AT2G23450","orthologs","Arabidopsis thaliana"
"AT2G36170","AT2G23450","orthologs","Arabidopsis thaliana"
"AT5G56030","AT2G23450","orthologs","Arabidopsis thaliana"
"AT4G24190","AT2G23450","orthologs","Arabidopsis thaliana"
"AT1G13230","AT2G23450","orthologs","Arabidopsis thaliana"
"AT1G17240","AT2G23450","orthologs","Arabidopsis thaliana"
"AT3G62250","AT2G23450","orthologs","Arabidopsis thaliana"
"AT3G12145","AT2G23450","orthologs","Arabidopsis thaliana"
"AT2G30870","AT2G23450","orthologs","Arabidopsis thaliana"
"AT1G23410","AT2G23450","orthologs","Arabidopsis thaliana"
"AT3G12610","AT2G23450","orthologs","Arabidopsis thaliana"
"AT4G05050","AT1G79680","orthologs","Arabidopsis thaliana"
"AT1G02950","AT1G79680","orthologs","Arabidopsis thaliana"
"AT3G62250","AT1G79680","orthologs","Arabidopsis thaliana"
"AT1G23490","AT1G79680","orthologs","Arabidopsis thaliana"
"AT3G52590","AT1G79680","orthologs","Arabidopsis thaliana"
"AT1G02920","AT1G79680","orthologs","Arabidopsis thaliana"
"AT4G02890","AT1G79680","orthologs","Arabidopsis thaliana"
"AT4G02520","AT1G79680","orthologs","Arabidopsis thaliana"
"AT5G56010","AT1G79680","orthologs","Arabidopsis thaliana"
"AT3G03190","AT1G79680","orthologs","Arabidopsis thaliana"
"AT1G02930","AT1G79680","orthologs","Arabidopsis thaliana"
"AT3G12145","AT1G79680","orthologs","Arabidopsis thaliana"
"AT5G06870","AT1G79680","orthologs","Arabidopsis thaliana"
"AT1G70490","AT1G79680","orthologs","Arabidopsis thaliana"
"AT1G23410","AT1G79680","orthologs","Arabidopsis thaliana"
"AT3G28890","AT1G79680","orthologs","Arabidopsis thaliana"
"AT5G56000","AT1G79680","orthologs","Arabidopsis thaliana"
"AT3G62760","AT1G79680","orthologs","Arabidopsis thaliana"
"AT4G24190","AT1G79680","orthologs","Arabidopsis thaliana"
"AT1G80080","AT1G79680","orthologs","Arabidopsis thaliana"
"AT1G49860","AT1G79680","orthologs","Arabidopsis thaliana"
"AT3G23010","AT1G79680","orthologs","Arabidopsis thaliana"
"AT2G30860","AT1G79680","orthologs","Arabidopsis thaliana"
"AT4G05320","AT1G79680","orthologs","Arabidopsis thaliana"
"AT2G36170","AT1G79680","orthologs","Arabidopsis thaliana"
"AT3G12610","AT1G79680","orthologs","Arabidopsis thaliana"
"AT1G17250","AT1G79680","orthologs","Arabidopsis thaliana"
"AT2G47730","AT1G79680","orthologs","Arabidopsis thaliana"
"AT5G56030","AT1G79680","orthologs","Arabidopsis thaliana"
"AT2G42800","AT1G79680","orthologs","Arabidopsis thaliana"
"AT5G17220","AT1G79680","orthologs","Arabidopsis thaliana"
"AT5G06860","AT1G79680","orthologs","Arabidopsis thaliana"
"AT1G68090","AT1G79680","orthologs","Arabidopsis thaliana"
"AT1G17240","AT1G79680","orthologs","Arabidopsis thaliana"
"AT5G03240","AT1G79680","orthologs","Arabidopsis thaliana"
"AT5G52640","AT1G79680","orthologs","Arabidopsis thaliana"
"AT1G74200","AT1G79680","orthologs","Arabidopsis thaliana"
"AT1G02940","AT1G79680","orthologs","Arabidopsis thaliana"
"AT1G13230","AT1G79680","orthologs","Arabidopsis thaliana"
"AT2G26300","AT1G79680","orthologs","Arabidopsis thaliana"
"AT2G47110","AT1G79680","orthologs","Arabidopsis thaliana"
"AT5G37640","AT1G79680","orthologs","Arabidopsis thaliana"
"AT2G30870","AT1G79680","orthologs","Arabidopsis thaliana"
"AT2G02930","AT1G79680","orthologs","Arabidopsis thaliana"
"AT5G42740","AT4G25230","orthologs","Arabidopsis thaliana"
"AT1G24140","AT4G30520","orthologs","Arabidopsis thaliana"
"AT1G59970","AT4G30520","orthologs","Arabidopsis thaliana"
"AT1G70170","AT4G30520","orthologs","Arabidopsis thaliana"
"AT5G42740","AT5G51450","orthologs","Arabidopsis thaliana"
"AT1G70170","AT5G63710","orthologs","Arabidopsis thaliana"
"AT1G59970","AT5G63710","orthologs","Arabidopsis thaliana"
"AT1G24140","AT5G63710","orthologs","Arabidopsis thaliana"
"AT1G24140","AT1G71830","orthologs","Arabidopsis thaliana"
"AT1G70170","AT1G71830","orthologs","Arabidopsis thaliana"
"AT1G59970","AT1G71830","orthologs","Arabidopsis thaliana"
"AT1G24140","AT1G29720","orthologs","Arabidopsis thaliana"
"AT1G59970","AT1G29720","orthologs","Arabidopsis thaliana"
"AT1G70170","AT1G29720","orthologs","Arabidopsis thaliana"
"AT3G28890","AT1G25390","orthologs","Arabidopsis thaliana"
"AT2G02930","AT1G25390","orthologs","Arabidopsis thaliana"
"AT4G24190","AT1G25390","orthologs","Arabidopsis thaliana"
"AT3G52590","AT1G25390","orthologs","Arabidopsis thaliana"
"AT5G56030","AT1G25390","orthologs","Arabidopsis thaliana"
"AT3G62250","AT1G25390","orthologs","Arabidopsis thaliana"
"AT1G80080","AT1G25390","orthologs","Arabidopsis thaliana"
"AT2G47730","AT1G25390","orthologs","Arabidopsis thaliana"
"AT1G68090","AT1G25390","orthologs","Arabidopsis thaliana"
"AT5G56000","AT1G25390","orthologs","Arabidopsis thaliana"
"AT2G30870","AT1G25390","orthologs","Arabidopsis thaliana"
"AT4G02890","AT1G25390","orthologs","Arabidopsis thaliana"
"AT4G05320","AT1G25390","orthologs","Arabidopsis thaliana"
"AT2G42800","AT1G25390","orthologs","Arabidopsis thaliana"
"AT1G17240","AT1G25390","orthologs","Arabidopsis thaliana"
"AT4G02520","AT1G25390","orthologs","Arabidopsis thaliana"
"AT1G02920","AT1G25390","orthologs","Arabidopsis thaliana"
"AT5G17220","AT1G25390","orthologs","Arabidopsis thaliana"
"AT5G56010","AT1G25390","orthologs","Arabidopsis thaliana"
"AT1G70490","AT1G25390","orthologs","Arabidopsis thaliana"
"AT5G03240","AT1G25390","orthologs","Arabidopsis thaliana"
"AT1G02950","AT1G25390","orthologs","Arabidopsis thaliana"
"AT1G17250","AT1G25390","orthologs","Arabidopsis thaliana"
"AT3G12145","AT1G25390","orthologs","Arabidopsis thaliana"
"AT5G37640","AT1G25390","orthologs","Arabidopsis thaliana"
"AT2G26300","AT1G25390","orthologs","Arabidopsis thaliana"
"AT2G30860","AT1G25390","orthologs","Arabidopsis thaliana"
"AT2G36170","AT1G25390","orthologs","Arabidopsis thaliana"
"AT2G47110","AT1G25390","orthologs","Arabidopsis thaliana"
"AT3G03190","AT1G25390","orthologs","Arabidopsis thaliana"
"AT1G02930","AT1G25390","orthologs","Arabidopsis thaliana"
"AT1G23490","AT1G25390","orthologs","Arabidopsis thaliana"
"AT4G05050","AT1G25390","orthologs","Arabidopsis thaliana"
"AT5G06860","AT1G25390","orthologs","Arabidopsis thaliana"
"AT5G06870","AT1G25390","orthologs","Arabidopsis thaliana"
"AT1G13230","AT1G25390","orthologs","Arabidopsis thaliana"
"AT3G12610","AT1G25390","orthologs","Arabidopsis thaliana"
"AT1G02940","AT1G25390","orthologs","Arabidopsis thaliana"
"AT1G49860","AT1G25390","orthologs","Arabidopsis thaliana"
"AT1G23410","AT1G25390","orthologs","Arabidopsis thaliana"
"AT5G52640","AT1G25390","orthologs","Arabidopsis thaliana"
"AT3G62760","AT1G25390","orthologs","Arabidopsis thaliana"
"AT1G74200","AT1G25390","orthologs","Arabidopsis thaliana"
"AT3G23010","AT1G25390","orthologs","Arabidopsis thaliana"
"AT1G59970","AT1G53730","orthologs","Arabidopsis thaliana"
"AT1G70170","AT1G53730","orthologs","Arabidopsis thaliana"
"AT1G24140","AT1G53730","orthologs","Arabidopsis thaliana"
"AT2G36170","AT1G69730","orthologs","Arabidopsis thaliana"
"AT4G05320","AT1G69730","orthologs","Arabidopsis thaliana"
"AT1G02920","AT1G69730","orthologs","Arabidopsis thaliana"
"AT5G56030","AT1G69730","orthologs","Arabidopsis thaliana"
"AT2G02930","AT1G69730","orthologs","Arabidopsis thaliana"
"AT4G02520","AT1G69730","orthologs","Arabidopsis thaliana"
"AT2G47730","AT1G69730","orthologs","Arabidopsis thaliana"
"AT4G05050","AT1G69730","orthologs","Arabidopsis thaliana"
"AT3G12145","AT1G69730","orthologs","Arabidopsis thaliana"
"AT5G17220","AT1G69730","orthologs","Arabidopsis thaliana"
"AT1G17240","AT1G69730","orthologs","Arabidopsis thaliana"
"AT5G56010","AT1G69730","orthologs","Arabidopsis thaliana"
"AT2G30870","AT1G69730","orthologs","Arabidopsis thaliana"
"AT5G03240","AT1G69730","orthologs","Arabidopsis thaliana"
"AT1G80080","AT1G69730","orthologs","Arabidopsis thaliana"
"AT1G17250","AT1G69730","orthologs","Arabidopsis thaliana"
"AT5G06870","AT1G69730","orthologs","Arabidopsis thaliana"
"AT1G70490","AT1G69730","orthologs","Arabidopsis thaliana"
"AT5G56000","AT1G69730","orthologs","Arabidopsis thaliana"
"AT3G62760","AT1G69730","orthologs","Arabidopsis thaliana"
"AT3G23010","AT1G69730","orthologs","Arabidopsis thaliana"
"AT1G23490","AT1G69730","orthologs","Arabidopsis thaliana"
"AT5G37640","AT1G69730","orthologs","Arabidopsis thaliana"
"AT1G13230","AT1G69730","orthologs","Arabidopsis thaliana"
"AT3G62250","AT1G69730","orthologs","Arabidopsis thaliana"
"AT2G30860","AT1G69730","orthologs","Arabidopsis thaliana"
"AT1G68090","AT1G69730","orthologs","Arabidopsis thaliana"
"AT3G28890","AT1G69730","orthologs","Arabidopsis thaliana"
"AT3G03190","AT1G69730","orthologs","Arabidopsis thaliana"
"AT1G02940","AT1G69730","orthologs","Arabidopsis thaliana"
"AT1G02930","AT1G69730","orthologs","Arabidopsis thaliana"
"AT2G47110","AT1G69730","orthologs","Arabidopsis thaliana"
"AT5G06860","AT1G69730","orthologs","Arabidopsis thaliana"
"AT1G49860","AT1G69730","orthologs","Arabidopsis thaliana"
"AT1G23410","AT1G69730","orthologs","Arabidopsis thaliana"
"AT4G02890","AT1G69730","orthologs","Arabidopsis thaliana"
"AT3G52590","AT1G69730","orthologs","Arabidopsis thaliana"
"AT1G02950","AT1G69730","orthologs","Arabidopsis thaliana"
"AT4G24190","AT1G69730","orthologs","Arabidopsis thaliana"
"AT2G42800","AT1G69730","orthologs","Arabidopsis thaliana"
"AT2G26300","AT1G69730","orthologs","Arabidopsis thaliana"
"AT5G52640","AT1G69730","orthologs","Arabidopsis thaliana"
"AT1G74200","AT1G69730","orthologs","Arabidopsis thaliana"
"AT3G12610","AT1G69730","orthologs","Arabidopsis thaliana"
"AT1G24140","AT3G08680","orthologs","Arabidopsis thaliana"
"AT1G59970","AT3G08680","orthologs","Arabidopsis thaliana"
"AT1G70170","AT3G08680","orthologs","Arabidopsis thaliana"
"AT3G01420","AT1G67560","orthologs","Arabidopsis thaliana"
"AT1G73680","AT1G67560","orthologs","Arabidopsis thaliana"
"AT1G70170","AT5G06820","orthologs","Arabidopsis thaliana"
"AT1G59970","AT5G06820","orthologs","Arabidopsis thaliana"
"AT1G24140","AT5G06820","orthologs","Arabidopsis thaliana"
"AT1G70170","AT5G05160","orthologs","Arabidopsis thaliana"
"AT1G24140","AT5G05160","orthologs","Arabidopsis thaliana"
"AT1G59970","AT5G05160","orthologs","Arabidopsis thaliana"
"AT3G46290","AT5G39030","orthologs","Arabidopsis thaliana"
"AT1G10210","AT5G39030","orthologs","Arabidopsis thaliana"
"AT1G01560","AT5G39030","orthologs","Arabidopsis thaliana"
"AT2G18170","AT5G39030","orthologs","Arabidopsis thaliana"
"AT4G01370","AT5G39030","orthologs","Arabidopsis thaliana"
"AT2G39360","AT5G39030","orthologs","Arabidopsis thaliana"
"AT2G46070","AT5G39030","orthologs","Arabidopsis thaliana"
"AT5G24010","AT5G39030","orthologs","Arabidopsis thaliana"
"AT1G59970","AT5G39030","orthologs","Arabidopsis thaliana"
"AT5G56030","AT5G39030","orthologs","Arabidopsis thaliana"
"AT5G38990","AT5G39030","orthologs","Arabidopsis thaliana"
"AT2G23200","AT5G39030","orthologs","Arabidopsis thaliana"
"AT4G36450","AT5G39030","orthologs","Arabidopsis thaliana"
"AT5G52640","AT5G39030","orthologs","Arabidopsis thaliana"
"AT4G11330","AT5G39030","orthologs","Arabidopsis thaliana"
"AT5G03240","AT5G39030","orthologs","Arabidopsis thaliana"
"AT5G39000","AT5G39030","orthologs","Arabidopsis thaliana"
"AT5G56010","AT5G39030","orthologs","Arabidopsis thaliana"
"AT3G45640","AT5G39030","orthologs","Arabidopsis thaliana"
"AT2G43790","AT5G39030","orthologs","Arabidopsis thaliana"
"AT5G39020","AT5G39030","orthologs","Arabidopsis thaliana"
"AT1G70170","AT5G39030","orthologs","Arabidopsis thaliana"
"AT1G23410","AT5G39030","orthologs","Arabidopsis thaliana"
"AT3G04690","AT5G39030","orthologs","Arabidopsis thaliana"
"AT1G30570","AT5G39030","orthologs","Arabidopsis thaliana"
"AT2G21480","AT5G39030","orthologs","Arabidopsis thaliana"
"AT3G52590","AT5G39030","orthologs","Arabidopsis thaliana"
"AT1G07880","AT5G39030","orthologs","Arabidopsis thaliana"
"AT5G61350","AT5G39030","orthologs","Arabidopsis thaliana"
"AT1G24140","AT5G39030","orthologs","Arabidopsis thaliana"
"AT3G62250","AT5G39030","orthologs","Arabidopsis thaliana"
"AT4G05320","AT5G39030","orthologs","Arabidopsis thaliana"
"AT2G36170","AT5G39030","orthologs","Arabidopsis thaliana"
"AT4G39110","AT5G39030","orthologs","Arabidopsis thaliana"
"AT5G28680","AT5G39030","orthologs","Arabidopsis thaliana"
"AT4G05050","AT5G39030","orthologs","Arabidopsis thaliana"
"AT4G02890","AT5G39030","orthologs","Arabidopsis thaliana"
"AT2G47110","AT5G39030","orthologs","Arabidopsis thaliana"
"AT5G56000","AT5G39030","orthologs","Arabidopsis thaliana"
"AT3G59790","AT5G39030","orthologs","Arabidopsis thaliana"
"AT3G51550","AT5G39030","orthologs","Arabidopsis thaliana"
"AT5G37640","AT5G39030","orthologs","Arabidopsis thaliana"
"AT5G54380","AT5G39030","orthologs","Arabidopsis thaliana"
"AT1G59580","AT5G39030","orthologs","Arabidopsis thaliana"
"AT1G70170","AT5G39020","orthologs","Arabidopsis thaliana"
"AT1G24140","AT5G39020","orthologs","Arabidopsis thaliana"
"AT1G10210","AT5G39020","orthologs","Arabidopsis thaliana"
"AT5G28680","AT5G39020","orthologs","Arabidopsis thaliana"
"AT3G52590","AT5G39020","orthologs","Arabidopsis thaliana"
"AT1G59580","AT5G39020","orthologs","Arabidopsis thaliana"
"AT5G38990","AT5G39020","orthologs","Arabidopsis thaliana"
"AT5G54380","AT5G39020","orthologs","Arabidopsis thaliana"
"AT5G52640","AT5G39020","orthologs","Arabidopsis thaliana"
"AT3G46290","AT5G39020","orthologs","Arabidopsis thaliana"
"AT5G56000","AT5G39020","orthologs","Arabidopsis thaliana"
"AT1G59970","AT5G39020","orthologs","Arabidopsis thaliana"
"AT3G51550","AT5G39020","orthologs","Arabidopsis thaliana"
"AT2G18170","AT5G39020","orthologs","Arabidopsis thaliana"
"AT2G43790","AT5G39020","orthologs","Arabidopsis thaliana"
"AT5G56030","AT5G39020","orthologs","Arabidopsis thaliana"
"AT2G23200","AT5G39020","orthologs","Arabidopsis thaliana"
"AT4G11330","AT5G39020","orthologs","Arabidopsis thaliana"
"AT3G45640","AT5G39020","orthologs","Arabidopsis thaliana"
"AT1G01560","AT5G39020","orthologs","Arabidopsis thaliana"
"AT2G36170","AT5G39020","orthologs","Arabidopsis thaliana"
"AT5G03240","AT5G39020","orthologs","Arabidopsis thaliana"
"AT3G59790","AT5G39020","orthologs","Arabidopsis thaliana"
"AT2G46070","AT5G39020","orthologs","Arabidopsis thaliana"
"AT1G07880","AT5G39020","orthologs","Arabidopsis thaliana"
"AT4G05320","AT5G39020","orthologs","Arabidopsis thaliana"
"AT3G62250","AT5G39020","orthologs","Arabidopsis thaliana"
"AT4G39110","AT5G39020","orthologs","Arabidopsis thaliana"
"AT5G24010","AT5G39020","orthologs","Arabidopsis thaliana"
"AT4G02890","AT5G39020","orthologs","Arabidopsis thaliana"
"AT1G30570","AT5G39020","orthologs","Arabidopsis thaliana"
"AT5G39030","AT5G39020","orthologs","Arabidopsis thaliana"
"AT5G37640","AT5G39020","orthologs","Arabidopsis thaliana"
"AT3G04690","AT5G39020","orthologs","Arabidopsis thaliana"
"AT5G39000","AT5G39020","orthologs","Arabidopsis thaliana"
"AT5G61350","AT5G39020","orthologs","Arabidopsis thaliana"
"AT4G01370","AT5G39020","orthologs","Arabidopsis thaliana"
"AT5G56010","AT5G39020","orthologs","Arabidopsis thaliana"
"AT2G47110","AT5G39020","orthologs","Arabidopsis thaliana"
"AT1G23410","AT5G39020","orthologs","Arabidopsis thaliana"
"AT4G36450","AT5G39020","orthologs","Arabidopsis thaliana"
"AT4G05050","AT5G39020","orthologs","Arabidopsis thaliana"
"AT2G21480","AT5G39020","orthologs","Arabidopsis thaliana"
"AT2G39360","AT5G39020","orthologs","Arabidopsis thaliana"
"AT5G61350","AT5G39000","orthologs","Arabidopsis thaliana"
"AT4G01370","AT5G39000","orthologs","Arabidopsis thaliana"
"AT5G28680","AT5G39000","orthologs","Arabidopsis thaliana"
"AT4G05320","AT5G39000","orthologs","Arabidopsis thaliana"
"AT5G39020","AT5G39000","orthologs","Arabidopsis thaliana"
"AT5G03240","AT5G39000","orthologs","Arabidopsis thaliana"
"AT3G52590","AT5G39000","orthologs","Arabidopsis thaliana"
"AT2G47110","AT5G39000","orthologs","Arabidopsis thaliana"
"AT2G46070","AT5G39000","orthologs","Arabidopsis thaliana"
"AT2G18170","AT5G39000","orthologs","Arabidopsis thaliana"
"AT1G10210","AT5G39000","orthologs","Arabidopsis thaliana"
"AT3G45640","AT5G39000","orthologs","Arabidopsis thaliana"
"AT5G37640","AT5G39000","orthologs","Arabidopsis thaliana"
"AT1G24140","AT5G39000","orthologs","Arabidopsis thaliana"
"AT1G59970","AT5G39000","orthologs","Arabidopsis thaliana"
"AT1G01560","AT5G39000","orthologs","Arabidopsis thaliana"
"AT3G04690","AT5G39000","orthologs","Arabidopsis thaliana"
"AT5G38990","AT5G39000","orthologs","Arabidopsis thaliana"
"AT1G07880","AT5G39000","orthologs","Arabidopsis thaliana"
"AT2G23200","AT5G39000","orthologs","Arabidopsis thaliana"
"AT1G23410","AT5G39000","orthologs","Arabidopsis thaliana"
"AT4G05050","AT5G39000","orthologs","Arabidopsis thaliana"
"AT1G30570","AT5G39000","orthologs","Arabidopsis thaliana"
"AT2G39360","AT5G39000","orthologs","Arabidopsis thaliana"
"AT2G21480","AT5G39000","orthologs","Arabidopsis thaliana"
"AT5G24010","AT5G39000","orthologs","Arabidopsis thaliana"
"AT4G36450","AT5G39000","orthologs","Arabidopsis thaliana"
"AT4G39110","AT5G39000","orthologs","Arabidopsis thaliana"
"AT3G59790","AT5G39000","orthologs","Arabidopsis thaliana"
"AT5G56000","AT5G39000","orthologs","Arabidopsis thaliana"
"AT4G11330","AT5G39000","orthologs","Arabidopsis thaliana"
"AT2G36170","AT5G39000","orthologs","Arabidopsis thaliana"
"AT1G70170","AT5G39000","orthologs","Arabidopsis thaliana"
"AT3G51550","AT5G39000","orthologs","Arabidopsis thaliana"
"AT5G56030","AT5G39000","orthologs","Arabidopsis thaliana"
"AT2G43790","AT5G39000","orthologs","Arabidopsis thaliana"
"AT4G02890","AT5G39000","orthologs","Arabidopsis thaliana"
"AT5G56010","AT5G39000","orthologs","Arabidopsis thaliana"
"AT3G62250","AT5G39000","orthologs","Arabidopsis thaliana"
"AT5G52640","AT5G39000","orthologs","Arabidopsis thaliana"
"AT3G46290","AT5G39000","orthologs","Arabidopsis thaliana"
"AT5G39030","AT5G39000","orthologs","Arabidopsis thaliana"
"AT5G54380","AT5G39000","orthologs","Arabidopsis thaliana"
"AT1G59580","AT5G39000","orthologs","Arabidopsis thaliana"
"AT4G05050","AT5G38990","orthologs","Arabidopsis thaliana"
"AT5G03240","AT5G38990","orthologs","Arabidopsis thaliana"
"AT3G45640","AT5G38990","orthologs","Arabidopsis thaliana"
"AT1G01560","AT5G38990","orthologs","Arabidopsis thaliana"
"AT5G39030","AT5G38990","orthologs","Arabidopsis thaliana"
"AT1G59970","AT5G38990","orthologs","Arabidopsis thaliana"
"AT5G37640","AT5G38990","orthologs","Arabidopsis thaliana"
"AT2G21480","AT5G38990","orthologs","Arabidopsis thaliana"
"AT2G47110","AT5G38990","orthologs","Arabidopsis thaliana"
"AT4G39110","AT5G38990","orthologs","Arabidopsis thaliana"
"AT5G39000","AT5G38990","orthologs","Arabidopsis thaliana"
"AT5G28680","AT5G38990","orthologs","Arabidopsis thaliana"
"AT5G56030","AT5G38990","orthologs","Arabidopsis thaliana"
"AT3G59790","AT5G38990","orthologs","Arabidopsis thaliana"
"AT1G59580","AT5G38990","orthologs","Arabidopsis thaliana"
"AT2G18170","AT5G38990","orthologs","Arabidopsis thaliana"
"AT3G04690","AT5G38990","orthologs","Arabidopsis thaliana"
"AT1G70170","AT5G38990","orthologs","Arabidopsis thaliana"
"AT3G52590","AT5G38990","orthologs","Arabidopsis thaliana"
"AT1G10210","AT5G38990","orthologs","Arabidopsis thaliana"
"AT1G30570","AT5G38990","orthologs","Arabidopsis thaliana"
"AT5G52640","AT5G38990","orthologs","Arabidopsis thaliana"
"AT5G39020","AT5G38990","orthologs","Arabidopsis thaliana"
"AT2G43790","AT5G38990","orthologs","Arabidopsis thaliana"
"AT5G61350","AT5G38990","orthologs","Arabidopsis thaliana"
"AT4G05320","AT5G38990","orthologs","Arabidopsis thaliana"
"AT4G36450","AT5G38990","orthologs","Arabidopsis thaliana"
"AT5G24010","AT5G38990","orthologs","Arabidopsis thaliana"
"AT2G46070","AT5G38990","orthologs","Arabidopsis thaliana"
"AT2G39360","AT5G38990","orthologs","Arabidopsis thaliana"
"AT3G46290","AT5G38990","orthologs","Arabidopsis thaliana"
"AT3G62250","AT5G38990","orthologs","Arabidopsis thaliana"
"AT4G11330","AT5G38990","orthologs","Arabidopsis thaliana"
"AT5G54380","AT5G38990","orthologs","Arabidopsis thaliana"
"AT1G24140","AT5G38990","orthologs","Arabidopsis thaliana"
"AT2G36170","AT5G38990","orthologs","Arabidopsis thaliana"
"AT4G02890","AT5G38990","orthologs","Arabidopsis thaliana"
"AT4G01370","AT5G38990","orthologs","Arabidopsis thaliana"
"AT2G23200","AT5G38990","orthologs","Arabidopsis thaliana"
"AT5G56010","AT5G38990","orthologs","Arabidopsis thaliana"
"AT5G56000","AT5G38990","orthologs","Arabidopsis thaliana"
"AT1G07880","AT5G38990","orthologs","Arabidopsis thaliana"
"AT3G51550","AT5G38990","orthologs","Arabidopsis thaliana"
"AT1G23410","AT5G38990","orthologs","Arabidopsis thaliana"
"AT1G70170","AT5G59270","orthologs","Arabidopsis thaliana"
"AT1G24140","AT5G59270","orthologs","Arabidopsis thaliana"
"AT1G59970","AT5G59270","orthologs","Arabidopsis thaliana"
"AT1G24140","AT5G53320","orthologs","Arabidopsis thaliana"
"AT1G70170","AT5G53320","orthologs","Arabidopsis thaliana"
"AT1G59970","AT5G53320","orthologs","Arabidopsis thaliana"
"AT1G70170","AT5G24100","orthologs","Arabidopsis thaliana"
"AT1G24140","AT5G24100","orthologs","Arabidopsis thaliana"
"AT1G59970","AT5G24100","orthologs","Arabidopsis thaliana"
"AT4G36450","AT5G61350","orthologs","Arabidopsis thaliana"
"AT5G39000","AT5G61350","orthologs","Arabidopsis thaliana"
"AT4G11330","AT5G61350","orthologs","Arabidopsis thaliana"
"AT2G43790","AT5G61350","orthologs","Arabidopsis thaliana"
"AT3G45640","AT5G61350","orthologs","Arabidopsis thaliana"
"AT1G59970","AT5G61350","orthologs","Arabidopsis thaliana"
"AT1G01560","AT5G61350","orthologs","Arabidopsis thaliana"
"AT3G52590","AT5G61350","orthologs","Arabidopsis thaliana"
"AT5G24010","AT5G61350","orthologs","Arabidopsis thaliana"
"AT2G39360","AT5G61350","orthologs","Arabidopsis thaliana"
"AT5G28680","AT5G61350","orthologs","Arabidopsis thaliana"
"AT1G24140","AT5G61350","orthologs","Arabidopsis thaliana"
"AT3G62250","AT5G61350","orthologs","Arabidopsis thaliana"
"AT5G38990","AT5G61350","orthologs","Arabidopsis thaliana"
"AT1G10210","AT5G61350","orthologs","Arabidopsis thaliana"
"AT3G46290","AT5G61350","orthologs","Arabidopsis thaliana"
"AT2G47110","AT5G61350","orthologs","Arabidopsis thaliana"
"AT5G39020","AT5G61350","orthologs","Arabidopsis thaliana"
"AT5G56000","AT5G61350","orthologs","Arabidopsis thaliana"
"AT3G04690","AT5G61350","orthologs","Arabidopsis thaliana"
"AT2G36170","AT5G61350","orthologs","Arabidopsis thaliana"
"AT4G05320","AT5G61350","orthologs","Arabidopsis thaliana"
"AT5G56010","AT5G61350","orthologs","Arabidopsis thaliana"
"AT5G52640","AT5G61350","orthologs","Arabidopsis thaliana"
"AT5G56030","AT5G61350","orthologs","Arabidopsis thaliana"
"AT1G07880","AT5G61350","orthologs","Arabidopsis thaliana"
"AT1G30570","AT5G61350","orthologs","Arabidopsis thaliana"
"AT5G03240","AT5G61350","orthologs","Arabidopsis thaliana"
"AT2G21480","AT5G61350","orthologs","Arabidopsis thaliana"
"AT1G70170","AT5G61350","orthologs","Arabidopsis thaliana"
"AT2G18170","AT5G61350","orthologs","Arabidopsis thaliana"
"AT1G23410","AT5G61350","orthologs","Arabidopsis thaliana"
"AT4G02890","AT5G61350","orthologs","Arabidopsis thaliana"
"AT4G01370","AT5G61350","orthologs","Arabidopsis thaliana"
"AT4G39110","AT5G61350","orthologs","Arabidopsis thaliana"
"AT5G37640","AT5G61350","orthologs","Arabidopsis thaliana"
"AT5G39030","AT5G61350","orthologs","Arabidopsis thaliana"
"AT3G59790","AT5G61350","orthologs","Arabidopsis thaliana"
"AT2G46070","AT5G61350","orthologs","Arabidopsis thaliana"
"AT5G54380","AT5G61350","orthologs","Arabidopsis thaliana"
"AT2G23200","AT5G61350","orthologs","Arabidopsis thaliana"
"AT4G05050","AT5G61350","orthologs","Arabidopsis thaliana"
"AT1G59580","AT5G61350","orthologs","Arabidopsis thaliana"
"AT3G51550","AT5G61350","orthologs","Arabidopsis thaliana"
"AT1G70170","AT5G24080","orthologs","Arabidopsis thaliana"
"AT1G24140","AT5G24080","orthologs","Arabidopsis thaliana"
"AT1G59970","AT5G24080","orthologs","Arabidopsis thaliana"
"AT1G24140","AT5G24010","orthologs","Arabidopsis thaliana"
"AT5G39020","AT5G24010","orthologs","Arabidopsis thaliana"
"AT5G38990","AT5G24010","orthologs","Arabidopsis thaliana"
"AT3G52590","AT5G24010","orthologs","Arabidopsis thaliana"
"AT2G36170","AT5G24010","orthologs","Arabidopsis thaliana"
"AT1G70170","AT5G24010","orthologs","Arabidopsis thaliana"
"AT1G10210","AT5G24010","orthologs","Arabidopsis thaliana"
"AT5G61350","AT5G24010","orthologs","Arabidopsis thaliana"
"AT5G56010","AT5G24010","orthologs","Arabidopsis thaliana"
"AT1G01560","AT5G24010","orthologs","Arabidopsis thaliana"
"AT4G36450","AT5G24010","orthologs","Arabidopsis thaliana"
"AT4G11330","AT5G24010","orthologs","Arabidopsis thaliana"
"AT2G23200","AT5G24010","orthologs","Arabidopsis thaliana"
"AT3G59790","AT5G24010","orthologs","Arabidopsis thaliana"
"AT2G21480","AT5G24010","orthologs","Arabidopsis thaliana"
"AT4G05320","AT5G24010","orthologs","Arabidopsis thaliana"
"AT2G46070","AT5G24010","orthologs","Arabidopsis thaliana"
"AT5G39000","AT5G24010","orthologs","Arabidopsis thaliana"
"AT4G02890","AT5G24010","orthologs","Arabidopsis thaliana"
"AT1G23410","AT5G24010","orthologs","Arabidopsis thaliana"
"AT5G54380","AT5G24010","orthologs","Arabidopsis thaliana"
"AT2G39360","AT5G24010","orthologs","Arabidopsis thaliana"
"AT3G46290","AT5G24010","orthologs","Arabidopsis thaliana"
"AT5G39030","AT5G24010","orthologs","Arabidopsis thaliana"
"AT1G30570","AT5G24010","orthologs","Arabidopsis thaliana"
"AT4G01370","AT5G24010","orthologs","Arabidopsis thaliana"
"AT1G07880","AT5G24010","orthologs","Arabidopsis thaliana"
"AT3G45640","AT5G24010","orthologs","Arabidopsis thaliana"
"AT5G56000","AT5G24010","orthologs","Arabidopsis thaliana"
"AT2G18170","AT5G24010","orthologs","Arabidopsis thaliana"
"AT5G03240","AT5G24010","orthologs","Arabidopsis thaliana"
"AT1G59580","AT5G24010","orthologs","Arabidopsis thaliana"
"AT3G51550","AT5G24010","orthologs","Arabidopsis thaliana"
"AT5G37640","AT5G24010","orthologs","Arabidopsis thaliana"
"AT5G28680","AT5G24010","orthologs","Arabidopsis thaliana"
"AT2G43790","AT5G24010","orthologs","Arabidopsis thaliana"
"AT2G47110","AT5G24010","orthologs","Arabidopsis thaliana"
"AT4G05050","AT5G24010","orthologs","Arabidopsis thaliana"
"AT3G04690","AT5G24010","orthologs","Arabidopsis thaliana"
"AT5G52640","AT5G24010","orthologs","Arabidopsis thaliana"
"AT3G62250","AT5G24010","orthologs","Arabidopsis thaliana"
"AT4G39110","AT5G24010","orthologs","Arabidopsis thaliana"
"AT5G56030","AT5G24010","orthologs","Arabidopsis thaliana"
"AT1G59970","AT5G24010","orthologs","Arabidopsis thaliana"
"AT1G59970","AT5G16590","orthologs","Arabidopsis thaliana"
"AT1G70170","AT5G16590","orthologs","Arabidopsis thaliana"
"AT1G24140","AT5G16590","orthologs","Arabidopsis thaliana"
"AT1G73680","AT1G72520","orthologs","Arabidopsis thaliana"
"AT3G01420","AT1G72520","orthologs","Arabidopsis thaliana"
"AT1G59970","AT1G29750","orthologs","Arabidopsis thaliana"
"AT1G24140","AT1G29750","orthologs","Arabidopsis thaliana"
"AT1G70170","AT1G29750","orthologs","Arabidopsis thaliana"
"AT2G46070","AT5G54380","orthologs","Arabidopsis thaliana"
"AT5G56030","AT5G54380","orthologs","Arabidopsis thaliana"
"AT5G38990","AT5G54380","orthologs","Arabidopsis thaliana"
"AT1G59970","AT5G54380","orthologs","Arabidopsis thaliana"
"AT3G52590","AT5G54380","orthologs","Arabidopsis thaliana"
"AT5G37640","AT5G54380","orthologs","Arabidopsis thaliana"
"AT1G07880","AT5G54380","orthologs","Arabidopsis thaliana"
"AT3G04690","AT5G54380","orthologs","Arabidopsis thaliana"
"AT3G59790","AT5G54380","orthologs","Arabidopsis thaliana"
"AT5G61350","AT5G54380","orthologs","Arabidopsis thaliana"
"AT2G47110","AT5G54380","orthologs","Arabidopsis thaliana"
"AT2G21480","AT5G54380","orthologs","Arabidopsis thaliana"
"AT5G39000","AT5G54380","orthologs","Arabidopsis thaliana"
"AT2G23200","AT5G54380","orthologs","Arabidopsis thaliana"
"AT5G39020","AT5G54380","orthologs","Arabidopsis thaliana"
"AT3G45640","AT5G54380","orthologs","Arabidopsis thaliana"
"AT5G52640","AT5G54380","orthologs","Arabidopsis thaliana"
"AT3G51550","AT5G54380","orthologs","Arabidopsis thaliana"
"AT3G46290","AT5G54380","orthologs","Arabidopsis thaliana"
"AT2G39360","AT5G54380","orthologs","Arabidopsis thaliana"
"AT4G02890","AT5G54380","orthologs","Arabidopsis thaliana"
"AT4G05050","AT5G54380","orthologs","Arabidopsis thaliana"
"AT2G18170","AT5G54380","orthologs","Arabidopsis thaliana"
"AT2G43790","AT5G54380","orthologs","Arabidopsis thaliana"
"AT3G62250","AT5G54380","orthologs","Arabidopsis thaliana"
"AT1G59580","AT5G54380","orthologs","Arabidopsis thaliana"
"AT1G30570","AT5G54380","orthologs","Arabidopsis thaliana"
"AT1G23410","AT5G54380","orthologs","Arabidopsis thaliana"
"AT4G01370","AT5G54380","orthologs","Arabidopsis thaliana"
"AT1G10210","AT5G54380","orthologs","Arabidopsis thaliana"
"AT5G03240","AT5G54380","orthologs","Arabidopsis thaliana"
"AT4G36450","AT5G54380","orthologs","Arabidopsis thaliana"
"AT1G70170","AT5G54380","orthologs","Arabidopsis thaliana"
"AT5G28680","AT5G54380","orthologs","Arabidopsis thaliana"
"AT4G39110","AT5G54380","orthologs","Arabidopsis thaliana"
"AT5G24010","AT5G54380","orthologs","Arabidopsis thaliana"
"AT5G56010","AT5G54380","orthologs","Arabidopsis thaliana"
"AT5G39030","AT5G54380","orthologs","Arabidopsis thaliana"
"AT5G56000","AT5G54380","orthologs","Arabidopsis thaliana"
"AT2G36170","AT5G54380","orthologs","Arabidopsis thaliana"
"AT4G05320","AT5G54380","orthologs","Arabidopsis thaliana"
"AT1G24140","AT5G54380","orthologs","Arabidopsis thaliana"
"AT1G01560","AT5G54380","orthologs","Arabidopsis thaliana"
"AT4G11330","AT5G54380","orthologs","Arabidopsis thaliana"
"AT1G17250","AT1G21210","orthologs","Arabidopsis thaliana"
"AT2G47730","AT1G21210","orthologs","Arabidopsis thaliana"
"AT4G05320","AT1G21210","orthologs","Arabidopsis thaliana"
"AT4G02520","AT1G21210","orthologs","Arabidopsis thaliana"
"AT4G24190","AT1G21210","orthologs","Arabidopsis thaliana"
"AT1G17240","AT1G21210","orthologs","Arabidopsis thaliana"
"AT5G56010","AT1G21210","orthologs","Arabidopsis thaliana"
"AT3G03190","AT1G21210","orthologs","Arabidopsis thaliana"
"AT4G05050","AT1G21210","orthologs","Arabidopsis thaliana"
"AT1G02930","AT1G21210","orthologs","Arabidopsis thaliana"
"AT3G28890","AT1G21210","orthologs","Arabidopsis thaliana"
"AT1G02920","AT1G21210","orthologs","Arabidopsis thaliana"
"AT1G68090","AT1G21210","orthologs","Arabidopsis thaliana"
"AT3G62250","AT1G21210","orthologs","Arabidopsis thaliana"
"AT2G30870","AT1G21210","orthologs","Arabidopsis thaliana"
"AT3G62760","AT1G21210","orthologs","Arabidopsis thaliana"
"AT2G02930","AT1G21210","orthologs","Arabidopsis thaliana"
"AT1G02950","AT1G21210","orthologs","Arabidopsis thaliana"
"AT5G17220","AT1G21210","orthologs","Arabidopsis thaliana"
"AT5G06870","AT1G21210","orthologs","Arabidopsis thaliana"
"AT1G23490","AT1G21210","orthologs","Arabidopsis thaliana"
"AT2G42800","AT1G21210","orthologs","Arabidopsis thaliana"
"AT1G74200","AT1G21210","orthologs","Arabidopsis thaliana"
"AT2G36170","AT1G21210","orthologs","Arabidopsis thaliana"
"AT1G13230","AT1G21210","orthologs","Arabidopsis thaliana"
"AT4G02890","AT1G21210","orthologs","Arabidopsis thaliana"
"AT5G56030","AT1G21210","orthologs","Arabidopsis thaliana"
"AT3G12610","AT1G21210","orthologs","Arabidopsis thaliana"
"AT3G23010","AT1G21210","orthologs","Arabidopsis thaliana"
"AT5G52640","AT1G21210","orthologs","Arabidopsis thaliana"
"AT5G06860","AT1G21210","orthologs","Arabidopsis thaliana"
"AT5G37640","AT1G21210","orthologs","Arabidopsis thaliana"
"AT3G52590","AT1G21210","orthologs","Arabidopsis thaliana"
"AT5G03240","AT1G21210","orthologs","Arabidopsis thaliana"
"AT2G30860","AT1G21210","orthologs","Arabidopsis thaliana"
"AT2G26300","AT1G21210","orthologs","Arabidopsis thaliana"
"AT5G56000","AT1G21210","orthologs","Arabidopsis thaliana"
"AT3G12145","AT1G21210","orthologs","Arabidopsis thaliana"
"AT1G70490","AT1G21210","orthologs","Arabidopsis thaliana"
"AT1G02940","AT1G21210","orthologs","Arabidopsis thaliana"
"AT2G47110","AT1G21210","orthologs","Arabidopsis thaliana"
"AT1G80080","AT1G21210","orthologs","Arabidopsis thaliana"
"AT1G49860","AT1G21210","orthologs","Arabidopsis thaliana"
"AT1G23410","AT1G21210","orthologs","Arabidopsis thaliana"
"AT1G23410","AT1G21230","orthologs","Arabidopsis thaliana"
"AT5G56010","AT1G21230","orthologs","Arabidopsis thaliana"
"AT3G62250","AT1G21230","orthologs","Arabidopsis thaliana"
"AT1G17240","AT1G21230","orthologs","Arabidopsis thaliana"
"AT5G06860","AT1G21230","orthologs","Arabidopsis thaliana"
"AT1G70490","AT1G21230","orthologs","Arabidopsis thaliana"
"AT3G62760","AT1G21230","orthologs","Arabidopsis thaliana"
"AT5G37640","AT1G21230","orthologs","Arabidopsis thaliana"
"AT4G02890","AT1G21230","orthologs","Arabidopsis thaliana"
"AT3G28890","AT1G21230","orthologs","Arabidopsis thaliana"
"AT2G26300","AT1G21230","orthologs","Arabidopsis thaliana"
"AT1G17250","AT1G21230","orthologs","Arabidopsis thaliana"
"AT4G05320","AT1G21230","orthologs","Arabidopsis thaliana"
"AT1G49860","AT1G21230","orthologs","Arabidopsis thaliana"
"AT2G30870","AT1G21230","orthologs","Arabidopsis thaliana"
"AT5G17220","AT1G21230","orthologs","Arabidopsis thaliana"
"AT3G52590","AT1G21230","orthologs","Arabidopsis thaliana"
"AT2G47730","AT1G21230","orthologs","Arabidopsis thaliana"
"AT1G02930","AT1G21230","orthologs","Arabidopsis thaliana"
"AT2G42800","AT1G21230","orthologs","Arabidopsis thaliana"
"AT1G80080","AT1G21230","orthologs","Arabidopsis thaliana"
"AT2G36170","AT1G21230","orthologs","Arabidopsis thaliana"
"AT1G02920","AT1G21230","orthologs","Arabidopsis thaliana"
"AT3G03190","AT1G21230","orthologs","Arabidopsis thaliana"
"AT2G30860","AT1G21230","orthologs","Arabidopsis thaliana"
"AT1G13230","AT1G21230","orthologs","Arabidopsis thaliana"
"AT3G12610","AT1G21230","orthologs","Arabidopsis thaliana"
"AT1G02950","AT1G21230","orthologs","Arabidopsis thaliana"
"AT4G24190","AT1G21230","orthologs","Arabidopsis thaliana"
"AT5G52640","AT1G21230","orthologs","Arabidopsis thaliana"
"AT1G23490","AT1G21230","orthologs","Arabidopsis thaliana"
"AT5G56030","AT1G21230","orthologs","Arabidopsis thaliana"
"AT1G74200","AT1G21230","orthologs","Arabidopsis thaliana"
"AT1G68090","AT1G21230","orthologs","Arabidopsis thaliana"
"AT5G56000","AT1G21230","orthologs","Arabidopsis thaliana"
"AT3G12145","AT1G21230","orthologs","Arabidopsis thaliana"
"AT2G47110","AT1G21230","orthologs","Arabidopsis thaliana"
"AT4G02520","AT1G21230","orthologs","Arabidopsis thaliana"
"AT5G06870","AT1G21230","orthologs","Arabidopsis thaliana"
"AT5G03240","AT1G21230","orthologs","Arabidopsis thaliana"
"AT2G02930","AT1G21230","orthologs","Arabidopsis thaliana"
"AT4G05050","AT1G21230","orthologs","Arabidopsis thaliana"
"AT3G23010","AT1G21230","orthologs","Arabidopsis thaliana"
"AT1G02940","AT1G21230","orthologs","Arabidopsis thaliana"
"AT2G30870","AT1G21240","orthologs","Arabidopsis thaliana"
"AT2G47730","AT1G21240","orthologs","Arabidopsis thaliana"
"AT1G17250","AT1G21240","orthologs","Arabidopsis thaliana"
"AT5G52640","AT1G21240","orthologs","Arabidopsis thaliana"
"AT3G52590","AT1G21240","orthologs","Arabidopsis thaliana"
"AT1G02920","AT1G21240","orthologs","Arabidopsis thaliana"
"AT1G17240","AT1G21240","orthologs","Arabidopsis thaliana"
"AT5G03240","AT1G21240","orthologs","Arabidopsis thaliana"
"AT3G03190","AT1G21240","orthologs","Arabidopsis thaliana"
"AT5G17220","AT1G21240","orthologs","Arabidopsis thaliana"
"AT3G12145","AT1G21240","orthologs","Arabidopsis thaliana"
"AT4G02890","AT1G21240","orthologs","Arabidopsis thaliana"
"AT5G37640","AT1G21240","orthologs","Arabidopsis thaliana"
"AT1G23410","AT1G21240","orthologs","Arabidopsis thaliana"
"AT4G24190","AT1G21240","orthologs","Arabidopsis thaliana"
"AT2G30860","AT1G21240","orthologs","Arabidopsis thaliana"
"AT3G23010","AT1G21240","orthologs","Arabidopsis thaliana"
"AT2G42800","AT1G21240","orthologs","Arabidopsis thaliana"
"AT1G74200","AT1G21240","orthologs","Arabidopsis thaliana"
"AT2G02930","AT1G21240","orthologs","Arabidopsis thaliana"
"AT1G02950","AT1G21240","orthologs","Arabidopsis thaliana"
"AT1G49860","AT1G21240","orthologs","Arabidopsis thaliana"
"AT4G02520","AT1G21240","orthologs","Arabidopsis thaliana"
"AT4G05050","AT1G21240","orthologs","Arabidopsis thaliana"
"AT2G36170","AT1G21240","orthologs","Arabidopsis thaliana"
"AT3G62760","AT1G21240","orthologs","Arabidopsis thaliana"
"AT1G13230","AT1G21240","orthologs","Arabidopsis thaliana"
"AT3G62250","AT1G21240","orthologs","Arabidopsis thaliana"
"AT1G02930","AT1G21240","orthologs","Arabidopsis thaliana"
"AT2G26300","AT1G21240","orthologs","Arabidopsis thaliana"
"AT5G06860","AT1G21240","orthologs","Arabidopsis thaliana"
"AT1G80080","AT1G21240","orthologs","Arabidopsis thaliana"
"AT1G02940","AT1G21240","orthologs","Arabidopsis thaliana"
"AT3G12610","AT1G21240","orthologs","Arabidopsis thaliana"
"AT2G47110","AT1G21240","orthologs","Arabidopsis thaliana"
"AT5G06870","AT1G21240","orthologs","Arabidopsis thaliana"
"AT1G68090","AT1G21240","orthologs","Arabidopsis thaliana"
"AT3G28890","AT1G21240","orthologs","Arabidopsis thaliana"
"AT1G23490","AT1G21240","orthologs","Arabidopsis thaliana"
"AT4G05320","AT1G21240","orthologs","Arabidopsis thaliana"
"AT5G56030","AT1G21240","orthologs","Arabidopsis thaliana"
"AT5G56000","AT1G21240","orthologs","Arabidopsis thaliana"
"AT1G70490","AT1G21240","orthologs","Arabidopsis thaliana"
"AT5G56010","AT1G21240","orthologs","Arabidopsis thaliana"
"AT4G05050","AT1G21270","orthologs","Arabidopsis thaliana"
"AT1G02950","AT1G21270","orthologs","Arabidopsis thaliana"
"AT2G42800","AT1G21270","orthologs","Arabidopsis thaliana"
"AT4G05320","AT1G21270","orthologs","Arabidopsis thaliana"
"AT5G52640","AT1G21270","orthologs","Arabidopsis thaliana"
"AT5G17220","AT1G21270","orthologs","Arabidopsis thaliana"
"AT1G13230","AT1G21270","orthologs","Arabidopsis thaliana"
"AT5G37640","AT1G21270","orthologs","Arabidopsis thaliana"
"AT1G17250","AT1G21270","orthologs","Arabidopsis thaliana"
"AT4G02520","AT1G21270","orthologs","Arabidopsis thaliana"
"AT1G49860","AT1G21270","orthologs","Arabidopsis thaliana"
"AT1G23410","AT1G21270","orthologs","Arabidopsis thaliana"
"AT1G68090","AT1G21270","orthologs","Arabidopsis thaliana"
"AT3G23010","AT1G21270","orthologs","Arabidopsis thaliana"
"AT3G52590","AT1G21270","orthologs","Arabidopsis thaliana"
"AT1G02930","AT1G21270","orthologs","Arabidopsis thaliana"
"AT2G47110","AT1G21270","orthologs","Arabidopsis thaliana"
"AT5G03240","AT1G21270","orthologs","Arabidopsis thaliana"
"AT4G24190","AT1G21270","orthologs","Arabidopsis thaliana"
"AT3G12610","AT1G21270","orthologs","Arabidopsis thaliana"
"AT2G02930","AT1G21270","orthologs","Arabidopsis thaliana"
"AT3G03190","AT1G21270","orthologs","Arabidopsis thaliana"
"AT1G23490","AT1G21270","orthologs","Arabidopsis thaliana"
"AT5G06870","AT1G21270","orthologs","Arabidopsis thaliana"
"AT1G70490","AT1G21270","orthologs","Arabidopsis thaliana"
"AT3G62250","AT1G21270","orthologs","Arabidopsis thaliana"
"AT1G80080","AT1G21270","orthologs","Arabidopsis thaliana"
"AT1G74200","AT1G21270","orthologs","Arabidopsis thaliana"
"AT2G30870","AT1G21270","orthologs","Arabidopsis thaliana"
"AT5G56000","AT1G21270","orthologs","Arabidopsis thaliana"
"AT2G30860","AT1G21270","orthologs","Arabidopsis thaliana"
"AT1G02920","AT1G21270","orthologs","Arabidopsis thaliana"
"AT3G28890","AT1G21270","orthologs","Arabidopsis thaliana"
"AT5G56030","AT1G21270","orthologs","Arabidopsis thaliana"
"AT1G17240","AT1G21270","orthologs","Arabidopsis thaliana"
"AT2G26300","AT1G21270","orthologs","Arabidopsis thaliana"
"AT2G36170","AT1G21270","orthologs","Arabidopsis thaliana"
"AT5G56010","AT1G21270","orthologs","Arabidopsis thaliana"
"AT2G47730","AT1G21270","orthologs","Arabidopsis thaliana"
"AT4G02890","AT1G21270","orthologs","Arabidopsis thaliana"
"AT3G62760","AT1G21270","orthologs","Arabidopsis thaliana"
"AT1G02940","AT1G21270","orthologs","Arabidopsis thaliana"
"AT5G06860","AT1G21270","orthologs","Arabidopsis thaliana"
"AT3G12145","AT1G21270","orthologs","Arabidopsis thaliana"
"AT1G70490","AT1G17910","orthologs","Arabidopsis thaliana"
"AT5G56010","AT1G17910","orthologs","Arabidopsis thaliana"
"AT1G23410","AT1G17910","orthologs","Arabidopsis thaliana"
"AT1G02950","AT1G17910","orthologs","Arabidopsis thaliana"
"AT2G02930","AT1G17910","orthologs","Arabidopsis thaliana"
"AT2G47110","AT1G17910","orthologs","Arabidopsis thaliana"
"AT2G36170","AT1G17910","orthologs","Arabidopsis thaliana"
"AT2G42800","AT1G17910","orthologs","Arabidopsis thaliana"
"AT2G30870","AT1G17910","orthologs","Arabidopsis thaliana"
"AT3G23010","AT1G17910","orthologs","Arabidopsis thaliana"
"AT5G17220","AT1G17910","orthologs","Arabidopsis thaliana"
"AT5G06870","AT1G17910","orthologs","Arabidopsis thaliana"
"AT1G02940","AT1G17910","orthologs","Arabidopsis thaliana"
"AT1G02930","AT1G17910","orthologs","Arabidopsis thaliana"
"AT2G47730","AT1G17910","orthologs","Arabidopsis thaliana"
"AT3G52590","AT1G17910","orthologs","Arabidopsis thaliana"
"AT4G05320","AT1G17910","orthologs","Arabidopsis thaliana"
"AT2G26300","AT1G17910","orthologs","Arabidopsis thaliana"
"AT1G74200","AT1G17910","orthologs","Arabidopsis thaliana"
"AT4G02520","AT1G17910","orthologs","Arabidopsis thaliana"
"AT5G03240","AT1G17910","orthologs","Arabidopsis thaliana"
"AT1G17250","AT1G17910","orthologs","Arabidopsis thaliana"
"AT5G06860","AT1G17910","orthologs","Arabidopsis thaliana"
"AT3G28890","AT1G17910","orthologs","Arabidopsis thaliana"
"AT5G56030","AT1G17910","orthologs","Arabidopsis thaliana"
"AT4G24190","AT1G17910","orthologs","Arabidopsis thaliana"
"AT1G02920","AT1G17910","orthologs","Arabidopsis thaliana"
"AT1G17240","AT1G17910","orthologs","Arabidopsis thaliana"
"AT3G62250","AT1G17910","orthologs","Arabidopsis thaliana"
"AT3G62760","AT1G17910","orthologs","Arabidopsis thaliana"
"AT1G49860","AT1G17910","orthologs","Arabidopsis thaliana"
"AT3G12145","AT1G17910","orthologs","Arabidopsis thaliana"
"AT5G52640","AT1G17910","orthologs","Arabidopsis thaliana"
"AT1G23490","AT1G17910","orthologs","Arabidopsis thaliana"
"AT2G30860","AT1G17910","orthologs","Arabidopsis thaliana"
"AT4G05050","AT1G17910","orthologs","Arabidopsis thaliana"
"AT1G68090","AT1G17910","orthologs","Arabidopsis thaliana"
"AT3G12610","AT1G17910","orthologs","Arabidopsis thaliana"
"AT5G56000","AT1G17910","orthologs","Arabidopsis thaliana"
"AT5G37640","AT1G17910","orthologs","Arabidopsis thaliana"
"AT1G80080","AT1G17910","orthologs","Arabidopsis thaliana"
"AT3G03190","AT1G17910","orthologs","Arabidopsis thaliana"
"AT1G13230","AT1G17910","orthologs","Arabidopsis thaliana"
"AT4G02890","AT1G17910","orthologs","Arabidopsis thaliana"
"AT5G03240","AT1G19390","orthologs","Arabidopsis thaliana"
"AT3G23010","AT1G19390","orthologs","Arabidopsis thaliana"
"AT5G52640","AT1G19390","orthologs","Arabidopsis thaliana"
"AT1G74200","AT1G19390","orthologs","Arabidopsis thaliana"
"AT1G17240","AT1G19390","orthologs","Arabidopsis thaliana"
"AT1G49860","AT1G19390","orthologs","Arabidopsis thaliana"
"AT5G06870","AT1G19390","orthologs","Arabidopsis thaliana"
"AT2G02930","AT1G19390","orthologs","Arabidopsis thaliana"
"AT1G02920","AT1G19390","orthologs","Arabidopsis thaliana"
"AT4G02890","AT1G19390","orthologs","Arabidopsis thaliana"
"AT2G42800","AT1G19390","orthologs","Arabidopsis thaliana"
"AT2G47110","AT1G19390","orthologs","Arabidopsis thaliana"
"AT4G05050","AT1G19390","orthologs","Arabidopsis thaliana"
"AT1G70490","AT1G19390","orthologs","Arabidopsis thaliana"
"AT5G17220","AT1G19390","orthologs","Arabidopsis thaliana"
"AT2G30870","AT1G19390","orthologs","Arabidopsis thaliana"
"AT4G02520","AT1G19390","orthologs","Arabidopsis thaliana"
"AT1G68090","AT1G19390","orthologs","Arabidopsis thaliana"
"AT3G62250","AT1G19390","orthologs","Arabidopsis thaliana"
"AT3G12610","AT1G19390","orthologs","Arabidopsis thaliana"
"AT1G02940","AT1G19390","orthologs","Arabidopsis thaliana"
"AT3G52590","AT1G19390","orthologs","Arabidopsis thaliana"
"AT2G30860","AT1G19390","orthologs","Arabidopsis thaliana"
"AT5G56000","AT1G19390","orthologs","Arabidopsis thaliana"
"AT5G06860","AT1G19390","orthologs","Arabidopsis thaliana"
"AT5G56010","AT1G19390","orthologs","Arabidopsis thaliana"
"AT3G12145","AT1G19390","orthologs","Arabidopsis thaliana"
"AT2G36170","AT1G19390","orthologs","Arabidopsis thaliana"
"AT1G02950","AT1G19390","orthologs","Arabidopsis thaliana"
"AT2G26300","AT1G19390","orthologs","Arabidopsis thaliana"
"AT1G23410","AT1G19390","orthologs","Arabidopsis thaliana"
"AT1G02930","AT1G19390","orthologs","Arabidopsis thaliana"
"AT1G80080","AT1G19390","orthologs","Arabidopsis thaliana"
"AT5G37640","AT1G19390","orthologs","Arabidopsis thaliana"
"AT3G03190","AT1G19390","orthologs","Arabidopsis thaliana"
"AT1G17250","AT1G19390","orthologs","Arabidopsis thaliana"
"AT5G56030","AT1G19390","orthologs","Arabidopsis thaliana"
"AT1G13230","AT1G19390","orthologs","Arabidopsis thaliana"
"AT2G47730","AT1G19390","orthologs","Arabidopsis thaliana"
"AT1G23490","AT1G19390","orthologs","Arabidopsis thaliana"
"AT3G62760","AT1G19390","orthologs","Arabidopsis thaliana"
"AT4G05320","AT1G19390","orthologs","Arabidopsis thaliana"
"AT3G28890","AT1G19390","orthologs","Arabidopsis thaliana"
"AT4G24190","AT1G19390","orthologs","Arabidopsis thaliana"
"AT3G01420","AT1G17420","orthologs","Arabidopsis thaliana"
"AT1G73680","AT1G17420","orthologs","Arabidopsis thaliana"
"AT1G70170","AT1G48480","orthologs","Arabidopsis thaliana"
"AT1G59970","AT1G48480","orthologs","Arabidopsis thaliana"
"AT1G24140","AT1G48480","orthologs","Arabidopsis thaliana"
"AT1G24140","AT1G50610","orthologs","Arabidopsis thaliana"
"AT1G70170","AT1G50610","orthologs","Arabidopsis thaliana"
"AT1G59970","AT1G50610","orthologs","Arabidopsis thaliana"
"AT1G23490","AT3G16785","orthologs","Arabidopsis thaliana"
"AT1G70490","AT3G16785","orthologs","Arabidopsis thaliana"
"AT1G70170","AT3G28450","orthologs","Arabidopsis thaliana"
"AT1G24140","AT3G28450","orthologs","Arabidopsis thaliana"
"AT1G59970","AT3G28450","orthologs","Arabidopsis thaliana"
"AT1G17250","AT3G25490","orthologs","Arabidopsis thaliana"
"AT2G30860","AT3G25490","orthologs","Arabidopsis thaliana"
"AT5G03240","AT3G25490","orthologs","Arabidopsis thaliana"
"AT5G56010","AT3G25490","orthologs","Arabidopsis thaliana"
"AT3G23010","AT3G25490","orthologs","Arabidopsis thaliana"
"AT4G05050","AT3G25490","orthologs","Arabidopsis thaliana"
"AT1G80080","AT3G25490","orthologs","Arabidopsis thaliana"
"AT1G68090","AT3G25490","orthologs","Arabidopsis thaliana"
"AT1G02930","AT3G25490","orthologs","Arabidopsis thaliana"
"AT2G30870","AT3G25490","orthologs","Arabidopsis thaliana"
"AT2G47730","AT3G25490","orthologs","Arabidopsis thaliana"
"AT4G02520","AT3G25490","orthologs","Arabidopsis thaliana"
"AT3G28890","AT3G25490","orthologs","Arabidopsis thaliana"
"AT4G05320","AT3G25490","orthologs","Arabidopsis thaliana"
"AT2G02930","AT3G25490","orthologs","Arabidopsis thaliana"
"AT5G17220","AT3G25490","orthologs","Arabidopsis thaliana"
"AT1G13230","AT3G25490","orthologs","Arabidopsis thaliana"
"AT2G42800","AT3G25490","orthologs","Arabidopsis thaliana"
"AT1G02920","AT3G25490","orthologs","Arabidopsis thaliana"
"AT2G36170","AT3G25490","orthologs","Arabidopsis thaliana"
"AT3G03190","AT3G25490","orthologs","Arabidopsis thaliana"
"AT1G70490","AT3G25490","orthologs","Arabidopsis thaliana"
"AT1G74200","AT3G25490","orthologs","Arabidopsis thaliana"
"AT1G49860","AT3G25490","orthologs","Arabidopsis thaliana"
"AT1G02950","AT3G25490","orthologs","Arabidopsis thaliana"
"AT1G02940","AT3G25490","orthologs","Arabidopsis thaliana"
"AT5G06870","AT3G25490","orthologs","Arabidopsis thaliana"
"AT3G62250","AT3G25490","orthologs","Arabidopsis thaliana"
"AT4G24190","AT3G25490","orthologs","Arabidopsis thaliana"
"AT1G17240","AT3G25490","orthologs","Arabidopsis thaliana"
"AT5G37640","AT3G25490","orthologs","Arabidopsis thaliana"
"AT3G12610","AT3G25490","orthologs","Arabidopsis thaliana"
"AT5G52640","AT3G25490","orthologs","Arabidopsis thaliana"
"AT3G12145","AT3G25490","orthologs","Arabidopsis thaliana"
"AT5G06860","AT3G25490","orthologs","Arabidopsis thaliana"
"AT2G26300","AT3G25490","orthologs","Arabidopsis thaliana"
"AT5G56000","AT3G25490","orthologs","Arabidopsis thaliana"
"AT3G62760","AT3G25490","orthologs","Arabidopsis thaliana"
"AT5G56030","AT3G25490","orthologs","Arabidopsis thaliana"
"AT1G23490","AT3G25490","orthologs","Arabidopsis thaliana"
"AT4G02890","AT3G25490","orthologs","Arabidopsis thaliana"
"AT2G47110","AT3G25490","orthologs","Arabidopsis thaliana"
"AT1G23410","AT3G25490","orthologs","Arabidopsis thaliana"
"AT3G52590","AT3G25490","orthologs","Arabidopsis thaliana"
"AT1G24140","AT3G14350","orthologs","Arabidopsis thaliana"
"AT1G70170","AT3G14350","orthologs","Arabidopsis thaliana"
"AT1G59970","AT3G14350","orthologs","Arabidopsis thaliana"
"AT3G01420","AT3G22400","orthologs","Arabidopsis thaliana"
"AT1G73680","AT3G22400","orthologs","Arabidopsis thaliana"
"AT1G24140","AT3G17840","orthologs","Arabidopsis thaliana"
"AT1G59970","AT3G17840","orthologs","Arabidopsis thaliana"
"AT1G70170","AT3G17840","orthologs","Arabidopsis thaliana"
"AT1G70170","AT5G58300","orthologs","Arabidopsis thaliana"
"AT1G59970","AT5G58300","orthologs","Arabidopsis thaliana"
"AT1G24140","AT5G58300","orthologs","Arabidopsis thaliana"
"AT1G59970","AT5G58150","orthologs","Arabidopsis thaliana"
"AT1G24140","AT5G58150","orthologs","Arabidopsis thaliana"
"AT1G70170","AT5G58150","orthologs","Arabidopsis thaliana"
"AT2G43790","AT3G46290","orthologs","Arabidopsis thaliana"
"AT3G59790","AT3G46290","orthologs","Arabidopsis thaliana"
"AT1G59970","AT3G46290","orthologs","Arabidopsis thaliana"
"AT5G24010","AT3G46290","orthologs","Arabidopsis thaliana"
"AT2G47110","AT3G46290","orthologs","Arabidopsis thaliana"
"AT1G70170","AT3G46290","orthologs","Arabidopsis thaliana"
"AT4G01370","AT3G46290","orthologs","Arabidopsis thaliana"
"AT4G02890","AT3G46290","orthologs","Arabidopsis thaliana"
"AT5G54380","AT3G46290","orthologs","Arabidopsis thaliana"
"AT5G37640","AT3G46290","orthologs","Arabidopsis thaliana"
"AT3G51550","AT3G46290","orthologs","Arabidopsis thaliana"
"AT5G56000","AT3G46290","orthologs","Arabidopsis thaliana"
"AT1G59580","AT3G46290","orthologs","Arabidopsis thaliana"
"AT2G18170","AT3G46290","orthologs","Arabidopsis thaliana"
"AT3G45640","AT3G46290","orthologs","Arabidopsis thaliana"
"AT2G23200","AT3G46290","orthologs","Arabidopsis thaliana"
"AT5G61350","AT3G46290","orthologs","Arabidopsis thaliana"
"AT4G05320","AT3G46290","orthologs","Arabidopsis thaliana"
"AT5G03240","AT3G46290","orthologs","Arabidopsis thaliana"
"AT5G52640","AT3G46290","orthologs","Arabidopsis thaliana"
"AT3G04690","AT3G46290","orthologs","Arabidopsis thaliana"
"AT3G62250","AT3G46290","orthologs","Arabidopsis thaliana"
"AT1G24140","AT3G46290","orthologs","Arabidopsis thaliana"
"AT2G46070","AT3G46290","orthologs","Arabidopsis thaliana"
"AT5G28680","AT3G46290","orthologs","Arabidopsis thaliana"
"AT4G05050","AT3G46290","orthologs","Arabidopsis thaliana"
"AT5G56030","AT3G46290","orthologs","Arabidopsis thaliana"
"AT2G21480","AT3G46290","orthologs","Arabidopsis thaliana"
"AT3G52590","AT3G46290","orthologs","Arabidopsis thaliana"
"AT5G39000","AT3G46290","orthologs","Arabidopsis thaliana"
"AT4G36450","AT3G46290","orthologs","Arabidopsis thaliana"
"AT2G39360","AT3G46290","orthologs","Arabidopsis thaliana"
"AT5G56010","AT3G46290","orthologs","Arabidopsis thaliana"
"AT4G39110","AT3G46290","orthologs","Arabidopsis thaliana"
"AT2G36170","AT3G46290","orthologs","Arabidopsis thaliana"
"AT1G23410","AT3G46290","orthologs","Arabidopsis thaliana"
"AT5G39020","AT3G46290","orthologs","Arabidopsis thaliana"
"AT1G10210","AT3G46290","orthologs","Arabidopsis thaliana"
"AT5G39030","AT3G46290","orthologs","Arabidopsis thaliana"
"AT1G07880","AT3G46290","orthologs","Arabidopsis thaliana"
"AT4G11330","AT3G46290","orthologs","Arabidopsis thaliana"
"AT1G01560","AT3G46290","orthologs","Arabidopsis thaliana"
"AT1G30570","AT3G46290","orthologs","Arabidopsis thaliana"
"AT5G38990","AT3G46290","orthologs","Arabidopsis thaliana"
"AT5G56030","AT5G02070","orthologs","Arabidopsis thaliana"
"AT3G23010","AT5G02070","orthologs","Arabidopsis thaliana"
"AT3G12610","AT5G02070","orthologs","Arabidopsis thaliana"
"AT1G13230","AT5G02070","orthologs","Arabidopsis thaliana"
"AT1G49860","AT5G02070","orthologs","Arabidopsis thaliana"
"AT2G42800","AT5G02070","orthologs","Arabidopsis thaliana"
"AT5G17220","AT5G02070","orthologs","Arabidopsis thaliana"
"AT3G62250","AT5G02070","orthologs","Arabidopsis thaliana"
"AT2G47110","AT5G02070","orthologs","Arabidopsis thaliana"
"AT5G37640","AT5G02070","orthologs","Arabidopsis thaliana"
"AT4G02520","AT5G02070","orthologs","Arabidopsis thaliana"
"AT4G05050","AT5G02070","orthologs","Arabidopsis thaliana"
"AT1G80080","AT5G02070","orthologs","Arabidopsis thaliana"
"AT1G02930","AT5G02070","orthologs","Arabidopsis thaliana"
"AT1G17250","AT5G02070","orthologs","Arabidopsis thaliana"
"AT5G06860","AT5G02070","orthologs","Arabidopsis thaliana"
"AT3G52590","AT5G02070","orthologs","Arabidopsis thaliana"
"AT1G70490","AT5G02070","orthologs","Arabidopsis thaliana"
"AT2G36170","AT5G02070","orthologs","Arabidopsis thaliana"
"AT1G02950","AT5G02070","orthologs","Arabidopsis thaliana"
"AT2G30860","AT5G02070","orthologs","Arabidopsis thaliana"
"AT5G03240","AT5G02070","orthologs","Arabidopsis thaliana"
"AT4G05320","AT5G02070","orthologs","Arabidopsis thaliana"
"AT2G47730","AT5G02070","orthologs","Arabidopsis thaliana"
"AT3G28890","AT5G02070","orthologs","Arabidopsis thaliana"
"AT5G56000","AT5G02070","orthologs","Arabidopsis thaliana"
"AT1G02920","AT5G02070","orthologs","Arabidopsis thaliana"
"AT1G68090","AT5G02070","orthologs","Arabidopsis thaliana"
"AT3G12145","AT5G02070","orthologs","Arabidopsis thaliana"
"AT5G06870","AT5G02070","orthologs","Arabidopsis thaliana"
"AT1G74200","AT5G02070","orthologs","Arabidopsis thaliana"
"AT4G24190","AT5G02070","orthologs","Arabidopsis thaliana"
"AT3G62760","AT5G02070","orthologs","Arabidopsis thaliana"
"AT1G23410","AT5G02070","orthologs","Arabidopsis thaliana"
"AT1G02940","AT5G02070","orthologs","Arabidopsis thaliana"
"AT2G26300","AT5G02070","orthologs","Arabidopsis thaliana"
"AT5G52640","AT5G02070","orthologs","Arabidopsis thaliana"
"AT1G23490","AT5G02070","orthologs","Arabidopsis thaliana"
"AT4G02890","AT5G02070","orthologs","Arabidopsis thaliana"
"AT2G30870","AT5G02070","orthologs","Arabidopsis thaliana"
"AT1G17240","AT5G02070","orthologs","Arabidopsis thaliana"
"AT5G56010","AT5G02070","orthologs","Arabidopsis thaliana"
"AT3G03190","AT5G02070","orthologs","Arabidopsis thaliana"
"AT2G02930","AT5G02070","orthologs","Arabidopsis thaliana"
"AT5G56030","AT4G31100","orthologs","Arabidopsis thaliana"
"AT3G52590","AT4G31100","orthologs","Arabidopsis thaliana"
"AT4G02520","AT4G31100","orthologs","Arabidopsis thaliana"
"AT1G80080","AT4G31100","orthologs","Arabidopsis thaliana"
"AT3G03190","AT4G31100","orthologs","Arabidopsis thaliana"
"AT2G30870","AT4G31100","orthologs","Arabidopsis thaliana"
"AT1G02920","AT4G31100","orthologs","Arabidopsis thaliana"
"AT1G02940","AT4G31100","orthologs","Arabidopsis thaliana"
"AT4G02890","AT4G31100","orthologs","Arabidopsis thaliana"
"AT3G23010","AT4G31100","orthologs","Arabidopsis thaliana"
"AT2G36170","AT4G31100","orthologs","Arabidopsis thaliana"
"AT5G03240","AT4G31100","orthologs","Arabidopsis thaliana"
"AT3G12610","AT4G31100","orthologs","Arabidopsis thaliana"
"AT1G13230","AT4G31100","orthologs","Arabidopsis thaliana"
"AT1G23410","AT4G31100","orthologs","Arabidopsis thaliana"
"AT5G56000","AT4G31100","orthologs","Arabidopsis thaliana"
"AT5G06860","AT4G31100","orthologs","Arabidopsis thaliana"
"AT2G47110","AT4G31100","orthologs","Arabidopsis thaliana"
"AT4G24190","AT4G31100","orthologs","Arabidopsis thaliana"
"AT1G23490","AT4G31100","orthologs","Arabidopsis thaliana"
"AT5G17220","AT4G31100","orthologs","Arabidopsis thaliana"
"AT3G62250","AT4G31100","orthologs","Arabidopsis thaliana"
"AT1G17250","AT4G31100","orthologs","Arabidopsis thaliana"
"AT1G70490","AT4G31100","orthologs","Arabidopsis thaliana"
"AT2G30860","AT4G31100","orthologs","Arabidopsis thaliana"
"AT5G37640","AT4G31100","orthologs","Arabidopsis thaliana"
"AT1G02930","AT4G31100","orthologs","Arabidopsis thaliana"
"AT2G02930","AT4G31100","orthologs","Arabidopsis thaliana"
"AT1G02950","AT4G31100","orthologs","Arabidopsis thaliana"
"AT3G62760","AT4G31100","orthologs","Arabidopsis thaliana"
"AT2G26300","AT4G31100","orthologs","Arabidopsis thaliana"
"AT3G28890","AT4G31100","orthologs","Arabidopsis thaliana"
"AT1G68090","AT4G31100","orthologs","Arabidopsis thaliana"
"AT3G12145","AT4G31100","orthologs","Arabidopsis thaliana"
"AT2G47730","AT4G31100","orthologs","Arabidopsis thaliana"
"AT4G05320","AT4G31100","orthologs","Arabidopsis thaliana"
"AT1G17240","AT4G31100","orthologs","Arabidopsis thaliana"
"AT1G49860","AT4G31100","orthologs","Arabidopsis thaliana"
"AT2G42800","AT4G31100","orthologs","Arabidopsis thaliana"
"AT4G05050","AT4G31100","orthologs","Arabidopsis thaliana"
"AT5G06870","AT4G31100","orthologs","Arabidopsis thaliana"
"AT1G74200","AT4G31100","orthologs","Arabidopsis thaliana"
"AT5G52640","AT4G31100","orthologs","Arabidopsis thaliana"
"AT5G56010","AT4G31100","orthologs","Arabidopsis thaliana"
"AT1G59970","AT3G42880","orthologs","Arabidopsis thaliana"
"AT1G70170","AT3G42880","orthologs","Arabidopsis thaliana"
"AT1G24140","AT3G42880","orthologs","Arabidopsis thaliana"
"AT5G52640","AT3G53840","orthologs","Arabidopsis thaliana"
"AT2G42800","AT3G53840","orthologs","Arabidopsis thaliana"
"AT4G02890","AT3G53840","orthologs","Arabidopsis thaliana"
"AT1G17250","AT3G53840","orthologs","Arabidopsis thaliana"
"AT3G62250","AT3G53840","orthologs","Arabidopsis thaliana"
"AT3G62760","AT3G53840","orthologs","Arabidopsis thaliana"
"AT3G52590","AT3G53840","orthologs","Arabidopsis thaliana"
"AT1G02950","AT3G53840","orthologs","Arabidopsis thaliana"
"AT4G02520","AT3G53840","orthologs","Arabidopsis thaliana"
"AT5G56000","AT3G53840","orthologs","Arabidopsis thaliana"
"AT2G26300","AT3G53840","orthologs","Arabidopsis thaliana"
"AT2G30870","AT3G53840","orthologs","Arabidopsis thaliana"
"AT5G37640","AT3G53840","orthologs","Arabidopsis thaliana"
"AT2G47730","AT3G53840","orthologs","Arabidopsis thaliana"
"AT5G03240","AT3G53840","orthologs","Arabidopsis thaliana"
"AT1G68090","AT3G53840","orthologs","Arabidopsis thaliana"
"AT4G05050","AT3G53840","orthologs","Arabidopsis thaliana"
"AT1G02940","AT3G53840","orthologs","Arabidopsis thaliana"
"AT2G30860","AT3G53840","orthologs","Arabidopsis thaliana"
"AT5G06860","AT3G53840","orthologs","Arabidopsis thaliana"
"AT3G03190","AT3G53840","orthologs","Arabidopsis thaliana"
"AT5G56010","AT3G53840","orthologs","Arabidopsis thaliana"
"AT5G06870","AT3G53840","orthologs","Arabidopsis thaliana"
"AT5G56030","AT3G53840","orthologs","Arabidopsis thaliana"
"AT5G17220","AT3G53840","orthologs","Arabidopsis thaliana"
"AT4G24190","AT3G53840","orthologs","Arabidopsis thaliana"
"AT1G49860","AT3G53840","orthologs","Arabidopsis thaliana"
"AT1G02920","AT3G53840","orthologs","Arabidopsis thaliana"
"AT3G23010","AT3G53840","orthologs","Arabidopsis thaliana"
"AT2G02930","AT3G53840","orthologs","Arabidopsis thaliana"
"AT1G23410","AT3G53840","orthologs","Arabidopsis thaliana"
"AT2G47110","AT3G53840","orthologs","Arabidopsis thaliana"
"AT3G28890","AT3G53840","orthologs","Arabidopsis thaliana"
"AT1G74200","AT3G53840","orthologs","Arabidopsis thaliana"
"AT1G13230","AT3G53840","orthologs","Arabidopsis thaliana"
"AT1G80080","AT3G53840","orthologs","Arabidopsis thaliana"
"AT1G70490","AT3G53840","orthologs","Arabidopsis thaliana"
"AT2G36170","AT3G53840","orthologs","Arabidopsis thaliana"
"AT1G17240","AT3G53840","orthologs","Arabidopsis thaliana"
"AT3G12610","AT3G53840","orthologs","Arabidopsis thaliana"
"AT1G23490","AT3G53840","orthologs","Arabidopsis thaliana"
"AT1G02930","AT3G53840","orthologs","Arabidopsis thaliana"
"AT4G05320","AT3G53840","orthologs","Arabidopsis thaliana"
"AT3G12145","AT3G53840","orthologs","Arabidopsis thaliana"
"AT1G70170","AT3G02880","orthologs","Arabidopsis thaliana"
"AT1G59970","AT3G02880","orthologs","Arabidopsis thaliana"
"AT1G24140","AT3G02880","orthologs","Arabidopsis thaliana"
"AT1G59970","AT1G68400","orthologs","Arabidopsis thaliana"
"AT1G24140","AT1G68400","orthologs","Arabidopsis thaliana"
"AT1G70170","AT1G68400","orthologs","Arabidopsis thaliana"
"AT1G70170","AT1G14390","orthologs","Arabidopsis thaliana"
"AT1G24140","AT1G14390","orthologs","Arabidopsis thaliana"
"AT1G59970","AT1G14390","orthologs","Arabidopsis thaliana"
"AT1G70490","AT3G05630","orthologs","Arabidopsis thaliana"
"AT1G23490","AT3G05630","orthologs","Arabidopsis thaliana"
"AT5G56030","AT1G16160","orthologs","Arabidopsis thaliana"
"AT1G02950","AT1G16160","orthologs","Arabidopsis thaliana"
"AT4G02890","AT1G16160","orthologs","Arabidopsis thaliana"
"AT2G26300","AT1G16160","orthologs","Arabidopsis thaliana"
"AT1G13230","AT1G16160","orthologs","Arabidopsis thaliana"
"AT2G30860","AT1G16160","orthologs","Arabidopsis thaliana"
"AT5G06870","AT1G16160","orthologs","Arabidopsis thaliana"
"AT1G02940","AT1G16160","orthologs","Arabidopsis thaliana"
"AT2G47110","AT1G16160","orthologs","Arabidopsis thaliana"
"AT2G36170","AT1G16160","orthologs","Arabidopsis thaliana"
"AT1G17250","AT1G16160","orthologs","Arabidopsis thaliana"
"AT3G62250","AT1G16160","orthologs","Arabidopsis thaliana"
"AT2G42800","AT1G16160","orthologs","Arabidopsis thaliana"
"AT1G49860","AT1G16160","orthologs","Arabidopsis thaliana"
"AT1G02930","AT1G16160","orthologs","Arabidopsis thaliana"
"AT1G02920","AT1G16160","orthologs","Arabidopsis thaliana"
"AT3G28890","AT1G16160","orthologs","Arabidopsis thaliana"
"AT1G80080","AT1G16160","orthologs","Arabidopsis thaliana"
"AT3G12610","AT1G16160","orthologs","Arabidopsis thaliana"
"AT2G30870","AT1G16160","orthologs","Arabidopsis thaliana"
"AT2G02930","AT1G16160","orthologs","Arabidopsis thaliana"
"AT4G24190","AT1G16160","orthologs","Arabidopsis thaliana"
"AT5G52640","AT1G16160","orthologs","Arabidopsis thaliana"
"AT5G37640","AT1G16160","orthologs","Arabidopsis thaliana"
"AT4G02520","AT1G16160","orthologs","Arabidopsis thaliana"
"AT1G23410","AT1G16160","orthologs","Arabidopsis thaliana"
"AT1G17240","AT1G16160","orthologs","Arabidopsis thaliana"
"AT1G70490","AT1G16160","orthologs","Arabidopsis thaliana"
"AT2G47730","AT1G16160","orthologs","Arabidopsis thaliana"
"AT3G03190","AT1G16160","orthologs","Arabidopsis thaliana"
"AT5G56010","AT1G16160","orthologs","Arabidopsis thaliana"
"AT1G68090","AT1G16160","orthologs","Arabidopsis thaliana"
"AT3G62760","AT1G16160","orthologs","Arabidopsis thaliana"
"AT4G05320","AT1G16160","orthologs","Arabidopsis thaliana"
"AT5G03240","AT1G16160","orthologs","Arabidopsis thaliana"
"AT3G23010","AT1G16160","orthologs","Arabidopsis thaliana"
"AT1G74200","AT1G16160","orthologs","Arabidopsis thaliana"
"AT3G12145","AT1G16160","orthologs","Arabidopsis thaliana"
"AT4G05050","AT1G16160","orthologs","Arabidopsis thaliana"
"AT1G23490","AT1G16160","orthologs","Arabidopsis thaliana"
"AT5G17220","AT1G16160","orthologs","Arabidopsis thaliana"
"AT3G52590","AT1G16160","orthologs","Arabidopsis thaliana"
"AT5G06860","AT1G16160","orthologs","Arabidopsis thaliana"
"AT5G56000","AT1G16160","orthologs","Arabidopsis thaliana"
"AT3G62760","AT1G16150","orthologs","Arabidopsis thaliana"
"AT2G02930","AT1G16150","orthologs","Arabidopsis thaliana"
"AT5G17220","AT1G16150","orthologs","Arabidopsis thaliana"
"AT1G68090","AT1G16150","orthologs","Arabidopsis thaliana"
"AT1G74200","AT1G16150","orthologs","Arabidopsis thaliana"
"AT1G02930","AT1G16150","orthologs","Arabidopsis thaliana"
"AT3G28890","AT1G16150","orthologs","Arabidopsis thaliana"
"AT1G13230","AT1G16150","orthologs","Arabidopsis thaliana"
"AT5G56030","AT1G16150","orthologs","Arabidopsis thaliana"
"AT1G80080","AT1G16150","orthologs","Arabidopsis thaliana"
"AT2G47110","AT1G16150","orthologs","Arabidopsis thaliana"
"AT5G56000","AT1G16150","orthologs","Arabidopsis thaliana"
"AT1G23410","AT1G16150","orthologs","Arabidopsis thaliana"
"AT5G06860","AT1G16150","orthologs","Arabidopsis thaliana"
"AT5G56010","AT1G16150","orthologs","Arabidopsis thaliana"
"AT5G03240","AT1G16150","orthologs","Arabidopsis thaliana"
"AT1G17250","AT1G16150","orthologs","Arabidopsis thaliana"
"AT1G02920","AT1G16150","orthologs","Arabidopsis thaliana"
"AT1G17240","AT1G16150","orthologs","Arabidopsis thaliana"
"AT2G26300","AT1G16150","orthologs","Arabidopsis thaliana"
"AT5G52640","AT1G16150","orthologs","Arabidopsis thaliana"
"AT5G06870","AT1G16150","orthologs","Arabidopsis thaliana"
"AT3G12145","AT1G16150","orthologs","Arabidopsis thaliana"
"AT4G05050","AT1G16150","orthologs","Arabidopsis thaliana"
"AT3G23010","AT1G16150","orthologs","Arabidopsis thaliana"
"AT1G02950","AT1G16150","orthologs","Arabidopsis thaliana"
"AT3G62250","AT1G16150","orthologs","Arabidopsis thaliana"
"AT1G23490","AT1G16150","orthologs","Arabidopsis thaliana"
"AT3G52590","AT1G16150","orthologs","Arabidopsis thaliana"
"AT1G49860","AT1G16150","orthologs","Arabidopsis thaliana"
"AT4G02520","AT1G16150","orthologs","Arabidopsis thaliana"
"AT4G24190","AT1G16150","orthologs","Arabidopsis thaliana"
"AT2G30870","AT1G16150","orthologs","Arabidopsis thaliana"
"AT5G37640","AT1G16150","orthologs","Arabidopsis thaliana"
"AT4G02890","AT1G16150","orthologs","Arabidopsis thaliana"
"AT1G70490","AT1G16150","orthologs","Arabidopsis thaliana"
"AT2G47730","AT1G16150","orthologs","Arabidopsis thaliana"
"AT3G03190","AT1G16150","orthologs","Arabidopsis thaliana"
"AT2G30860","AT1G16150","orthologs","Arabidopsis thaliana"
"AT2G42800","AT1G16150","orthologs","Arabidopsis thaliana"
"AT1G02940","AT1G16150","orthologs","Arabidopsis thaliana"
"AT4G05320","AT1G16150","orthologs","Arabidopsis thaliana"
"AT2G36170","AT1G16150","orthologs","Arabidopsis thaliana"
"AT3G12610","AT1G16150","orthologs","Arabidopsis thaliana"
"AT5G56010","AT1G16140","orthologs","Arabidopsis thaliana"
"AT2G30860","AT1G16140","orthologs","Arabidopsis thaliana"
"AT2G02930","AT1G16140","orthologs","Arabidopsis thaliana"
"AT5G37640","AT1G16140","orthologs","Arabidopsis thaliana"
"AT5G03240","AT1G16140","orthologs","Arabidopsis thaliana"
"AT2G42800","AT1G16140","orthologs","Arabidopsis thaliana"
"AT1G02920","AT1G16140","orthologs","Arabidopsis thaliana"
"AT5G56000","AT1G16140","orthologs","Arabidopsis thaliana"
"AT5G56030","AT1G16140","orthologs","Arabidopsis thaliana"
"AT1G23410","AT1G16140","orthologs","Arabidopsis thaliana"
"AT2G47110","AT1G16140","orthologs","Arabidopsis thaliana"
"AT1G49860","AT1G16140","orthologs","Arabidopsis thaliana"
"AT2G26300","AT1G16140","orthologs","Arabidopsis thaliana"
"AT3G12610","AT1G16140","orthologs","Arabidopsis thaliana"
"AT1G17240","AT1G16140","orthologs","Arabidopsis thaliana"
"AT4G24190","AT1G16140","orthologs","Arabidopsis thaliana"
"AT1G02940","AT1G16140","orthologs","Arabidopsis thaliana"
"AT1G74200","AT1G16140","orthologs","Arabidopsis thaliana"
"AT3G28890","AT1G16140","orthologs","Arabidopsis thaliana"
"AT1G70490","AT1G16140","orthologs","Arabidopsis thaliana"
"AT2G30870","AT1G16140","orthologs","Arabidopsis thaliana"
"AT4G05050","AT1G16140","orthologs","Arabidopsis thaliana"
"AT1G02930","AT1G16140","orthologs","Arabidopsis thaliana"
"AT1G13230","AT1G16140","orthologs","Arabidopsis thaliana"
"AT3G03190","AT1G16140","orthologs","Arabidopsis thaliana"
"AT2G47730","AT1G16140","orthologs","Arabidopsis thaliana"
"AT1G02950","AT1G16140","orthologs","Arabidopsis thaliana"
"AT5G52640","AT1G16140","orthologs","Arabidopsis thaliana"
"AT5G06860","AT1G16140","orthologs","Arabidopsis thaliana"
"AT3G12145","AT1G16140","orthologs","Arabidopsis thaliana"
"AT4G02890","AT1G16140","orthologs","Arabidopsis thaliana"
"AT4G05320","AT1G16140","orthologs","Arabidopsis thaliana"
"AT1G17250","AT1G16140","orthologs","Arabidopsis thaliana"
"AT3G23010","AT1G16140","orthologs","Arabidopsis thaliana"
"AT1G80080","AT1G16140","orthologs","Arabidopsis thaliana"
"AT2G36170","AT1G16140","orthologs","Arabidopsis thaliana"
"AT1G23490","AT1G16140","orthologs","Arabidopsis thaliana"
"AT1G68090","AT1G16140","orthologs","Arabidopsis thaliana"
"AT3G62760","AT1G16140","orthologs","Arabidopsis thaliana"
"AT4G02520","AT1G16140","orthologs","Arabidopsis thaliana"
"AT5G17220","AT1G16140","orthologs","Arabidopsis thaliana"
"AT3G52590","AT1G16140","orthologs","Arabidopsis thaliana"
"AT3G62250","AT1G16140","orthologs","Arabidopsis thaliana"
"AT5G06870","AT1G16140","orthologs","Arabidopsis thaliana"
"AT3G12145","AT1G16120","orthologs","Arabidopsis thaliana"
"AT1G02940","AT1G16120","orthologs","Arabidopsis thaliana"
"AT1G80080","AT1G16120","orthologs","Arabidopsis thaliana"
"AT1G13230","AT1G16120","orthologs","Arabidopsis thaliana"
"AT2G36170","AT1G16120","orthologs","Arabidopsis thaliana"
"AT2G26300","AT1G16120","orthologs","Arabidopsis thaliana"
"AT5G17220","AT1G16120","orthologs","Arabidopsis thaliana"
"AT3G12610","AT1G16120","orthologs","Arabidopsis thaliana"
"AT5G56010","AT1G16120","orthologs","Arabidopsis thaliana"
"AT2G47110","AT1G16120","orthologs","Arabidopsis thaliana"
"AT2G30860","AT1G16120","orthologs","Arabidopsis thaliana"
"AT1G02920","AT1G16120","orthologs","Arabidopsis thaliana"
"AT1G49860","AT1G16120","orthologs","Arabidopsis thaliana"
"AT1G23410","AT1G16120","orthologs","Arabidopsis thaliana"
"AT5G37640","AT1G16120","orthologs","Arabidopsis thaliana"
"AT4G05320","AT1G16120","orthologs","Arabidopsis thaliana"
"AT3G52590","AT1G16120","orthologs","Arabidopsis thaliana"
"AT4G02890","AT1G16120","orthologs","Arabidopsis thaliana"
"AT3G28890","AT1G16120","orthologs","Arabidopsis thaliana"
"AT3G23010","AT1G16120","orthologs","Arabidopsis thaliana"
"AT2G42800","AT1G16120","orthologs","Arabidopsis thaliana"
"AT1G70490","AT1G16120","orthologs","Arabidopsis thaliana"
"AT4G24190","AT1G16120","orthologs","Arabidopsis thaliana"
"AT5G06870","AT1G16120","orthologs","Arabidopsis thaliana"
"AT2G47730","AT1G16120","orthologs","Arabidopsis thaliana"
"AT4G02520","AT1G16120","orthologs","Arabidopsis thaliana"
"AT5G06860","AT1G16120","orthologs","Arabidopsis thaliana"
"AT1G02950","AT1G16120","orthologs","Arabidopsis thaliana"
"AT2G30870","AT1G16120","orthologs","Arabidopsis thaliana"
"AT1G68090","AT1G16120","orthologs","Arabidopsis thaliana"
"AT1G17250","AT1G16120","orthologs","Arabidopsis thaliana"
"AT1G23490","AT1G16120","orthologs","Arabidopsis thaliana"
"AT1G02930","AT1G16120","orthologs","Arabidopsis thaliana"
"AT3G62250","AT1G16120","orthologs","Arabidopsis thaliana"
"AT2G02930","AT1G16120","orthologs","Arabidopsis thaliana"
"AT5G03240","AT1G16120","orthologs","Arabidopsis thaliana"
"AT3G03190","AT1G16120","orthologs","Arabidopsis thaliana"
"AT5G56000","AT1G16120","orthologs","Arabidopsis thaliana"
"AT3G62760","AT1G16120","orthologs","Arabidopsis thaliana"
"AT5G56030","AT1G16120","orthologs","Arabidopsis thaliana"
"AT5G52640","AT1G16120","orthologs","Arabidopsis thaliana"
"AT1G17240","AT1G16120","orthologs","Arabidopsis thaliana"
"AT4G05050","AT1G16120","orthologs","Arabidopsis thaliana"
"AT1G74200","AT1G16120","orthologs","Arabidopsis thaliana"
"AT2G42800","AT1G16260","orthologs","Arabidopsis thaliana"
"AT3G03190","AT1G16260","orthologs","Arabidopsis thaliana"
"AT3G12610","AT1G16260","orthologs","Arabidopsis thaliana"
"AT1G23490","AT1G16260","orthologs","Arabidopsis thaliana"
"AT4G05050","AT1G16260","orthologs","Arabidopsis thaliana"
"AT1G02920","AT1G16260","orthologs","Arabidopsis thaliana"
"AT1G68090","AT1G16260","orthologs","Arabidopsis thaliana"
"AT5G06870","AT1G16260","orthologs","Arabidopsis thaliana"
"AT2G02930","AT1G16260","orthologs","Arabidopsis thaliana"
"AT3G52590","AT1G16260","orthologs","Arabidopsis thaliana"
"AT3G12145","AT1G16260","orthologs","Arabidopsis thaliana"
"AT5G17220","AT1G16260","orthologs","Arabidopsis thaliana"
"AT5G56030","AT1G16260","orthologs","Arabidopsis thaliana"
"AT4G02520","AT1G16260","orthologs","Arabidopsis thaliana"
"AT4G24190","AT1G16260","orthologs","Arabidopsis thaliana"
"AT1G02940","AT1G16260","orthologs","Arabidopsis thaliana"
"AT3G62760","AT1G16260","orthologs","Arabidopsis thaliana"
"AT4G05320","AT1G16260","orthologs","Arabidopsis thaliana"
"AT1G13230","AT1G16260","orthologs","Arabidopsis thaliana"
"AT2G26300","AT1G16260","orthologs","Arabidopsis thaliana"
"AT1G80080","AT1G16260","orthologs","Arabidopsis thaliana"
"AT2G47110","AT1G16260","orthologs","Arabidopsis thaliana"
"AT3G28890","AT1G16260","orthologs","Arabidopsis thaliana"
"AT1G49860","AT1G16260","orthologs","Arabidopsis thaliana"
"AT5G52640","AT1G16260","orthologs","Arabidopsis thaliana"
"AT1G02930","AT1G16260","orthologs","Arabidopsis thaliana"
"AT3G62250","AT1G16260","orthologs","Arabidopsis thaliana"
"AT1G02950","AT1G16260","orthologs","Arabidopsis thaliana"
"AT5G06860","AT1G16260","orthologs","Arabidopsis thaliana"
"AT1G23410","AT1G16260","orthologs","Arabidopsis thaliana"
"AT2G30860","AT1G16260","orthologs","Arabidopsis thaliana"
"AT4G02890","AT1G16260","orthologs","Arabidopsis thaliana"
"AT1G74200","AT1G16260","orthologs","Arabidopsis thaliana"
"AT2G47730","AT1G16260","orthologs","Arabidopsis thaliana"
"AT5G37640","AT1G16260","orthologs","Arabidopsis thaliana"
"AT5G03240","AT1G16260","orthologs","Arabidopsis thaliana"
"AT5G56000","AT1G16260","orthologs","Arabidopsis thaliana"
"AT1G17250","AT1G16260","orthologs","Arabidopsis thaliana"
"AT5G56010","AT1G16260","orthologs","Arabidopsis thaliana"
"AT1G17240","AT1G16260","orthologs","Arabidopsis thaliana"
"AT3G23010","AT1G16260","orthologs","Arabidopsis thaliana"
"AT2G36170","AT1G16260","orthologs","Arabidopsis thaliana"
"AT1G70490","AT1G16260","orthologs","Arabidopsis thaliana"
"AT2G30870","AT1G16260","orthologs","Arabidopsis thaliana"
"AT1G23410","AT1G30570","orthologs","Arabidopsis thaliana"
"AT3G45640","AT1G30570","orthologs","Arabidopsis thaliana"
"AT2G23200","AT1G30570","orthologs","Arabidopsis thaliana"
"AT4G05050","AT1G30570","orthologs","Arabidopsis thaliana"
"AT5G54380","AT1G30570","orthologs","Arabidopsis thaliana"
"AT4G01370","AT1G30570","orthologs","Arabidopsis thaliana"
"AT5G52640","AT1G30570","orthologs","Arabidopsis thaliana"
"AT3G51550","AT1G30570","orthologs","Arabidopsis thaliana"
"AT5G03240","AT1G30570","orthologs","Arabidopsis thaliana"
"AT5G56030","AT1G30570","orthologs","Arabidopsis thaliana"
"AT5G56010","AT1G30570","orthologs","Arabidopsis thaliana"
"AT4G05320","AT1G30570","orthologs","Arabidopsis thaliana"
"AT5G39020","AT1G30570","orthologs","Arabidopsis thaliana"
"AT5G24010","AT1G30570","orthologs","Arabidopsis thaliana"
"AT2G39360","AT1G30570","orthologs","Arabidopsis thaliana"
"AT1G10210","AT1G30570","orthologs","Arabidopsis thaliana"
"AT5G56000","AT1G30570","orthologs","Arabidopsis thaliana"
"AT2G46070","AT1G30570","orthologs","Arabidopsis thaliana"
"AT2G43790","AT1G30570","orthologs","Arabidopsis thaliana"
"AT3G59790","AT1G30570","orthologs","Arabidopsis thaliana"
"AT1G07880","AT1G30570","orthologs","Arabidopsis thaliana"
"AT3G46290","AT1G30570","orthologs","Arabidopsis thaliana"
"AT1G24140","AT1G30570","orthologs","Arabidopsis thaliana"
"AT4G36450","AT1G30570","orthologs","Arabidopsis thaliana"
"AT3G62250","AT1G30570","orthologs","Arabidopsis thaliana"
"AT5G39030","AT1G30570","orthologs","Arabidopsis thaliana"
"AT5G38990","AT1G30570","orthologs","Arabidopsis thaliana"
"AT1G59970","AT1G30570","orthologs","Arabidopsis thaliana"
"AT3G04690","AT1G30570","orthologs","Arabidopsis thaliana"
"AT1G70170","AT1G30570","orthologs","Arabidopsis thaliana"
"AT5G28680","AT1G30570","orthologs","Arabidopsis thaliana"
"AT2G21480","AT1G30570","orthologs","Arabidopsis thaliana"
"AT3G52590","AT1G30570","orthologs","Arabidopsis thaliana"
"AT5G61350","AT1G30570","orthologs","Arabidopsis thaliana"
"AT1G59580","AT1G30570","orthologs","Arabidopsis thaliana"
"AT2G36170","AT1G30570","orthologs","Arabidopsis thaliana"
"AT4G39110","AT1G30570","orthologs","Arabidopsis thaliana"
"AT1G01560","AT1G30570","orthologs","Arabidopsis thaliana"
"AT4G02890","AT1G30570","orthologs","Arabidopsis thaliana"
"AT2G47110","AT1G30570","orthologs","Arabidopsis thaliana"
"AT2G18170","AT1G30570","orthologs","Arabidopsis thaliana"
"AT4G11330","AT1G30570","orthologs","Arabidopsis thaliana"
"AT5G39000","AT1G30570","orthologs","Arabidopsis thaliana"
"AT5G37640","AT1G30570","orthologs","Arabidopsis thaliana"
"AT5G61350","AT3G51550","orthologs","Arabidopsis thaliana"
"AT5G56010","AT3G51550","orthologs","Arabidopsis thaliana"
"AT1G23410","AT3G51550","orthologs","Arabidopsis thaliana"
"AT5G03240","AT3G51550","orthologs","Arabidopsis thaliana"
"AT5G39030","AT3G51550","orthologs","Arabidopsis thaliana"
"AT4G02890","AT3G51550","orthologs","Arabidopsis thaliana"
"AT2G36170","AT3G51550","orthologs","Arabidopsis thaliana"
"AT1G07880","AT3G51550","orthologs","Arabidopsis thaliana"
"AT4G11330","AT3G51550","orthologs","Arabidopsis thaliana"
"AT1G59580","AT3G51550","orthologs","Arabidopsis thaliana"
"AT5G39000","AT3G51550","orthologs","Arabidopsis thaliana"
"AT5G52640","AT3G51550","orthologs","Arabidopsis thaliana"
"AT4G05050","AT3G51550","orthologs","Arabidopsis thaliana"
"AT2G21480","AT3G51550","orthologs","Arabidopsis thaliana"
"AT1G30570","AT3G51550","orthologs","Arabidopsis thaliana"
"AT4G39110","AT3G51550","orthologs","Arabidopsis thaliana"
"AT3G46290","AT3G51550","orthologs","Arabidopsis thaliana"
"AT2G23200","AT3G51550","orthologs","Arabidopsis thaliana"
"AT1G24140","AT3G51550","orthologs","Arabidopsis thaliana"
"AT4G01370","AT3G51550","orthologs","Arabidopsis thaliana"
"AT2G46070","AT3G51550","orthologs","Arabidopsis thaliana"
"AT3G62250","AT3G51550","orthologs","Arabidopsis thaliana"
"AT3G45640","AT3G51550","orthologs","Arabidopsis thaliana"
"AT2G39360","AT3G51550","orthologs","Arabidopsis thaliana"
"AT3G52590","AT3G51550","orthologs","Arabidopsis thaliana"
"AT4G05320","AT3G51550","orthologs","Arabidopsis thaliana"
"AT4G36450","AT3G51550","orthologs","Arabidopsis thaliana"
"AT5G38990","AT3G51550","orthologs","Arabidopsis thaliana"
"AT2G47110","AT3G51550","orthologs","Arabidopsis thaliana"
"AT5G24010","AT3G51550","orthologs","Arabidopsis thaliana"
"AT5G37640","AT3G51550","orthologs","Arabidopsis thaliana"
"AT5G56000","AT3G51550","orthologs","Arabidopsis thaliana"
"AT2G18170","AT3G51550","orthologs","Arabidopsis thaliana"
"AT5G54380","AT3G51550","orthologs","Arabidopsis thaliana"
"AT1G10210","AT3G51550","orthologs","Arabidopsis thaliana"
"AT1G70170","AT3G51550","orthologs","Arabidopsis thaliana"
"AT1G01560","AT3G51550","orthologs","Arabidopsis thaliana"
"AT3G04690","AT3G51550","orthologs","Arabidopsis thaliana"
"AT5G56030","AT3G51550","orthologs","Arabidopsis thaliana"
"AT2G43790","AT3G51550","orthologs","Arabidopsis thaliana"
"AT3G59790","AT3G51550","orthologs","Arabidopsis thaliana"
"AT1G59970","AT3G51550","orthologs","Arabidopsis thaliana"
"AT5G39020","AT3G51550","orthologs","Arabidopsis thaliana"
"AT5G28680","AT3G51550","orthologs","Arabidopsis thaliana"
"AT1G59970","AT1G64210","orthologs","Arabidopsis thaliana"
"AT1G24140","AT1G64210","orthologs","Arabidopsis thaliana"
"AT1G70170","AT1G64210","orthologs","Arabidopsis thaliana"
"AT1G10210","AT2G21480","orthologs","Arabidopsis thaliana"
"AT3G51550","AT2G21480","orthologs","Arabidopsis thaliana"
"AT4G01370","AT2G21480","orthologs","Arabidopsis thaliana"
"AT1G01560","AT2G21480","orthologs","Arabidopsis thaliana"
"AT2G47110","AT2G21480","orthologs","Arabidopsis thaliana"
"AT2G23200","AT2G21480","orthologs","Arabidopsis thaliana"
"AT5G37640","AT2G21480","orthologs","Arabidopsis thaliana"
"AT1G23410","AT2G21480","orthologs","Arabidopsis thaliana"
"AT1G70170","AT2G21480","orthologs","Arabidopsis thaliana"
"AT3G62250","AT2G21480","orthologs","Arabidopsis thaliana"
"AT5G03240","AT2G21480","orthologs","Arabidopsis thaliana"
"AT2G39360","AT2G21480","orthologs","Arabidopsis thaliana"
"AT3G45640","AT2G21480","orthologs","Arabidopsis thaliana"
"AT2G46070","AT2G21480","orthologs","Arabidopsis thaliana"
"AT5G39030","AT2G21480","orthologs","Arabidopsis thaliana"
"AT5G38990","AT2G21480","orthologs","Arabidopsis thaliana"
"AT2G43790","AT2G21480","orthologs","Arabidopsis thaliana"
"AT4G05320","AT2G21480","orthologs","Arabidopsis thaliana"
"AT2G36170","AT2G21480","orthologs","Arabidopsis thaliana"
"AT3G46290","AT2G21480","orthologs","Arabidopsis thaliana"
"AT1G30570","AT2G21480","orthologs","Arabidopsis thaliana"
"AT1G59580","AT2G21480","orthologs","Arabidopsis thaliana"
"AT2G18170","AT2G21480","orthologs","Arabidopsis thaliana"
"AT5G39020","AT2G21480","orthologs","Arabidopsis thaliana"
"AT3G04690","AT2G21480","orthologs","Arabidopsis thaliana"
"AT3G59790","AT2G21480","orthologs","Arabidopsis thaliana"
"AT5G54380","AT2G21480","orthologs","Arabidopsis thaliana"
"AT5G39000","AT2G21480","orthologs","Arabidopsis thaliana"
"AT5G24010","AT2G21480","orthologs","Arabidopsis thaliana"
"AT5G52640","AT2G21480","orthologs","Arabidopsis thaliana"
"AT4G36450","AT2G21480","orthologs","Arabidopsis thaliana"
"AT5G56010","AT2G21480","orthologs","Arabidopsis thaliana"
"AT5G56000","AT2G21480","orthologs","Arabidopsis thaliana"
"AT1G59970","AT2G21480","orthologs","Arabidopsis thaliana"
"AT4G05050","AT2G21480","orthologs","Arabidopsis thaliana"
"AT5G56030","AT2G21480","orthologs","Arabidopsis thaliana"
"AT4G39110","AT2G21480","orthologs","Arabidopsis thaliana"
"AT4G02890","AT2G21480","orthologs","Arabidopsis thaliana"
"AT1G07880","AT2G21480","orthologs","Arabidopsis thaliana"
"AT5G28680","AT2G21480","orthologs","Arabidopsis thaliana"
"AT4G11330","AT2G21480","orthologs","Arabidopsis thaliana"
"AT1G24140","AT2G21480","orthologs","Arabidopsis thaliana"
"AT3G52590","AT2G21480","orthologs","Arabidopsis thaliana"
"AT5G61350","AT2G21480","orthologs","Arabidopsis thaliana"
"AT1G70170","AT2G31880","orthologs","Arabidopsis thaliana"
"AT1G59970","AT2G31880","orthologs","Arabidopsis thaliana"
"AT1G24140","AT2G31880","orthologs","Arabidopsis thaliana"
"AT1G70170","AT2G13790","orthologs","Arabidopsis thaliana"
"AT1G59970","AT2G13790","orthologs","Arabidopsis thaliana"
"AT1G24140","AT2G13790","orthologs","Arabidopsis thaliana"
"AT1G24140","AT3G04690","orthologs","Arabidopsis thaliana"
"AT4G01370","AT3G04690","orthologs","Arabidopsis thaliana"
"AT4G39110","AT3G04690","orthologs","Arabidopsis thaliana"
"AT1G07880","AT3G04690","orthologs","Arabidopsis thaliana"
"AT5G38990","AT3G04690","orthologs","Arabidopsis thaliana"
"AT3G59790","AT3G04690","orthologs","Arabidopsis thaliana"
"AT2G23200","AT3G04690","orthologs","Arabidopsis thaliana"
"AT2G43790","AT3G04690","orthologs","Arabidopsis thaliana"
"AT5G39000","AT3G04690","orthologs","Arabidopsis thaliana"
"AT2G39360","AT3G04690","orthologs","Arabidopsis thaliana"
"AT1G10210","AT3G04690","orthologs","Arabidopsis thaliana"
"AT3G52590","AT3G04690","orthologs","Arabidopsis thaliana"
"AT4G36450","AT3G04690","orthologs","Arabidopsis thaliana"
"AT5G61350","AT3G04690","orthologs","Arabidopsis thaliana"
"AT4G05320","AT3G04690","orthologs","Arabidopsis thaliana"
"AT1G59580","AT3G04690","orthologs","Arabidopsis thaliana"
"AT5G24010","AT3G04690","orthologs","Arabidopsis thaliana"
"AT3G45640","AT3G04690","orthologs","Arabidopsis thaliana"
"AT3G51550","AT3G04690","orthologs","Arabidopsis thaliana"
"AT5G54380","AT3G04690","orthologs","Arabidopsis thaliana"
"AT1G01560","AT3G04690","orthologs","Arabidopsis thaliana"
"AT5G52640","AT3G04690","orthologs","Arabidopsis thaliana"
"AT5G56000","AT3G04690","orthologs","Arabidopsis thaliana"
"AT2G18170","AT3G04690","orthologs","Arabidopsis thaliana"
"AT5G56010","AT3G04690","orthologs","Arabidopsis thaliana"
"AT1G59970","AT3G04690","orthologs","Arabidopsis thaliana"
"AT2G46070","AT3G04690","orthologs","Arabidopsis thaliana"
"AT5G56030","AT3G04690","orthologs","Arabidopsis thaliana"
"AT4G05050","AT3G04690","orthologs","Arabidopsis thaliana"
"AT1G70170","AT3G04690","orthologs","Arabidopsis thaliana"
"AT2G21480","AT3G04690","orthologs","Arabidopsis thaliana"
"AT2G47110","AT3G04690","orthologs","Arabidopsis thaliana"
"AT3G62250","AT3G04690","orthologs","Arabidopsis thaliana"
"AT1G30570","AT3G04690","orthologs","Arabidopsis thaliana"
"AT5G03240","AT3G04690","orthologs","Arabidopsis thaliana"
"AT4G11330","AT3G04690","orthologs","Arabidopsis thaliana"
"AT5G39020","AT3G04690","orthologs","Arabidopsis thaliana"
"AT3G46290","AT3G04690","orthologs","Arabidopsis thaliana"
"AT5G28680","AT3G04690","orthologs","Arabidopsis thaliana"
"AT2G36170","AT3G04690","orthologs","Arabidopsis thaliana"
"AT4G02890","AT3G04690","orthologs","Arabidopsis thaliana"
"AT5G37640","AT3G04690","orthologs","Arabidopsis thaliana"
"AT1G23410","AT3G04690","orthologs","Arabidopsis thaliana"
"AT5G39030","AT3G04690","orthologs","Arabidopsis thaliana"
"AT1G59970","AT4G23740","orthologs","Arabidopsis thaliana"
"AT1G70170","AT4G23740","orthologs","Arabidopsis thaliana"
"AT1G24140","AT4G23740","orthologs","Arabidopsis thaliana"
"AT5G54380","AT4G39110","orthologs","Arabidopsis thaliana"
"AT4G05050","AT4G39110","orthologs","Arabidopsis thaliana"
"AT5G24010","AT4G39110","orthologs","Arabidopsis thaliana"
"AT2G46070","AT4G39110","orthologs","Arabidopsis thaliana"
"AT5G61350","AT4G39110","orthologs","Arabidopsis thaliana"
"AT5G39000","AT4G39110","orthologs","Arabidopsis thaliana"
"AT1G70170","AT4G39110","orthologs","Arabidopsis thaliana"
"AT4G11330","AT4G39110","orthologs","Arabidopsis thaliana"
"AT5G39020","AT4G39110","orthologs","Arabidopsis thaliana"
"AT2G18170","AT4G39110","orthologs","Arabidopsis thaliana"
"AT2G36170","AT4G39110","orthologs","Arabidopsis thaliana"
"AT1G59970","AT4G39110","orthologs","Arabidopsis thaliana"
"AT2G21480","AT4G39110","orthologs","Arabidopsis thaliana"
"AT5G03240","AT4G39110","orthologs","Arabidopsis thaliana"
"AT4G01370","AT4G39110","orthologs","Arabidopsis thaliana"
"AT2G39360","AT4G39110","orthologs","Arabidopsis thaliana"
"AT1G30570","AT4G39110","orthologs","Arabidopsis thaliana"
"AT5G39030","AT4G39110","orthologs","Arabidopsis thaliana"
"AT2G47110","AT4G39110","orthologs","Arabidopsis thaliana"
"AT5G52640","AT4G39110","orthologs","Arabidopsis thaliana"
"AT1G23410","AT4G39110","orthologs","Arabidopsis thaliana"
"AT5G37640","AT4G39110","orthologs","Arabidopsis thaliana"
"AT5G56030","AT4G39110","orthologs","Arabidopsis thaliana"
"AT3G45640","AT4G39110","orthologs","Arabidopsis thaliana"
"AT5G28680","AT4G39110","orthologs","Arabidopsis thaliana"
"AT2G43790","AT4G39110","orthologs","Arabidopsis thaliana"
"AT4G05320","AT4G39110","orthologs","Arabidopsis thaliana"
"AT5G56010","AT4G39110","orthologs","Arabidopsis thaliana"
"AT1G01560","AT4G39110","orthologs","Arabidopsis thaliana"
"AT3G51550","AT4G39110","orthologs","Arabidopsis thaliana"
"AT4G02890","AT4G39110","orthologs","Arabidopsis thaliana"
"AT3G04690","AT4G39110","orthologs","Arabidopsis thaliana"
"AT1G10210","AT4G39110","orthologs","Arabidopsis thaliana"
"AT2G23200","AT4G39110","orthologs","Arabidopsis thaliana"
"AT3G59790","AT4G39110","orthologs","Arabidopsis thaliana"
"AT5G56000","AT4G39110","orthologs","Arabidopsis thaliana"
"AT3G46290","AT4G39110","orthologs","Arabidopsis thaliana"
"AT3G52590","AT4G39110","orthologs","Arabidopsis thaliana"
"AT1G24140","AT4G39110","orthologs","Arabidopsis thaliana"
"AT3G62250","AT4G39110","orthologs","Arabidopsis thaliana"
"AT1G07880","AT4G39110","orthologs","Arabidopsis thaliana"
"AT4G36450","AT4G39110","orthologs","Arabidopsis thaliana"
"AT5G38990","AT4G39110","orthologs","Arabidopsis thaliana"
"AT1G59580","AT4G39110","orthologs","Arabidopsis thaliana"
"AT1G24140","AT1G34300","orthologs","Arabidopsis thaliana"
"AT1G59970","AT1G34300","orthologs","Arabidopsis thaliana"
"AT1G70170","AT1G34300","orthologs","Arabidopsis thaliana"
