Quality,Time,Source,Target,SignalStrength,pvalue
gamma,0-0.5h,cotyledon,dna_damage_response,1916.1347124325966,0.41
gamma,0-0.5h,cotyledon,hormone_response_aba,2106.5703475390687,0.3
gamma,0-0.5h,cotyledon,hormone_response_auxin,1691.9655983354544,0.535
gamma,0-0.5h,cotyledon,hormone_response_cytokinin,1387.0695161880028,0.725
gamma,0-0.5h,cotyledon,hormone_response_ethylene,1991.6346628694118,0.345
gamma,0-0.5h,cotyledon,hormone_response_ja,1806.8459492792433,0.495
gamma,0-0.5h,cotyledon,hormone_response_sa,2080.7397426194034,0.29
gamma,0-0.5h,cotyledon,hypocotyl,2140.787263157045,0.28
gamma,0-0.5h,cotyledon,leaf_epidermis,293.7115040018424,0.855
gamma,0-0.5h,cotyledon,leaf_mesophyll,2500.579017263491,0.12
gamma,0-0.5h,cotyledon,leaf_vasculature,244.49067261716095,0.905
gamma,0-0.5h,cotyledon,oxidative_stress,2316.62810583322,0.2
gamma,0-0.5h,cotyledon,root_columella,1974.4785078848026,0.4
gamma,0-0.5h,cotyledon,root_cortex,2162.92213343573,0.27
gamma,0-0.5h,cotyledon,root_endodermis,2215.3762642122974,0.24
gamma,0-0.5h,cotyledon,root_epidermis,1124.7734371267381,0.74
gamma,0-0.5h,cotyledon,root_lateral_root_cap,0.0,1.0
gamma,0-0.5h,cotyledon,root_meristem,1612.3948089088888,0.575
gamma,0-0.5h,cotyledon,root_pericycle,2291.3932523463677,0.195
gamma,0-0.5h,cotyledon,root_phloem,1407.011563199584,0.645
gamma,0-0.5h,cotyledon,root_stele,1156.8494765454548,0.72
gamma,0-0.5h,cotyledon,root_xylem,1681.7138224260932,0.515
gamma,0-0.5h,cotyledon,shoot_apical_meristem,1617.63438059278,0.605
gamma,0-0.5h,dna_damage_response,cotyledon,1913.6962991471648,0.425
gamma,0-0.5h,dna_damage_response,hormone_response_aba,2223.916149551306,0.205
gamma,0-0.5h,dna_damage_response,hormone_response_auxin,1805.0540182874263,0.485
gamma,0-0.5h,dna_damage_response,hormone_response_cytokinin,1492.4194852597632,0.58
gamma,0-0.5h,dna_damage_response,hormone_response_ethylene,2108.5462503410945,0.265
gamma,0-0.5h,dna_damage_response,hormone_response_ja,1921.663893818821,0.395
gamma,0-0.5h,dna_damage_response,hormone_response_sa,2198.876851578572,0.225
gamma,0-0.5h,dna_damage_response,hypocotyl,2258.267548093629,0.225
gamma,0-0.5h,dna_damage_response,leaf_epidermis,328.0332001824861,0.845
gamma,0-0.5h,dna_damage_response,leaf_mesophyll,2618.075258195169,0.055
gamma,0-0.5h,dna_damage_response,leaf_vasculature,273.7301880378248,0.84
gamma,0-0.5h,dna_damage_response,oxidative_stress,2433.650282087685,0.11
gamma,0-0.5h,dna_damage_response,root_columella,2091.3438131995895,0.315
gamma,0-0.5h,dna_damage_response,root_cortex,2281.3929918458216,0.175
gamma,0-0.5h,dna_damage_response,root_endodermis,2333.2164196865306,0.135
gamma,0-0.5h,dna_damage_response,root_epidermis,1219.6465394446295,0.665
gamma,0-0.5h,dna_damage_response,root_lateral_root_cap,0.0,1.0
gamma,0-0.5h,dna_damage_response,root_meristem,1724.362140460947,0.495
gamma,0-0.5h,dna_damage_response,root_pericycle,2409.557389441607,0.15
gamma,0-0.5h,dna_damage_response,root_phloem,1513.2245990082222,0.585
gamma,0-0.5h,dna_damage_response,root_stele,1253.0182913826768,0.695
gamma,0-0.5h,dna_damage_response,root_xylem,1794.974989913601,0.42
gamma,0-0.5h,dna_damage_response,shoot_apical_meristem,1729.4088088019932,0.505
gamma,0-0.5h,hormone_response_aba,cotyledon,2105.1889916727737,0.315
gamma,0-0.5h,hormone_response_aba,dna_damage_response,2221.877917611936,0.21
gamma,0-0.5h,hormone_response_aba,hormone_response_auxin,1996.7778469386797,0.33
gamma,0-0.5h,hormone_response_aba,hormone_response_cytokinin,1682.0973859047126,0.51
gamma,0-0.5h,hormone_response_aba,hormone_response_ethylene,2294.8776880062424,0.125
gamma,0-0.5h,hormone_response_aba,hormone_response_ja,2111.610264712671,0.295
gamma,0-0.5h,hormone_response_aba,hormone_response_sa,2383.357211748069,0.125
gamma,0-0.5h,hormone_response_aba,hypocotyl,2439.3633677767452,0.115
gamma,0-0.5h,hormone_response_aba,leaf_epidermis,401.8106420998097,0.81
gamma,0-0.5h,hormone_response_aba,leaf_mesophyll,2782.6796181123063,0.04
gamma,0-0.5h,hormone_response_aba,leaf_vasculature,336.03851761634917,0.84
gamma,0-0.5h,hormone_response_aba,oxidative_stress,2607.1018728554122,0.07
gamma,0-0.5h,hormone_response_aba,root_columella,2278.0604962093653,0.235
gamma,0-0.5h,hormone_response_aba,root_cortex,2462.8680760683565,0.125
gamma,0-0.5h,hormone_response_aba,root_endodermis,2511.897704512771,0.04
gamma,0-0.5h,hormone_response_aba,root_epidermis,1398.9862080431265,0.62
gamma,0-0.5h,hormone_response_aba,root_lateral_root_cap,0.0,1.0
gamma,0-0.5h,hormone_response_aba,root_meristem,1917.2467303390822,0.34
gamma,0-0.5h,hormone_response_aba,root_pericycle,2585.210075949503,0.095
gamma,0-0.5h,hormone_response_aba,root_phloem,1703.525039246248,0.47
gamma,0-0.5h,hormone_response_aba,root_stele,1433.6736011723142,0.65
gamma,0-0.5h,hormone_response_aba,root_xylem,1987.2695558194548,0.33
gamma,0-0.5h,hormone_response_aba,shoot_apical_meristem,1921.6390258225438,0.385
gamma,0-0.5h,hormone_response_auxin,cotyledon,1692.8479159498545,0.545
gamma,0-0.5h,hormone_response_auxin,dna_damage_response,1811.0571782847642,0.485
gamma,0-0.5h,hormone_response_auxin,hormone_response_aba,2004.5495251610741,0.335
gamma,0-0.5h,hormone_response_auxin,hormone_response_cytokinin,1285.7786275405297,0.75
gamma,0-0.5h,hormone_response_auxin,hormone_response_ethylene,1887.5561082089785,0.44
gamma,0-0.5h,hormone_response_auxin,hormone_response_ja,1701.6105113188808,0.52
gamma,0-0.5h,hormone_response_auxin,hormone_response_sa,1977.6072211338342,0.33
gamma,0-0.5h,hormone_response_auxin,hypocotyl,2039.375774708237,0.295
gamma,0-0.5h,hormone_response_auxin,leaf_epidermis,259.5147251114252,0.88
gamma,0-0.5h,hormone_response_auxin,leaf_mesophyll,2410.892211243822,0.125
gamma,0-0.5h,hormone_response_auxin,leaf_vasculature,215.87107163814036,0.89
gamma,0-0.5h,hormone_response_auxin,oxidative_stress,2220.1238392506084,0.28
gamma,0-0.5h,hormone_response_auxin,root_columella,1870.1586067570431,0.445
gamma,0-0.5h,hormone_response_auxin,root_cortex,2061.291245146995,0.345
gamma,0-0.5h,hormone_response_auxin,root_endodermis,2115.581083707558,0.295
gamma,0-0.5h,hormone_response_auxin,root_epidermis,1031.4497387308363,0.755
gamma,0-0.5h,hormone_response_auxin,root_lateral_root_cap,0.0,1.0
gamma,0-0.5h,hormone_response_auxin,root_meristem,1507.41447836464,0.585
gamma,0-0.5h,hormone_response_auxin,root_pericycle,2193.5011799730987,0.25
gamma,0-0.5h,hormone_response_auxin,root_phloem,1305.1757732669394,0.68
gamma,0-0.5h,hormone_response_auxin,root_stele,1062.444686142979,0.77
gamma,0-0.5h,hormone_response_auxin,root_xylem,1576.3428153082054,0.53
gamma,0-0.5h,hormone_response_auxin,shoot_apical_meristem,1512.7516579446121,0.645
gamma,0-0.5h,hormone_response_cytokinin,cotyledon,1422.5594407415128,0.695
gamma,0-0.5h,hormone_response_cytokinin,dna_damage_response,1536.844346668906,0.55
gamma,0-0.5h,hormone_response_cytokinin,hormone_response_aba,1729.808495144683,0.5
gamma,0-0.5h,hormone_response_cytokinin,hormone_response_auxin,1321.4411499785447,0.725
gamma,0-0.5h,hormone_response_cytokinin,hormone_response_ethylene,1612.9237161767473,0.53
gamma,0-0.5h,hormone_response_cytokinin,hormone_response_ja,1431.6312009736444,0.65
gamma,0-0.5h,hormone_response_cytokinin,hormone_response_sa,1701.3857341957869,0.51
gamma,0-0.5h,hormone_response_cytokinin,hypocotyl,1764.8695694088708,0.455
gamma,0-0.5h,hormone_response_cytokinin,leaf_epidermis,187.11843754031486,0.89
gamma,0-0.5h,hormone_response_cytokinin,leaf_mesophyll,2149.0938073307984,0.235
gamma,0-0.5h,hormone_response_cytokinin,leaf_vasculature,155.49800965911143,0.91
gamma,0-0.5h,hormone_response_cytokinin,oxidative_stress,1950.4365267878457,0.43
gamma,0-0.5h,hormone_response_cytokinin,root_columella,1595.416465431621,0.63
gamma,0-0.5h,hormone_response_cytokinin,root_cortex,1785.332845272518,0.49
gamma,0-0.5h,hormone_response_cytokinin,root_endodermis,1842.0047963509144,0.435
gamma,0-0.5h,hormone_response_cytokinin,root_epidermis,814.2817213717881,0.795
gamma,0-0.5h,hormone_response_cytokinin,root_lateral_root_cap,0.0,1.0
gamma,0-0.5h,hormone_response_cytokinin,root_meristem,1245.9154079823493,0.685
gamma,0-0.5h,hormone_response_cytokinin,root_pericycle,1921.3383690968146,0.415
gamma,0-0.5h,hormone_response_cytokinin,root_phloem,1058.789572387457,0.755
gamma,0-0.5h,hormone_response_cytokinin,root_stele,841.6215106530951,0.79
gamma,0-0.5h,hormone_response_cytokinin,root_xylem,1311.0804153722825,0.65
gamma,0-0.5h,hormone_response_cytokinin,shoot_apical_meristem,1251.218643826021,0.715
gamma,0-0.5h,hormone_response_ethylene,cotyledon,1981.891440706447,0.355
gamma,0-0.5h,hormone_response_ethylene,dna_damage_response,2099.7479666057584,0.28
gamma,0-0.5h,hormone_response_ethylene,hormone_response_aba,2287.41736728851,0.13
gamma,0-0.5h,hormone_response_ethylene,hormone_response_auxin,1873.7223585655954,0.44
gamma,0-0.5h,hormone_response_ethylene,hormone_response_cytokinin,1561.256149886053,0.55
gamma,0-0.5h,hormone_response_ethylene,hormone_response_ja,1989.3087026128437,0.325
gamma,0-0.5h,hormone_response_ethylene,hormone_response_sa,2263.249294299252,0.175
gamma,0-0.5h,hormone_response_ethylene,hypocotyl,2321.1857754425628,0.17
gamma,0-0.5h,hormone_response_ethylene,leaf_epidermis,355.2746108740407,0.805
gamma,0-0.5h,hormone_response_ethylene,leaf_mesophyll,2672.961672699252,0.015
gamma,0-0.5h,hormone_response_ethylene,leaf_vasculature,296.462789651952,0.835
gamma,0-0.5h,hormone_response_ethylene,oxidative_stress,2492.9065989306514,0.075
gamma,0-0.5h,hormone_response_ethylene,root_columella,2157.129564943118,0.315
gamma,0-0.5h,hormone_response_ethylene,root_cortex,2344.223315555469,0.14
gamma,0-0.5h,hormone_response_ethylene,root_endodermis,2394.828025100444,0.11
gamma,0-0.5h,hormone_response_ethylene,root_epidermis,1285.3498135399182,0.66
gamma,0-0.5h,hormone_response_ethylene,root_lateral_root_cap,0.0,1.0
gamma,0-0.5h,hormone_response_ethylene,root_meristem,1793.6846117691653,0.405
gamma,0-0.5h,hormone_response_ethylene,root_pericycle,2469.5756814691663,0.12
gamma,0-0.5h,hormone_response_ethylene,root_phloem,1582.222231479311,0.535
gamma,0-0.5h,hormone_response_ethylene,root_stele,1319.1259160588538,0.68
gamma,0-0.5h,hormone_response_ethylene,root_xylem,1863.858764022265,0.385
gamma,0-0.5h,hormone_response_ethylene,shoot_apical_meristem,1798.503521095082,0.435
gamma,0-0.5h,hormone_response_ja,cotyledon,1795.4498393355211,0.49
gamma,0-0.5h,hormone_response_ja,dna_damage_response,1914.0462659726186,0.41
gamma,0-0.5h,hormone_response_ja,hormone_response_aba,2106.234594282425,0.32
gamma,0-0.5h,hormone_response_ja,hormone_response_auxin,1688.0262679305745,0.535
gamma,0-0.5h,hormone_response_ja,hormone_response_cytokinin,1381.1185552705144,0.65
gamma,0-0.5h,hormone_response_ja,hormone_response_ethylene,1990.175647550523,0.32
gamma,0-0.5h,hormone_response_ja,hormone_response_sa,2080.1429895826404,0.29
gamma,0-0.5h,hormone_response_ja,hypocotyl,2140.796806004555,0.31
gamma,0-0.5h,hormone_response_ja,leaf_epidermis,290.48022054421943,0.875
gamma,0-0.5h,hormone_response_ja,leaf_mesophyll,2505.7876451227085,0.08
gamma,0-0.5h,hormone_response_ja,leaf_vasculature,242.2306059883866,0.895
gamma,0-0.5h,hormone_response_ja,oxidative_stress,2318.6694681764034,0.195
gamma,0-0.5h,hormone_response_ja,root_columella,1972.8392903854792,0.43
gamma,0-0.5h,hormone_response_ja,root_cortex,2163.001784184738,0.265
gamma,0-0.5h,hormone_response_ja,root_endodermis,2216.317897521128,0.225
gamma,0-0.5h,hormone_response_ja,root_epidermis,1117.7488360794976,0.715
gamma,0-0.5h,hormone_response_ja,root_lateral_root_cap,0.0,1.0
gamma,0-0.5h,hormone_response_ja,root_meristem,1607.9879675132343,0.545
gamma,0-0.5h,hormone_response_ja,root_pericycle,2293.13181368656,0.23
gamma,0-0.5h,hormone_response_ja,root_phloem,1401.1991730550133,0.68
gamma,0-0.5h,hormone_response_ja,root_stele,1149.918301022131,0.73
gamma,0-0.5h,hormone_response_ja,root_xylem,1677.7785833051412,0.49
gamma,0-0.5h,hormone_response_ja,shoot_apical_meristem,1613.186028891453,0.56
gamma,0-0.5h,hormone_response_sa,cotyledon,2085.784764775939,0.28
gamma,0-0.5h,hormone_response_sa,dna_damage_response,2203.466732295572,0.215
gamma,0-0.5h,hormone_response_sa,hormone_response_aba,2389.0356508429268,0.115
gamma,0-0.5h,hormone_response_sa,hormone_response_auxin,1977.0203611015042,0.335
gamma,0-0.5h,hormone_response_sa,hormone_response_cytokinin,1661.4156619475148,0.53
gamma,0-0.5h,hormone_response_sa,hormone_response_ethylene,2276.8929104294693,0.17
gamma,0-0.5h,hormone_response_sa,hormone_response_ja,2092.5399089341618,0.285
gamma,0-0.5h,hormone_response_sa,hypocotyl,2422.5166058128393,0.105
gamma,0-0.5h,hormone_response_sa,leaf_epidermis,392.1173807537969,0.78
gamma,0-0.5h,hormone_response_sa,leaf_mesophyll,2767.693148735846,0.005
gamma,0-0.5h,hormone_response_sa,leaf_vasculature,327.72483504938106,0.815
gamma,0-0.5h,hormone_response_sa,oxidative_stress,2591.2971894621005,0.055
gamma,0-0.5h,hormone_response_sa,root_columella,2260.0516622890386,0.205
gamma,0-0.5h,hormone_response_sa,root_cortex,2446.305948914571,0.115
gamma,0-0.5h,hormone_response_sa,root_endodermis,2495.4586993681014,0.085
gamma,0-0.5h,hormone_response_sa,root_epidermis,1378.599340848844,0.625
gamma,0-0.5h,hormone_response_sa,root_lateral_root_cap,0.0,1.0
gamma,0-0.5h,hormone_response_sa,root_meristem,1897.012122270666,0.41
gamma,0-0.5h,hormone_response_sa,root_pericycle,2569.3806319682667,0.075
gamma,0-0.5h,hormone_response_sa,root_phloem,1682.906668387344,0.51
gamma,0-0.5h,hormone_response_sa,root_stele,1413.2561906533836,0.61
gamma,0-0.5h,hormone_response_sa,root_xylem,1967.4419552711693,0.29
gamma,0-0.5h,hormone_response_sa,shoot_apical_meristem,1901.5609060563627,0.44
gamma,0-0.5h,hypocotyl,cotyledon,2140.212873962189,0.285
gamma,0-0.5h,hypocotyl,dna_damage_response,2256.2720618449994,0.23
gamma,0-0.5h,hypocotyl,hormone_response_aba,2438.9274598400752,0.115
gamma,0-0.5h,hypocotyl,hormone_response_auxin,2032.0241533983328,0.305
gamma,0-0.5h,hypocotyl,hormone_response_cytokinin,1717.5125269352534,0.49
gamma,0-0.5h,hypocotyl,hormone_response_ethylene,2328.6426892227396,0.16
gamma,0-0.5h,hypocotyl,hormone_response_ja,2146.3198876486094,0.295
gamma,0-0.5h,hypocotyl,hormone_response_sa,2416.702616082959,0.105
gamma,0-0.5h,hypocotyl,leaf_epidermis,416.2909164745527,0.815
gamma,0-0.5h,hypocotyl,leaf_mesophyll,2811.2443709041427,0.025
gamma,0-0.5h,hypocotyl,leaf_vasculature,348.20803924540934,0.815
gamma,0-0.5h,hypocotyl,oxidative_stress,2637.850379531949,0.045
gamma,0-0.5h,hypocotyl,root_columella,2311.9284439701896,0.175
gamma,0-0.5h,hypocotyl,root_cortex,2495.543525328272,0.075
gamma,0-0.5h,hypocotyl,root_endodermis,2543.880142344589,0.06
gamma,0-0.5h,hypocotyl,root_epidermis,1432.8708576018832,0.615
gamma,0-0.5h,hypocotyl,root_lateral_root_cap,0.0,1.0
gamma,0-0.5h,hypocotyl,root_meristem,1952.8559292739142,0.35
gamma,0-0.5h,hypocotyl,root_pericycle,2616.5094545944257,0.055
gamma,0-0.5h,hypocotyl,root_phloem,1739.0294986802005,0.45
gamma,0-0.5h,hypocotyl,root_stele,1467.7460083367307,0.615
gamma,0-0.5h,hypocotyl,root_xylem,2022.662159374575,0.27
gamma,0-0.5h,hypocotyl,shoot_apical_meristem,1957.1174671434974,0.375
gamma,0-0.5h,leaf_epidermis,cotyledon,358.21639300949397,0.835
gamma,0-0.5h,leaf_epidermis,dna_damage_response,410.41114978555635,0.81
gamma,0-0.5h,leaf_epidermis,hormone_response_aba,508.00529346957353,0.78
gamma,0-0.5h,leaf_epidermis,hormone_response_auxin,316.8885191675177,0.87
gamma,0-0.5h,leaf_epidermis,hormone_response_cytokinin,215.34922865545894,0.885
gamma,0-0.5h,leaf_epidermis,hormone_response_ethylene,447.25407718250494,0.765
gamma,0-0.5h,leaf_epidermis,hormone_response_ja,364.36029316530295,0.81
gamma,0-0.5h,leaf_epidermis,hormone_response_sa,491.0461371513794,0.75
gamma,0-0.5h,leaf_epidermis,hypocotyl,527.1113354197167,0.785
gamma,0-0.5h,leaf_epidermis,leaf_mesophyll,770.0363782591818,0.74
gamma,0-0.5h,leaf_epidermis,leaf_vasculature,18.695657879985784,0.9
gamma,0-0.5h,leaf_epidermis,oxidative_stress,638.8363149359765,0.8
gamma,0-0.5h,leaf_epidermis,root_columella,438.72011626287036,0.82
gamma,0-0.5h,leaf_epidermis,root_cortex,536.2053726666903,0.76
gamma,0-0.5h,leaf_epidermis,root_endodermis,569.8325717032732,0.76
gamma,0-0.5h,leaf_epidermis,root_epidermis,148.37886181623682,0.885
gamma,0-0.5h,leaf_epidermis,root_lateral_root_cap,0.0,1.0
gamma,0-0.5h,leaf_epidermis,root_meristem,286.29460246704707,0.875
gamma,0-0.5h,leaf_epidermis,root_pericycle,616.3842138466679,0.775
gamma,0-0.5h,leaf_epidermis,root_phloem,221.22593857273588,0.86
gamma,0-0.5h,leaf_epidermis,root_stele,155.68297363006863,0.9
gamma,0-0.5h,leaf_epidermis,root_xylem,311.93669811633265,0.81
gamma,0-0.5h,leaf_epidermis,shoot_apical_meristem,289.2255259432253,0.85
gamma,0-0.5h,leaf_mesophyll,cotyledon,2533.7303398419076,0.11
gamma,0-0.5h,leaf_mesophyll,dna_damage_response,2636.9171427814244,0.055
gamma,0-0.5h,leaf_mesophyll,hormone_response_aba,2796.468991017709,0.035
gamma,0-0.5h,leaf_mesophyll,hormone_response_auxin,2432.2562104185026,0.125
gamma,0-0.5h,leaf_mesophyll,hormone_response_cytokinin,2135.585295763232,0.245
gamma,0-0.5h,leaf_mesophyll,hormone_response_ethylene,2700.5764209655094,0.01
gamma,0-0.5h,leaf_mesophyll,hormone_response_ja,2534.493340428881,0.08
gamma,0-0.5h,leaf_mesophyll,hormone_response_sa,2780.6630105950862,0.005
gamma,0-0.5h,leaf_mesophyll,hypocotyl,2826.042508051509,0.025
gamma,0-0.5h,leaf_mesophyll,leaf_epidermis,620.2780841258974,0.755
gamma,0-0.5h,leaf_mesophyll,leaf_vasculature,523.834790584271,0.795
gamma,0-0.5h,leaf_mesophyll,oxidative_stress,2968.9736938860988,0.0
gamma,0-0.5h,leaf_mesophyll,root_columella,2684.775840652485,0.04
gamma,0-0.5h,leaf_mesophyll,root_cortex,2848.962610866749,0.0
gamma,0-0.5h,leaf_mesophyll,root_endodermis,2890.282542852166,0.0
gamma,0-0.5h,leaf_mesophyll,root_epidermis,1846.4272313523493,0.415
gamma,0-0.5h,leaf_mesophyll,root_lateral_root_cap,0.0,1.0
gamma,0-0.5h,leaf_mesophyll,root_meristem,2361.740979722379,0.15
gamma,0-0.5h,leaf_mesophyll,root_pericycle,2952.813741947395,0.005
gamma,0-0.5h,leaf_mesophyll,root_phloem,2156.1880932828312,0.235
gamma,0-0.5h,leaf_mesophyll,root_stele,1881.6583718325755,0.4
gamma,0-0.5h,leaf_mesophyll,root_xylem,2425.246132290455,0.1
gamma,0-0.5h,leaf_mesophyll,shoot_apical_meristem,2363.2532435390913,0.135
gamma,0-0.5h,leaf_vasculature,cotyledon,287.16267466096826,0.895
gamma,0-0.5h,leaf_vasculature,dna_damage_response,330.91913451577994,0.815
gamma,0-0.5h,leaf_vasculature,hormone_response_aba,412.853438014376,0.805
gamma,0-0.5h,leaf_vasculature,hormone_response_auxin,253.58195056147912,0.88
gamma,0-0.5h,leaf_vasculature,hormone_response_cytokinin,171.46523223140485,0.89
gamma,0-0.5h,leaf_vasculature,hormone_response_ethylene,361.43968296185676,0.81
gamma,0-0.5h,leaf_vasculature,hormone_response_ja,293.08378315726594,0.875
gamma,0-0.5h,leaf_vasculature,hormone_response_sa,398.2841848135198,0.8
gamma,0-0.5h,leaf_vasculature,hypocotyl,428.96472151808047,0.8
gamma,0-0.5h,leaf_vasculature,leaf_epidermis,18.108179123095017,0.9
gamma,0-0.5h,leaf_vasculature,leaf_mesophyll,640.3634946780626,0.775
gamma,0-0.5h,leaf_vasculature,oxidative_stress,525.3996077366877,0.82
gamma,0-0.5h,leaf_vasculature,root_columella,354.5174905226427,0.87
gamma,0-0.5h,leaf_vasculature,root_cortex,436.9335132232896,0.785
gamma,0-0.5h,leaf_vasculature,root_endodermis,465.0944996837751,0.77
gamma,0-0.5h,leaf_vasculature,root_epidermis,118.04184424516326,0.905
gamma,0-0.5h,leaf_vasculature,root_lateral_root_cap,0.0,1.0
gamma,0-0.5h,leaf_vasculature,root_meristem,228.4761175415274,0.875
gamma,0-0.5h,leaf_vasculature,root_pericycle,505.49930737171104,0.8
gamma,0-0.5h,leaf_vasculature,root_phloem,176.3495351480868,0.89
gamma,0-0.5h,leaf_vasculature,root_stele,123.72939332417077,0.895
gamma,0-0.5h,leaf_vasculature,root_xylem,249.4804359670826,0.82
gamma,0-0.5h,leaf_vasculature,shoot_apical_meristem,231.15761027766402,0.885
gamma,0-0.5h,oxidative_stress,cotyledon,2323.4535208373763,0.19
gamma,0-0.5h,oxidative_stress,dna_damage_response,2435.427131661673,0.105
gamma,0-0.5h,oxidative_stress,hormone_response_aba,2610.4295119042986,0.07
gamma,0-0.5h,oxidative_stress,hormone_response_auxin,2216.559397039241,0.275
gamma,0-0.5h,oxidative_stress,hormone_response_cytokinin,1905.0812135756034,0.46
gamma,0-0.5h,oxidative_stress,hormone_response_ethylene,2504.8751437538763,0.065
gamma,0-0.5h,oxidative_stress,hormone_response_ja,2327.443864462908,0.195
gamma,0-0.5h,oxidative_stress,hormone_response_sa,2590.5921947146066,0.06
gamma,0-0.5h,oxidative_stress,hypocotyl,2642.314578125124,0.045
gamma,0-0.5h,oxidative_stress,leaf_epidermis,501.10130461271916,0.82
gamma,0-0.5h,oxidative_stress,leaf_mesophyll,2964.8103441058006,0.0
gamma,0-0.5h,oxidative_stress,leaf_vasculature,420.8512234581779,0.83
gamma,0-0.5h,oxidative_stress,root_columella,2488.4481203715504,0.11
gamma,0-0.5h,oxidative_stress,root_cortex,2665.973232868145,0.045
gamma,0-0.5h,oxidative_stress,root_endodermis,2711.8569067797,0.02
gamma,0-0.5h,oxidative_stress,root_epidermis,1614.791375376327,0.605
gamma,0-0.5h,oxidative_stress,root_lateral_root_cap,0.0,1.0
gamma,0-0.5h,oxidative_stress,root_meristem,2139.89332642611,0.28
gamma,0-0.5h,oxidative_stress,root_pericycle,2781.16108190288,0.025
gamma,0-0.5h,oxidative_stress,root_phloem,1926.6576403124518,0.42
gamma,0-0.5h,oxidative_stress,root_stele,1650.24893632008,0.55
gamma,0-0.5h,oxidative_stress,root_xylem,2207.9639961281937,0.22
gamma,0-0.5h,oxidative_stress,shoot_apical_meristem,2143.1569582119164,0.285
gamma,0-0.5h,root_columella,cotyledon,1969.2271665180674,0.42
gamma,0-0.5h,root_columella,dna_damage_response,2087.8528801651537,0.31
gamma,0-0.5h,root_columella,hormone_response_aba,2276.8478335730947,0.245
gamma,0-0.5h,root_columella,hormone_response_auxin,1860.6225159076066,0.45
gamma,0-0.5h,root_columella,hormone_response_cytokinin,1547.0394453772162,0.645
gamma,0-0.5h,root_columella,hormone_response_ethylene,2162.6972524648727,0.295
gamma,0-0.5h,root_columella,hormone_response_ja,1976.8435529147812,0.43
gamma,0-0.5h,root_columella,hormone_response_sa,2252.4216559543975,0.215
gamma,0-0.5h,root_columella,hypocotyl,2310.8567309968707,0.185
gamma,0-0.5h,root_columella,leaf_epidermis,348.61931099993296,0.855
gamma,0-0.5h,root_columella,leaf_mesophyll,2665.681721183379,0.045
gamma,0-0.5h,root_columella,leaf_vasculature,291.0372972323975,0.89
gamma,0-0.5h,root_columella,oxidative_stress,2483.943069518107,0.11
gamma,0-0.5h,root_columella,root_cortex,2334.0064590400125,0.22
gamma,0-0.5h,root_columella,root_endodermis,2385.0442764760733,0.145
gamma,0-0.5h,root_columella,root_epidermis,1270.9690522896863,0.755
gamma,0-0.5h,root_columella,root_lateral_root_cap,0.0,1.0
gamma,0-0.5h,root_columella,root_meristem,1780.1668829247499,0.5
gamma,0-0.5h,root_columella,root_pericycle,2460.4294818030003,0.17
gamma,0-0.5h,root_columella,root_phloem,1568.0805402632495,0.635
gamma,0-0.5h,root_columella,root_stele,1304.7714854183243,0.685
gamma,0-0.5h,root_columella,root_xylem,1850.6935259185143,0.44
gamma,0-0.5h,root_columella,shoot_apical_meristem,1785.0653312491625,0.565
gamma,0-0.5h,root_cortex,cotyledon,2173.995031496993,0.26
gamma,0-0.5h,root_cortex,dna_damage_response,2290.2455973979386,0.175
gamma,0-0.5h,root_cortex,hormone_response_aba,2472.374070527907,0.12
gamma,0-0.5h,root_cortex,hormone_response_auxin,2065.3597975535286,0.335
gamma,0-0.5h,root_cortex,hormone_response_cytokinin,1749.3608789568052,0.495
gamma,0-0.5h,root_cortex,hormone_response_ethylene,2362.337524106887,0.14
gamma,0-0.5h,root_cortex,hormone_response_ja,2179.7392915218265,0.265
gamma,0-0.5h,root_cortex,hormone_response_sa,2450.7030673712634,0.11
gamma,0-0.5h,root_cortex,hypocotyl,2505.338287115281,0.07
gamma,0-0.5h,root_cortex,leaf_epidermis,427.57886663638516,0.79
gamma,0-0.5h,root_cortex,leaf_mesophyll,2841.2419104399505,0.005
gamma,0-0.5h,root_cortex,leaf_vasculature,358.0633310810853,0.825
gamma,0-0.5h,root_cortex,oxidative_stress,2670.0449700916656,0.04
gamma,0-0.5h,root_cortex,root_columella,2345.641812491077,0.22
gamma,0-0.5h,root_cortex,root_endodermis,2577.0972479478114,0.065
gamma,0-0.5h,root_cortex,root_epidermis,1462.1061017263655,0.625
gamma,0-0.5h,root_cortex,root_lateral_root_cap,0.0,1.0
gamma,0-0.5h,root_cortex,root_meristem,1986.1260779864353,0.36
gamma,0-0.5h,root_cortex,root_pericycle,2649.323517996835,0.06
gamma,0-0.5h,root_cortex,root_phloem,1771.0944282747434,0.49
gamma,0-0.5h,root_cortex,root_stele,1497.3298519491423,0.61
gamma,0-0.5h,root_cortex,root_xylem,2056.153937925197,0.32
gamma,0-0.5h,root_cortex,shoot_apical_meristem,1990.2590740172848,0.38
gamma,0-0.5h,root_endodermis,cotyledon,2216.2203362859295,0.24
gamma,0-0.5h,root_endodermis,dna_damage_response,2330.2821084609786,0.145
gamma,0-0.5h,root_endodermis,hormone_response_aba,2508.860142532807,0.045
gamma,0-0.5h,root_endodermis,hormone_response_auxin,2109.001973725776,0.295
gamma,0-0.5h,root_endodermis,hormone_response_cytokinin,1796.3615035977275,0.44
gamma,0-0.5h,root_endodermis,hormone_response_ethylene,2401.0507881860367,0.105
gamma,0-0.5h,root_endodermis,hormone_response_ja,2221.5614501870455,0.225
gamma,0-0.5h,root_endodermis,hormone_response_sa,2487.7941325542033,0.085
gamma,0-0.5h,root_endodermis,hypocotyl,2541.203848213644,0.07
gamma,0-0.5h,root_endodermis,leaf_epidermis,451.16647847800914,0.785
gamma,0-0.5h,root_endodermis,leaf_mesophyll,2871.383820923687,0.0
gamma,0-0.5h,root_endodermis,leaf_vasculature,377.6696964369983,0.795
gamma,0-0.5h,root_endodermis,oxidative_stress,2702.9276657716337,0.02
gamma,0-0.5h,root_endodermis,root_columella,2384.5845296253506,0.15
gamma,0-0.5h,root_endodermis,root_cortex,2564.88029768888,0.07
gamma,0-0.5h,root_endodermis,root_epidermis,1509.5770182374715,0.58
gamma,0-0.5h,root_endodermis,root_lateral_root_cap,0.0,1.0
gamma,0-0.5h,root_endodermis,root_meristem,2031.0339292073738,0.305
gamma,0-0.5h,root_endodermis,root_pericycle,2682.6274634672013,0.03
gamma,0-0.5h,root_endodermis,root_phloem,1817.9195211166684,0.475
gamma,0-0.5h,root_endodermis,root_stele,1544.701318108748,0.57
gamma,0-0.5h,root_endodermis,root_xylem,2099.974477736103,0.275
gamma,0-0.5h,root_endodermis,shoot_apical_meristem,2034.9391029144524,0.35
gamma,0-0.5h,root_epidermis,cotyledon,1199.5397892208903,0.74
gamma,0-0.5h,root_epidermis,dna_damage_response,1306.9415814869212,0.625
gamma,0-0.5h,root_epidermis,hormone_response_aba,1492.5688969875032,0.58
gamma,0-0.5h,root_epidermis,hormone_response_auxin,1105.5457161983484,0.74
gamma,0-0.5h,root_epidermis,hormone_response_cytokinin,850.8417678998449,0.79
gamma,0-0.5h,root_epidermis,hormone_response_ethylene,1379.8690491484551,0.64
gamma,0-0.5h,root_epidermis,hormone_response_ja,1208.4048574950386,0.705
gamma,0-0.5h,root_epidermis,hormone_response_sa,1464.1521473631306,0.61
gamma,0-0.5h,root_epidermis,hypocotyl,1526.6748903409716,0.565
gamma,0-0.5h,root_epidermis,leaf_epidermis,138.92352489542947,0.89
gamma,0-0.5h,root_epidermis,leaf_mesophyll,1909.5314195550154,0.39
gamma,0-0.5h,root_epidermis,leaf_vasculature,115.46025863113759,0.905
gamma,0-0.5h,root_epidermis,oxidative_stress,1710.1500537069362,0.515
gamma,0-0.5h,root_epidermis,root_columella,1362.880650400095,0.745
gamma,0-0.5h,root_epidermis,root_cortex,1545.2803402794968,0.605
gamma,0-0.5h,root_epidermis,root_endodermis,1602.1187928187128,0.55
gamma,0-0.5h,root_epidermis,root_lateral_root_cap,0.0,1.0
gamma,0-0.5h,root_epidermis,root_meristem,1035.6307442509278,0.725
gamma,0-0.5h,root_epidermis,root_pericycle,1679.894439777061,0.565
gamma,0-0.5h,root_epidermis,root_phloem,866.3049204647779,0.765
gamma,0-0.5h,root_epidermis,root_stele,674.7476062150978,0.775
gamma,0-0.5h,root_epidermis,root_xylem,1095.6524076143423,0.655
gamma,0-0.5h,root_epidermis,shoot_apical_meristem,1040.6641101328507,0.765
gamma,0-0.5h,root_lateral_root_cap,cotyledon,0.0,1.0
gamma,0-0.5h,root_lateral_root_cap,dna_damage_response,0.0,1.0
gamma,0-0.5h,root_lateral_root_cap,hormone_response_aba,0.0,1.0
gamma,0-0.5h,root_lateral_root_cap,hormone_response_auxin,0.0,1.0
gamma,0-0.5h,root_lateral_root_cap,hormone_response_cytokinin,0.0,1.0
gamma,0-0.5h,root_lateral_root_cap,hormone_response_ethylene,0.0,1.0
gamma,0-0.5h,root_lateral_root_cap,hormone_response_ja,0.0,1.0
gamma,0-0.5h,root_lateral_root_cap,hormone_response_sa,0.0,1.0
gamma,0-0.5h,root_lateral_root_cap,hypocotyl,0.0,1.0
gamma,0-0.5h,root_lateral_root_cap,leaf_epidermis,0.0,1.0
gamma,0-0.5h,root_lateral_root_cap,leaf_mesophyll,0.0,1.0
gamma,0-0.5h,root_lateral_root_cap,leaf_vasculature,0.0,1.0
gamma,0-0.5h,root_lateral_root_cap,oxidative_stress,0.0,1.0
gamma,0-0.5h,root_lateral_root_cap,root_columella,0.0,1.0
gamma,0-0.5h,root_lateral_root_cap,root_cortex,0.0,1.0
gamma,0-0.5h,root_lateral_root_cap,root_endodermis,0.0,1.0
gamma,0-0.5h,root_lateral_root_cap,root_epidermis,0.0,1.0
gamma,0-0.5h,root_lateral_root_cap,root_meristem,0.0,1.0
gamma,0-0.5h,root_lateral_root_cap,root_pericycle,0.0,1.0
gamma,0-0.5h,root_lateral_root_cap,root_phloem,0.0,1.0
gamma,0-0.5h,root_lateral_root_cap,root_stele,0.0,1.0
gamma,0-0.5h,root_lateral_root_cap,root_xylem,0.0,1.0
gamma,0-0.5h,root_lateral_root_cap,shoot_apical_meristem,0.0,1.0
gamma,0-0.5h,root_meristem,cotyledon,1627.6667874978514,0.56
gamma,0-0.5h,root_meristem,dna_damage_response,1745.5676083179592,0.5
gamma,0-0.5h,root_meristem,hormone_response_aba,1939.8034341134623,0.34
gamma,0-0.5h,root_meristem,hormone_response_auxin,1522.4279362941559,0.565
gamma,0-0.5h,root_meristem,hormone_response_cytokinin,1225.523653491646,0.685
gamma,0-0.5h,root_meristem,hormone_response_ethylene,1822.2659269966498,0.4
gamma,0-0.5h,root_meristem,hormone_response_ja,1636.7138982316033,0.535
gamma,0-0.5h,root_meristem,hormone_response_sa,1912.381724164875,0.405
gamma,0-0.5h,root_meristem,hypocotyl,1974.8312208728266,0.34
gamma,0-0.5h,root_meristem,leaf_epidermis,240.1239944180036,0.89
gamma,0-0.5h,root_meristem,leaf_mesophyll,2350.957084664469,0.145
gamma,0-0.5h,root_meristem,leaf_vasculature,199.58424959988577,0.88
gamma,0-0.5h,root_meristem,oxidative_stress,2157.4673577372214,0.255
gamma,0-0.5h,root_meristem,root_columella,1804.815982264921,0.49
gamma,0-0.5h,root_meristem,root_cortex,1996.6306576856612,0.35
gamma,0-0.5h,root_meristem,root_endodermis,2051.5499546526275,0.305
gamma,0-0.5h,root_meristem,root_epidermis,977.0572946340673,0.735
gamma,0-0.5h,root_meristem,root_lateral_root_cap,0.0,1.0
gamma,0-0.5h,root_meristem,root_pericycle,2130.2730075130435,0.3
gamma,0-0.5h,root_meristem,root_phloem,1244.4961459722708,0.68
gamma,0-0.5h,root_meristem,root_stele,1007.2745520401984,0.735
gamma,0-0.5h,root_meristem,root_xylem,1512.024053774289,0.53
gamma,0-0.5h,root_meristem,shoot_apical_meristem,1449.1114491686287,0.61
gamma,0-0.5h,root_pericycle,cotyledon,2307.1151203025643,0.19
gamma,0-0.5h,root_pericycle,dna_damage_response,2419.6187707678796,0.14
gamma,0-0.5h,root_pericycle,hormone_response_aba,2594.751041713622,0.075
gamma,0-0.5h,root_pericycle,hormone_response_auxin,2200.1476941471665,0.25
gamma,0-0.5h,root_pericycle,hormone_response_cytokinin,1888.0467597253423,0.425
gamma,0-0.5h,root_pericycle,hormone_response_ethylene,2489.0217775241344,0.11
gamma,0-0.5h,root_pericycle,hormone_response_ja,2311.290050267234,0.22
gamma,0-0.5h,root_pericycle,hormone_response_sa,2575.007852500036,0.065
gamma,0-0.5h,root_pericycle,hypocotyl,2626.6289532240103,0.055
gamma,0-0.5h,root_pericycle,leaf_epidermis,490.5938940626885,0.8
gamma,0-0.5h,root_pericycle,leaf_mesophyll,2947.7113804549904,0.005
gamma,0-0.5h,root_pericycle,leaf_vasculature,411.6124023714034,0.805
gamma,0-0.5h,root_pericycle,oxidative_stress,2784.4303570779107,0.02
gamma,0-0.5h,root_pericycle,root_columella,2472.6697311530424,0.17
gamma,0-0.5h,root_pericycle,root_cortex,2650.4409812958684,0.055
gamma,0-0.5h,root_pericycle,root_endodermis,2696.038594334556,0.03
gamma,0-0.5h,root_pericycle,root_epidermis,1597.5209191312945,0.585
gamma,0-0.5h,root_pericycle,root_lateral_root_cap,0.0,1.0
gamma,0-0.5h,root_pericycle,root_meristem,2123.238579115507,0.3
gamma,0-0.5h,root_pericycle,root_phloem,1909.7292386024337,0.415
gamma,0-0.5h,root_pericycle,root_stele,1633.074554549269,0.575
gamma,0-0.5h,root_pericycle,root_xylem,2191.5834261773753,0.24
gamma,0-0.5h,root_pericycle,shoot_apical_meristem,2126.613472121687,0.245
gamma,0-0.5h,root_phloem,cotyledon,1439.2109100538462,0.645
gamma,0-0.5h,root_phloem,dna_damage_response,1554.228569210896,0.565
gamma,0-0.5h,root_phloem,hormone_response_aba,1747.98996558261,0.44
gamma,0-0.5h,root_phloem,hormone_response_auxin,1337.4458260687497,0.675
gamma,0-0.5h,root_phloem,hormone_response_cytokinin,1055.3772440970201,0.755
gamma,0-0.5h,root_phloem,hormone_response_ethylene,1630.6030262072782,0.505
gamma,0-0.5h,root_phloem,hormone_response_ja,1448.3480949388907,0.66
gamma,0-0.5h,root_phloem,hormone_response_sa,1719.5545247746766,0.49
gamma,0-0.5h,root_phloem,hypocotyl,1783.185586048322,0.44
gamma,0-0.5h,root_phloem,leaf_epidermis,190.99834767120376,0.87
gamma,0-0.5h,root_phloem,leaf_mesophyll,2168.489075546425,0.215
gamma,0-0.5h,root_phloem,leaf_vasculature,158.88161975892945,0.89
gamma,0-0.5h,root_phloem,oxidative_stress,1969.2325234742345,0.4
gamma,0-0.5h,root_phloem,root_columella,1613.0501141117586,0.605
gamma,0-0.5h,root_phloem,root_cortex,1803.8456886217623,0.455
gamma,0-0.5h,root_phloem,root_endodermis,1860.5992635361624,0.45
gamma,0-0.5h,root_phloem,root_epidermis,826.3082178587297,0.765
gamma,0-0.5h,root_phloem,root_lateral_root_cap,0.0,1.0
gamma,0-0.5h,root_phloem,root_meristem,1261.4563298945059,0.675
gamma,0-0.5h,root_phloem,root_pericycle,1940.214539468861,0.39
gamma,0-0.5h,root_phloem,root_stele,853.8788396636289,0.78
gamma,0-0.5h,root_phloem,root_xylem,1327.0736897141799,0.595
gamma,0-0.5h,root_phloem,shoot_apical_meristem,1266.788807207987,0.705
gamma,0-0.5h,root_stele,cotyledon,1224.5496384347898,0.71
gamma,0-0.5h,root_stele,dna_damage_response,1332.8117888073566,0.67
gamma,0-0.5h,root_stele,hormone_response_aba,1519.4489178507824,0.61
gamma,0-0.5h,root_stele,hormone_response_auxin,1129.6756670392197,0.76
gamma,0-0.5h,root_stele,hormone_response_cytokinin,871.7857173833354,0.775
gamma,0-0.5h,root_stele,hormone_response_ethylene,1406.1501964217407,0.655
gamma,0-0.5h,root_stele,hormone_response_ja,1233.4271769377995,0.715
gamma,0-0.5h,root_stele,hormone_response_sa,1491.0102583658058,0.6
gamma,0-0.5h,root_stele,hypocotyl,1553.6836216033967,0.58
gamma,0-0.5h,root_stele,leaf_epidermis,143.5404859692071,0.905
gamma,0-0.5h,root_stele,leaf_mesophyll,1937.3667220362465,0.355
gamma,0-0.5h,root_stele,leaf_vasculature,119.14718251939452,0.895
gamma,0-0.5h,root_stele,oxidative_stress,1737.6474579810265,0.515
gamma,0-0.5h,root_stele,root_columella,1389.096844014281,0.665
gamma,0-0.5h,root_stele,root_cortex,1572.5737868151855,0.555
gamma,0-0.5h,root_stele,root_endodermis,1629.4007878522027,0.545
gamma,0-0.5h,root_stele,root_epidermis,668.6852149161197,0.775
gamma,0-0.5h,root_stele,root_lateral_root_cap,0.0,1.0
gamma,0-0.5h,root_stele,root_meristem,1059.0552767867787,0.725
gamma,0-0.5h,root_stele,root_pericycle,1707.4958472298433,0.55
gamma,0-0.5h,root_stele,root_phloem,887.4618790982541,0.78
gamma,0-0.5h,root_stele,root_xylem,1119.7222194605095,0.67
gamma,0-0.5h,root_stele,shoot_apical_meristem,1064.1228481608132,0.755
gamma,0-0.5h,root_xylem,cotyledon,1690.515913695504,0.495
gamma,0-0.5h,root_xylem,dna_damage_response,1809.142445248081,0.425
gamma,0-0.5h,root_xylem,hormone_response_aba,2003.2736442398798,0.33
gamma,0-0.5h,root_xylem,hormone_response_auxin,1584.1709835117222,0.53
gamma,0-0.5h,root_xylem,hormone_response_cytokinin,1282.6965161192397,0.655
gamma,0-0.5h,root_xylem,hormone_response_ethylene,1885.849041185607,0.36
gamma,0-0.5h,root_xylem,hormone_response_ja,1699.3982643245276,0.47
gamma,0-0.5h,root_xylem,hormone_response_sa,1976.243688996697,0.285
gamma,0-0.5h,root_xylem,hypocotyl,2038.2259978259672,0.265
gamma,0-0.5h,root_xylem,leaf_epidermis,257.8686108479586,0.825
gamma,0-0.5h,root_xylem,leaf_mesophyll,2411.556486686805,0.105
gamma,0-0.5h,root_xylem,leaf_vasculature,214.51576289977433,0.84
gamma,0-0.5h,root_xylem,oxidative_stress,2219.685723913897,0.21
gamma,0-0.5h,root_xylem,root_columella,1868.416039399436,0.44
gamma,0-0.5h,root_xylem,root_cortex,2060.3167239730838,0.315
gamma,0-0.5h,root_xylem,root_endodermis,2114.702546087639,0.265
gamma,0-0.5h,root_xylem,root_epidermis,1028.1688543704004,0.665
gamma,0-0.5h,root_xylem,root_lateral_root_cap,0.0,1.0
gamma,0-0.5h,root_xylem,root_meristem,1504.6960539892634,0.54
gamma,0-0.5h,root_xylem,root_pericycle,2193.0532497110694,0.24
gamma,0-0.5h,root_xylem,root_phloem,1302.129606680488,0.62
gamma,0-0.5h,root_xylem,root_stele,1059.1866089915432,0.685
gamma,0-0.5h,root_xylem,shoot_apical_meristem,1510.062410525636,0.545
gamma,0-0.5h,shoot_apical_meristem,cotyledon,1627.917794197429,0.6
gamma,0-0.5h,shoot_apical_meristem,dna_damage_response,1745.9833879957075,0.485
gamma,0-0.5h,shoot_apical_meristem,hormone_response_aba,1940.5870587686113,0.37
gamma,0-0.5h,shoot_apical_meristem,hormone_response_auxin,1522.4110716524629,0.635
gamma,0-0.5h,shoot_apical_meristem,hormone_response_cytokinin,1224.9240270273872,0.715
gamma,0-0.5h,shoot_apical_meristem,hormone_response_ethylene,1822.851180722838,0.425
gamma,0-0.5h,shoot_apical_meristem,hormone_response_ja,1636.901917982293,0.55
gamma,0-0.5h,shoot_apical_meristem,hormone_response_sa,1913.0965614056151,0.42
gamma,0-0.5h,shoot_apical_meristem,hypocotyl,1975.679334138608,0.37
gamma,0-0.5h,shoot_apical_meristem,leaf_epidermis,240.08916772732496,0.875
gamma,0-0.5h,shoot_apical_meristem,leaf_mesophyll,2352.4756937872085,0.14
gamma,0-0.5h,shoot_apical_meristem,leaf_vasculature,199.7369480830428,0.895
gamma,0-0.5h,shoot_apical_meristem,oxidative_stress,2158.638459093193,0.265
gamma,0-0.5h,shoot_apical_meristem,root_columella,1805.34457561999,0.535
gamma,0-0.5h,shoot_apical_meristem,root_cortex,1997.4041833118297,0.385
gamma,0-0.5h,shoot_apical_meristem,root_endodermis,2052.548125438175,0.335
gamma,0-0.5h,shoot_apical_meristem,root_epidermis,976.2088658286459,0.78
gamma,0-0.5h,shoot_apical_meristem,root_lateral_root_cap,0.0,1.0
gamma,0-0.5h,shoot_apical_meristem,root_meristem,1443.5496619642652,0.605
gamma,0-0.5h,shoot_apical_meristem,root_pericycle,2131.3208666876008,0.245
gamma,0-0.5h,shoot_apical_meristem,root_phloem,1243.9287790266144,0.71
gamma,0-0.5h,shoot_apical_meristem,root_stele,1006.4450824019274,0.765
gamma,0-0.5h,shoot_apical_meristem,root_xylem,1511.990925151747,0.55
gamma,0.5-2h,cotyledon,dna_damage_response,1.1049499640436677,0.28
gamma,0.5-2h,cotyledon,hormone_response_aba,0.9032068428142713,0.395
gamma,0.5-2h,cotyledon,hormone_response_auxin,0.9616790110789645,0.36
gamma,0.5-2h,cotyledon,hormone_response_cytokinin,0.5081323006039236,0.61
gamma,0.5-2h,cotyledon,hormone_response_ethylene,1.5863394222247353,0.165
gamma,0.5-2h,cotyledon,hormone_response_ja,0.5478379940728971,0.58
gamma,0.5-2h,cotyledon,hormone_response_sa,0.42698472026883794,0.68
gamma,0.5-2h,cotyledon,hypocotyl,1.1845462871618897,0.28
gamma,0.5-2h,cotyledon,leaf_epidermis,0.03985057970735085,0.915
gamma,0.5-2h,cotyledon,leaf_mesophyll,1.0313469417574133,0.285
gamma,0.5-2h,cotyledon,oxidative_stress,2.0697997866485087,0.06
gamma,0.5-2h,cotyledon,root_columella,1.431954873734644,0.225
gamma,0.5-2h,cotyledon,root_cortex,1.9840854163930386,0.095
gamma,0.5-2h,cotyledon,root_endodermis,1.2569117954619966,0.235
gamma,0.5-2h,cotyledon,root_epidermis,0.20865563996520842,0.79
gamma,0.5-2h,cotyledon,root_lateral_root_cap,0.1600393930480674,0.85
gamma,0.5-2h,cotyledon,root_meristem,0.8910138055860674,0.4
gamma,0.5-2h,cotyledon,root_pericycle,2.346019840608549,0.065
gamma,0.5-2h,cotyledon,root_phloem,0.8563119260595037,0.505
gamma,0.5-2h,cotyledon,root_stele,0.9329210692569356,0.425
gamma,0.5-2h,cotyledon,root_xylem,0.946566979449851,0.38
gamma,0.5-2h,cotyledon,shoot_apical_meristem,1.0042605669413702,0.37
gamma,0.5-2h,dna_damage_response,cotyledon,1.1055235572345685,0.28
gamma,0.5-2h,dna_damage_response,hormone_response_aba,0.9135097118436013,0.45
gamma,0.5-2h,dna_damage_response,hormone_response_auxin,0.9726473036401799,0.445
gamma,0.5-2h,dna_damage_response,hormone_response_cytokinin,0.5139291198934859,0.67
gamma,0.5-2h,dna_damage_response,hormone_response_ethylene,1.6044289557149265,0.155
gamma,0.5-2h,dna_damage_response,hormone_response_ja,0.5540905740930797,0.63
gamma,0.5-2h,dna_damage_response,hormone_response_sa,0.4318571240961498,0.745
gamma,0.5-2h,dna_damage_response,hypocotyl,1.198056812822753,0.33
gamma,0.5-2h,dna_damage_response,leaf_epidermis,0.04030516785305848,0.915
gamma,0.5-2h,dna_damage_response,leaf_mesophyll,1.0431128680276724,0.32
gamma,0.5-2h,dna_damage_response,oxidative_stress,2.0934012667677147,0.07
gamma,0.5-2h,dna_damage_response,root_columella,1.4482844889995015,0.175
gamma,0.5-2h,dna_damage_response,root_cortex,2.006710128847645,0.11
gamma,0.5-2h,dna_damage_response,root_endodermis,1.2712503165242326,0.285
gamma,0.5-2h,dna_damage_response,root_epidermis,0.21103597973435873,0.805
gamma,0.5-2h,dna_damage_response,root_lateral_root_cap,0.16186660041086937,0.865
gamma,0.5-2h,dna_damage_response,root_meristem,0.9011791264932323,0.445
gamma,0.5-2h,dna_damage_response,root_pericycle,2.372764400198129,0.065
gamma,0.5-2h,dna_damage_response,root_phloem,0.8660773012054672,0.535
gamma,0.5-2h,dna_damage_response,root_stele,0.9435634690527412,0.44
gamma,0.5-2h,dna_damage_response,root_xylem,0.9573645200033526,0.39
gamma,0.5-2h,dna_damage_response,shoot_apical_meristem,1.0157140746297912,0.375
gamma,0.5-2h,hormone_response_aba,cotyledon,0.9031378497471422,0.4
gamma,0.5-2h,hormone_response_aba,dna_damage_response,0.9129657472131396,0.45
gamma,0.5-2h,hormone_response_aba,hormone_response_auxin,0.7945803495811035,0.545
gamma,0.5-2h,hormone_response_aba,hormone_response_cytokinin,0.4198247588110807,0.69
gamma,0.5-2h,hormone_response_aba,hormone_response_ethylene,1.310768976526557,0.225
gamma,0.5-2h,hormone_response_aba,hormone_response_ja,0.45263061845975816,0.69
gamma,0.5-2h,hormone_response_aba,hormone_response_sa,0.35277695423387156,0.745
gamma,0.5-2h,hormone_response_aba,hypocotyl,0.9787403728290963,0.38
gamma,0.5-2h,hormone_response_aba,leaf_epidermis,0.03292377202102154,0.955
gamma,0.5-2h,hormone_response_aba,leaf_mesophyll,0.8521467889324147,0.46
gamma,0.5-2h,hormone_response_aba,oxidative_stress,1.7103121639548065,0.15
gamma,0.5-2h,hormone_response_aba,root_columella,1.1831882242039278,0.275
gamma,0.5-2h,hormone_response_aba,root_cortex,1.6394731338221293,0.15
gamma,0.5-2h,hormone_response_aba,root_endodermis,1.0385381734543104,0.37
gamma,0.5-2h,hormone_response_aba,root_epidermis,0.17238953154806977,0.795
gamma,0.5-2h,hormone_response_aba,root_lateral_root_cap,0.13222218078581666,0.845
gamma,0.5-2h,hormone_response_aba,root_meristem,0.736188519349588,0.495
gamma,0.5-2h,hormone_response_aba,root_pericycle,1.9386028738190424,0.145
gamma,0.5-2h,hormone_response_aba,root_phloem,0.7075158771171957,0.61
gamma,0.5-2h,hormone_response_aba,root_stele,0.7708168120885427,0.565
gamma,0.5-2h,hormone_response_aba,root_xylem,0.7820926897497127,0.5
gamma,0.5-2h,hormone_response_aba,shoot_apical_meristem,0.8297660551917123,0.495
gamma,0.5-2h,hormone_response_auxin,cotyledon,0.9616636949953109,0.36
gamma,0.5-2h,hormone_response_auxin,dna_damage_response,0.9721268687517729,0.445
gamma,0.5-2h,hormone_response_auxin,hormone_response_aba,0.7946283782840886,0.55
gamma,0.5-2h,hormone_response_auxin,hormone_response_cytokinin,0.44703774090988546,0.695
gamma,0.5-2h,hormone_response_auxin,hormone_response_ethylene,1.3956932021179638,0.195
gamma,0.5-2h,hormone_response_auxin,hormone_response_ja,0.4819684405888006,0.66
gamma,0.5-2h,hormone_response_auxin,hormone_response_sa,0.3756441923084352,0.735
gamma,0.5-2h,hormone_response_auxin,hypocotyl,1.0421634449163744,0.345
gamma,0.5-2h,hormone_response_auxin,leaf_epidermis,0.0350583551571163,0.96
gamma,0.5-2h,hormone_response_auxin,leaf_mesophyll,0.9073693283177837,0.415
gamma,0.5-2h,hormone_response_auxin,oxidative_stress,1.821098599524046,0.11
gamma,0.5-2h,hormone_response_auxin,root_columella,1.2598519723595798,0.25
gamma,0.5-2h,hormone_response_auxin,root_cortex,1.7456752293666031,0.15
gamma,0.5-2h,hormone_response_auxin,root_endodermis,1.1058328585006016,0.29
gamma,0.5-2h,hormone_response_auxin,root_epidermis,0.18356531360174475,0.805
gamma,0.5-2h,hormone_response_auxin,root_lateral_root_cap,0.1407935896385622,0.86
gamma,0.5-2h,hormone_response_auxin,root_meristem,0.7838993750811871,0.55
gamma,0.5-2h,hormone_response_auxin,root_pericycle,2.064163937176621,0.11
gamma,0.5-2h,hormone_response_auxin,root_phloem,0.7533709936616074,0.605
gamma,0.5-2h,hormone_response_auxin,root_stele,0.8207713860850699,0.525
gamma,0.5-2h,hormone_response_auxin,root_xylem,0.8327778591518793,0.51
gamma,0.5-2h,hormone_response_auxin,shoot_apical_meristem,0.883540288653207,0.44
gamma,0.5-2h,hormone_response_cytokinin,cotyledon,0.5083863132479256,0.6
gamma,0.5-2h,hormone_response_cytokinin,dna_damage_response,0.5139192384090061,0.67
gamma,0.5-2h,hormone_response_cytokinin,hormone_response_aba,0.42006672113312016,0.69
gamma,0.5-2h,hormone_response_cytokinin,hormone_response_auxin,0.44726827958800996,0.69
gamma,0.5-2h,hormone_response_cytokinin,hormone_response_ethylene,0.7379091342904266,0.545
gamma,0.5-2h,hormone_response_cytokinin,hormone_response_ja,0.25476664778374375,0.805
gamma,0.5-2h,hormone_response_cytokinin,hormone_response_sa,0.19855920721425263,0.82
gamma,0.5-2h,hormone_response_cytokinin,hypocotyl,0.5509526101699496,0.6
gamma,0.5-2h,hormone_response_cytokinin,leaf_epidermis,0.018529812065935784,0.99
gamma,0.5-2h,hormone_response_cytokinin,leaf_mesophyll,0.4796776822355839,0.65
gamma,0.5-2h,hormone_response_cytokinin,oxidative_stress,0.9629151598353659,0.37
gamma,0.5-2h,hormone_response_cytokinin,root_columella,0.6660688822401939,0.655
gamma,0.5-2h,hormone_response_cytokinin,root_cortex,0.9230190655017491,0.455
gamma,0.5-2h,hormone_response_cytokinin,root_endodermis,0.584620917955191,0.595
gamma,0.5-2h,hormone_response_cytokinin,root_epidermis,0.09702524995611947,0.92
gamma,0.5-2h,hormone_response_cytokinin,root_lateral_root_cap,0.07441725043476446,0.91
gamma,0.5-2h,hormone_response_cytokinin,root_meristem,0.41439414714531037,0.74
gamma,0.5-2h,hormone_response_cytokinin,root_pericycle,1.0914963925022114,0.335
gamma,0.5-2h,hormone_response_cytokinin,root_phloem,0.3982527410166604,0.75
gamma,0.5-2h,hormone_response_cytokinin,root_stele,0.43388940067110465,0.72
gamma,0.5-2h,hormone_response_cytokinin,root_xylem,0.44023760411699137,0.67
gamma,0.5-2h,hormone_response_cytokinin,shoot_apical_meristem,0.4670776779692296,0.705
gamma,0.5-2h,hormone_response_ethylene,cotyledon,1.5844925984412177,0.165
gamma,0.5-2h,hormone_response_ethylene,dna_damage_response,1.6017292993020904,0.16
gamma,0.5-2h,hormone_response_ethylene,hormone_response_aba,1.3093425999946842,0.22
gamma,0.5-2h,hormone_response_ethylene,hormone_response_auxin,1.3940903241969513,0.195
gamma,0.5-2h,hormone_response_ethylene,hormone_response_cytokinin,0.7366814473037233,0.545
gamma,0.5-2h,hormone_response_ethylene,hormone_response_ja,0.7942376742443169,0.48
gamma,0.5-2h,hormone_response_ethylene,hormone_response_sa,0.61904531132029,0.57
gamma,0.5-2h,hormone_response_ethylene,hypocotyl,1.7170853246428566,0.16
gamma,0.5-2h,hormone_response_ethylene,leaf_epidermis,0.05778057532413104,0.89
gamma,0.5-2h,hormone_response_ethylene,leaf_mesophyll,1.4950597126233895,0.145
gamma,0.5-2h,hormone_response_ethylene,oxidative_stress,2.999754901472683,0.025
gamma,0.5-2h,hormone_response_ethylene,root_columella,2.0756126643274273,0.065
gamma,0.5-2h,hormone_response_ethylene,root_cortex,2.8755814622558207,0.01
gamma,0.5-2h,hormone_response_ethylene,root_endodermis,1.8219543729038505,0.145
gamma,0.5-2h,hormone_response_ethylene,root_epidermis,0.30252507509472215,0.71
gamma,0.5-2h,hormone_response_ethylene,root_lateral_root_cap,0.2320390581081906,0.74
gamma,0.5-2h,hormone_response_ethylene,root_meristem,1.2916693146479166,0.23
gamma,0.5-2h,hormone_response_ethylene,root_pericycle,3.3998811158577307,0.01
gamma,0.5-2h,hormone_response_ethylene,root_phloem,1.2413747426953656,0.295
gamma,0.5-2h,hormone_response_ethylene,root_stele,1.352408871415587,0.21
gamma,0.5-2h,hormone_response_ethylene,root_xylem,1.3721869785666825,0.16
gamma,0.5-2h,hormone_response_ethylene,shoot_apical_meristem,1.4558052858132309,0.175
gamma,0.5-2h,hormone_response_ja,cotyledon,0.5485214410355709,0.58
gamma,0.5-2h,hormone_response_ja,dna_damage_response,0.5544936773329936,0.625
gamma,0.5-2h,hormone_response_ja,hormone_response_aba,0.4532300829207171,0.675
gamma,0.5-2h,hormone_response_ja,hormone_response_auxin,0.4825777692579461,0.66
gamma,0.5-2h,hormone_response_ja,hormone_response_cytokinin,0.2549571104481774,0.8
gamma,0.5-2h,hormone_response_ja,hormone_response_ethylene,0.7961559552695198,0.475
gamma,0.5-2h,hormone_response_ja,hormone_response_sa,0.2142373324973886,0.815
gamma,0.5-2h,hormone_response_ja,hypocotyl,0.594446472246357,0.57
gamma,0.5-2h,hormone_response_ja,leaf_epidermis,0.019992870651071446,0.98
gamma,0.5-2h,hormone_response_ja,leaf_mesophyll,0.5175476360487746,0.595
gamma,0.5-2h,hormone_response_ja,oxidative_stress,1.0389175642800204,0.33
gamma,0.5-2h,hormone_response_ja,root_columella,0.7186465811831607,0.63
gamma,0.5-2h,hormone_response_ja,root_cortex,0.9958737934529691,0.375
gamma,0.5-2h,hormone_response_ja,root_endodermis,0.630774160720586,0.56
gamma,0.5-2h,hormone_response_ja,root_epidermis,0.10468601142466208,0.905
gamma,0.5-2h,hormone_response_ja,root_lateral_root_cap,0.08029411946826785,0.91
gamma,0.5-2h,hormone_response_ja,root_meristem,0.44711092822754483,0.69
gamma,0.5-2h,hormone_response_ja,root_pericycle,1.1776397008043473,0.3
gamma,0.5-2h,hormone_response_ja,root_phloem,0.42969226615184486,0.73
gamma,0.5-2h,hormone_response_ja,root_stele,0.46814439345002107,0.665
gamma,0.5-2h,hormone_response_ja,root_xylem,0.47499333215655365,0.62
gamma,0.5-2h,hormone_response_ja,shoot_apical_meristem,0.5039504789848682,0.64
gamma,0.5-2h,hormone_response_sa,cotyledon,0.4272861095427752,0.675
gamma,0.5-2h,hormone_response_sa,dna_damage_response,0.43193774828820947,0.745
gamma,0.5-2h,hormone_response_sa,hormone_response_aba,0.3530530055357998,0.745
gamma,0.5-2h,hormone_response_sa,hormone_response_auxin,0.37591534879048316,0.735
gamma,0.5-2h,hormone_response_sa,hormone_response_cytokinin,0.19860008472716423,0.82
gamma,0.5-2h,hormone_response_sa,hormone_response_ethylene,0.62020467592053,0.57
gamma,0.5-2h,hormone_response_sa,hormone_response_ja,0.21412150168533073,0.82
gamma,0.5-2h,hormone_response_sa,hypocotyl,0.46306315759623184,0.67
gamma,0.5-2h,hormone_response_sa,leaf_epidermis,0.015573193594269957,0.99
gamma,0.5-2h,hormone_response_sa,leaf_mesophyll,0.4031566820783973,0.71
gamma,0.5-2h,hormone_response_sa,oxidative_stress,0.8093349880792263,0.5
gamma,0.5-2h,hormone_response_sa,root_columella,0.5598203758082659,0.65
gamma,0.5-2h,hormone_response_sa,root_cortex,0.7757995501033269,0.525
gamma,0.5-2h,hormone_response_sa,root_endodermis,0.49136295500889515,0.61
gamma,0.5-2h,hormone_response_sa,root_epidermis,0.08154450677441619,0.895
gamma,0.5-2h,hormone_response_sa,root_lateral_root_cap,0.06254408684414037,0.905
gamma,0.5-2h,hormone_response_sa,root_meristem,0.34828576102644904,0.765
gamma,0.5-2h,hormone_response_sa,root_pericycle,0.9174158827584744,0.475
gamma,0.5-2h,hormone_response_sa,root_phloem,0.33471745524677843,0.75
gamma,0.5-2h,hormone_response_sa,root_stele,0.3646711295122796,0.765
gamma,0.5-2h,hormone_response_sa,root_xylem,0.37000664065822514,0.735
gamma,0.5-2h,hormone_response_sa,shoot_apical_meristem,0.39256507055382567,0.705
gamma,0.5-2h,hypocotyl,cotyledon,1.1843672825671694,0.28
gamma,0.5-2h,hypocotyl,dna_damage_response,1.197254129786691,0.33
gamma,0.5-2h,hypocotyl,hormone_response_aba,0.9786671735604184,0.38
gamma,0.5-2h,hypocotyl,hormone_response_auxin,1.0420225507008098,0.355
gamma,0.5-2h,hypocotyl,hormone_response_cytokinin,0.5505941433655112,0.605
gamma,0.5-2h,hypocotyl,hormone_response_ethylene,1.718826764861159,0.155
gamma,0.5-2h,hypocotyl,hormone_response_ja,0.5936159118597436,0.575
gamma,0.5-2h,hypocotyl,hormone_response_sa,0.4626665975457943,0.67
gamma,0.5-2h,hypocotyl,leaf_epidermis,0.04318152722261547,0.93
gamma,0.5-2h,hypocotyl,leaf_mesophyll,1.1175065757045177,0.29
gamma,0.5-2h,hypocotyl,oxidative_stress,2.2426201499099525,0.035
gamma,0.5-2h,hypocotyl,root_columella,1.5515581433565238,0.225
gamma,0.5-2h,hypocotyl,root_cortex,2.149756377781699,0.05
gamma,0.5-2h,hypocotyl,root_endodermis,1.3619028220606464,0.23
gamma,0.5-2h,hypocotyl,root_epidermis,0.22609467298627126,0.775
gamma,0.5-2h,hypocotyl,root_lateral_root_cap,0.1734150145407935,0.805
gamma,0.5-2h,hypocotyl,root_meristem,0.9654553785650423,0.39
gamma,0.5-2h,hypocotyl,root_pericycle,2.5418768051261043,0.065
gamma,0.5-2h,hypocotyl,root_phloem,0.9278570354282947,0.455
gamma,0.5-2h,hypocotyl,root_stele,1.0108624897018552,0.375
gamma,0.5-2h,hypocotyl,root_xylem,1.025648054464415,0.325
gamma,0.5-2h,hypocotyl,shoot_apical_meristem,1.0881598112216317,0.34
gamma,0.5-2h,leaf_epidermis,cotyledon,0.039872853053542406,0.915
gamma,0.5-2h,leaf_epidermis,dna_damage_response,0.04030678704694301,0.925
gamma,0.5-2h,leaf_epidermis,hormone_response_aba,0.032944678612500375,0.95
gamma,0.5-2h,leaf_epidermis,hormone_response_auxin,0.035078483744700385,0.955
gamma,0.5-2h,leaf_epidermis,hormone_response_cytokinin,0.018530903924377812,0.99
gamma,0.5-2h,leaf_epidermis,hormone_response_ethylene,0.057880273220237095,0.885
gamma,0.5-2h,leaf_epidermis,hormone_response_ja,0.019979113239138577,0.98
gamma,0.5-2h,leaf_epidermis,hormone_response_sa,0.01557091115133446,0.995
gamma,0.5-2h,leaf_epidermis,hypocotyl,0.04321217989922933,0.925
gamma,0.5-2h,leaf_epidermis,leaf_mesophyll,0.03762072059411444,0.925
gamma,0.5-2h,leaf_epidermis,oxidative_stress,0.07553665797986861,0.885
gamma,0.5-2h,leaf_epidermis,root_columella,0.052243622989305225,0.9
gamma,0.5-2h,leaf_epidermis,root_cortex,0.07240572002689627,0.905
gamma,0.5-2h,leaf_epidermis,root_endodermis,0.045853420198853294,0.92
gamma,0.5-2h,leaf_epidermis,root_epidermis,0.007608360263374315,0.99
gamma,0.5-2h,leaf_epidermis,root_lateral_root_cap,0.005835418746039814,0.995
gamma,0.5-2h,leaf_epidermis,root_meristem,0.03249966463939861,0.98
gamma,0.5-2h,leaf_epidermis,root_pericycle,0.0856282439130027,0.89
gamma,0.5-2h,leaf_epidermis,root_phloem,0.031233660750103167,0.98
gamma,0.5-2h,leaf_epidermis,root_stele,0.03402893733715955,0.905
gamma,0.5-2h,leaf_epidermis,root_xylem,0.0345269233835756,0.92
gamma,0.5-2h,leaf_epidermis,shoot_apical_meristem,0.03663242756695327,0.955
gamma,0.5-2h,leaf_mesophyll,cotyledon,1.0314125533211882,0.28
gamma,0.5-2h,leaf_mesophyll,dna_damage_response,1.042637805248639,0.32
gamma,0.5-2h,leaf_mesophyll,hormone_response_aba,0.8522662398092937,0.45
gamma,0.5-2h,leaf_mesophyll,hormone_response_auxin,0.907441677648451,0.415
gamma,0.5-2h,leaf_mesophyll,hormone_response_cytokinin,0.4794685301041089,0.65
gamma,0.5-2h,leaf_mesophyll,hormone_response_ethylene,1.4968978465556677,0.145
gamma,0.5-2h,leaf_mesophyll,hormone_response_ja,0.5169356808800888,0.6
gamma,0.5-2h,leaf_mesophyll,hormone_response_sa,0.4028979049982381,0.71
gamma,0.5-2h,leaf_mesophyll,hypocotyl,1.1177466719774467,0.285
gamma,0.5-2h,leaf_mesophyll,leaf_epidermis,0.037602100022425006,0.925
gamma,0.5-2h,leaf_mesophyll,oxidative_stress,1.9531258245820473,0.09
gamma,0.5-2h,leaf_mesophyll,root_columella,1.3512120507965852,0.24
gamma,0.5-2h,leaf_mesophyll,root_cortex,1.8722386965101805,0.09
gamma,0.5-2h,leaf_mesophyll,root_endodermis,1.1860343941327063,0.245
gamma,0.5-2h,leaf_mesophyll,root_epidermis,0.19688370049752546,0.795
gamma,0.5-2h,leaf_mesophyll,root_lateral_root_cap,0.1510104444578078,0.825
gamma,0.5-2h,leaf_mesophyll,root_meristem,0.8407609409911708,0.47
gamma,0.5-2h,leaf_mesophyll,root_pericycle,2.213790996483362,0.065
gamma,0.5-2h,leaf_mesophyll,root_phloem,0.808014413270997,0.53
gamma,0.5-2h,leaf_mesophyll,root_stele,0.8803054124115148,0.465
gamma,0.5-2h,leaf_mesophyll,root_xylem,0.8931819443976564,0.395
gamma,0.5-2h,leaf_mesophyll,shoot_apical_meristem,0.9476227016462656,0.42
gamma,0.5-2h,oxidative_stress,cotyledon,2.0675479947612696,0.06
gamma,0.5-2h,oxidative_stress,dna_damage_response,2.090037987809594,0.075
gamma,0.5-2h,oxidative_stress,hormone_response_aba,1.7085815760233316,0.15
gamma,0.5-2h,oxidative_stress,hormone_response_auxin,1.819146660144221,0.11
gamma,0.5-2h,oxidative_stress,hormone_response_cytokinin,0.9613865941187225,0.375
gamma,0.5-2h,oxidative_stress,hormone_response_ethylene,2.999983419220705,0.02
gamma,0.5-2h,oxidative_stress,hormone_response_ja,1.0364933616386447,0.335
gamma,0.5-2h,oxidative_stress,hormone_response_sa,0.8078836089822207,0.51
gamma,0.5-2h,oxidative_stress,hypocotyl,2.2405194144605463,0.04
gamma,0.5-2h,oxidative_stress,leaf_epidermis,0.0754123116815765,0.885
gamma,0.5-2h,oxidative_stress,leaf_mesophyll,1.9508763655269552,0.09
gamma,0.5-2h,oxidative_stress,root_columella,2.708198035365453,0.02
gamma,0.5-2h,oxidative_stress,root_cortex,3.7515447558503734,0.005
gamma,0.5-2h,oxidative_stress,root_endodermis,2.3773235474547723,0.045
gamma,0.5-2h,oxidative_stress,root_epidermis,0.39482682959646503,0.715
gamma,0.5-2h,oxidative_stress,root_lateral_root_cap,0.30283981321112124,0.75
gamma,0.5-2h,oxidative_stress,root_meristem,1.685525398380388,0.125
gamma,0.5-2h,oxidative_stress,root_pericycle,4.435218686666071,0.0
gamma,0.5-2h,oxidative_stress,root_phloem,1.619902631008775,0.18
gamma,0.5-2h,oxidative_stress,root_stele,1.7647693696305895,0.15
gamma,0.5-2h,oxidative_stress,root_xylem,1.790572331109645,0.125
gamma,0.5-2h,oxidative_stress,shoot_apical_meristem,1.89966133134898,0.15
gamma,0.5-2h,root_columella,cotyledon,1.4310176885920078,0.23
gamma,0.5-2h,root_columella,dna_damage_response,1.4465853995795526,0.185
gamma,0.5-2h,root_columella,hormone_response_aba,1.1825039647976863,0.28
gamma,0.5-2h,root_columella,hormone_response_auxin,1.259047372308079,0.26
gamma,0.5-2h,root_columella,hormone_response_cytokinin,0.6653002859753077,0.65
gamma,0.5-2h,root_columella,hormone_response_ethylene,2.0766716197142965,0.06
gamma,0.5-2h,root_columella,hormone_response_ja,0.717280942401718,0.63
gamma,0.5-2h,root_columella,hormone_response_sa,0.5590592459888495,0.65
gamma,0.5-2h,root_columella,hypocotyl,1.5507770648735861,0.23
gamma,0.5-2h,root_columella,leaf_epidermis,0.05218027770001484,0.9
gamma,0.5-2h,root_columella,leaf_mesophyll,1.3502415696141135,0.24
gamma,0.5-2h,root_columella,oxidative_stress,2.7093725224635463,0.02
gamma,0.5-2h,root_columella,root_cortex,2.597204961842855,0.04
gamma,0.5-2h,root_columella,root_endodermis,1.6454963381323788,0.195
gamma,0.5-2h,root_columella,root_epidermis,0.27320627890503857,0.805
gamma,0.5-2h,root_columella,root_lateral_root_cap,0.2095503717795248,0.8
gamma,0.5-2h,root_columella,root_meristem,1.166541506488,0.3
gamma,0.5-2h,root_columella,root_pericycle,3.0708229419287143,0.02
gamma,0.5-2h,root_columella,root_phloem,1.1211175091475425,0.35
gamma,0.5-2h,root_columella,root_stele,1.2214007556600084,0.325
gamma,0.5-2h,root_columella,root_xylem,1.2392641226372763,0.255
gamma,0.5-2h,root_columella,shoot_apical_meristem,1.3147878484633677,0.265
gamma,0.5-2h,root_cortex,cotyledon,1.982369927579595,0.1
gamma,0.5-2h,root_cortex,dna_damage_response,2.003934152178828,0.11
gamma,0.5-2h,root_cortex,hormone_response_aba,1.6381804451104833,0.145
gamma,0.5-2h,root_cortex,hormone_response_auxin,1.7441938803851291,0.15
gamma,0.5-2h,root_cortex,hormone_response_cytokinin,0.9217598590609833,0.46
gamma,0.5-2h,root_cortex,hormone_response_ethylene,2.876443446024604,0.005
gamma,0.5-2h,root_cortex,hormone_response_ja,0.9937721133686584,0.375
gamma,0.5-2h,root_cortex,hormone_response_sa,0.7745815545864226,0.53
gamma,0.5-2h,root_cortex,hypocotyl,2.1482226479500834,0.05
gamma,0.5-2h,root_cortex,leaf_epidermis,0.07230268712612578,0.9
gamma,0.5-2h,root_cortex,leaf_mesophyll,1.8705005890965936,0.095
gamma,0.5-2h,root_cortex,oxidative_stress,3.752383182494387,0.0
gamma,0.5-2h,root_cortex,root_columella,2.5966593460016325,0.04
gamma,0.5-2h,root_cortex,root_endodermis,2.279397114571908,0.06
gamma,0.5-2h,root_cortex,root_epidermis,0.3785484969758078,0.77
gamma,0.5-2h,root_cortex,root_lateral_root_cap,0.29035341624249655,0.745
gamma,0.5-2h,root_cortex,root_meristem,1.6160735335065806,0.18
gamma,0.5-2h,root_cortex,root_pericycle,4.252695056017971,0.02
gamma,0.5-2h,root_cortex,root_phloem,1.5531531823379228,0.23
gamma,0.5-2h,root_cortex,root_stele,1.6920550758737307,0.165
gamma,0.5-2h,root_cortex,root_xylem,1.7167956882414996,0.13
gamma,0.5-2h,root_cortex,shoot_apical_meristem,1.8213939927516574,0.15
gamma,0.5-2h,root_endodermis,cotyledon,1.2566593310429937,0.235
gamma,0.5-2h,root_endodermis,dna_damage_response,1.2703352269051973,0.285
gamma,0.5-2h,root_endodermis,hormone_response_aba,1.0384089954305413,0.36
gamma,0.5-2h,root_endodermis,hormone_response_auxin,1.1056286574715681,0.295
gamma,0.5-2h,root_endodermis,hormone_response_cytokinin,0.5842114294689893,0.595
gamma,0.5-2h,root_endodermis,hormone_response_ethylene,1.823711813353374,0.145
gamma,0.5-2h,root_endodermis,hormone_response_ja,0.6298616715463252,0.56
gamma,0.5-2h,root_endodermis,hormone_response_sa,0.49091761548904844,0.61
gamma,0.5-2h,root_endodermis,hypocotyl,1.36183526192017,0.23
gamma,0.5-2h,root_endodermis,leaf_epidermis,0.045818600245279534,0.92
gamma,0.5-2h,root_endodermis,leaf_mesophyll,1.1857206961654632,0.25
gamma,0.5-2h,root_endodermis,oxidative_stress,2.3794352454322945,0.045
gamma,0.5-2h,root_endodermis,root_columella,1.6462436339132718,0.185
gamma,0.5-2h,root_endodermis,root_cortex,2.280911891327353,0.06
gamma,0.5-2h,root_endodermis,root_epidermis,0.23990117570167308,0.805
gamma,0.5-2h,root_endodermis,root_lateral_root_cap,0.18400614290388959,0.78
gamma,0.5-2h,root_endodermis,root_meristem,1.0243923899001066,0.38
gamma,0.5-2h,root_endodermis,root_pericycle,2.696922454049022,0.06
gamma,0.5-2h,root_endodermis,root_phloem,0.9844961949379766,0.41
gamma,0.5-2h,root_endodermis,root_stele,1.072569218395415,0.35
gamma,0.5-2h,root_endodermis,root_xylem,1.088256518522769,0.345
gamma,0.5-2h,root_endodermis,shoot_apical_meristem,1.154580463013072,0.305
gamma,0.5-2h,root_epidermis,cotyledon,0.20875890551236606,0.79
gamma,0.5-2h,root_epidermis,dna_damage_response,0.2110309504316492,0.805
gamma,0.5-2h,root_epidermis,hormone_response_aba,0.17248800442704415,0.795
gamma,0.5-2h,root_epidermis,hormone_response_auxin,0.18365898420891036,0.8
gamma,0.5-2h,root_epidermis,hormone_response_cytokinin,0.09702476460978202,0.92
gamma,0.5-2h,root_epidermis,hormone_response_ethylene,0.3030276885294203,0.705
gamma,0.5-2h,root_epidermis,hormone_response_ja,0.1046073271307666,0.91
gamma,0.5-2h,root_epidermis,hormone_response_sa,0.08152734345091314,0.895
gamma,0.5-2h,root_epidermis,hypocotyl,0.2262407028133246,0.775
gamma,0.5-2h,root_epidermis,leaf_epidermis,0.007607873194969057,0.99
gamma,0.5-2h,root_epidermis,leaf_mesophyll,0.19696861124606063,0.795
gamma,0.5-2h,root_epidermis,oxidative_stress,0.3954525720532494,0.715
gamma,0.5-2h,root_epidermis,root_columella,0.2735204494481414,0.805
gamma,0.5-2h,root_epidermis,root_cortex,0.3790636537728437,0.77
gamma,0.5-2h,root_epidermis,root_endodermis,0.24006815748216875,0.805
gamma,0.5-2h,root_epidermis,root_lateral_root_cap,0.030554201866140714,0.98
gamma,0.5-2h,root_epidermis,root_meristem,0.17015834292708767,0.855
gamma,0.5-2h,root_epidermis,root_pericycle,0.44827496489045643,0.735
gamma,0.5-2h,root_epidermis,root_phloem,0.16352990330905978,0.84
gamma,0.5-2h,root_epidermis,root_stele,0.17816448785286446,0.845
gamma,0.5-2h,root_epidermis,root_xylem,0.1807715615344583,0.81
gamma,0.5-2h,root_epidermis,shoot_apical_meristem,0.19179428008062363,0.825
gamma,0.5-2h,root_lateral_root_cap,cotyledon,0.16025378787939912,0.85
gamma,0.5-2h,root_lateral_root_cap,dna_damage_response,0.16199928739280267,0.86
gamma,0.5-2h,root_lateral_root_cap,hormone_response_aba,0.13240951112566116,0.84
gamma,0.5-2h,root_lateral_root_cap,hormone_response_auxin,0.14098456272073878,0.87
gamma,0.5-2h,root_lateral_root_cap,hormone_response_cytokinin,0.07447971226627549,0.91
gamma,0.5-2h,root_lateral_root_cap,hormone_response_ethylene,0.23262104807761977,0.74
gamma,0.5-2h,root_lateral_root_cap,hormone_response_ja,0.08030155873633513,0.91
gamma,0.5-2h,root_lateral_root_cap,hormone_response_sa,0.06258366278704995,0.905
gamma,0.5-2h,root_lateral_root_cap,hypocotyl,0.17367363643869305,0.805
gamma,0.5-2h,root_lateral_root_cap,leaf_epidermis,0.005839967794851857,1.0
gamma,0.5-2h,root_lateral_root_cap,leaf_mesophyll,0.15120314949719846,0.82
gamma,0.5-2h,root_lateral_root_cap,oxidative_stress,0.3035763978298403,0.75
gamma,0.5-2h,root_lateral_root_cap,root_columella,0.20996871440957585,0.805
gamma,0.5-2h,root_lateral_root_cap,root_cortex,0.290994502030718,0.745
gamma,0.5-2h,root_lateral_root_cap,root_endodermis,0.18428975934791952,0.78
gamma,0.5-2h,root_lateral_root_cap,root_epidermis,0.03057996787908244,0.975
gamma,0.5-2h,root_lateral_root_cap,root_meristem,0.13062170172234588,0.875
gamma,0.5-2h,root_lateral_root_cap,root_pericycle,0.3441273310692,0.77
gamma,0.5-2h,root_lateral_root_cap,root_phloem,0.12553167368156992,0.87
gamma,0.5-2h,root_lateral_root_cap,root_stele,0.1367674001643735,0.86
gamma,0.5-2h,root_lateral_root_cap,root_xylem,0.1387685835422503,0.83
gamma,0.5-2h,root_lateral_root_cap,shoot_apical_meristem,0.14722960524889525,0.855
gamma,0.5-2h,root_meristem,cotyledon,0.8912260382920887,0.4
gamma,0.5-2h,root_meristem,dna_damage_response,0.9009261757564627,0.445
gamma,0.5-2h,root_meristem,hormone_response_aba,0.7364202439187612,0.49
gamma,0.5-2h,root_meristem,hormone_response_auxin,0.78409861654993,0.54
gamma,0.5-2h,root_meristem,hormone_response_cytokinin,0.41428574762552833,0.74
gamma,0.5-2h,root_meristem,hormone_response_ethylene,1.2934831743456148,0.225
gamma,0.5-2h,root_meristem,hormone_response_ja,0.4466603512919133,0.69
gamma,0.5-2h,root_meristem,hormone_response_sa,0.34812300476115654,0.765
gamma,0.5-2h,root_meristem,hypocotyl,0.9658313015301648,0.39
gamma,0.5-2h,root_meristem,leaf_epidermis,0.032489238141152184,0.985
gamma,0.5-2h,root_meristem,leaf_mesophyll,0.8409077977572632,0.47
gamma,0.5-2h,root_meristem,oxidative_stress,1.6877636664791824,0.125
gamma,0.5-2h,root_meristem,root_columella,1.1675836279844116,0.3
gamma,0.5-2h,root_meristem,root_cortex,1.6178577558486404,0.175
gamma,0.5-2h,root_meristem,root_endodermis,1.0248424387421666,0.38
gamma,0.5-2h,root_meristem,root_epidermis,0.1701146406385563,0.86
gamma,0.5-2h,root_meristem,root_lateral_root_cap,0.13047807783331541,0.88
gamma,0.5-2h,root_meristem,root_pericycle,1.9130457003793528,0.12
gamma,0.5-2h,root_meristem,root_phloem,0.6981813908501159,0.61
gamma,0.5-2h,root_meristem,root_stele,0.7606494613918461,0.565
gamma,0.5-2h,root_meristem,root_xylem,0.7717764020467027,0.48
gamma,0.5-2h,root_meristem,shoot_apical_meristem,0.8188202114159244,0.48
gamma,0.5-2h,root_pericycle,cotyledon,2.3425744175072327,0.065
gamma,0.5-2h,root_pericycle,dna_damage_response,2.3680494466792603,0.065
gamma,0.5-2h,root_pericycle,hormone_response_aba,1.9359027308300418,0.135
gamma,0.5-2h,root_pericycle,hormone_response_auxin,2.061165226204901,0.115
gamma,0.5-2h,root_pericycle,hormone_response_cytokinin,1.0893480014830557,0.34
gamma,0.5-2h,root_pericycle,hormone_response_ethylene,3.3988442297118096,0.01
gamma,0.5-2h,root_pericycle,hormone_response_ja,1.1744432173941735,0.3
gamma,0.5-2h,root_pericycle,hormone_response_sa,0.9154213839414636,0.47
gamma,0.5-2h,root_pericycle,hypocotyl,2.5385279078303578,0.065
gamma,0.5-2h,root_pericycle,leaf_epidermis,0.08545467528747883,0.89
gamma,0.5-2h,root_pericycle,leaf_mesophyll,2.2103983692609632,0.065
gamma,0.5-2h,root_pericycle,oxidative_stress,4.433528689569538,0.0
gamma,0.5-2h,root_pericycle,root_columella,3.0683220737878902,0.025
gamma,0.5-2h,root_pericycle,root_cortex,4.25012496771883,0.01
gamma,0.5-2h,root_pericycle,root_endodermis,2.693501802005213,0.065
gamma,0.5-2h,root_pericycle,root_epidermis,0.4473949861739595,0.735
gamma,0.5-2h,root_pericycle,root_lateral_root_cap,0.3431612163291145,0.77
gamma,0.5-2h,root_pericycle,root_meristem,1.9097804432956464,0.115
gamma,0.5-2h,root_pericycle,root_phloem,1.8354386311458788,0.14
gamma,0.5-2h,root_pericycle,root_stele,1.9995585452873854,0.15
gamma,0.5-2h,root_pericycle,root_xylem,2.0287914451140168,0.06
gamma,0.5-2h,root_pericycle,shoot_apical_meristem,2.152380800182558,0.07
gamma,0.5-2h,root_phloem,cotyledon,0.8563836369910486,0.51
gamma,0.5-2h,root_phloem,dna_damage_response,0.8657005336032066,0.535
gamma,0.5-2h,root_phloem,hormone_response_aba,0.7076289844241858,0.61
gamma,0.5-2h,root_phloem,hormone_response_auxin,0.7534457568849696,0.605
gamma,0.5-2h,root_phloem,hormone_response_cytokinin,0.3980870887868206,0.75
gamma,0.5-2h,root_phloem,hormone_response_ethylene,1.2429255910070898,0.295
gamma,0.5-2h,root_phloem,hormone_response_ja,0.4291925437060984,0.73
gamma,0.5-2h,root_phloem,hormone_response_sa,0.33450942886411894,0.75
gamma,0.5-2h,root_phloem,hypocotyl,0.9280748090748354,0.445
gamma,0.5-2h,root_phloem,leaf_epidermis,0.031218840530254952,0.98
gamma,0.5-2h,root_phloem,leaf_mesophyll,0.8080305690493144,0.525
gamma,0.5-2h,root_phloem,oxidative_stress,1.62180205328653,0.18
gamma,0.5-2h,root_phloem,root_columella,1.1219454174661319,0.35
gamma,0.5-2h,root_phloem,root_cortex,1.5546269819194376,0.23
gamma,0.5-2h,root_phloem,root_endodermis,0.9847762246800598,0.415
gamma,0.5-2h,root_phloem,root_epidermis,0.1634627678308168,0.84
gamma,0.5-2h,root_phloem,root_lateral_root_cap,0.12537421009348337,0.87
gamma,0.5-2h,root_phloem,root_meristem,0.6980736939879698,0.61
gamma,0.5-2h,root_phloem,root_pericycle,1.838291466684815,0.14
gamma,0.5-2h,root_phloem,root_stele,0.7309105380510457,0.625
gamma,0.5-2h,root_phloem,root_xylem,0.7416031132076869,0.555
gamma,0.5-2h,root_phloem,shoot_apical_meristem,0.7868107421010051,0.595
gamma,0.5-2h,root_stele,cotyledon,0.9331187245412387,0.425
gamma,0.5-2h,root_stele,dna_damage_response,0.943273760215564,0.435
gamma,0.5-2h,root_stele,hormone_response_aba,0.7710390132034806,0.565
gamma,0.5-2h,root_stele,hormone_response_auxin,0.8209582962620715,0.51
gamma,0.5-2h,root_stele,hormone_response_cytokinin,0.4337644460775781,0.725
gamma,0.5-2h,root_stele,hormone_response_ethylene,1.3542722778996625,0.21
gamma,0.5-2h,root_stele,hormone_response_ja,0.4676601435384174,0.665
gamma,0.5-2h,root_stele,hormone_response_sa,0.3644910947712549,0.765
gamma,0.5-2h,root_stele,hypocotyl,1.0112294552520456,0.365
gamma,0.5-2h,root_stele,leaf_epidermis,0.03401712807107907,0.915
gamma,0.5-2h,root_stele,leaf_mesophyll,0.8804359255018888,0.46
gamma,0.5-2h,root_stele,oxidative_stress,1.76706614400799,0.135
gamma,0.5-2h,root_stele,root_columella,1.222459674009358,0.315
gamma,0.5-2h,root_stele,root_cortex,1.6938785172697028,0.16
gamma,0.5-2h,root_stele,root_endodermis,1.0730120637443026,0.35
gamma,0.5-2h,root_stele,root_epidermis,0.1781140543573408,0.845
gamma,0.5-2h,root_stele,root_lateral_root_cap,0.13661336840527566,0.865
gamma,0.5-2h,root_stele,root_meristem,0.760629421926765,0.565
gamma,0.5-2h,root_stele,root_pericycle,2.002924410295632,0.145
gamma,0.5-2h,root_stele,root_phloem,0.7310040871945656,0.625
gamma,0.5-2h,root_stele,root_xylem,0.8080566276484183,0.53
gamma,0.5-2h,root_stele,shoot_apical_meristem,0.8573115301965564,0.5
gamma,0.5-2h,root_xylem,cotyledon,0.9467075405328302,0.38
gamma,0.5-2h,root_xylem,dna_damage_response,0.957009801973985,0.395
gamma,0.5-2h,root_xylem,hormone_response_aba,0.782268591945579,0.495
gamma,0.5-2h,root_xylem,hormone_response_auxin,0.8329148198663832,0.52
gamma,0.5-2h,root_xylem,hormone_response_cytokinin,0.44008308395965995,0.67
gamma,0.5-2h,root_xylem,hormone_response_ethylene,1.3739902974512455,0.16
gamma,0.5-2h,root_xylem,hormone_response_ja,0.47447189314369975,0.63
gamma,0.5-2h,root_xylem,hormone_response_sa,0.36980061796847435,0.735
gamma,0.5-2h,root_xylem,hypocotyl,1.0259553787890687,0.32
gamma,0.5-2h,root_xylem,leaf_epidermis,0.0345127764125471,0.92
gamma,0.5-2h,root_xylem,leaf_mesophyll,0.8932577082233834,0.39
gamma,0.5-2h,root_xylem,oxidative_stress,1.792788193325308,0.125
gamma,0.5-2h,root_xylem,root_columella,1.2402598127389717,0.255
gamma,0.5-2h,root_xylem,root_cortex,1.7185361272784043,0.13
gamma,0.5-2h,root_xylem,root_endodermis,1.0886366516025618,0.34
gamma,0.5-2h,root_xylem,root_epidermis,0.1807090443793088,0.81
gamma,0.5-2h,root_xylem,root_lateral_root_cap,0.1386035207622386,0.825
gamma,0.5-2h,root_xylem,root_meristem,0.771707254584323,0.485
gamma,0.5-2h,root_xylem,root_pericycle,2.0320766565867605,0.045
gamma,0.5-2h,root_xylem,root_phloem,0.7416512841586058,0.545
gamma,0.5-2h,root_xylem,root_stele,0.808005483501971,0.54
gamma,0.5-2h,root_xylem,shoot_apical_meristem,0.8697973070572242,0.47
gamma,0.5-2h,shoot_apical_meristem,cotyledon,1.0042839446317176,0.37
gamma,0.5-2h,shoot_apical_meristem,dna_damage_response,1.0152107430632964,0.375
gamma,0.5-2h,shoot_apical_meristem,hormone_response_aba,0.8298486204686959,0.49
gamma,0.5-2h,shoot_apical_meristem,hormone_response_auxin,0.8835746847049327,0.435
gamma,0.5-2h,shoot_apical_meristem,hormone_response_cytokinin,0.46685515260672683,0.705
gamma,0.5-2h,shoot_apical_meristem,hormone_response_ethylene,1.4575359796869731,0.175
gamma,0.5-2h,shoot_apical_meristem,hormone_response_ja,0.5033340582436567,0.64
gamma,0.5-2h,shoot_apical_meristem,hormone_response_sa,0.39229732513627474,0.71
gamma,0.5-2h,shoot_apical_meristem,hypocotyl,1.08834949360297,0.34
gamma,0.5-2h,shoot_apical_meristem,leaf_epidermis,0.03661282596689165,0.955
gamma,0.5-2h,shoot_apical_meristem,leaf_mesophyll,0.9475843803293453,0.42
gamma,0.5-2h,shoot_apical_meristem,oxidative_stress,1.901774132569722,0.145
gamma,0.5-2h,shoot_apical_meristem,root_columella,1.3156793687952204,0.265
gamma,0.5-2h,shoot_apical_meristem,root_cortex,1.8230122947231007,0.15
gamma,0.5-2h,shoot_apical_meristem,root_endodermis,1.1548391355619603,0.305
gamma,0.5-2h,shoot_apical_meristem,root_epidermis,0.19170391485035623,0.825
gamma,0.5-2h,shoot_apical_meristem,root_lateral_root_cap,0.14703602509599395,0.855
gamma,0.5-2h,shoot_apical_meristem,root_meristem,0.8186443267846002,0.48
gamma,0.5-2h,shoot_apical_meristem,root_pericycle,2.155596224552814,0.075
gamma,0.5-2h,shoot_apical_meristem,root_phloem,0.7867631764547144,0.6
gamma,0.5-2h,shoot_apical_meristem,root_stele,0.8571499332348832,0.5
gamma,0.5-2h,shoot_apical_meristem,root_xylem,0.8696883134335794,0.47
gamma,2-6h,cotyledon,dna_damage_response,1.1299265613600833,0.28
gamma,2-6h,cotyledon,hormone_response_aba,0.8741384273289005,0.405
gamma,2-6h,cotyledon,hormone_response_auxin,0.9588508842949484,0.35
gamma,2-6h,cotyledon,hormone_response_cytokinin,0.45253540094534217,0.655
gamma,2-6h,cotyledon,hormone_response_ethylene,1.6554870616861581,0.145
gamma,2-6h,cotyledon,hormone_response_ja,0.6211872686859037,0.555
gamma,2-6h,cotyledon,hormone_response_sa,0.4325905857122142,0.655
gamma,2-6h,cotyledon,hypocotyl,1.219768495215009,0.265
gamma,2-6h,cotyledon,leaf_epidermis,0.049376601240480884,0.915
gamma,2-6h,cotyledon,leaf_mesophyll,1.060125448444642,0.28
gamma,2-6h,cotyledon,oxidative_stress,2.0840364343014772,0.06
gamma,2-6h,cotyledon,root_columella,1.4360291832249872,0.225
gamma,2-6h,cotyledon,root_cortex,2.0238931471277546,0.095
gamma,2-6h,cotyledon,root_endodermis,1.3075869976041083,0.22
gamma,2-6h,cotyledon,root_epidermis,0.21891037667365895,0.785
gamma,2-6h,cotyledon,root_lateral_root_cap,0.1470609301180612,0.85
gamma,2-6h,cotyledon,root_meristem,0.8163619356862192,0.435
gamma,2-6h,cotyledon,root_pericycle,2.411674035485514,0.065
gamma,2-6h,cotyledon,root_phloem,0.8365916917785641,0.505
gamma,2-6h,cotyledon,root_stele,0.9381501022988529,0.42
gamma,2-6h,cotyledon,root_xylem,0.9648688783272559,0.33
gamma,2-6h,cotyledon,shoot_apical_meristem,0.9946393260097885,0.375
gamma,2-6h,dna_damage_response,cotyledon,1.1305101193909735,0.28
gamma,2-6h,dna_damage_response,hormone_response_aba,0.8858262418345887,0.46
gamma,2-6h,dna_damage_response,hormone_response_auxin,0.9716695829444222,0.44
gamma,2-6h,dna_damage_response,hormone_response_cytokinin,0.45858684808960176,0.7
gamma,2-6h,dna_damage_response,hormone_response_ethylene,1.6776138428789473,0.14
gamma,2-6h,dna_damage_response,hormone_response_ja,0.6294966250439429,0.615
gamma,2-6h,dna_damage_response,hormone_response_sa,0.43837653358585404,0.725
gamma,2-6h,dna_damage_response,hypocotyl,1.2360751641696195,0.31
gamma,2-6h,dna_damage_response,leaf_epidermis,0.050036844303279926,0.925
gamma,2-6h,dna_damage_response,leaf_mesophyll,1.0743009215366963,0.34
gamma,2-6h,dna_damage_response,oxidative_stress,2.1118897358923796,0.08
gamma,2-6h,dna_damage_response,root_columella,1.4552241316730656,0.175
gamma,2-6h,dna_damage_response,root_cortex,2.050943095943752,0.11
gamma,2-6h,dna_damage_response,root_endodermis,1.3250701928575352,0.275
gamma,2-6h,dna_damage_response,root_epidermis,0.22183766350870351,0.79
gamma,2-6h,dna_damage_response,root_lateral_root_cap,0.14902883186892404,0.865
gamma,2-6h,dna_damage_response,root_meristem,0.8272788963690705,0.51
gamma,2-6h,dna_damage_response,root_pericycle,2.443898032560119,0.065
gamma,2-6h,dna_damage_response,root_phloem,0.8477749603449225,0.54
gamma,2-6h,dna_damage_response,root_stele,0.9506941511455601,0.435
gamma,2-6h,dna_damage_response,root_xylem,0.977769555404414,0.365
gamma,2-6h,dna_damage_response,shoot_apical_meristem,1.007936036925521,0.38
gamma,2-6h,hormone_response_aba,cotyledon,0.8741198314725714,0.41
gamma,2-6h,hormone_response_aba,dna_damage_response,0.8853499196546026,0.46
gamma,2-6h,hormone_response_aba,hormone_response_auxin,0.7512925602382972,0.545
gamma,2-6h,hormone_response_aba,hormone_response_cytokinin,0.35455837339690527,0.715
gamma,2-6h,hormone_response_aba,hormone_response_ethylene,1.297223816618675,0.225
gamma,2-6h,hormone_response_aba,hormone_response_ja,0.4867034592946686,0.67
gamma,2-6h,hormone_response_aba,hormone_response_sa,0.3389307095516696,0.74
gamma,2-6h,hormone_response_aba,hypocotyl,0.9557556930878224,0.395
gamma,2-6h,hormone_response_aba,leaf_epidermis,0.038684665634809635,0.955
gamma,2-6h,hormone_response_aba,leaf_mesophyll,0.8306522869565929,0.455
gamma,2-6h,hormone_response_aba,oxidative_stress,1.633101761369803,0.16
gamma,2-6h,hormone_response_aba,root_columella,1.1252332969868453,0.315
gamma,2-6h,hormone_response_aba,root_cortex,1.5859620877058296,0.14
gamma,2-6h,hormone_response_aba,root_endodermis,1.024574663818324,0.38
gamma,2-6h,hormone_response_aba,root_epidermis,0.17151075395511645,0.785
gamma,2-6h,hormone_response_aba,root_lateral_root_cap,0.11521725500649571,0.86
gamma,2-6h,hormone_response_aba,root_meristem,0.639637385807565,0.5
gamma,2-6h,hormone_response_aba,root_pericycle,1.889911210072687,0.14
gamma,2-6h,hormone_response_aba,root_phloem,0.6554904629308843,0.61
gamma,2-6h,hormone_response_aba,root_stele,0.7350705974640255,0.545
gamma,2-6h,hormone_response_aba,root_xylem,0.7560078868747868,0.48
gamma,2-6h,hormone_response_aba,shoot_apical_meristem,0.7793369751868006,0.525
gamma,2-6h,hormone_response_auxin,cotyledon,0.9588611545477704,0.35
gamma,2-6h,hormone_response_auxin,dna_damage_response,0.9711781242577631,0.44
gamma,2-6h,hormone_response_auxin,hormone_response_aba,0.751316583165776,0.545
gamma,2-6h,hormone_response_auxin,hormone_response_cytokinin,0.3889407237295869,0.715
gamma,2-6h,hormone_response_auxin,hormone_response_ethylene,1.4229553588567225,0.2
gamma,2-6h,hormone_response_auxin,hormone_response_ja,0.5338956821427937,0.645
gamma,2-6h,hormone_response_auxin,hormone_response_sa,0.3717973837902179,0.715
gamma,2-6h,hormone_response_auxin,hypocotyl,1.0484076409861245,0.36
gamma,2-6h,hormone_response_auxin,leaf_epidermis,0.042436688113329096,0.955
gamma,2-6h,hormone_response_auxin,leaf_mesophyll,0.9111811112059859,0.4
gamma,2-6h,hormone_response_auxin,oxidative_stress,1.7913584564351521,0.115
gamma,2-6h,hormone_response_auxin,root_columella,1.2343051776090976,0.27
gamma,2-6h,hormone_response_auxin,root_cortex,1.7396549485212298,0.155
gamma,2-6h,hormone_response_auxin,root_endodermis,1.1238931018264582,0.295
gamma,2-6h,hormone_response_auxin,root_epidermis,0.18814425963625678,0.805
gamma,2-6h,hormone_response_auxin,root_lateral_root_cap,0.12639111786571205,0.87
gamma,2-6h,hormone_response_auxin,root_meristem,0.7016542540186956,0.595
gamma,2-6h,hormone_response_auxin,root_pericycle,2.0730311466125966,0.105
gamma,2-6h,hormone_response_auxin,root_phloem,0.7190455950172555,0.595
gamma,2-6h,hormone_response_auxin,root_stele,0.8063371555853128,0.525
gamma,2-6h,hormone_response_auxin,root_xylem,0.8293036796946599,0.49
gamma,2-6h,hormone_response_auxin,shoot_apical_meristem,0.8548944020167548,0.44
gamma,2-6h,hormone_response_cytokinin,cotyledon,0.45279806620170004,0.645
gamma,2-6h,hormone_response_cytokinin,dna_damage_response,0.4586161701957766,0.7
gamma,2-6h,hormone_response_cytokinin,hormone_response_aba,0.35477172349405867,0.72
gamma,2-6h,hormone_response_cytokinin,hormone_response_auxin,0.38916225341735083,0.71
gamma,2-6h,hormone_response_cytokinin,hormone_response_ethylene,0.6720332592136256,0.56
gamma,2-6h,hormone_response_cytokinin,hormone_response_ja,0.25209194849321664,0.805
gamma,2-6h,hormone_response_cytokinin,hormone_response_sa,0.17554598965050336,0.835
gamma,2-6h,hormone_response_cytokinin,hypocotyl,0.49509520984100536,0.615
gamma,2-6h,hormone_response_cytokinin,leaf_epidermis,0.02003500304412839,0.99
gamma,2-6h,hormone_response_cytokinin,leaf_mesophyll,0.43027729369403966,0.69
gamma,2-6h,hormone_response_cytokinin,oxidative_stress,0.8461013291831675,0.44
gamma,2-6h,hormone_response_cytokinin,root_columella,0.5829098345259058,0.675
gamma,2-6h,hormone_response_cytokinin,root_cortex,0.8216698696638516,0.49
gamma,2-6h,hormone_response_cytokinin,root_endodermis,0.53075250095363,0.63
gamma,2-6h,hormone_response_cytokinin,root_epidermis,0.08882904908322543,0.92
gamma,2-6h,hormone_response_cytokinin,root_lateral_root_cap,0.05967255377272178,0.92
gamma,2-6h,hormone_response_cytokinin,root_meristem,0.33131712649219525,0.765
gamma,2-6h,hormone_response_cytokinin,root_pericycle,0.979211040523156,0.415
gamma,2-6h,hormone_response_cytokinin,root_phloem,0.33953036003564896,0.765
gamma,2-6h,hormone_response_cytokinin,root_stele,0.3807577845178176,0.74
gamma,2-6h,hormone_response_cytokinin,root_xylem,0.3916049596507575,0.685
gamma,2-6h,hormone_response_cytokinin,shoot_apical_meristem,0.40369157498692676,0.715
gamma,2-6h,hormone_response_ethylene,cotyledon,1.6534847963922708,0.145
gamma,2-6h,hormone_response_ethylene,dna_damage_response,1.674719574190664,0.145
gamma,2-6h,hormone_response_ethylene,hormone_response_aba,1.2956819763127654,0.225
gamma,2-6h,hormone_response_ethylene,hormone_response_auxin,1.421218875879658,0.2
gamma,2-6h,hormone_response_ethylene,hormone_response_cytokinin,0.670830706460443,0.56
gamma,2-6h,hormone_response_ethylene,hormone_response_ja,0.9207996962561172,0.37
gamma,2-6h,hormone_response_ethylene,hormone_response_sa,0.6412672175092391,0.56
gamma,2-6h,hormone_response_ethylene,hypocotyl,1.8078445227603561,0.135
gamma,2-6h,hormone_response_ethylene,leaf_epidermis,0.07320192684200125,0.875
gamma,2-6h,hormone_response_ethylene,leaf_mesophyll,1.5712905654976173,0.13
gamma,2-6h,hormone_response_ethylene,oxidative_stress,3.0881807820994833,0.025
gamma,2-6h,hormone_response_ethylene,root_columella,2.1282640695512423,0.06
gamma,2-6h,hormone_response_ethylene,root_cortex,2.999099668026676,0.015
gamma,2-6h,hormone_response_ethylene,root_endodermis,1.937961214441701,0.105
gamma,2-6h,hormone_response_ethylene,root_epidermis,0.3245267379772395,0.7
gamma,2-6h,hormone_response_ethylene,root_lateral_root_cap,0.21801532594489204,0.755
gamma,2-6h,hormone_response_ethylene,root_meristem,1.2100586275745275,0.25
gamma,2-6h,hormone_response_ethylene,root_pericycle,3.5734169036620758,0.01
gamma,2-6h,hormone_response_ethylene,root_phloem,1.2400408133370182,0.285
gamma,2-6h,hormone_response_ethylene,root_stele,1.3905414666980733,0.21
gamma,2-6h,hormone_response_ethylene,root_xylem,1.4301360407431445,0.16
gamma,2-6h,hormone_response_ethylene,shoot_apical_meristem,1.4742529984899289,0.175
gamma,2-6h,hormone_response_ja,cotyledon,0.6219226425541798,0.555
gamma,2-6h,hormone_response_ja,dna_damage_response,0.6299161604602133,0.61
gamma,2-6h,hormone_response_ja,hormone_response_aba,0.48729016125111857,0.655
gamma,2-6h,hormone_response_ja,hormone_response_auxin,0.534522401057271,0.645
gamma,2-6h,hormone_response_ja,hormone_response_cytokinin,0.2522440499487612,0.8
gamma,2-6h,hormone_response_ja,hormone_response_ethylene,0.9230067424301601,0.37
gamma,2-6h,hormone_response_ja,hormone_response_sa,0.2411262502607486,0.81
gamma,2-6h,hormone_response_ja,hypocotyl,0.6800122122363018,0.55
gamma,2-6h,hormone_response_ja,leaf_epidermis,0.027520174189209778,0.98
gamma,2-6h,hormone_response_ja,leaf_mesophyll,0.5909932969083974,0.59
gamma,2-6h,hormone_response_ja,oxidative_stress,1.1620491520324692,0.255
gamma,2-6h,hormone_response_ja,root_columella,0.8006121277113878,0.565
gamma,2-6h,hormone_response_ja,root_cortex,1.1284992867485095,0.315
gamma,2-6h,hormone_response_ja,root_endodermis,0.7289854163274692,0.545
gamma,2-6h,hormone_response_ja,root_epidermis,0.12201478355481106,0.885
gamma,2-6h,hormone_response_ja,root_lateral_root_cap,0.08196720421238007,0.92
gamma,2-6h,hormone_response_ja,root_meristem,0.45507760568547295,0.655
gamma,2-6h,hormone_response_ja,root_pericycle,1.3448298385513118,0.25
gamma,2-6h,hormone_response_ja,root_phloem,0.4663547763164327,0.705
gamma,2-6h,hormone_response_ja,root_stele,0.5229810901781353,0.65
gamma,2-6h,hormone_response_ja,root_xylem,0.5378785645490971,0.59
gamma,2-6h,hormone_response_ja,shoot_apical_meristem,0.554477119079943,0.62
gamma,2-6h,hormone_response_sa,cotyledon,0.4329007826640329,0.65
gamma,2-6h,hormone_response_sa,dna_damage_response,0.43846445240431736,0.725
gamma,2-6h,hormone_response_sa,hormone_response_aba,0.3391810273133763,0.74
gamma,2-6h,hormone_response_sa,hormone_response_auxin,0.3720600182280622,0.715
gamma,2-6h,hormone_response_sa,hormone_response_cytokinin,0.17556996376879716,0.83
gamma,2-6h,hormone_response_sa,hormone_response_ethylene,0.642504549162146,0.56
gamma,2-6h,hormone_response_sa,hormone_response_ja,0.24101391669164296,0.815
gamma,2-6h,hormone_response_sa,hypocotyl,0.47333930847120864,0.66
gamma,2-6h,hormone_response_sa,leaf_epidermis,0.01915434305936902,0.99
gamma,2-6h,hormone_response_sa,leaf_mesophyll,0.4113697940689741,0.695
gamma,2-6h,hormone_response_sa,oxidative_stress,0.808928462337816,0.51
gamma,2-6h,hormone_response_sa,root_columella,0.5572958387282119,0.645
gamma,2-6h,hormone_response_sa,root_cortex,0.7855697526547694,0.5
gamma,2-6h,hormone_response_sa,root_endodermis,0.5074312064123351,0.605
gamma,2-6h,hormone_response_sa,root_epidermis,0.08492472580823388,0.905
gamma,2-6h,hormone_response_sa,root_lateral_root_cap,0.057050166098192676,0.925
gamma,2-6h,hormone_response_sa,root_meristem,0.3167574834648831,0.77
gamma,2-6h,hormone_response_sa,root_pericycle,0.9361914524072242,0.455
gamma,2-6h,hormone_response_sa,root_phloem,0.3246083719709561,0.75
gamma,2-6h,hormone_response_sa,root_stele,0.3640255160343481,0.755
gamma,2-6h,hormone_response_sa,root_xylem,0.374395955601959,0.71
gamma,2-6h,hormone_response_sa,shoot_apical_meristem,0.3859508866103245,0.695
gamma,2-6h,hypocotyl,cotyledon,1.2195683503206043,0.265
gamma,2-6h,hypocotyl,dna_damage_response,1.2352342634724052,0.31
gamma,2-6h,hypocotyl,hormone_response_aba,0.9556191475550933,0.395
gamma,2-6h,hypocotyl,hormone_response_auxin,1.0482243874529702,0.37
gamma,2-6h,hypocotyl,hormone_response_cytokinin,0.4947268452704171,0.615
gamma,2-6h,hypocotyl,hormone_response_ethylene,1.809736532208792,0.12
gamma,2-6h,hypocotyl,hormone_response_ja,0.6790964998106886,0.55
gamma,2-6h,hypocotyl,hormone_response_sa,0.4729225124639115,0.66
gamma,2-6h,hypocotyl,leaf_epidermis,0.05398117865976412,0.93
gamma,2-6h,hypocotyl,leaf_mesophyll,1.1589321668915382,0.285
gamma,2-6h,hypocotyl,oxidative_stress,2.278171179296855,0.04
gamma,2-6h,hypocotyl,root_columella,1.5698462567650235,0.215
gamma,2-6h,hypocotyl,root_cortex,2.212431353185416,0.05
gamma,2-6h,hypocotyl,root_endodermis,1.4294418530184263,0.23
gamma,2-6h,hypocotyl,root_epidermis,0.2393227652734023,0.765
gamma,2-6h,hypocotyl,root_lateral_root_cap,0.16077373911435647,0.81
gamma,2-6h,hypocotyl,root_meristem,0.8924589556037865,0.405
gamma,2-6h,hypocotyl,root_pericycle,2.6362922536567406,0.065
gamma,2-6h,hypocotyl,root_phloem,0.9145750820756218,0.44
gamma,2-6h,hypocotyl,root_stele,1.0255943450094909,0.36
gamma,2-6h,hypocotyl,root_xylem,1.054802467057082,0.33
gamma,2-6h,hypocotyl,shoot_apical_meristem,1.0873469763306287,0.335
gamma,2-6h,leaf_epidermis,cotyledon,0.04940431617309361,0.915
gamma,2-6h,leaf_epidermis,dna_damage_response,0.050039105879536534,0.915
gamma,2-6h,leaf_epidermis,hormone_response_aba,0.03870718940053176,0.95
gamma,2-6h,leaf_epidermis,hormone_response_auxin,0.04246002293252286,0.955
gamma,2-6h,leaf_epidermis,hormone_response_cytokinin,0.020034619504040316,0.985
gamma,2-6h,leaf_epidermis,hormone_response_ethylene,0.07333173373231243,0.875
gamma,2-6h,leaf_epidermis,hormone_response_ja,0.027503050770973012,0.98
gamma,2-6h,leaf_epidermis,hormone_response_sa,0.019151366750940327,0.995
gamma,2-6h,leaf_epidermis,hypocotyl,0.05402032642730395,0.925
gamma,2-6h,leaf_epidermis,leaf_mesophyll,0.04694660725100017,0.925
gamma,2-6h,leaf_epidermis,oxidative_stress,0.09233254305647576,0.885
gamma,2-6h,leaf_epidermis,root_columella,0.06360427452707344,0.895
gamma,2-6h,leaf_epidermis,root_cortex,0.08966549401214322,0.88
gamma,2-6h,leaf_epidermis,root_endodermis,0.057911674420026704,0.91
gamma,2-6h,leaf_epidermis,root_epidermis,0.009690575812948835,0.99
gamma,2-6h,leaf_epidermis,root_lateral_root_cap,0.006509688361649773,0.995
gamma,2-6h,leaf_epidermis,root_meristem,0.03614777255920483,0.99
gamma,2-6h,leaf_epidermis,root_pericycle,0.10686456702212388,0.885
gamma,2-6h,leaf_epidermis,root_phloem,0.0370441591478242,0.975
gamma,2-6h,leaf_epidermis,root_stele,0.04154281634856495,0.905
gamma,2-6h,leaf_epidermis,root_xylem,0.042726519643973726,0.92
gamma,2-6h,leaf_epidermis,shoot_apical_meristem,0.04404554385431658,0.955
gamma,2-6h,leaf_mesophyll,cotyledon,1.0601847833913252,0.275
gamma,2-6h,leaf_mesophyll,dna_damage_response,1.0738062917663196,0.34
gamma,2-6h,leaf_mesophyll,hormone_response_aba,0.8307165753462599,0.445
gamma,2-6h,leaf_mesophyll,hormone_response_auxin,0.911222519270859,0.4
gamma,2-6h,leaf_mesophyll,hormone_response_cytokinin,0.43005176956696695,0.69
gamma,2-6h,leaf_mesophyll,hormone_response_ethylene,1.5732817038062947,0.13
gamma,2-6h,leaf_mesophyll,hormone_response_ja,0.5903275525361824,0.59
gamma,2-6h,leaf_mesophyll,hormone_response_sa,0.41109799334792957,0.695
gamma,2-6h,leaf_mesophyll,hypocotyl,1.1591873369614722,0.28
gamma,2-6h,leaf_mesophyll,leaf_epidermis,0.04692290064007386,0.925
gamma,2-6h,leaf_mesophyll,oxidative_stress,1.9805718903982938,0.09
gamma,2-6h,leaf_mesophyll,root_columella,1.3647139974762978,0.24
gamma,2-6h,leaf_mesophyll,root_cortex,1.9234116064194615,0.08
gamma,2-6h,leaf_mesophyll,root_endodermis,1.2426476363665544,0.245
gamma,2-6h,leaf_mesophyll,root_epidermis,0.20803286785459824,0.795
gamma,2-6h,leaf_mesophyll,root_lateral_root_cap,0.13975366169808376,0.825
gamma,2-6h,leaf_mesophyll,root_meristem,0.775809308832675,0.495
gamma,2-6h,leaf_mesophyll,root_pericycle,2.291960382956315,0.065
gamma,2-6h,leaf_mesophyll,root_phloem,0.7950334898262441,0.53
gamma,2-6h,leaf_mesophyll,root_stele,0.8915500109644047,0.45
gamma,2-6h,leaf_mesophyll,root_xylem,0.9169420887599167,0.355
gamma,2-6h,leaf_mesophyll,shoot_apical_meristem,0.9452339901913194,0.42
gamma,2-6h,oxidative_stress,cotyledon,2.081811231150823,0.06
gamma,2-6h,oxidative_stress,dna_damage_response,2.1085449885446756,0.085
gamma,2-6h,oxidative_stress,hormone_response_aba,1.6313923104938333,0.16
gamma,2-6h,oxidative_stress,hormone_response_auxin,1.7894268682050058,0.11
gamma,2-6h,oxidative_stress,hormone_response_cytokinin,0.8447072202413212,0.445
gamma,2-6h,oxidative_stress,hormone_response_ethylene,3.088618406961755,0.02
gamma,2-6h,oxidative_stress,hormone_response_ja,1.1594349731048215,0.255
gamma,2-6h,oxidative_stress,hormone_response_sa,0.80748508949629,0.51
gamma,2-6h,oxidative_stress,hypocotyl,2.2761126701488186,0.045
gamma,2-6h,oxidative_stress,leaf_epidermis,0.0921821929843648,0.885
gamma,2-6h,oxidative_stress,leaf_mesophyll,1.9783459542801882,0.09
gamma,2-6h,oxidative_stress,root_columella,2.6794205822110837,0.03
gamma,2-6h,oxidative_stress,root_cortex,3.775377664771265,0.005
gamma,2-6h,oxidative_stress,root_endodermis,2.4398963271979985,0.045
gamma,2-6h,oxidative_stress,root_epidermis,0.4086597557502957,0.68
gamma,2-6h,oxidative_stress,root_lateral_root_cap,0.2745404268025636,0.76
gamma,2-6h,oxidative_stress,root_meristem,1.5236015954782263,0.155
gamma,2-6h,oxidative_stress,root_pericycle,4.498029668112874,0.0
gamma,2-6h,oxidative_stress,root_phloem,1.5613427086906082,0.185
gamma,2-6h,oxidative_stress,root_stele,1.7508103258132965,0.15
gamma,2-6h,oxidative_stress,root_xylem,1.800653963735424,0.115
gamma,2-6h,oxidative_stress,shoot_apical_meristem,1.856188774310412,0.145
gamma,2-6h,root_columella,cotyledon,1.4351241283226392,0.23
gamma,2-6h,root_columella,dna_damage_response,1.4535560133789993,0.185
gamma,2-6h,root_columella,hormone_response_aba,1.1245478440915502,0.325
gamma,2-6h,root_columella,hormone_response_auxin,1.2335139419731767,0.275
gamma,2-6h,root_columella,hormone_response_cytokinin,0.58220444802907,0.67
gamma,2-6h,root_columella,hormone_response_ethylene,2.1294980193924196,0.055
gamma,2-6h,root_columella,hormone_response_ja,0.7991609918545642,0.565
gamma,2-6h,root_columella,hormone_response_sa,0.556545405725596,0.645
gamma,2-6h,root_columella,hypocotyl,1.569114362439569,0.22
gamma,2-6h,root_columella,leaf_epidermis,0.06352854420415646,0.895
gamma,2-6h,root_columella,leaf_mesophyll,1.3637773215766202,0.24
gamma,2-6h,root_columella,oxidative_stress,2.680593433174385,0.03
gamma,2-6h,root_columella,root_cortex,2.6032554374875865,0.04
gamma,2-6h,root_columella,root_endodermis,1.6820619762036508,0.195
gamma,2-6h,root_columella,root_epidermis,0.2816460215623965,0.8
gamma,2-6h,root_columella,root_lateral_root_cap,0.1892067983928196,0.825
gamma,2-6h,root_columella,root_meristem,1.0502277676723186,0.355
gamma,2-6h,root_columella,root_pericycle,3.1018816346574636,0.02
gamma,2-6h,root_columella,root_phloem,1.0762526848880936,0.38
gamma,2-6h,root_columella,root_stele,1.2068854680337773,0.345
gamma,2-6h,root_columella,root_xylem,1.2412537073932848,0.25
gamma,2-6h,root_columella,shoot_apical_meristem,1.2795479215772239,0.27
gamma,2-6h,root_cortex,cotyledon,2.022125517711261,0.1
gamma,2-6h,root_cortex,dna_damage_response,2.0480934217277933,0.11
gamma,2-6h,root_cortex,hormone_response_aba,1.5846103122182051,0.145
gamma,2-6h,root_cortex,hormone_response_auxin,1.7381171517695078,0.155
gamma,2-6h,root_cortex,hormone_response_cytokinin,0.8204756290437223,0.495
gamma,2-6h,root_cortex,hormone_response_ethylene,3.0001083073339867,0.01
gamma,2-6h,root_cortex,hormone_response_ja,1.1261795829197665,0.315
gamma,2-6h,root_cortex,hormone_response_sa,0.7843207409539201,0.51
gamma,2-6h,root_cortex,hypocotyl,2.2108622182721107,0.05
gamma,2-6h,root_cortex,leaf_epidermis,0.08953690225505345,0.88
gamma,2-6h,root_cortex,leaf_mesophyll,1.9216238497111193,0.085
gamma,2-6h,root_cortex,oxidative_stress,3.7761120321833386,0.0
gamma,2-6h,root_cortex,root_columella,2.6026226324150175,0.04
gamma,2-6h,root_cortex,root_endodermis,2.3699556510859883,0.06
gamma,2-6h,root_cortex,root_epidermis,0.39693439892501103,0.74
gamma,2-6h,root_cortex,root_lateral_root_cap,0.2666626834567209,0.765
gamma,2-6h,root_cortex,root_meristem,1.4799084134192302,0.195
gamma,2-6h,root_cortex,root_pericycle,4.36921444287226,0.02
gamma,2-6h,root_cortex,root_phloem,1.5165684421058032,0.215
gamma,2-6h,root_cortex,root_stele,1.7006068144476896,0.16
gamma,2-6h,root_cortex,root_xylem,1.7490223540652943,0.12
gamma,2-6h,root_cortex,shoot_apical_meristem,1.802966333269299,0.15
gamma,2-6h,root_endodermis,cotyledon,1.3072860949973928,0.22
gamma,2-6h,root_endodermis,dna_damage_response,1.3240811177645626,0.275
gamma,2-6h,root_endodermis,hormone_response_aba,1.0243607548744786,0.38
gamma,2-6h,root_endodermis,hormone_response_auxin,1.1236227414205127,0.3
gamma,2-6h,root_endodermis,hormone_response_cytokinin,0.530322511936188,0.62
gamma,2-6h,root_endodermis,hormone_response_ethylene,1.9398616901090564,0.105
gamma,2-6h,root_endodermis,hormone_response_ja,0.7279558789364077,0.545
gamma,2-6h,root_endodermis,hormone_response_sa,0.5069507774452989,0.605
gamma,2-6h,root_endodermis,hypocotyl,1.429347659135647,0.23
gamma,2-6h,root_endodermis,leaf_epidermis,0.057865866742529366,0.91
gamma,2-6h,root_endodermis,leaf_mesophyll,1.2422921036517378,0.245
gamma,2-6h,root_endodermis,oxidative_stress,2.441942743383826,0.045
gamma,2-6h,root_endodermis,root_columella,1.682735818732095,0.185
gamma,2-6h,root_endodermis,root_cortex,2.371481970981429,0.06
gamma,2-6h,root_endodermis,root_epidermis,0.2565440154665132,0.8
gamma,2-6h,root_endodermis,root_lateral_root_cap,0.17234435519244845,0.805
gamma,2-6h,root_endodermis,root_meristem,0.9566604719616424,0.395
gamma,2-6h,root_endodermis,root_pericycle,2.8257707583419993,0.055
gamma,2-6h,root_endodermis,root_phloem,0.980363159695801,0.415
gamma,2-6h,root_endodermis,root_stele,1.0993675121214026,0.335
gamma,2-6h,root_endodermis,root_xylem,1.1306751299392406,0.345
gamma,2-6h,root_endodermis,shoot_apical_meristem,1.165557669023274,0.3
gamma,2-6h,root_epidermis,cotyledon,0.21901948424770418,0.785
gamma,2-6h,root_epidermis,dna_damage_response,0.2218337416855693,0.79
gamma,2-6h,root_epidermis,hormone_response_aba,0.1715998700596623,0.785
gamma,2-6h,root_epidermis,hormone_response_auxin,0.18823591276735988,0.8
gamma,2-6h,root_epidermis,hormone_response_cytokinin,0.08882177017804968,0.92
gamma,2-6h,root_epidermis,hormone_response_ethylene,0.3250817852467809,0.7
gamma,2-6h,root_epidermis,hormone_response_ja,0.12193125365008768,0.89
gamma,2-6h,root_epidermis,hormone_response_sa,0.08490619744406044,0.905
gamma,2-6h,root_epidermis,hypocotyl,0.2394812832662655,0.765
gamma,2-6h,root_epidermis,leaf_epidermis,0.009689966365078382,0.99
gamma,2-6h,root_epidermis,leaf_mesophyll,0.20812490689021076,0.795
gamma,2-6h,root_epidermis,oxidative_stress,0.4093005794377705,0.68
gamma,2-6h,root_epidermis,root_columella,0.28196404732559466,0.8
gamma,2-6h,root_epidermis,root_cortex,0.39747945589626316,0.74
gamma,2-6h,root_epidermis,root_endodermis,0.2567309937556126,0.8
gamma,2-6h,root_epidermis,root_lateral_root_cap,0.028860903375579325,0.975
gamma,2-6h,root_epidermis,root_meristem,0.16025405945632296,0.855
gamma,2-6h,root_epidermis,root_pericycle,0.47370789493326615,0.705
gamma,2-6h,root_epidermis,root_phloem,0.1642273205036414,0.825
gamma,2-6h,root_epidermis,root_stele,0.18417018221943288,0.83
gamma,2-6h,root_epidermis,root_xylem,0.18941744125061705,0.795
gamma,2-6h,root_epidermis,shoot_apical_meristem,0.1952643947041679,0.825
gamma,2-6h,root_lateral_root_cap,cotyledon,0.1472622290138833,0.85
gamma,2-6h,root_lateral_root_cap,dna_damage_response,0.14915573811506525,0.865
gamma,2-6h,root_lateral_root_cap,hormone_response_aba,0.11537748719506302,0.855
gamma,2-6h,root_lateral_root_cap,hormone_response_auxin,0.12656286628940497,0.86
gamma,2-6h,root_lateral_root_cap,hormone_response_cytokinin,0.05971956739812089,0.92
gamma,2-6h,root_lateral_root_cap,hormone_response_ethylene,0.21857844421220118,0.755
gamma,2-6h,root_lateral_root_cap,hormone_response_ja,0.08198240747194888,0.92
gamma,2-6h,root_lateral_root_cap,hormone_response_sa,0.057087288178055244,0.925
gamma,2-6h,root_lateral_root_cap,hypocotyl,0.16102029140316157,0.81
gamma,2-6h,root_lateral_root_cap,leaf_epidermis,0.006514937168950537,1.0
gamma,2-6h,root_lateral_root_cap,leaf_mesophyll,0.1399371510061941,0.82
gamma,2-6h,root_lateral_root_cap,oxidative_stress,0.27521063563094383,0.76
gamma,2-6h,root_lateral_root_cap,root_columella,0.18958544826091506,0.82
gamma,2-6h,root_lateral_root_cap,root_cortex,0.2672616054479841,0.765
gamma,2-6h,root_lateral_root_cap,root_endodermis,0.17262008805302767,0.805
gamma,2-6h,root_lateral_root_cap,root_epidermis,0.028885980998909988,0.98
gamma,2-6h,root_lateral_root_cap,root_meristem,0.10774926058318916,0.88
gamma,2-6h,root_lateral_root_cap,root_pericycle,0.3185197704096658,0.765
gamma,2-6h,root_lateral_root_cap,root_phloem,0.11041938139267647,0.87
gamma,2-6h,root_lateral_root_cap,root_stele,0.12382980583728133,0.86
gamma,2-6h,root_lateral_root_cap,root_xylem,0.12735783613073737,0.83
gamma,2-6h,root_lateral_root_cap,shoot_apical_meristem,0.1312886167904858,0.855
gamma,2-6h,root_meristem,cotyledon,0.8166428748963299,0.435
gamma,2-6h,root_meristem,dna_damage_response,0.827136505580906,0.51
gamma,2-6h,root_meristem,hormone_response_aba,0.6398712285351988,0.495
gamma,2-6h,root_meristem,hormone_response_auxin,0.7018882209237972,0.585
gamma,2-6h,root_meristem,hormone_response_cytokinin,0.33123887888230963,0.765
gamma,2-6h,root_meristem,hormone_response_ethylene,1.2119412548432766,0.245
gamma,2-6h,root_meristem,hormone_response_ja,0.45469611190719245,0.66
gamma,2-6h,root_meristem,hormone_response_sa,0.3166394528738929,0.77
gamma,2-6h,root_meristem,hypocotyl,0.8929125966044126,0.405
gamma,2-6h,root_meristem,leaf_epidermis,0.03613991574319792,0.99
gamma,2-6h,root_meristem,leaf_mesophyll,0.776032956014002,0.495
gamma,2-6h,root_meristem,oxidative_stress,1.5257557079914819,0.155
gamma,2-6h,root_meristem,root_columella,1.0512518335690673,0.355
gamma,2-6h,root_meristem,root_cortex,1.4817123168861746,0.185
gamma,2-6h,root_meristem,root_endodermis,0.9572101914008097,0.395
gamma,2-6h,root_meristem,root_epidermis,0.16022930260022678,0.86
gamma,2-6h,root_meristem,root_lateral_root_cap,0.10763906329010903,0.885
gamma,2-6h,root_meristem,root_pericycle,1.7656973260943138,0.155
gamma,2-6h,root_meristem,root_phloem,0.6123833574900351,0.63
gamma,2-6h,root_meristem,root_stele,0.6867335768024714,0.6
gamma,2-6h,root_meristem,root_xylem,0.7062942898047827,0.495
gamma,2-6h,root_meristem,shoot_apical_meristem,0.7280889733770771,0.545
gamma,2-6h,root_pericycle,cotyledon,2.4080535398568035,0.065
gamma,2-6h,root_pericycle,dna_damage_response,2.4389685401579877,0.065
gamma,2-6h,root_pericycle,hormone_response_aba,1.887113102970852,0.15
gamma,2-6h,root_pericycle,hormone_response_auxin,2.069896749239975,0.115
gamma,2-6h,root_pericycle,hormone_response_cytokinin,0.9771729392931043,0.42
gamma,2-6h,root_pericycle,hormone_response_ethylene,3.5723723045315783,0.01
gamma,2-6h,root_pericycle,hormone_response_ja,1.3412211930358067,0.25
gamma,2-6h,root_pericycle,hormone_response_sa,0.9341151037225245,0.46
gamma,2-6h,root_pericycle,hypocotyl,2.632767161620226,0.065
gamma,2-6h,root_pericycle,leaf_epidermis,0.10664421083454165,0.88
gamma,2-6h,root_pericycle,leaf_mesophyll,2.288390715877858,0.065
gamma,2-6h,root_pericycle,oxidative_stress,4.496078133106625,0.0
gamma,2-6h,root_pericycle,root_columella,3.0991791102244304,0.025
gamma,2-6h,root_pericycle,root_cortex,4.366469686024068,0.01
gamma,2-6h,root_pericycle,root_endodermis,2.822177144104303,0.06
gamma,2-6h,root_pericycle,root_epidermis,0.47276087474034034,0.705
gamma,2-6h,root_pericycle,root_lateral_root_cap,0.31760587310892885,0.765
gamma,2-6h,root_pericycle,root_meristem,1.7624390844777802,0.15
gamma,2-6h,root_pericycle,root_phloem,1.8060956484806454,0.155
gamma,2-6h,root_pericycle,root_stele,2.0252314058260352,0.145
gamma,2-6h,root_pericycle,root_xylem,2.0828801538781394,0.06
gamma,2-6h,root_pericycle,shoot_apical_meristem,2.147112287260015,0.08
gamma,2-6h,root_phloem,cotyledon,0.8366987152040998,0.495
gamma,2-6h,root_phloem,dna_damage_response,0.8474458507537513,0.54
gamma,2-6h,root_phloem,hormone_response_aba,0.6555881020532698,0.605
gamma,2-6h,root_phloem,hormone_response_auxin,0.7191295707411117,0.59
gamma,2-6h,root_phloem,hormone_response_cytokinin,0.33937682368670025,0.765
gamma,2-6h,root_phloem,hormone_response_ethylene,1.24170114623519,0.285
gamma,2-6h,root_phloem,hormone_response_ja,0.4658626370648083,0.705
gamma,2-6h,root_phloem,hormone_response_sa,0.3244173309162523,0.75
gamma,2-6h,root_phloem,hypocotyl,0.9148420124694736,0.43
gamma,2-6h,root_phloem,leaf_epidermis,0.03702812939725917,0.975
gamma,2-6h,root_phloem,leaf_mesophyll,0.79509059556578,0.53
gamma,2-6h,root_phloem,oxidative_stress,1.563210982826495,0.185
gamma,2-6h,root_phloem,root_columella,1.0770689402111318,0.38
gamma,2-6h,root_phloem,root_cortex,1.5180879312167208,0.215
gamma,2-6h,root_phloem,root_endodermis,0.9807140457892438,0.415
gamma,2-6h,root_phloem,root_epidermis,0.1641665747832634,0.825
gamma,2-6h,root_phloem,root_lateral_root_cap,0.11028254141763975,0.865
gamma,2-6h,root_phloem,root_meristem,0.6122511280912037,0.63
gamma,2-6h,root_phloem,root_pericycle,1.8090419571428829,0.145
gamma,2-6h,root_phloem,root_stele,0.7036004274966813,0.61
gamma,2-6h,root_phloem,root_xylem,0.7236419027912735,0.555
gamma,2-6h,root_phloem,shoot_apical_meristem,0.7459739435179955,0.595
gamma,2-6h,root_stele,cotyledon,0.9383651945967574,0.42
gamma,2-6h,root_stele,dna_damage_response,0.9504213186230429,0.44
gamma,2-6h,root_stele,hormone_response_aba,0.7352547612627179,0.545
gamma,2-6h,root_stele,hormone_response_auxin,0.8065133259229812,0.51
gamma,2-6h,root_stele,hormone_response_cytokinin,0.3806241153574165,0.745
gamma,2-6h,root_stele,hormone_response_ethylene,1.3925447875363695,0.205
gamma,2-6h,root_stele,hormone_response_ja,0.5224824623335208,0.65
gamma,2-6h,root_stele,hormone_response_sa,0.36384805587270025,0.755
gamma,2-6h,root_stele,hypocotyl,1.025997820222916,0.36
gamma,2-6h,root_stele,leaf_epidermis,0.041529023351237204,0.915
gamma,2-6h,root_stele,leaf_mesophyll,0.8917045307490719,0.44
gamma,2-6h,root_stele,oxidative_stress,1.7530840184427054,0.135
gamma,2-6h,root_stele,root_columella,1.2079235295504813,0.355
gamma,2-6h,root_stele,root_cortex,1.7024840392290854,0.155
gamma,2-6h,root_stele,root_endodermis,1.0998727614888124,0.34
gamma,2-6h,root_stele,root_epidermis,0.18412060700720798,0.83
gamma,2-6h,root_stele,root_lateral_root_cap,0.12368889620781821,0.86
gamma,2-6h,root_stele,root_meristem,0.6866546998536727,0.6
gamma,2-6h,root_stele,root_pericycle,2.0287421091990696,0.145
gamma,2-6h,root_stele,root_phloem,0.7036716299045294,0.605
gamma,2-6h,root_stele,root_xylem,0.8115754855136872,0.525
gamma,2-6h,root_stele,shoot_apical_meristem,0.836618150838272,0.49
gamma,2-6h,root_xylem,cotyledon,0.9650150659036448,0.33
gamma,2-6h,root_xylem,dna_damage_response,0.9774128171662141,0.375
gamma,2-6h,root_xylem,hormone_response_aba,0.7561385358588968,0.475
gamma,2-6h,root_xylem,hormone_response_auxin,0.829420480405314,0.5
gamma,2-6h,root_xylem,hormone_response_cytokinin,0.3914371900914066,0.685
gamma,2-6h,root_xylem,hormone_response_ethylene,1.4320847293525645,0.16
gamma,2-6h,root_xylem,hormone_response_ja,0.5373238926702367,0.6
gamma,2-6h,root_xylem,hormone_response_sa,0.3741844256004409,0.71
gamma,2-6h,root_xylem,hypocotyl,1.055135389142478,0.33
gamma,2-6h,root_xylem,leaf_epidermis,0.042709040353420345,0.92
gamma,2-6h,root_xylem,leaf_mesophyll,0.9170296435244412,0.35
gamma,2-6h,root_xylem,oxidative_stress,1.8028513042328065,0.115
gamma,2-6h,root_xylem,root_columella,1.2422246257856253,0.25
gamma,2-6h,root_xylem,root_cortex,1.7508160857084984,0.12
gamma,2-6h,root_xylem,root_endodermis,1.1311065858331422,0.34
gamma,2-6h,root_xylem,root_epidermis,0.18935184193195448,0.795
gamma,2-6h,root_xylem,root_lateral_root_cap,0.12720302538756922,0.83
gamma,2-6h,root_xylem,root_meristem,0.7061583636829798,0.5
gamma,2-6h,root_xylem,root_pericycle,2.0863273829484674,0.045
gamma,2-6h,root_xylem,root_phloem,0.723659124296965,0.545
gamma,2-6h,root_xylem,root_stele,0.8115124467913959,0.525
gamma,2-6h,root_xylem,shoot_apical_meristem,0.8603800369105706,0.46
gamma,2-6h,shoot_apical_meristem,cotyledon,0.9946969533149281,0.375
gamma,2-6h,shoot_apical_meristem,dna_damage_response,1.0074741582643467,0.38
gamma,2-6h,shoot_apical_meristem,hormone_response_aba,0.7793985908687829,0.52
gamma,2-6h,shoot_apical_meristem,hormone_response_auxin,0.8549345416818217,0.435
gamma,2-6h,shoot_apical_meristem,hormone_response_cytokinin,0.4034807638311502,0.715
gamma,2-6h,shoot_apical_meristem,hormone_response_ethylene,1.4761236985856623,0.17
gamma,2-6h,shoot_apical_meristem,hormone_response_ja,0.5538533369072287,0.62
gamma,2-6h,shoot_apical_meristem,hormone_response_sa,0.385696702867702,0.7
gamma,2-6h,shoot_apical_meristem,hypocotyl,1.087588309730467,0.335
gamma,2-6h,shoot_apical_meristem,leaf_epidermis,0.04402339650239062,0.955
gamma,2-6h,shoot_apical_meristem,leaf_mesophyll,0.9452357574591951,0.42
gamma,2-6h,shoot_apical_meristem,oxidative_stress,1.8582801123054729,0.14
gamma,2-6h,shoot_apical_meristem,root_columella,1.2804288834193298,0.27
gamma,2-6h,shoot_apical_meristem,root_cortex,1.8046466503991387,0.15
gamma,2-6h,shoot_apical_meristem,root_endodermis,1.1658933347481852,0.3
gamma,2-6h,shoot_apical_meristem,root_epidermis,0.1951784741645976,0.825
gamma,2-6h,shoot_apical_meristem,root_lateral_root_cap,0.13111672737009997,0.855
gamma,2-6h,shoot_apical_meristem,root_meristem,0.7278807306866196,0.545
gamma,2-6h,shoot_apical_meristem,root_pericycle,2.1504646680694237,0.075
gamma,2-6h,shoot_apical_meristem,root_phloem,0.7459217412510171,0.6
gamma,2-6h,shoot_apical_meristem,root_stele,0.8364748952709214,0.485
gamma,2-6h,shoot_apical_meristem,root_xylem,0.8602994392620628,0.46
gamma,6-12h,cotyledon,dna_damage_response,1.1177023550936525,0.28
gamma,6-12h,cotyledon,hormone_response_aba,0.9275308135939754,0.35
gamma,6-12h,cotyledon,hormone_response_auxin,0.9448292295929913,0.365
gamma,6-12h,cotyledon,hormone_response_cytokinin,0.42008547705472365,0.67
gamma,6-12h,cotyledon,hormone_response_ethylene,1.6701288356171893,0.145
gamma,6-12h,cotyledon,hormone_response_ja,0.5626659075163212,0.555
gamma,6-12h,cotyledon,hormone_response_sa,0.454938220612913,0.64
gamma,6-12h,cotyledon,hypocotyl,1.214530685593366,0.27
gamma,6-12h,cotyledon,leaf_epidermis,0.04594473074461122,0.91
gamma,6-12h,cotyledon,leaf_mesophyll,1.1038261796973001,0.275
gamma,6-12h,cotyledon,oxidative_stress,2.2527979758096635,0.055
gamma,6-12h,cotyledon,root_columella,1.4979798045180468,0.225
gamma,6-12h,cotyledon,root_cortex,2.0857465125524435,0.085
gamma,6-12h,cotyledon,root_endodermis,1.2810434244930586,0.215
gamma,6-12h,cotyledon,root_epidermis,0.24168624420251342,0.755
gamma,6-12h,cotyledon,root_lateral_root_cap,0.1351940295456564,0.84
gamma,6-12h,cotyledon,root_meristem,0.782033597894056,0.43
gamma,6-12h,cotyledon,root_pericycle,2.457328374525437,0.06
gamma,6-12h,cotyledon,root_phloem,0.7767468427618435,0.535
gamma,6-12h,cotyledon,root_stele,0.9042796392798775,0.44
gamma,6-12h,cotyledon,root_xylem,1.0264760405979956,0.305
gamma,6-12h,cotyledon,shoot_apical_meristem,0.9698627396993695,0.39
gamma,6-12h,dna_damage_response,cotyledon,1.1183082660632524,0.28
gamma,6-12h,dna_damage_response,hormone_response_aba,0.920859177887265,0.44
gamma,6-12h,dna_damage_response,hormone_response_auxin,0.9380320004537769,0.455
gamma,6-12h,dna_damage_response,hormone_response_cytokinin,0.4170626680427818,0.725
gamma,6-12h,dna_damage_response,hormone_response_ethylene,1.6581201390451037,0.15
gamma,6-12h,dna_damage_response,hormone_response_ja,0.5586203585771017,0.625
gamma,6-12h,dna_damage_response,hormone_response_sa,0.4516658711427025,0.715
gamma,6-12h,dna_damage_response,hypocotyl,1.2057961292536503,0.32
gamma,6-12h,dna_damage_response,leaf_epidermis,0.04561391646508082,0.925
gamma,6-12h,dna_damage_response,leaf_mesophyll,1.0958893425400977,0.345
gamma,6-12h,dna_damage_response,oxidative_stress,2.2366088931908723,0.08
gamma,6-12h,dna_damage_response,root_columella,1.4872073709996763,0.18
gamma,6-12h,dna_damage_response,root_cortex,2.0707563658042587,0.11
gamma,6-12h,dna_damage_response,root_endodermis,1.2718339480548797,0.285
gamma,6-12h,dna_damage_response,root_epidermis,0.23994658133857696,0.775
gamma,6-12h,dna_damage_response,root_lateral_root_cap,0.13422204564934742,0.87
gamma,6-12h,dna_damage_response,root_meristem,0.7764093827556013,0.54
gamma,6-12h,dna_damage_response,root_pericycle,2.4396680273282816,0.075
gamma,6-12h,dna_damage_response,root_phloem,0.7711568802392769,0.585
gamma,6-12h,dna_damage_response,root_stele,0.8977758668828404,0.455
gamma,6-12h,dna_damage_response,root_xylem,1.0190933625301377,0.36
gamma,6-12h,dna_damage_response,shoot_apical_meristem,0.9628852967504007,0.425
gamma,6-12h,hormone_response_aba,cotyledon,0.9274662755817628,0.355
gamma,6-12h,hormone_response_aba,dna_damage_response,0.9202959504075424,0.44
gamma,6-12h,hormone_response_aba,hormone_response_auxin,0.7779457353407422,0.505
gamma,6-12h,hormone_response_aba,hormone_response_cytokinin,0.34587114222605425,0.72
gamma,6-12h,hormone_response_aba,hormone_response_ethylene,1.375220592983243,0.21
gamma,6-12h,hormone_response_aba,hormone_response_ja,0.46326725169892463,0.66
gamma,6-12h,hormone_response_aba,hormone_response_sa,0.3745673568232853,0.715
gamma,6-12h,hormone_response_aba,hypocotyl,1.0000324888666194,0.35
gamma,6-12h,hormone_response_aba,leaf_epidermis,0.037826769027199995,0.95
gamma,6-12h,hormone_response_aba,leaf_mesophyll,0.908870349490904,0.405
gamma,6-12h,hormone_response_aba,oxidative_stress,1.8550924391134855,0.135
gamma,6-12h,hormone_response_aba,root_columella,1.233451508027369,0.245
gamma,6-12h,hormone_response_aba,root_cortex,1.7175077558711696,0.125
gamma,6-12h,hormone_response_aba,root_endodermis,1.0548033341068934,0.35
gamma,6-12h,hormone_response_aba,root_epidermis,0.19898593471602347,0.78
gamma,6-12h,hormone_response_aba,root_lateral_root_cap,0.11130699669113421,0.85
gamma,6-12h,hormone_response_aba,root_meristem,0.6438947711824895,0.485
gamma,6-12h,hormone_response_aba,root_pericycle,2.023551072127279,0.155
gamma,6-12h,hormone_response_aba,root_phloem,0.6395428255074618,0.6
gamma,6-12h,hormone_response_aba,root_stele,0.7445551663279557,0.55
gamma,6-12h,hormone_response_aba,root_xylem,0.845176734312112,0.415
gamma,6-12h,hormone_response_aba,shoot_apical_meristem,0.7985593738152944,0.505
gamma,6-12h,hormone_response_auxin,cotyledon,0.9448644535440345,0.365
gamma,6-12h,hormone_response_auxin,dna_damage_response,0.9375584408433401,0.455
gamma,6-12h,hormone_response_auxin,hormone_response_aba,0.7780288674555575,0.51
gamma,6-12h,hormone_response_auxin,hormone_response_cytokinin,0.35236149814461154,0.74
gamma,6-12h,hormone_response_auxin,hormone_response_ethylene,1.4010128178982442,0.2
gamma,6-12h,hormone_response_auxin,hormone_response_ja,0.4719589651139618,0.67
gamma,6-12h,hormone_response_auxin,hormone_response_sa,0.38159560532434106,0.7
gamma,6-12h,hormone_response_auxin,hypocotyl,1.0187916544221582,0.365
gamma,6-12h,hormone_response_auxin,leaf_epidermis,0.03853675648831735,0.955
gamma,6-12h,hormone_response_auxin,leaf_mesophyll,0.9259194685658052,0.37
gamma,6-12h,hormone_response_auxin,oxidative_stress,1.8898748779688246,0.1
gamma,6-12h,hormone_response_auxin,root_columella,1.2565869132623013,0.25
gamma,6-12h,hormone_response_auxin,root_cortex,1.7497131674721873,0.145
gamma,6-12h,hormone_response_auxin,root_endodermis,1.0745881658330623,0.3
gamma,6-12h,hormone_response_auxin,root_epidermis,0.20272033860578817,0.79
gamma,6-12h,hormone_response_auxin,root_lateral_root_cap,0.11339556468349762,0.86
gamma,6-12h,hormone_response_auxin,root_meristem,0.6559749414843461,0.565
gamma,6-12h,hormone_response_auxin,root_pericycle,2.0614904288602305,0.115
gamma,6-12h,hormone_response_auxin,root_phloem,0.6515429176457423,0.595
gamma,6-12h,hormone_response_auxin,root_stele,0.7585235223665162,0.545
gamma,6-12h,hormone_response_auxin,root_xylem,0.8610321655984637,0.445
gamma,6-12h,hormone_response_auxin,shoot_apical_meristem,0.8135413342083085,0.47
gamma,6-12h,hormone_response_cytokinin,cotyledon,0.42034801952535916,0.66
gamma,6-12h,hormone_response_cytokinin,dna_damage_response,0.4170972150062172,0.725
gamma,6-12h,hormone_response_cytokinin,hormone_response_aba,0.3461113962700232,0.715
gamma,6-12h,hormone_response_cytokinin,hormone_response_auxin,0.35256851694061375,0.735
gamma,6-12h,hormone_response_cytokinin,hormone_response_ethylene,0.6233528861639205,0.56
gamma,6-12h,hormone_response_cytokinin,hormone_response_ja,0.20993725892796394,0.82
gamma,6-12h,hormone_response_cytokinin,hormone_response_sa,0.1697375823515317,0.84
gamma,6-12h,hormone_response_cytokinin,hypocotyl,0.4532452816577836,0.655
gamma,6-12h,hormone_response_cytokinin,leaf_epidermis,0.017139955624725953,0.99
gamma,6-12h,hormone_response_cytokinin,leaf_mesophyll,0.4119178679004004,0.695
gamma,6-12h,hormone_response_cytokinin,oxidative_stress,0.8409713744439001,0.46
gamma,6-12h,hormone_response_cytokinin,root_columella,0.5590720137748025,0.665
gamma,6-12h,hormone_response_cytokinin,root_cortex,0.778572297915348,0.51
gamma,6-12h,hormone_response_cytokinin,root_endodermis,0.47807565606004926,0.645
gamma,6-12h,hormone_response_cytokinin,root_epidermis,0.0901676874880633,0.92
gamma,6-12h,hormone_response_cytokinin,root_lateral_root_cap,0.050435947018131234,0.93
gamma,6-12h,hormone_response_cytokinin,root_meristem,0.2918055298875563,0.785
gamma,6-12h,hormone_response_cytokinin,root_pericycle,0.9173795238887424,0.465
gamma,6-12h,hormone_response_cytokinin,root_phloem,0.2898333376010207,0.785
gamma,6-12h,hormone_response_cytokinin,root_stele,0.3374326223137118,0.755
gamma,6-12h,hormone_response_cytokinin,root_xylem,0.38304443017713175,0.685
gamma,6-12h,hormone_response_cytokinin,shoot_apical_meristem,0.3619126381176276,0.755
gamma,6-12h,hormone_response_ethylene,cotyledon,1.6681067855239737,0.145
gamma,6-12h,hormone_response_ethylene,dna_damage_response,1.6552149847365463,0.155
gamma,6-12h,hormone_response_ethylene,hormone_response_aba,1.3736507315948139,0.21
gamma,6-12h,hormone_response_ethylene,hormone_response_auxin,1.3992641723350447,0.2
gamma,6-12h,hormone_response_ethylene,hormone_response_cytokinin,0.6222089462331634,0.56
gamma,6-12h,hormone_response_ethylene,hormone_response_ja,0.8333627250671233,0.45
gamma,6-12h,hormone_response_ethylene,hormone_response_sa,0.6738250316653259,0.52
gamma,6-12h,hormone_response_ethylene,hypocotyl,1.7985720937690317,0.14
gamma,6-12h,hormone_response_ethylene,leaf_epidermis,0.0680569125151205,0.875
gamma,6-12h,hormone_response_ethylene,leaf_mesophyll,1.6346723550690847,0.13
gamma,6-12h,hormone_response_ethylene,oxidative_stress,3.33532636188933,0.015
gamma,6-12h,hormone_response_ethylene,root_columella,2.218182538472785,0.065
gamma,6-12h,hormone_response_ethylene,root_cortex,3.0881194816341075,0.01
gamma,6-12h,hormone_response_ethylene,root_endodermis,1.8970386170169848,0.145
gamma,6-12h,hormone_response_ethylene,root_epidermis,0.3579881987859148,0.68
gamma,6-12h,hormone_response_ethylene,root_lateral_root_cap,0.20025497197528663,0.79
gamma,6-12h,hormone_response_ethylene,root_meristem,1.1582106751862804,0.25
gamma,6-12h,hormone_response_ethylene,root_pericycle,3.637971026712928,0.01
gamma,6-12h,hormone_response_ethylene,root_phloem,1.1503843345366735,0.315
gamma,6-12h,hormone_response_ethylene,root_stele,1.3392228054805615,0.22
gamma,6-12h,hormone_response_ethylene,root_xylem,1.5201514135030514,0.15
gamma,6-12h,hormone_response_ethylene,shoot_apical_meristem,1.4363300523550009,0.185
gamma,6-12h,hormone_response_ja,cotyledon,0.5633741938500207,0.555
gamma,6-12h,hormone_response_ja,dna_damage_response,0.5590201966040664,0.615
gamma,6-12h,hormone_response_ja,hormone_response_aba,0.4638828664210426,0.645
gamma,6-12h,hormone_response_ja,hormone_response_auxin,0.47253579867881346,0.67
gamma,6-12h,hormone_response_ja,hormone_response_cytokinin,0.21007029907302194,0.815
gamma,6-12h,hormone_response_ja,hormone_response_ethylene,0.835423858000684,0.45
gamma,6-12h,hormone_response_ja,hormone_response_sa,0.2275013290049192,0.825
gamma,6-12h,hormone_response_ja,hypocotyl,0.6074609554451852,0.56
gamma,6-12h,hormone_response_ja,leaf_epidermis,0.022973253792421808,0.98
gamma,6-12h,hormone_response_ja,leaf_mesophyll,0.5520771258261763,0.585
gamma,6-12h,hormone_response_ja,oxidative_stress,1.1270424717759298,0.255
gamma,6-12h,hormone_response_ja,root_columella,0.7492814271717007,0.595
gamma,6-12h,hormone_response_ja,root_cortex,1.0434275783215097,0.335
gamma,6-12h,hormone_response_ja,root_endodermis,0.6407395355130444,0.55
gamma,6-12h,hormone_response_ja,root_epidermis,0.1208536039911933,0.885
gamma,6-12h,hormone_response_ja,root_lateral_root_cap,0.06760167706799432,0.92
gamma,6-12h,hormone_response_ja,root_meristem,0.3911027697766754,0.7
gamma,6-12h,hormone_response_ja,root_pericycle,1.229424630435218,0.275
gamma,6-12h,hormone_response_ja,root_phloem,0.3884567845120267,0.74
gamma,6-12h,hormone_response_ja,root_stele,0.45225217653148514,0.655
gamma,6-12h,hormone_response_ja,root_xylem,0.513380349344417,0.595
gamma,6-12h,hormone_response_ja,shoot_apical_meristem,0.4850585246393155,0.655
gamma,6-12h,hormone_response_sa,cotyledon,0.4552568817103071,0.635
gamma,6-12h,hormone_response_sa,dna_damage_response,0.4517373686884689,0.715
gamma,6-12h,hormone_response_sa,hormone_response_aba,0.37485588252309454,0.715
gamma,6-12h,hormone_response_sa,hormone_response_auxin,0.38184867208243006,0.7
gamma,6-12h,hormone_response_sa,hormone_response_cytokinin,0.16975038791272862,0.84
gamma,6-12h,hormone_response_sa,hormone_response_ethylene,0.6751148042175977,0.52
gamma,6-12h,hormone_response_sa,hormone_response_ja,0.22737453866160354,0.83
gamma,6-12h,hormone_response_sa,hypocotyl,0.490885154521619,0.63
gamma,6-12h,hormone_response_sa,leaf_epidermis,0.01856359869780302,0.985
gamma,6-12h,hormone_response_sa,leaf_mesophyll,0.4461271470003579,0.665
gamma,6-12h,hormone_response_sa,oxidative_stress,0.9107975081093503,0.44
gamma,6-12h,hormone_response_sa,root_columella,0.6054974298433762,0.64
gamma,6-12h,hormone_response_sa,root_cortex,0.8432192665050793,0.455
gamma,6-12h,hormone_response_sa,root_endodermis,0.517778187714947,0.595
gamma,6-12h,hormone_response_sa,root_epidermis,0.09765687091910301,0.88
gamma,6-12h,hormone_response_sa,root_lateral_root_cap,0.05462558826289821,0.915
gamma,6-12h,hormone_response_sa,root_meristem,0.3160410870111026,0.77
gamma,6-12h,hormone_response_sa,root_pericycle,0.9935455639182112,0.42
gamma,6-12h,hormone_response_sa,root_phloem,0.31390371019921404,0.76
gamma,6-12h,hormone_response_sa,root_stele,0.36545667467673715,0.75
gamma,6-12h,hormone_response_sa,root_xylem,0.41485566246183775,0.705
gamma,6-12h,hormone_response_sa,shoot_apical_meristem,0.39196860104262765,0.68
gamma,6-12h,hypocotyl,cotyledon,1.2143535603345366,0.27
gamma,6-12h,hypocotyl,dna_damage_response,1.2049669362767519,0.32
gamma,6-12h,hypocotyl,hormone_response_aba,0.9999561708028775,0.35
gamma,6-12h,hypocotyl,hormone_response_auxin,1.018605103679679,0.375
gamma,6-12h,hypocotyl,hormone_response_cytokinin,0.45289616088645235,0.66
gamma,6-12h,hypocotyl,hormone_response_ethylene,1.800489510517379,0.135
gamma,6-12h,hypocotyl,hormone_response_ja,0.6066085883015103,0.56
gamma,6-12h,hypocotyl,hormone_response_sa,0.4904700074636809,0.63
gamma,6-12h,hypocotyl,leaf_epidermis,0.049533976795629375,0.93
gamma,6-12h,hypocotyl,leaf_mesophyll,1.1900088096952341,0.28
gamma,6-12h,hypocotyl,oxidative_stress,2.42858445688379,0.03
gamma,6-12h,hypocotyl,root_columella,1.6149140876737336,0.215
gamma,6-12h,hypocotyl,root_cortex,2.248511952330243,0.055
gamma,6-12h,hypocotyl,root_endodermis,1.3810531410066595,0.24
gamma,6-12h,hypocotyl,root_epidermis,0.260564965158854,0.76
gamma,6-12h,hypocotyl,root_lateral_root_cap,0.14575453810726718,0.825
gamma,6-12h,hypocotyl,root_meristem,0.8431020445874127,0.46
gamma,6-12h,hypocotyl,root_pericycle,2.649055516444337,0.065
gamma,6-12h,hypocotyl,root_phloem,0.8374039603831044,0.48
gamma,6-12h,hypocotyl,root_stele,0.9748900507536158,0.39
gamma,6-12h,hypocotyl,root_xylem,1.1066232600354216,0.26
gamma,6-12h,hypocotyl,shoot_apical_meristem,1.0455924185471102,0.34
gamma,6-12h,leaf_epidermis,cotyledon,0.045970982504121835,0.91
gamma,6-12h,leaf_epidermis,dna_damage_response,0.04561526894236272,0.925
gamma,6-12h,leaf_epidermis,hormone_response_aba,0.03785100272981841,0.945
gamma,6-12h,leaf_epidermis,hormone_response_auxin,0.038557310978503734,0.955
gamma,6-12h,leaf_epidermis,hormone_response_cytokinin,0.017139037674927204,0.995
gamma,6-12h,leaf_epidermis,hormone_response_ethylene,0.06817836844875459,0.87
gamma,6-12h,leaf_epidermis,hormone_response_ja,0.022957473074647676,0.98
gamma,6-12h,leaf_epidermis,hormone_response_sa,0.01856120910578337,0.99
gamma,6-12h,leaf_epidermis,hypocotyl,0.04956949424790721,0.925
gamma,6-12h,leaf_epidermis,leaf_mesophyll,0.0450488246565505,0.925
gamma,6-12h,leaf_epidermis,oxidative_stress,0.09198840096505477,0.885
gamma,6-12h,leaf_epidermis,root_columella,0.06114609169917241,0.895
gamma,6-12h,leaf_epidermis,root_cortex,0.08516073235848864,0.89
gamma,6-12h,leaf_epidermis,root_endodermis,0.052285517923647135,0.92
gamma,6-12h,leaf_epidermis,root_epidermis,0.00985975738007739,0.99
gamma,6-12h,leaf_epidermis,root_lateral_root_cap,0.005514987197096718,0.995
gamma,6-12h,leaf_epidermis,root_meristem,0.031911287514510625,0.985
gamma,6-12h,leaf_epidermis,root_pericycle,0.10034955972787046,0.88
gamma,6-12h,leaf_epidermis,root_phloem,0.031695729306122127,0.98
gamma,6-12h,leaf_epidermis,root_stele,0.036901724408750086,0.925
gamma,6-12h,leaf_epidermis,root_xylem,0.041890674372719795,0.915
gamma,6-12h,leaf_epidermis,shoot_apical_meristem,0.03957936103825008,0.965
gamma,6-12h,leaf_mesophyll,cotyledon,1.1038475075234793,0.27
gamma,6-12h,leaf_mesophyll,dna_damage_response,1.0953165389035797,0.345
gamma,6-12h,leaf_mesophyll,hormone_response_aba,0.9089512930734207,0.395
gamma,6-12h,leaf_mesophyll,hormone_response_auxin,0.925903011124011,0.37
gamma,6-12h,leaf_mesophyll,hormone_response_cytokinin,0.411668547247676,0.695
gamma,6-12h,leaf_mesophyll,hormone_response_ethylene,1.636685835788696,0.13
gamma,6-12h,leaf_mesophyll,hormone_response_ja,0.5513936951939629,0.585
gamma,6-12h,leaf_mesophyll,hormone_response_sa,0.4458234435593502,0.665
gamma,6-12h,leaf_mesophyll,hypocotyl,1.1902054833529392,0.275
gamma,6-12h,leaf_mesophyll,leaf_epidermis,0.045023973054376,0.925
gamma,6-12h,leaf_mesophyll,oxidative_stress,2.207700774069837,0.07
gamma,6-12h,leaf_mesophyll,root_columella,1.4679813201737548,0.23
gamma,6-12h,leaf_mesophyll,root_cortex,2.0439899901198713,0.08
gamma,6-12h,leaf_mesophyll,root_endodermis,1.255387679376053,0.24
gamma,6-12h,leaf_mesophyll,root_epidermis,0.23684327066706298,0.78
gamma,6-12h,leaf_mesophyll,root_lateral_root_cap,0.13248514615131166,0.825
gamma,6-12h,leaf_mesophyll,root_meristem,0.7663677886612368,0.5
gamma,6-12h,leaf_mesophyll,root_pericycle,2.4081406326882773,0.05
gamma,6-12h,leaf_mesophyll,root_phloem,0.76118591598224,0.545
gamma,6-12h,leaf_mesophyll,root_stele,0.8861657868767492,0.435
gamma,6-12h,leaf_mesophyll,root_xylem,1.0059155115000322,0.325
gamma,6-12h,leaf_mesophyll,shoot_apical_meristem,0.9504352204830436,0.425
gamma,6-12h,oxidative_stress,cotyledon,2.250017689911862,0.055
gamma,6-12h,oxidative_stress,dna_damage_response,2.2326372438871505,0.09
gamma,6-12h,oxidative_stress,hormone_response_aba,1.8529313439930752,0.135
gamma,6-12h,oxidative_stress,hormone_response_auxin,1.8874723561415943,0.105
gamma,6-12h,oxidative_stress,hormone_response_cytokinin,0.8394083195484172,0.465
gamma,6-12h,oxidative_stress,hormone_response_ethylene,3.335247442984046,0.02
gamma,6-12h,oxidative_stress,hormone_response_ja,1.1242351815115286,0.255
gamma,6-12h,oxidative_stress,hormone_response_sa,0.9090358809300931,0.44
gamma,6-12h,oxidative_stress,hypocotyl,2.4259416077781943,0.035
gamma,6-12h,oxidative_stress,leaf_epidermis,0.09182237248437665,0.885
gamma,6-12h,oxidative_stress,leaf_mesophyll,2.204932983559769,0.07
gamma,6-12h,oxidative_stress,root_columella,2.991709442777611,0.02
gamma,6-12h,oxidative_stress,root_cortex,4.164418106892573,0.005
gamma,6-12h,oxidative_stress,root_endodermis,2.5587162028065875,0.045
gamma,6-12h,oxidative_stress,root_epidermis,0.4829746818397504,0.62
gamma,6-12h,oxidative_stress,root_lateral_root_cap,0.270179539027692,0.765
gamma,6-12h,oxidative_stress,root_meristem,1.5623794494552559,0.145
gamma,6-12h,oxidative_stress,root_pericycle,4.905460461282307,0.0
gamma,6-12h,oxidative_stress,root_phloem,1.5518201310742505,0.19
gamma,6-12h,oxidative_stress,root_stele,1.8065024713055795,0.145
gamma,6-12h,oxidative_stress,root_xylem,2.0504982989881277,0.095
gamma,6-12h,oxidative_stress,shoot_apical_meristem,1.9374586540493266,0.15
gamma,6-12h,root_columella,cotyledon,1.4969544991279617,0.23
gamma,6-12h,root_columella,dna_damage_response,1.4853839091996157,0.19
gamma,6-12h,root_columella,hormone_response_aba,1.232692795149169,0.25
gamma,6-12h,root_columella,hormone_response_auxin,1.255679909509331,0.255
gamma,6-12h,root_columella,hormone_response_cytokinin,0.5583403063178874,0.66
gamma,6-12h,root_columella,hormone_response_ethylene,2.2193509558155635,0.06
gamma,6-12h,root_columella,hormone_response_ja,0.747826697737399,0.595
gamma,6-12h,root_columella,hormone_response_sa,0.6046593126740668,0.64
gamma,6-12h,root_columella,hypocotyl,1.6140441795738898,0.22
gamma,6-12h,root_columella,leaf_epidermis,0.06106935876157669,0.895
gamma,6-12h,root_columella,leaf_mesophyll,1.4669479354973434,0.23
gamma,6-12h,root_columella,oxidative_stress,2.9933551252285397,0.02
gamma,6-12h,root_columella,root_cortex,2.771461547404664,0.04
gamma,6-12h,root_columella,root_endodermis,1.7024158757899934,0.195
gamma,6-12h,root_columella,root_epidermis,0.3212372167212753,0.775
gamma,6-12h,root_columella,root_lateral_root_cap,0.17969523612155888,0.835
gamma,6-12h,root_columella,root_meristem,1.03934906368449,0.355
gamma,6-12h,root_columella,root_pericycle,3.2650185107266836,0.02
gamma,6-12h,root_columella,root_phloem,1.0323264128479495,0.42
gamma,6-12h,root_columella,root_stele,1.2017956994450176,0.36
gamma,6-12h,root_columella,root_xylem,1.364170039553679,0.24
gamma,6-12h,root_columella,shoot_apical_meristem,1.2889446262069346,0.27
gamma,6-12h,root_cortex,cotyledon,2.083819040447502,0.09
gamma,6-12h,root_cortex,dna_damage_response,2.067721091302237,0.11
gamma,6-12h,root_cortex,hormone_response_aba,1.7160396236279603,0.125
gamma,6-12h,root_cortex,hormone_response_auxin,1.748031234213123,0.145
gamma,6-12h,root_cortex,hormone_response_cytokinin,0.7773665488849538,0.52
gamma,6-12h,root_cortex,hormone_response_ethylene,3.089005018309913,0.005
gamma,6-12h,root_cortex,hormone_response_ja,1.0411517457828472,0.335
gamma,6-12h,root_cortex,hormone_response_sa,0.8418498027627694,0.46
gamma,6-12h,root_cortex,hypocotyl,2.2467621333355456,0.055
gamma,6-12h,root_cortex,leaf_epidermis,0.08503342198405484,0.895
gamma,6-12h,root_cortex,leaf_mesophyll,2.0420613113741433,0.08
gamma,6-12h,root_cortex,oxidative_stress,4.165710351930949,0.0
gamma,6-12h,root_cortex,root_columella,2.7707974937925233,0.04
gamma,6-12h,root_cortex,root_endodermis,2.3697409238946263,0.07
gamma,6-12h,root_cortex,root_epidermis,0.4472717421209465,0.7
gamma,6-12h,root_cortex,root_lateral_root_cap,0.25020513910627584,0.775
gamma,6-12h,root_cortex,root_meristem,1.4469384771859102,0.21
gamma,6-12h,root_cortex,root_pericycle,4.543538701329697,0.02
gamma,6-12h,root_cortex,root_phloem,1.4371591581250422,0.245
gamma,6-12h,root_cortex,root_stele,1.673038274721207,0.175
gamma,6-12h,root_cortex,root_xylem,1.899023933451781,0.105
gamma,6-12h,root_cortex,shoot_apical_meristem,1.7943277638457271,0.18
gamma,6-12h,root_endodermis,cotyledon,1.2808026818712714,0.215
gamma,6-12h,root_endodermis,dna_damage_response,1.2709056692265528,0.285
gamma,6-12h,root_endodermis,hormone_response_aba,1.0546785982131774,0.35
gamma,6-12h,root_endodermis,hormone_response_auxin,1.0743464502728584,0.305
gamma,6-12h,root_endodermis,hormone_response_cytokinin,0.47768723521780904,0.655
gamma,6-12h,root_endodermis,hormone_response_ethylene,1.8989814994006071,0.145
gamma,6-12h,root_endodermis,hormone_response_ja,0.6398137092377105,0.55
gamma,6-12h,root_endodermis,hormone_response_sa,0.5173183977879506,0.595
gamma,6-12h,root_endodermis,hypocotyl,1.3809952015703284,0.24
gamma,6-12h,root_endodermis,leaf_epidermis,0.05224583874648072,0.92
gamma,6-12h,root_endodermis,leaf_mesophyll,1.255127488101026,0.24
gamma,6-12h,root_endodermis,oxidative_stress,2.561397170059802,0.045
gamma,6-12h,root_endodermis,root_columella,1.7032621619127748,0.175
gamma,6-12h,root_endodermis,root_cortex,2.371487657829094,0.07
gamma,6-12h,root_endodermis,root_epidermis,0.27482907704381015,0.785
gamma,6-12h,root_endodermis,root_lateral_root_cap,0.15373507428054817,0.82
gamma,6-12h,root_endodermis,root_meristem,0.8892454197616917,0.415
gamma,6-12h,root_endodermis,root_pericycle,2.7939063351190567,0.05
gamma,6-12h,root_endodermis,root_phloem,0.883232276169678,0.48
gamma,6-12h,root_endodermis,root_stele,1.028241964124869,0.365
gamma,6-12h,root_endodermis,root_xylem,1.1671800228063154,0.325
gamma,6-12h,root_endodermis,shoot_apical_meristem,1.1028096567944021,0.325
gamma,6-12h,root_epidermis,cotyledon,0.24180230916608703,0.755
gamma,6-12h,root_epidermis,dna_damage_response,0.23993182955283823,0.775
gamma,6-12h,root_epidermis,hormone_response_aba,0.19909532408494066,0.78
gamma,6-12h,root_epidermis,hormone_response_auxin,0.20281001980762708,0.785
gamma,6-12h,root_epidermis,hormone_response_cytokinin,0.09015464979605596,0.92
gamma,6-12h,root_epidermis,hormone_response_ethylene,0.3585944011125634,0.68
gamma,6-12h,root_epidermis,hormone_response_ja,0.12075963657883844,0.89
gamma,6-12h,root_epidermis,hormone_response_sa,0.09763541065366664,0.88
gamma,6-12h,root_epidermis,hypocotyl,0.26072805740573834,0.76
gamma,6-12h,root_epidermis,leaf_epidermis,0.009858859027505709,0.99
gamma,6-12h,root_epidermis,leaf_mesophyll,0.23695243070650793,0.78
gamma,6-12h,root_epidermis,oxidative_stress,0.4838038874690257,0.62
gamma,6-12h,root_epidermis,root_columella,0.3216115515665878,0.775
gamma,6-12h,root_epidermis,root_cortex,0.4479005298503167,0.7
gamma,6-12h,root_epidermis,root_endodermis,0.2750127762342685,0.785
gamma,6-12h,root_epidermis,root_lateral_root_cap,0.029010701746376006,0.98
gamma,6-12h,root_epidermis,root_meristem,0.16785474087217644,0.855
gamma,6-12h,root_epidermis,root_pericycle,0.5277692062654373,0.655
gamma,6-12h,root_epidermis,root_phloem,0.16672051344737154,0.825
gamma,6-12h,root_epidermis,root_stele,0.19410255930193634,0.825
gamma,6-12h,root_epidermis,root_xylem,0.22034208061923025,0.77
gamma,6-12h,root_epidermis,shoot_apical_meristem,0.2081855099895062,0.83
gamma,6-12h,root_lateral_root_cap,cotyledon,0.1353818144572002,0.84
gamma,6-12h,root_lateral_root_cap,dna_damage_response,0.1343356045877268,0.87
gamma,6-12h,root_lateral_root_cap,hormone_response_aba,0.11146943046721755,0.845
gamma,6-12h,root_lateral_root_cap,hormone_response_auxin,0.11354892177157289,0.86
gamma,6-12h,root_lateral_root_cap,hormone_response_cytokinin,0.05047445168378115,0.93
gamma,6-12h,root_lateral_root_cap,hormone_response_ethylene,0.20077651960744541,0.79
gamma,6-12h,root_lateral_root_cap,hormone_response_ja,0.06761051200824578,0.92
gamma,6-12h,root_lateral_root_cap,hormone_response_sa,0.054663142897331284,0.915
gamma,6-12h,root_lateral_root_cap,hypocotyl,0.14597833324939713,0.825
gamma,6-12h,root_lateral_root_cap,leaf_epidermis,0.005519489477317031,1.0
gamma,6-12h,root_lateral_root_cap,leaf_mesophyll,0.13266663571761902,0.82
gamma,6-12h,root_lateral_root_cap,oxidative_stress,0.2708898051576686,0.77
gamma,6-12h,root_lateral_root_cap,root_columella,0.18006826872661383,0.83
gamma,6-12h,root_lateral_root_cap,root_cortex,0.25078492375053957,0.775
gamma,6-12h,root_lateral_root_cap,root_endodermis,0.1539776319649753,0.82
gamma,6-12h,root_lateral_root_cap,root_epidermis,0.02903702247843912,0.98
gamma,6-12h,root_lateral_root_cap,root_meristem,0.09397825347275576,0.885
gamma,6-12h,root_lateral_root_cap,root_pericycle,0.2955084326578523,0.765
gamma,6-12h,root_lateral_root_cap,root_phloem,0.09334198857750317,0.89
gamma,6-12h,root_lateral_root_cap,root_stele,0.10867418837657733,0.86
gamma,6-12h,root_lateral_root_cap,root_xylem,0.12336571582379867,0.82
gamma,6-12h,root_lateral_root_cap,shoot_apical_meristem,0.11655859675484145,0.86
gamma,6-12h,root_meristem,cotyledon,0.7823406339637516,0.43
gamma,6-12h,root_meristem,dna_damage_response,0.7762934737721955,0.54
gamma,6-12h,root_meristem,hormone_response_aba,0.6441925146218943,0.48
gamma,6-12h,root_meristem,hormone_response_auxin,0.6562080340648925,0.555
gamma,6-12h,root_meristem,hormone_response_cytokinin,0.2917377637665944,0.785
gamma,6-12h,root_meristem,hormone_response_ethylene,1.1600703337404854,0.245
gamma,6-12h,root_meristem,hormone_response_ja,0.39076458792138435,0.7
gamma,6-12h,root_meristem,hormone_response_sa,0.3159438817305425,0.77
gamma,6-12h,root_meristem,hypocotyl,0.8435560750235616,0.445
gamma,6-12h,root_meristem,leaf_epidermis,0.03190557543599306,0.98
gamma,6-12h,root_meristem,leaf_mesophyll,0.766653968659053,0.5
gamma,6-12h,root_meristem,oxidative_stress,1.5649251036448162,0.145
gamma,6-12h,root_meristem,root_columella,1.040469403199491,0.355
gamma,6-12h,root_meristem,root_cortex,1.4488460529610556,0.205
gamma,6-12h,root_meristem,root_endodermis,0.8897619752537969,0.415
gamma,6-12h,root_meristem,root_epidermis,0.16783998927189137,0.86
gamma,6-12h,root_meristem,root_lateral_root_cap,0.09388480201761543,0.89
gamma,6-12h,root_meristem,root_pericycle,1.7070538610976311,0.165
gamma,6-12h,root_meristem,root_phloem,0.5394569710533503,0.635
gamma,6-12h,root_meristem,root_stele,0.6280419192680629,0.6
gamma,6-12h,root_meristem,root_xylem,0.7129226208085561,0.465
gamma,6-12h,root_meristem,shoot_apical_meristem,0.6735968366644872,0.565
gamma,6-12h,root_pericycle,cotyledon,2.4535638146097987,0.06
gamma,6-12h,root_pericycle,dna_damage_response,2.4346096243944926,0.075
gamma,6-12h,root_pericycle,hormone_response_aba,2.020590579343685,0.155
gamma,6-12h,root_pericycle,hormone_response_auxin,2.0582553735928095,0.12
gamma,6-12h,root_pericycle,hormone_response_cytokinin,0.9154010917738775,0.47
gamma,6-12h,root_pericycle,hormone_response_ethylene,3.6368001443597975,0.01
gamma,6-12h,root_pericycle,hormone_response_ja,1.2259958767921042,0.275
gamma,6-12h,root_pericycle,hormone_response_sa,0.9913279509731298,0.415
gamma,6-12h,root_pericycle,hypocotyl,2.645383632089371,0.065
gamma,6-12h,root_pericycle,leaf_epidermis,0.10013854043231095,0.88
gamma,6-12h,root_pericycle,leaf_mesophyll,2.4044041848163875,0.05
gamma,6-12h,root_pericycle,oxidative_stress,4.90399799203223,0.0
gamma,6-12h,root_pericycle,root_columella,3.262250487283642,0.025
gamma,6-12h,root_pericycle,root_cortex,4.540775306561507,0.02
gamma,6-12h,root_pericycle,root_endodermis,2.790149510933962,0.065
gamma,6-12h,root_pericycle,root_epidermis,0.5267074668933813,0.655
gamma,6-12h,root_pericycle,root_lateral_root_cap,0.29464551126218264,0.765
gamma,6-12h,root_pericycle,root_meristem,1.7037686856429368,0.16
gamma,6-12h,root_pericycle,root_phloem,1.692258423040007,0.195
gamma,6-12h,root_pericycle,root_stele,1.9699641244188402,0.175
gamma,6-12h,root_pericycle,root_xylem,2.236014919882044,0.055
gamma,6-12h,root_pericycle,shoot_apical_meristem,2.1127601986377256,0.09
gamma,6-12h,root_phloem,cotyledon,0.7769056789685506,0.54
gamma,6-12h,root_phloem,dna_damage_response,0.7708967858831103,0.585
gamma,6-12h,root_phloem,hormone_response_aba,0.6397179563429327,0.605
gamma,6-12h,root_phloem,hormone_response_auxin,0.6516515796750963,0.6
gamma,6-12h,root_phloem,hormone_response_cytokinin,0.28971156320452773,0.785
gamma,6-12h,root_phloem,hormone_response_ethylene,1.1520142908324045,0.315
gamma,6-12h,root_phloem,hormone_response_ja,0.38804752606009607,0.74
gamma,6-12h,root_phloem,hormone_response_sa,0.31374819799659026,0.76
gamma,6-12h,root_phloem,hypocotyl,0.8376972031534812,0.47
gamma,6-12h,root_phloem,leaf_epidermis,0.03168411946408572,0.98
gamma,6-12h,root_phloem,leaf_mesophyll,0.761326764225051,0.545
gamma,6-12h,root_phloem,oxidative_stress,1.5540549158891492,0.19
gamma,6-12h,root_phloem,root_columella,1.033244482965914,0.42
gamma,6-12h,root_phloem,root_cortex,1.4387823309472145,0.245
gamma,6-12h,root_phloem,root_endodermis,0.883578778525488,0.48
gamma,6-12h,root_phloem,root_epidermis,0.1666746269754172,0.825
gamma,6-12h,root_phloem,root_lateral_root_cap,0.09323157930976035,0.885
gamma,6-12h,root_phloem,root_meristem,0.5393556553062625,0.635
gamma,6-12h,root_phloem,root_pericycle,1.6952011042548425,0.195
gamma,6-12h,root_phloem,root_stele,0.6236788895215464,0.625
gamma,6-12h,root_phloem,root_xylem,0.7079706112473947,0.54
gamma,6-12h,root_phloem,shoot_apical_meristem,0.6689198991829435,0.605
gamma,6-12h,root_stele,cotyledon,0.9045308532611376,0.44
gamma,6-12h,root_stele,dna_damage_response,0.8975387711145545,0.46
gamma,6-12h,root_stele,hormone_response_aba,0.744813834563509,0.545
gamma,6-12h,root_stele,hormone_response_auxin,0.7587058943003808,0.53
gamma,6-12h,root_stele,hormone_response_cytokinin,0.33731551414009964,0.76
gamma,6-12h,root_stele,hormone_response_ethylene,1.3412189776790346,0.215
gamma,6-12h,root_stele,hormone_response_ja,0.4518090807025738,0.655
gamma,6-12h,root_stele,hormone_response_sa,0.3653023111025988,0.75
gamma,6-12h,root_stele,hypocotyl,0.9753030958728877,0.38
gamma,6-12h,root_stele,leaf_epidermis,0.03689088997622756,0.925
gamma,6-12h,root_stele,leaf_mesophyll,0.8863948739083711,0.435
gamma,6-12h,root_stele,oxidative_stress,1.809237828838389,0.13
gamma,6-12h,root_stele,root_columella,1.2029530215571678,0.35
gamma,6-12h,root_stele,root_cortex,1.6750514722060965,0.17
gamma,6-12h,root_stele,root_endodermis,1.0287210348811213,0.37
gamma,6-12h,root_stele,root_epidermis,0.19406324964303812,0.83
gamma,6-12h,root_stele,root_lateral_root_cap,0.10855360970964044,0.86
gamma,6-12h,root_stele,root_meristem,0.6279698231868805,0.6
gamma,6-12h,root_stele,root_pericycle,1.9735356539690854,0.165
gamma,6-12h,root_stele,root_phloem,0.6237245043811539,0.63
gamma,6-12h,root_stele,root_xylem,0.8242752228979109,0.5
gamma,6-12h,root_stele,shoot_apical_meristem,0.7788098485371469,0.52
gamma,6-12h,root_xylem,cotyledon,1.0265730504927078,0.305
gamma,6-12h,root_xylem,dna_damage_response,1.018637366493333,0.365
gamma,6-12h,root_xylem,hormone_response_aba,0.845315431159771,0.41
gamma,6-12h,root_xylem,hormone_response_auxin,0.861081486142509,0.445
gamma,6-12h,root_xylem,hormone_response_cytokinin,0.38284146569527,0.685
gamma,6-12h,root_xylem,hormone_response_ethylene,1.52213784188803,0.15
gamma,6-12h,root_xylem,hormone_response_ja,0.5127833014991793,0.605
gamma,6-12h,root_xylem,hormone_response_sa,0.4146045199413848,0.705
gamma,6-12h,root_xylem,hypocotyl,1.1068892572803293,0.26
gamma,6-12h,root_xylem,leaf_epidermis,0.04187072957830223,0.925
gamma,6-12h,root_xylem,leaf_mesophyll,1.0059910718490188,0.325
gamma,6-12h,root_xylem,oxidative_stress,2.0532254279705753,0.095
gamma,6-12h,root_xylem,root_columella,1.3652333305667093,0.24
gamma,6-12h,root_xylem,root_cortex,1.9009596101725652,0.115
gamma,6-12h,root_xylem,root_endodermis,1.1675095766189005,0.32
gamma,6-12h,root_xylem,root_epidermis,0.2202572231195569,0.77
gamma,6-12h,root_xylem,root_lateral_root_cap,0.12320624304731917,0.82
gamma,6-12h,root_xylem,root_meristem,0.712710260799052,0.47
gamma,6-12h,root_xylem,root_pericycle,2.239656740375756,0.055
gamma,6-12h,root_xylem,root_phloem,0.7078929481051576,0.55
gamma,6-12h,root_xylem,root_stele,0.8241242397141154,0.505
gamma,6-12h,root_xylem,shoot_apical_meristem,0.8838970530594422,0.465
gamma,6-12h,shoot_apical_meristem,cotyledon,0.9699564127093658,0.39
gamma,6-12h,shoot_apical_meristem,dna_damage_response,0.9624565971989235,0.425
gamma,6-12h,shoot_apical_meristem,hormone_response_aba,0.7986919538329296,0.5
gamma,6-12h,shoot_apical_meristem,hormone_response_auxin,0.8135893566335041,0.465
gamma,6-12h,shoot_apical_meristem,hormone_response_cytokinin,0.3617215258592485,0.755
gamma,6-12h,shoot_apical_meristem,hormone_response_ethylene,1.4382100274321599,0.17
gamma,6-12h,shoot_apical_meristem,hormone_response_ja,0.4844952959388887,0.655
gamma,6-12h,shoot_apical_meristem,hormone_response_sa,0.3917320994037323,0.685
gamma,6-12h,shoot_apical_meristem,hypocotyl,1.0458458131615829,0.34
gamma,6-12h,shoot_apical_meristem,leaf_epidermis,0.03956058934537267,0.965
gamma,6-12h,shoot_apical_meristem,leaf_mesophyll,0.9505085583865087,0.425
gamma,6-12h,shoot_apical_meristem,oxidative_stress,1.9400397397164697,0.145
gamma,6-12h,shoot_apical_meristem,root_columella,1.289951869662046,0.27
gamma,6-12h,shoot_apical_meristem,root_cortex,1.7961606728103654,0.18
gamma,6-12h,shoot_apical_meristem,root_endodermis,1.103123346364151,0.325
gamma,6-12h,shoot_apical_meristem,root_epidermis,0.20810572443254174,0.83
gamma,6-12h,shoot_apical_meristem,root_lateral_root_cap,0.11640815067259683,0.86
gamma,6-12h,shoot_apical_meristem,root_meristem,0.6733975804823231,0.565
gamma,6-12h,shoot_apical_meristem,root_pericycle,2.1162059342487676,0.09
gamma,6-12h,shoot_apical_meristem,root_phloem,0.6688477360427705,0.61
gamma,6-12h,shoot_apical_meristem,root_stele,0.7786688117156911,0.52
gamma,6-12h,shoot_apical_meristem,root_xylem,0.8838987650003463,0.465
gamma,12-30h,cotyledon,dna_damage_response,1.0736471999651345,0.305
gamma,12-30h,cotyledon,hormone_response_aba,0.9504993306778633,0.365
gamma,12-30h,cotyledon,hormone_response_auxin,0.9622364324327071,0.35
gamma,12-30h,cotyledon,hormone_response_cytokinin,0.481830553495925,0.635
gamma,12-30h,cotyledon,hormone_response_ethylene,1.5929219925407607,0.16
gamma,12-30h,cotyledon,hormone_response_ja,0.552568871572059,0.565
gamma,12-30h,cotyledon,hormone_response_sa,0.4440636677935904,0.655
gamma,12-30h,cotyledon,hypocotyl,1.2265787193278688,0.275
gamma,12-30h,cotyledon,leaf_epidermis,0.04210404040143959,0.91
gamma,12-30h,cotyledon,leaf_mesophyll,1.0179716504162784,0.3
gamma,12-30h,cotyledon,oxidative_stress,2.2087820346251696,0.055
gamma,12-30h,cotyledon,root_columella,1.455553945342058,0.23
gamma,12-30h,cotyledon,root_cortex,2.0435047187510245,0.095
gamma,12-30h,cotyledon,root_endodermis,1.251726484046154,0.23
gamma,12-30h,cotyledon,root_epidermis,0.22884086311976817,0.76
gamma,12-30h,cotyledon,root_lateral_root_cap,0.12821630375615312,0.84
gamma,12-30h,cotyledon,root_meristem,0.8890446490308236,0.395
gamma,12-30h,cotyledon,root_pericycle,2.3806649863083233,0.065
gamma,12-30h,cotyledon,root_phloem,0.8352701980212126,0.505
gamma,12-30h,cotyledon,root_stele,0.9164098996261174,0.42
gamma,12-30h,cotyledon,root_xylem,1.0613196512029441,0.285
gamma,12-30h,cotyledon,shoot_apical_meristem,0.9851469752183978,0.38
gamma,12-30h,dna_damage_response,cotyledon,1.074272995996008,0.305
gamma,12-30h,dna_damage_response,hormone_response_aba,0.9126348187647332,0.465
gamma,12-30h,dna_damage_response,hormone_response_auxin,0.9239033497534065,0.495
gamma,12-30h,dna_damage_response,hormone_response_cytokinin,0.4626315161125356,0.7
gamma,12-30h,dna_damage_response,hormone_response_ethylene,1.5294844206499891,0.165
gamma,12-30h,dna_damage_response,hormone_response_ja,0.5305547157958656,0.635
gamma,12-30h,dna_damage_response,hormone_response_sa,0.4263703138564759,0.74
gamma,12-30h,dna_damage_response,hypocotyl,1.1777226056306256,0.335
gamma,12-30h,dna_damage_response,leaf_epidermis,0.04042588776754322,0.925
gamma,12-30h,dna_damage_response,leaf_mesophyll,0.9774225025478664,0.415
gamma,12-30h,dna_damage_response,oxidative_stress,2.1208472805103007,0.085
gamma,12-30h,dna_damage_response,root_columella,1.397582746220141,0.19
gamma,12-30h,dna_damage_response,root_cortex,1.9621434206458315,0.125
gamma,12-30h,dna_damage_response,root_endodermis,1.201872249220669,0.305
gamma,12-30h,dna_damage_response,root_epidermis,0.21972101995807347,0.785
gamma,12-30h,dna_damage_response,root_lateral_root_cap,0.12310745035852173,0.87
gamma,12-30h,dna_damage_response,root_meristem,0.8536286769947296,0.485
gamma,12-30h,dna_damage_response,root_pericycle,2.2858917604166096,0.075
gamma,12-30h,dna_damage_response,root_phloem,0.8019916338731821,0.585
gamma,12-30h,dna_damage_response,root_stele,0.8799034966485946,0.46
gamma,12-30h,dna_damage_response,root_xylem,1.019042913236725,0.355
gamma,12-30h,dna_damage_response,shoot_apical_meristem,0.9459014024952299,0.435
gamma,12-30h,hormone_response_aba,cotyledon,0.9504017533515525,0.37
gamma,12-30h,hormone_response_aba,dna_damage_response,0.9120092772159117,0.465
gamma,12-30h,hormone_response_aba,hormone_response_auxin,0.8173667356752989,0.52
gamma,12-30h,hormone_response_aba,hormone_response_cytokinin,0.40927423055413176,0.7
gamma,12-30h,hormone_response_aba,hormone_response_ethylene,1.353160185715044,0.22
gamma,12-30h,hormone_response_aba,hormone_response_ja,0.4693618555357572,0.675
gamma,12-30h,hormone_response_aba,hormone_response_sa,0.3771930488503359,0.735
gamma,12-30h,hormone_response_aba,hypocotyl,1.041930129146274,0.335
gamma,12-30h,hormone_response_aba,leaf_epidermis,0.03576273228058901,0.95
gamma,12-30h,hormone_response_aba,leaf_mesophyll,0.8647130530187573,0.45
gamma,12-30h,hormone_response_aba,oxidative_stress,1.8764041224223709,0.13
gamma,12-30h,hormone_response_aba,root_columella,1.2364562432265045,0.255
gamma,12-30h,hormone_response_aba,root_cortex,1.7359770847760607,0.135
gamma,12-30h,hormone_response_aba,root_endodermis,1.0632930623757515,0.345
gamma,12-30h,hormone_response_aba,root_epidermis,0.19437753050498166,0.78
gamma,12-30h,hormone_response_aba,root_lateral_root_cap,0.10890579395878221,0.85
gamma,12-30h,hormone_response_aba,root_meristem,0.7551894549896812,0.48
gamma,12-30h,hormone_response_aba,root_pericycle,2.0224479632392858,0.15
gamma,12-30h,hormone_response_aba,root_phloem,0.7095099643678411,0.61
gamma,12-30h,hormone_response_aba,root_stele,0.7784363927289775,0.55
gamma,12-30h,hormone_response_aba,root_xylem,0.9015383447172031,0.405
gamma,12-30h,hormone_response_aba,shoot_apical_meristem,0.8368294282224487,0.515
gamma,12-30h,hormone_response_auxin,cotyledon,0.9622463482328473,0.35
gamma,12-30h,hormone_response_auxin,dna_damage_response,0.9233743902448508,0.495
gamma,12-30h,hormone_response_auxin,hormone_response_aba,0.8174590652054006,0.52
gamma,12-30h,hormone_response_auxin,hormone_response_cytokinin,0.41437668542318706,0.715
gamma,12-30h,hormone_response_auxin,hormone_response_ethylene,1.3700212791798183,0.205
gamma,12-30h,hormone_response_auxin,hormone_response_ja,0.47521214166840553,0.685
gamma,12-30h,hormone_response_auxin,hormone_response_sa,0.38189511982162866,0.73
gamma,12-30h,hormone_response_auxin,hypocotyl,1.054915246581551,0.355
gamma,12-30h,hormone_response_auxin,leaf_epidermis,0.036208719138348056,0.96
gamma,12-30h,hormone_response_auxin,leaf_mesophyll,0.875489830192397,0.44
gamma,12-30h,hormone_response_auxin,oxidative_stress,1.8997775293424175,0.105
gamma,12-30h,hormone_response_auxin,root_columella,1.2518644695815968,0.255
gamma,12-30h,hormone_response_auxin,root_cortex,1.757603227035869,0.155
gamma,12-30h,hormone_response_auxin,root_endodermis,1.0765430539962988,0.305
gamma,12-30h,hormone_response_auxin,root_epidermis,0.19680121777044762,0.79
gamma,12-30h,hormone_response_auxin,root_lateral_root_cap,0.1102633667734738,0.87
gamma,12-30h,hormone_response_auxin,root_meristem,0.7646018163276544,0.555
gamma,12-30h,hormone_response_auxin,root_pericycle,2.047640247804753,0.105
gamma,12-30h,hormone_response_auxin,root_phloem,0.7183548918804159,0.605
gamma,12-30h,hormone_response_auxin,root_stele,0.7881387744173391,0.55
gamma,12-30h,hormone_response_auxin,root_xylem,0.9127745211867274,0.455
gamma,12-30h,hormone_response_auxin,shoot_apical_meristem,0.8472601980401202,0.455
gamma,12-30h,hormone_response_cytokinin,cotyledon,0.4820956893048355,0.625
gamma,12-30h,hormone_response_cytokinin,dna_damage_response,0.4626164380117407,0.7
gamma,12-30h,hormone_response_cytokinin,hormone_response_aba,0.40954149555482766,0.695
gamma,12-30h,hormone_response_cytokinin,hormone_response_auxin,0.4146003744248798,0.71
gamma,12-30h,hormone_response_cytokinin,hormone_response_ethylene,0.6864617714016985,0.56
gamma,12-30h,hormone_response_cytokinin,hormone_response_ja,0.23805885300780044,0.81
gamma,12-30h,hormone_response_cytokinin,hormone_response_sa,0.19130707577315795,0.835
gamma,12-30h,hormone_response_cytokinin,hypocotyl,0.5285353556896885,0.6
gamma,12-30h,hormone_response_cytokinin,leaf_epidermis,0.018136927633690136,0.99
gamma,12-30h,hormone_response_cytokinin,leaf_mesophyll,0.43862077940956606,0.68
gamma,12-30h,hormone_response_cytokinin,oxidative_stress,0.9520212222746295,0.375
gamma,12-30h,hormone_response_cytokinin,root_columella,0.6272405197382832,0.66
gamma,12-30h,hormone_response_cytokinin,root_cortex,0.880744762475749,0.485
gamma,12-30h,hormone_response_cytokinin,root_endodermis,0.5393744252952926,0.615
gamma,12-30h,hormone_response_cytokinin,root_epidermis,0.09858143150293097,0.915
gamma,12-30h,hormone_response_cytokinin,root_lateral_root_cap,0.05523195297340612,0.92
gamma,12-30h,hormone_response_cytokinin,root_meristem,0.38305566580778755,0.75
gamma,12-30h,hormone_response_cytokinin,root_pericycle,1.0261542897701859,0.38
gamma,12-30h,hormone_response_cytokinin,root_phloem,0.3598822223120173,0.77
gamma,12-30h,hormone_response_cytokinin,root_stele,0.39484953297194925,0.745
gamma,12-30h,hormone_response_cytokinin,root_xylem,0.4573043166614623,0.65
gamma,12-30h,hormone_response_cytokinin,shoot_apical_meristem,0.4244745345266207,0.725
gamma,12-30h,hormone_response_ethylene,cotyledon,1.5911112792935944,0.16
gamma,12-30h,hormone_response_ethylene,dna_damage_response,1.526855535314668,0.17
gamma,12-30h,hormone_response_ethylene,hormone_response_aba,1.3517604113970048,0.22
gamma,12-30h,hormone_response_ethylene,hormone_response_auxin,1.3684496185835229,0.205
gamma,12-30h,hormone_response_ethylene,hormone_response_cytokinin,0.6853040161042495,0.56
gamma,12-30h,hormone_response_ethylene,hormone_response_ja,0.7859017917154052,0.485
gamma,12-30h,hormone_response_ethylene,hormone_response_sa,0.6315927022065055,0.56
gamma,12-30h,hormone_response_ethylene,hypocotyl,1.744291866669255,0.16
gamma,12-30h,hormone_response_ethylene,leaf_epidermis,0.05988965769185151,0.88
gamma,12-30h,hormone_response_ethylene,leaf_mesophyll,1.447695738949782,0.155
gamma,12-30h,hormone_response_ethylene,oxidative_stress,3.1404420610993453,0.015
gamma,12-30h,hormone_response_ethylene,root_columella,2.069818141419457,0.07
gamma,12-30h,hormone_response_ethylene,root_cortex,2.9055468108786617,0.01
gamma,12-30h,hormone_response_ethylene,root_endodermis,1.7800432760682494,0.165
gamma,12-30h,hormone_response_ethylene,root_epidermis,0.3254955531123899,0.705
gamma,12-30h,hormone_response_ethylene,root_lateral_root_cap,0.1823736026117794,0.81
gamma,12-30h,hormone_response_ethylene,root_meristem,1.2643768793703845,0.23
gamma,12-30h,hormone_response_ethylene,root_pericycle,3.3847099575718222,0.0
gamma,12-30h,hormone_response_ethylene,root_phloem,1.187915156840187,0.305
gamma,12-30h,hormone_response_ethylene,root_stele,1.3032881682460378,0.22
gamma,12-30h,hormone_response_ethylene,root_xylem,1.5093304512508765,0.145
gamma,12-30h,hormone_response_ethylene,shoot_apical_meristem,1.4010257239466741,0.175
gamma,12-30h,hormone_response_ja,cotyledon,0.5532672317816303,0.565
gamma,12-30h,hormone_response_ja,dna_damage_response,0.5309154955738056,0.63
gamma,12-30h,hormone_response_ja,hormone_response_aba,0.4700034924986737,0.66
gamma,12-30h,hormone_response_ja,hormone_response_auxin,0.4758081882158054,0.685
gamma,12-30h,hormone_response_ja,hormone_response_cytokinin,0.2382287054454146,0.805
gamma,12-30h,hormone_response_ja,hormone_response_ethylene,0.7877910848778638,0.485
gamma,12-30h,hormone_response_ja,hormone_response_sa,0.219554291064327,0.815
gamma,12-30h,hormone_response_ja,hypocotyl,0.6065600114956089,0.575
gamma,12-30h,hormone_response_ja,leaf_epidermis,0.020814980319852124,0.98
gamma,12-30h,hormone_response_ja,leaf_mesophyll,0.5033763589834284,0.595
gamma,12-30h,hormone_response_ja,oxidative_stress,1.0925333864937063,0.265
gamma,12-30h,hormone_response_ja,root_columella,0.7198307730020326,0.615
gamma,12-30h,hormone_response_ja,root_cortex,1.0107418288248344,0.345
gamma,12-30h,hormone_response_ja,root_endodermis,0.6190009623484983,0.56
gamma,12-30h,hormone_response_ja,root_epidermis,0.11313734029302683,0.885
gamma,12-30h,hormone_response_ja,root_lateral_root_cap,0.06338819994047507,0.92
gamma,12-30h,hormone_response_ja,root_meristem,0.43960942501570044,0.67
gamma,12-30h,hormone_response_ja,root_pericycle,1.1775995979634741,0.29
gamma,12-30h,hormone_response_ja,root_phloem,0.41301235317323765,0.735
gamma,12-30h,hormone_response_ja,root_stele,0.45314355167993664,0.67
gamma,12-30h,hormone_response_ja,root_xylem,0.5248162525681894,0.59
gamma,12-30h,hormone_response_ja,shoot_apical_meristem,0.48713958383921446,0.66
gamma,12-30h,hormone_response_sa,cotyledon,0.44437749717036656,0.65
gamma,12-30h,hormone_response_sa,dna_damage_response,0.42642310485374696,0.74
gamma,12-30h,hormone_response_sa,hormone_response_aba,0.37749845506734087,0.735
gamma,12-30h,hormone_response_sa,hormone_response_auxin,0.3821610919028276,0.73
gamma,12-30h,hormone_response_sa,hormone_response_cytokinin,0.19133699252221628,0.835
gamma,12-30h,hormone_response_sa,hormone_response_ethylene,0.6327586933369572,0.56
gamma,12-30h,hormone_response_sa,hormone_response_ja,0.21943220177066844,0.82
gamma,12-30h,hormone_response_sa,hypocotyl,0.487184273780061,0.635
gamma,12-30h,hormone_response_sa,leaf_epidermis,0.01671756340370296,0.99
gamma,12-30h,hormone_response_sa,leaf_mesophyll,0.40430366743048374,0.705
gamma,12-30h,hormone_response_sa,oxidative_stress,0.877553079650309,0.46
gamma,12-30h,hormone_response_sa,root_columella,0.5781688536712976,0.645
gamma,12-30h,hormone_response_sa,root_cortex,0.8118495674709926,0.495
gamma,12-30h,hormone_response_sa,root_endodermis,0.4971766244806233,0.605
gamma,12-30h,hormone_response_sa,root_epidermis,0.0908670337126652,0.885
gamma,12-30h,hormone_response_sa,root_lateral_root_cap,0.05091014709091282,0.915
gamma,12-30h,hormone_response_sa,root_meristem,0.353085096482185,0.765
gamma,12-30h,hormone_response_sa,root_pericycle,0.9458887503518614,0.455
gamma,12-30h,hormone_response_sa,root_phloem,0.3317229688705114,0.75
gamma,12-30h,hormone_response_sa,root_stele,0.36395602133296046,0.76
gamma,12-30h,hormone_response_sa,root_xylem,0.4215250774694021,0.7
gamma,12-30h,hormone_response_sa,shoot_apical_meristem,0.3912627573190397,0.71
gamma,12-30h,hypocotyl,cotyledon,1.2263728355016925,0.275
gamma,12-30h,hypocotyl,dna_damage_response,1.1768388539843335,0.34
gamma,12-30h,hypocotyl,hormone_response_aba,1.041862132564457,0.335
gamma,12-30h,hypocotyl,hormone_response_auxin,1.0547273092981952,0.365
gamma,12-30h,hypocotyl,hormone_response_cytokinin,0.5281560405326209,0.61
gamma,12-30h,hypocotyl,hormone_response_ethylene,1.7459836330194214,0.155
gamma,12-30h,hypocotyl,hormone_response_ja,0.6056925148740331,0.57
gamma,12-30h,hypocotyl,hormone_response_sa,0.48675848417285805,0.635
gamma,12-30h,hypocotyl,leaf_epidermis,0.0461531039815443,0.93
gamma,12-30h,hypocotyl,leaf_mesophyll,1.1158157644921434,0.3
gamma,12-30h,hypocotyl,oxidative_stress,2.420951196854366,0.025
gamma,12-30h,hypocotyl,root_columella,1.5954263560653321,0.21
gamma,12-30h,hypocotyl,root_cortex,2.2398148267887796,0.05
gamma,12-30h,hypocotyl,root_endodermis,1.3720233932149337,0.235
gamma,12-30h,hypocotyl,root_epidermis,0.25084576054166974,0.76
gamma,12-30h,hypocotyl,root_lateral_root_cap,0.14054558148193513,0.825
gamma,12-30h,hypocotyl,root_meristem,0.9745025777981653,0.375
gamma,12-30h,hypocotyl,root_pericycle,2.609325425723516,0.065
gamma,12-30h,hypocotyl,root_phloem,0.9155628870878619,0.45
gamma,12-30h,hypocotyl,root_stele,1.0044973136753743,0.365
gamma,12-30h,hypocotyl,root_xylem,1.1633285795749846,0.245
gamma,12-30h,hypocotyl,shoot_apical_meristem,1.0798389689127812,0.345
gamma,12-30h,leaf_epidermis,cotyledon,0.04212809474134328,0.91
gamma,12-30h,leaf_epidermis,dna_damage_response,0.040425437362185644,0.925
gamma,12-30h,leaf_epidermis,hormone_response_aba,0.035786824778285285,0.945
gamma,12-30h,leaf_epidermis,hormone_response_auxin,0.036229006467643314,0.955
gamma,12-30h,leaf_epidermis,hormone_response_cytokinin,0.018137308212429138,0.99
gamma,12-30h,leaf_epidermis,hormone_response_ethylene,0.059992086845415085,0.875
gamma,12-30h,leaf_epidermis,hormone_response_ja,0.020800576178003686,0.98
gamma,12-30h,leaf_epidermis,hormone_response_sa,0.016715305608300448,0.995
gamma,12-30h,leaf_epidermis,hypocotyl,0.04618721086579674,0.925
gamma,12-30h,leaf_epidermis,leaf_mesophyll,0.038328265434698534,0.93
gamma,12-30h,leaf_epidermis,oxidative_stress,0.08320961635705929,0.885
gamma,12-30h,leaf_epidermis,root_columella,0.05481516096440824,0.895
gamma,12-30h,leaf_epidermis,root_cortex,0.0769774610471578,0.895
gamma,12-30h,leaf_epidermis,root_endodermis,0.04713452266172732,0.92
gamma,12-30h,leaf_epidermis,root_epidermis,0.008613161257113897,0.99
gamma,12-30h,leaf_epidermis,root_lateral_root_cap,0.004825541516700791,1.0
gamma,12-30h,leaf_epidermis,root_meristem,0.03347198631674985,0.985
gamma,12-30h,leaf_epidermis,root_pericycle,0.08969206963931434,0.9
gamma,12-30h,leaf_epidermis,root_phloem,0.03144687885902476,0.98
gamma,12-30h,leaf_epidermis,root_stele,0.03450275795398623,0.915
gamma,12-30h,leaf_epidermis,root_xylem,0.03996128850379392,0.92
gamma,12-30h,leaf_epidermis,shoot_apical_meristem,0.03709200711826829,0.965
gamma,12-30h,leaf_mesophyll,cotyledon,1.0180798172581806,0.295
gamma,12-30h,leaf_mesophyll,dna_damage_response,0.9769567576004556,0.415
gamma,12-30h,leaf_mesophyll,hormone_response_aba,0.8648938755977407,0.44
gamma,12-30h,leaf_mesophyll,hormone_response_auxin,0.8755739939907186,0.44
gamma,12-30h,leaf_mesophyll,hormone_response_cytokinin,0.43842614783258793,0.68
gamma,12-30h,leaf_mesophyll,hormone_response_ethylene,1.4494975852521186,0.155
gamma,12-30h,leaf_mesophyll,hormone_response_ja,0.5027944203306065,0.6
gamma,12-30h,leaf_mesophyll,hormone_response_sa,0.40406103605966776,0.705
gamma,12-30h,leaf_mesophyll,hypocotyl,1.1161217643686099,0.295
gamma,12-30h,leaf_mesophyll,leaf_epidermis,0.03831045334022526,0.93
gamma,12-30h,leaf_mesophyll,oxidative_stress,2.009960442793369,0.09
gamma,12-30h,leaf_mesophyll,root_columella,1.3244899419443674,0.24
gamma,12-30h,leaf_mesophyll,root_cortex,1.8595471243770887,0.105
gamma,12-30h,leaf_mesophyll,root_endodermis,1.1390069024666731,0.28
gamma,12-30h,leaf_mesophyll,root_epidermis,0.20822400320847595,0.79
gamma,12-30h,leaf_mesophyll,root_lateral_root_cap,0.11666474361347522,0.835
gamma,12-30h,leaf_mesophyll,root_meristem,0.8089722149438915,0.49
gamma,12-30h,leaf_mesophyll,root_pericycle,2.1663866046238773,0.09
gamma,12-30h,leaf_mesophyll,root_phloem,0.7600382166746119,0.58
gamma,12-30h,leaf_mesophyll,root_stele,0.8338735542144614,0.5
gamma,12-30h,leaf_mesophyll,root_xylem,0.9657379338112182,0.335
gamma,12-30h,leaf_mesophyll,shoot_apical_meristem,0.8964219360858955,0.465
gamma,12-30h,oxidative_stress,cotyledon,2.2061344742571345,0.055
gamma,12-30h,oxidative_stress,dna_damage_response,2.11707011303175,0.09
gamma,12-30h,oxidative_stress,hormone_response_aba,1.8743468875715978,0.13
gamma,12-30h,oxidative_stress,hormone_response_auxin,1.8974810794354193,0.105
gamma,12-30h,oxidative_stress,hormone_response_cytokinin,0.9503566090873353,0.385
gamma,12-30h,oxidative_stress,hormone_response_ethylene,3.1402467611759075,0.02
gamma,12-30h,oxidative_stress,hormone_response_ja,1.0898453396854553,0.265
gamma,12-30h,oxidative_stress,hormone_response_sa,0.8758814141054053,0.46
gamma,12-30h,oxidative_stress,hypocotyl,2.4184558621181034,0.03
gamma,12-30h,oxidative_stress,leaf_epidermis,0.08306239315633598,0.885
gamma,12-30h,oxidative_stress,leaf_mesophyll,2.007337282881099,0.09
gamma,12-30h,oxidative_stress,root_columella,2.86962448476251,0.02
gamma,12-30h,oxidative_stress,root_cortex,4.0276785994743785,0.005
gamma,12-30h,oxidative_stress,root_endodermis,2.4680119293884104,0.045
gamma,12-30h,oxidative_stress,root_epidermis,0.45141577761046536,0.655
gamma,12-30h,oxidative_stress,root_lateral_root_cap,0.2529339878077386,0.77
gamma,12-30h,oxidative_stress,root_meristem,1.7532109980312514,0.12
gamma,12-30h,oxidative_stress,root_pericycle,4.691481924411586,0.0
gamma,12-30h,oxidative_stress,root_phloem,1.6472066556109448,0.18
gamma,12-30h,oxidative_stress,root_stele,1.807152511116616,0.14
gamma,12-30h,oxidative_stress,root_xylem,2.0927729631524774,0.09
gamma,12-30h,oxidative_stress,shoot_apical_meristem,1.9426391329545396,0.145
gamma,12-30h,root_columella,cotyledon,1.454611325296803,0.235
gamma,12-30h,root_columella,dna_damage_response,1.3958637890559915,0.2
gamma,12-30h,root_columella,hormone_response_aba,1.2357821536002989,0.265
gamma,12-30h,root_columella,hormone_response_auxin,1.251040760978564,0.255
gamma,12-30h,root_columella,hormone_response_cytokinin,0.626489492893201,0.655
gamma,12-30h,root_columella,hormone_response_ethylene,2.0708314332165854,0.065
gamma,12-30h,root_columella,hormone_response_ja,0.7184561274224984,0.615
gamma,12-30h,root_columella,hormone_response_sa,0.5773862522387662,0.645
gamma,12-30h,root_columella,hypocotyl,1.5946608571605327,0.21
gamma,12-30h,root_columella,leaf_epidermis,0.054748396471319884,0.895
gamma,12-30h,root_columella,leaf_mesophyll,1.3234913302450724,0.24
gamma,12-30h,root_columella,oxidative_stress,2.871206912289599,0.02
gamma,12-30h,root_columella,root_cortex,2.6564246945223973,0.04
gamma,12-30h,root_columella,root_endodermis,1.627347128709647,0.215
gamma,12-30h,root_columella,root_epidermis,0.2975563443162971,0.795
gamma,12-30h,root_columella,root_lateral_root_cap,0.1667182084760852,0.84
gamma,12-30h,root_columella,root_meristem,1.1558915546823556,0.295
gamma,12-30h,root_columella,root_pericycle,3.09456491013223,0.02
gamma,12-30h,root_columella,root_phloem,1.0859879399583632,0.375
gamma,12-30h,root_columella,root_stele,1.1914663802758751,0.34
gamma,12-30h,root_columella,root_xylem,1.3798419404820477,0.205
gamma,12-30h,root_columella,shoot_apical_meristem,1.2808236302597493,0.27
gamma,12-30h,root_cortex,cotyledon,2.041686390960765,0.1
gamma,12-30h,root_cortex,dna_damage_response,1.9592547617970655,0.125
gamma,12-30h,root_cortex,hormone_response_aba,1.73461016002791,0.135
gamma,12-30h,root_cortex,hormone_response_auxin,1.7560214028219379,0.155
gamma,12-30h,root_cortex,hormone_response_cytokinin,0.8794767249727589,0.495
gamma,12-30h,root_cortex,hormone_response_ethylene,2.9062645582977376,0.005
gamma,12-30h,root_cortex,hormone_response_ja,1.0085668775421777,0.345
gamma,12-30h,root_cortex,hormone_response_sa,0.810553822587203,0.495
gamma,12-30h,root_cortex,hypocotyl,2.2381979129799885,0.05
gamma,12-30h,root_cortex,leaf_epidermis,0.07686503095836046,0.895
gamma,12-30h,root_cortex,leaf_mesophyll,1.857694711717062,0.105
gamma,12-30h,root_cortex,oxidative_stress,4.02892361536569,0.0
gamma,12-30h,root_cortex,root_columella,2.6557814279521543,0.04
gamma,12-30h,root_cortex,root_endodermis,2.2840642197089864,0.065
gamma,12-30h,root_cortex,root_epidermis,0.41774066456989817,0.735
gamma,12-30h,root_cortex,root_lateral_root_cap,0.23406370424969603,0.785
gamma,12-30h,root_cortex,root_meristem,1.622498247874944,0.18
gamma,12-30h,root_cortex,root_pericycle,4.342154290394097,0.01
gamma,12-30h,root_cortex,root_phloem,1.5243917999436967,0.23
gamma,12-30h,root_cortex,root_stele,1.6724214483892648,0.17
gamma,12-30h,root_cortex,root_xylem,1.936767203570468,0.105
gamma,12-30h,root_cortex,shoot_apical_meristem,1.7978156702969652,0.175
gamma,12-30h,root_endodermis,cotyledon,1.2515206279335995,0.225
gamma,12-30h,root_endodermis,dna_damage_response,1.2009742838230892,0.305
gamma,12-30h,root_endodermis,hormone_response_aba,1.0632274686712824,0.35
gamma,12-30h,root_endodermis,hormone_response_auxin,1.0763552058879917,0.31
gamma,12-30h,root_endodermis,hormone_response_cytokinin,0.5389891116852775,0.605
gamma,12-30h,root_endodermis,hormone_response_ethylene,1.7817761587519172,0.165
gamma,12-30h,root_endodermis,hormone_response_ja,0.6181179551878897,0.56
gamma,12-30h,root_endodermis,hormone_response_sa,0.496743678915542,0.605
gamma,12-30h,root_endodermis,hypocotyl,1.3720282510964994,0.235
gamma,12-30h,root_endodermis,leaf_epidermis,0.047099861376739216,0.92
gamma,12-30h,root_endodermis,leaf_mesophyll,1.1386985450215765,0.285
gamma,12-30h,root_endodermis,oxidative_stress,2.4705680657904097,0.045
gamma,12-30h,root_endodermis,root_columella,1.6281342529655576,0.205
gamma,12-30h,root_endodermis,root_cortex,2.285722969392485,0.065
gamma,12-30h,root_endodermis,root_epidermis,0.25599127176280734,0.785
gamma,12-30h,root_endodermis,root_lateral_root_cap,0.14342966881940977,0.82
gamma,12-30h,root_endodermis,root_meristem,0.9944884986968099,0.385
gamma,12-30h,root_endodermis,root_pericycle,2.6627953386612586,0.05
gamma,12-30h,root_endodermis,root_phloem,0.9343370095209801,0.45
gamma,12-30h,root_endodermis,root_stele,1.0250973399224474,0.395
gamma,12-30h,root_endodermis,root_xylem,1.187183651746588,0.3
gamma,12-30h,root_endodermis,shoot_apical_meristem,1.101981355987367,0.31
gamma,12-30h,root_epidermis,cotyledon,0.22895287530511968,0.76
gamma,12-30h,root_epidermis,dna_damage_response,0.2197005955687418,0.785
gamma,12-30h,root_epidermis,hormone_response_aba,0.19449261661201633,0.78
gamma,12-30h,root_epidermis,hormone_response_auxin,0.19689540979670486,0.785
gamma,12-30h,root_epidermis,hormone_response_cytokinin,0.09857544299509007,0.915
gamma,12-30h,root_epidermis,hormone_response_ethylene,0.3260255858446289,0.705
gamma,12-30h,root_epidermis,hormone_response_ja,0.11304984945897846,0.89
gamma,12-30h,root_epidermis,hormone_response_sa,0.09084733612302465,0.885
gamma,12-30h,root_epidermis,hypocotyl,0.25101061498213484,0.76
gamma,12-30h,root_epidermis,leaf_epidermis,0.00861245661519024,0.99
gamma,12-30h,root_epidermis,leaf_mesophyll,0.2083037943165555,0.79
gamma,12-30h,root_epidermis,oxidative_stress,0.45217890315852166,0.655
gamma,12-30h,root_epidermis,root_columella,0.29789484844372077,0.795
gamma,12-30h,root_epidermis,root_cortex,0.41831743394333415,0.735
gamma,12-30h,root_epidermis,root_endodermis,0.2561587354402553,0.785
gamma,12-30h,root_epidermis,root_lateral_root_cap,0.026227444356354726,0.98
gamma,12-30h,root_epidermis,root_meristem,0.18191307885673386,0.85
gamma,12-30h,root_epidermis,root_pericycle,0.4873988863176847,0.675
gamma,12-30h,root_epidermis,root_phloem,0.17090732099130257,0.82
gamma,12-30h,root_epidermis,root_stele,0.18751457771443802,0.82
gamma,12-30h,root_epidermis,root_xylem,0.2171778788999901,0.78
gamma,12-30h,root_epidermis,shoot_apical_meristem,0.2015852081933153,0.83
gamma,12-30h,root_lateral_root_cap,cotyledon,0.1283948045400412,0.84
gamma,12-30h,root_lateral_root_cap,dna_damage_response,0.12320697188271568,0.87
gamma,12-30h,root_lateral_root_cap,hormone_response_aba,0.10906868315605218,0.845
gamma,12-30h,root_lateral_root_cap,hormone_response_auxin,0.11041582111685323,0.87
gamma,12-30h,root_lateral_root_cap,hormone_response_cytokinin,0.0552784254543882,0.92
gamma,12-30h,root_lateral_root_cap,hormone_response_ethylene,0.1828355874241345,0.81
gamma,12-30h,root_lateral_root_cap,hormone_response_ja,0.06339636649134854,0.92
gamma,12-30h,root_lateral_root_cap,hormone_response_sa,0.05094498959496799,0.915
gamma,12-30h,root_lateral_root_cap,hypocotyl,0.14076492987747402,0.825
gamma,12-30h,root_lateral_root_cap,leaf_epidermis,0.00482949660453319,0.995
gamma,12-30h,root_lateral_root_cap,leaf_mesophyll,0.11681476336947194,0.83
gamma,12-30h,root_lateral_root_cap,oxidative_stress,0.2535906906598926,0.765
gamma,12-30h,root_lateral_root_cap,root_columella,0.16705865984803142,0.845
gamma,12-30h,root_lateral_root_cap,root_cortex,0.2345987580435862,0.785
gamma,12-30h,root_lateral_root_cap,root_endodermis,0.1436530464240212,0.82
gamma,12-30h,root_lateral_root_cap,root_epidermis,0.02625108036370851,0.98
gamma,12-30h,root_lateral_root_cap,root_meristem,0.10201443705560187,0.875
gamma,12-30h,root_lateral_root_cap,root_pericycle,0.2733438195939686,0.78
gamma,12-30h,root_lateral_root_cap,root_phloem,0.09584108535346901,0.875
gamma,12-30h,root_lateral_root_cap,root_stele,0.10515555646799479,0.855
gamma,12-30h,root_lateral_root_cap,root_xylem,0.12179094014493856,0.81
gamma,12-30h,root_lateral_root_cap,shoot_apical_meristem,0.11304582226646522,0.86
gamma,12-30h,root_meristem,cotyledon,0.8892814697969378,0.395
gamma,12-30h,root_meristem,dna_damage_response,0.8533587408337717,0.485
gamma,12-30h,root_meristem,hormone_response_aba,0.7554683029079028,0.48
gamma,12-30h,root_meristem,hormone_response_auxin,0.7647976362359376,0.545
gamma,12-30h,root_meristem,hormone_response_cytokinin,0.3829469737840522,0.75
gamma,12-30h,root_meristem,hormone_response_ethylene,1.2661532660158232,0.22
gamma,12-30h,root_meristem,hormone_response_ja,0.439171636066108,0.67
gamma,12-30h,root_meristem,hormone_response_sa,0.3529297380997011,0.765
gamma,12-30h,root_meristem,hypocotyl,0.9749258127929525,0.375
gamma,12-30h,root_meristem,leaf_epidermis,0.03346177617988088,0.985
gamma,12-30h,root_meristem,leaf_mesophyll,0.8091018194309252,0.49
gamma,12-30h,root_meristem,oxidative_stress,1.755783345560941,0.12
gamma,12-30h,root_meristem,root_columella,1.1569488013548246,0.295
gamma,12-30h,root_meristem,root_cortex,1.624376317677185,0.175
gamma,12-30h,root_meristem,root_endodermis,0.9949172221947817,0.385
gamma,12-30h,root_meristem,root_epidermis,0.18187246789080555,0.855
gamma,12-30h,root_meristem,root_lateral_root_cap,0.10189979585895272,0.88
gamma,12-30h,root_meristem,root_pericycle,1.8924458557631247,0.135
gamma,12-30h,root_meristem,root_phloem,0.6638746442119197,0.61
gamma,12-30h,root_meristem,root_stele,0.7283712200389012,0.58
gamma,12-30h,root_meristem,root_xylem,0.8435587550844644,0.41
gamma,12-30h,root_meristem,shoot_apical_meristem,0.7830089132260352,0.535
gamma,12-30h,root_pericycle,cotyledon,2.377184378667474,0.065
gamma,12-30h,root_pericycle,dna_damage_response,2.281218974737129,0.08
gamma,12-30h,root_pericycle,hormone_response_aba,2.0196974844298947,0.14
gamma,12-30h,root_pericycle,hormone_response_auxin,2.044625360264515,0.115
gamma,12-30h,root_pericycle,hormone_response_cytokinin,1.0240896455551678,0.4
gamma,12-30h,root_pericycle,hormone_response_ethylene,3.3836069381894127,0.01
gamma,12-30h,root_pericycle,hormone_response_ja,1.1743918306071104,0.29
gamma,12-30h,root_pericycle,hormone_response_sa,0.9438377700795171,0.45
gamma,12-30h,root_pericycle,hypocotyl,2.6059485139814784,0.065
gamma,12-30h,root_pericycle,leaf_epidermis,0.08950974482979143,0.9
gamma,12-30h,root_pericycle,leaf_mesophyll,2.162988601755366,0.09
gamma,12-30h,root_pericycle,oxidative_stress,4.690244934425074,0.0
gamma,12-30h,root_pericycle,root_columella,3.0920438241286794,0.025
gamma,12-30h,root_pericycle,root_cortex,4.33966814500753,0.02
gamma,12-30h,root_pericycle,root_endodermis,2.6593386428428847,0.065
gamma,12-30h,root_pericycle,root_epidermis,0.4864479638404982,0.675
gamma,12-30h,root_pericycle,root_lateral_root_cap,0.27256389582206175,0.78
gamma,12-30h,root_pericycle,root_meristem,1.8891749486666705,0.135
gamma,12-30h,root_pericycle,root_phloem,1.7749607641166802,0.17
gamma,12-30h,root_pericycle,root_stele,1.9472967100397327,0.175
gamma,12-30h,root_pericycle,root_xylem,2.255043645923054,0.04
gamma,12-30h,root_pericycle,shoot_apical_meristem,2.093281985885354,0.09
gamma,12-30h,root_phloem,cotyledon,0.835380902591469,0.5
gamma,12-30h,root_phloem,dna_damage_response,0.8016308048479267,0.585
gamma,12-30h,root_phloem,hormone_response_aba,0.7096766594269791,0.605
gamma,12-30h,root_phloem,hormone_response_auxin,0.7184423895461641,0.605
gamma,12-30h,root_phloem,hormone_response_cytokinin,0.35973197987527417,0.775
gamma,12-30h,root_phloem,hormone_response_ethylene,1.1894245619455652,0.305
gamma,12-30h,root_phloem,hormone_response_ja,0.4125454523236705,0.735
gamma,12-30h,root_phloem,hormone_response_sa,0.33153269498118204,0.75
gamma,12-30h,root_phloem,hypocotyl,0.9158377766864492,0.44
gamma,12-30h,root_phloem,leaf_epidermis,0.031433101684518606,0.98
gamma,12-30h,root_phloem,leaf_mesophyll,0.7600581074328832,0.58
gamma,12-30h,root_phloem,oxidative_stress,1.649401424082205,0.18
gamma,12-30h,root_phloem,root_columella,1.086835456930782,0.375
gamma,12-30h,root_phloem,root_cortex,1.5259512512554319,0.23
gamma,12-30h,root_phloem,root_endodermis,0.9346143668153266,0.44
gamma,12-30h,root_phloem,root_epidermis,0.17084641667654757,0.82
gamma,12-30h,root_phloem,root_lateral_root_cap,0.09572052096235248,0.875
gamma,12-30h,root_phloem,root_meristem,0.6637859320168793,0.61
gamma,12-30h,root_phloem,root_pericycle,1.7777946793699773,0.175
gamma,12-30h,root_phloem,root_stele,0.684220811650977,0.625
gamma,12-30h,root_phloem,root_xylem,0.7924294141093816,0.525
gamma,12-30h,root_phloem,shoot_apical_meristem,0.7355504846610939,0.605
gamma,12-30h,root_stele,cotyledon,0.9166451863505851,0.42
gamma,12-30h,root_stele,dna_damage_response,0.8796167563225673,0.465
gamma,12-30h,root_stele,hormone_response_aba,0.7787162000442962,0.555
gamma,12-30h,root_stele,hormone_response_auxin,0.788332941123779,0.545
gamma,12-30h,root_stele,hormone_response_cytokinin,0.39473365994921,0.75
gamma,12-30h,root_stele,hormone_response_ethylene,1.3051065725677706,0.22
gamma,12-30h,root_stele,hormone_response_ja,0.4526877692879029,0.67
gamma,12-30h,root_stele,hormone_response_sa,0.36379235128619325,0.76
gamma,12-30h,root_stele,hypocotyl,1.0049238784624075,0.375
gamma,12-30h,root_stele,leaf_epidermis,0.03449190441624946,0.925
gamma,12-30h,root_stele,leaf_mesophyll,0.8339990487233205,0.49
gamma,12-30h,root_stele,oxidative_stress,1.8097863746263945,0.125
gamma,12-30h,root_stele,root_columella,1.1925446523560606,0.34
gamma,12-30h,root_stele,root_cortex,1.6743411170355076,0.165
gamma,12-30h,root_stele,root_endodermis,1.0255292712612474,0.39
gamma,12-30h,root_stele,root_epidermis,0.1874709243821894,0.825
gamma,12-30h,root_stele,root_lateral_root_cap,0.10503633425398648,0.86
gamma,12-30h,root_stele,root_meristem,0.7283641913873774,0.58
gamma,12-30h,root_stele,root_pericycle,1.9506493341617486,0.17
gamma,12-30h,root_stele,root_phloem,0.6843056881173492,0.62
gamma,12-30h,root_stele,root_xylem,0.8695163489681826,0.485
gamma,12-30h,root_stele,shoot_apical_meristem,0.8071044938641297,0.54
gamma,12-30h,root_xylem,cotyledon,1.0613704327579545,0.285
gamma,12-30h,root_xylem,dna_damage_response,1.018497918769178,0.36
gamma,12-30h,root_xylem,hormone_response_aba,0.9016740341587473,0.4
gamma,12-30h,root_xylem,hormone_response_auxin,0.9128088372591933,0.465
gamma,12-30h,root_xylem,hormone_response_cytokinin,0.4570747916803668,0.65
gamma,12-30h,root_xylem,hormone_response_ethylene,1.511120267534721,0.145
gamma,12-30h,root_xylem,hormone_response_ja,0.5241787956830455,0.6
gamma,12-30h,root_xylem,hormone_response_sa,0.42124759806744605,0.7
gamma,12-30h,root_xylem,hypocotyl,1.1635795347236473,0.245
gamma,12-30h,root_xylem,leaf_epidermis,0.03994040206562496,0.92
gamma,12-30h,root_xylem,leaf_mesophyll,0.9656814783382731,0.345
gamma,12-30h,root_xylem,oxidative_stress,2.0953840124928194,0.09
gamma,12-30h,root_xylem,root_columella,1.380802098937638,0.205
gamma,12-30h,root_xylem,root_cortex,1.9385842908626822,0.115
gamma,12-30h,root_xylem,root_endodermis,1.1874355641230903,0.295
gamma,12-30h,root_xylem,root_epidermis,0.2170821084117632,0.78
gamma,12-30h,root_xylem,root_lateral_root_cap,0.12162743432330358,0.81
gamma,12-30h,root_xylem,root_meristem,0.8433745252499036,0.415
gamma,12-30h,root_xylem,root_pericycle,2.2584527967229606,0.04
gamma,12-30h,root_xylem,root_phloem,0.7923625177316534,0.535
gamma,12-30h,root_xylem,root_stele,0.8693348092012873,0.485
gamma,12-30h,root_xylem,shoot_apical_meristem,0.9345430979389866,0.43
gamma,12-30h,shoot_apical_meristem,cotyledon,0.9852177581005633,0.38
gamma,12-30h,shoot_apical_meristem,dna_damage_response,0.9454183645810833,0.435
gamma,12-30h,shoot_apical_meristem,hormone_response_aba,0.8369753413092736,0.51
gamma,12-30h,shoot_apical_meristem,hormone_response_auxin,0.8473121094869053,0.455
gamma,12-30h,shoot_apical_meristem,hormone_response_cytokinin,0.4242715599668639,0.725
gamma,12-30h,shoot_apical_meristem,hormone_response_ethylene,1.4027208699085738,0.175
gamma,12-30h,shoot_apical_meristem,hormone_response_ja,0.4865594497370299,0.66
gamma,12-30h,shoot_apical_meristem,hormone_response_sa,0.3910145580110129,0.715
gamma,12-30h,shoot_apical_meristem,hypocotyl,1.0800977296513992,0.345
gamma,12-30h,shoot_apical_meristem,leaf_epidermis,0.03707350102241587,0.965
gamma,12-30h,shoot_apical_meristem,leaf_mesophyll,0.8963910183978054,0.465
gamma,12-30h,shoot_apical_meristem,oxidative_stress,1.9451098480698228,0.14
gamma,12-30h,shoot_apical_meristem,root_columella,1.2817455563205633,0.26
gamma,12-30h,shoot_apical_meristem,root_cortex,1.7995458188226747,0.175
gamma,12-30h,shoot_apical_meristem,root_endodermis,1.1022416703689986,0.31
gamma,12-30h,shoot_apical_meristem,root_epidermis,0.20150110803401974,0.83
gamma,12-30h,shoot_apical_meristem,root_lateral_root_cap,0.11289675571977119,0.86
gamma,12-30h,shoot_apical_meristem,root_meristem,0.782856694604057,0.535
gamma,12-30h,shoot_apical_meristem,root_pericycle,2.096497193607404,0.085
gamma,12-30h,shoot_apical_meristem,root_phloem,0.7355058507202619,0.61
gamma,12-30h,shoot_apical_meristem,root_stele,0.8069553574042879,0.545
gamma,12-30h,shoot_apical_meristem,root_xylem,0.9345653960013109,0.43
GCR,2-6h,cotyledon,dna_damage_response,1845.5442314668235,0.35
GCR,2-6h,cotyledon,hormone_response_aba,2211.5861513893055,0.155
GCR,2-6h,cotyledon,hormone_response_auxin,1806.7481018464255,0.365
GCR,2-6h,cotyledon,hormone_response_cytokinin,1314.8141788970418,0.595
GCR,2-6h,cotyledon,hormone_response_ethylene,2112.871700988891,0.2
GCR,2-6h,cotyledon,hormone_response_ja,1104.7955145077042,0.69
GCR,2-6h,cotyledon,hormone_response_sa,2113.038617035598,0.17
GCR,2-6h,cotyledon,hypocotyl,2112.318385311978,0.215
GCR,2-6h,cotyledon,leaf_epidermis,0.0,1.0
GCR,2-6h,cotyledon,leaf_mesophyll,2032.62952381887,0.245
GCR,2-6h,cotyledon,leaf_vasculature,1560.418790172505,0.425
GCR,2-6h,cotyledon,oxidative_stress,2600.592237295783,0.025
GCR,2-6h,cotyledon,root_columella,1821.4269287357054,0.365
GCR,2-6h,cotyledon,root_cortex,1779.321694723921,0.4
GCR,2-6h,cotyledon,root_endodermis,2017.445072925897,0.27
GCR,2-6h,cotyledon,root_epidermis,875.4056759159355,0.72
GCR,2-6h,cotyledon,root_lateral_root_cap,228.05228392277505,0.825
GCR,2-6h,cotyledon,root_meristem,1090.5169209311885,0.665
GCR,2-6h,cotyledon,root_pericycle,2236.4392759411776,0.175
GCR,2-6h,cotyledon,root_phloem,1334.47551548637,0.59
GCR,2-6h,cotyledon,root_stele,0.0,1.0
GCR,2-6h,cotyledon,root_xylem,1706.801251045772,0.36
GCR,2-6h,cotyledon,shoot_apical_meristem,1612.413124272873,0.455
GCR,2-6h,dna_damage_response,cotyledon,1847.247259248682,0.35
GCR,2-6h,dna_damage_response,hormone_response_aba,2218.115974522221,0.11
GCR,2-6h,dna_damage_response,hormone_response_auxin,1806.5770328283709,0.36
GCR,2-6h,dna_damage_response,hormone_response_cytokinin,1309.1568349024694,0.525
GCR,2-6h,dna_damage_response,hormone_response_ethylene,2117.471269224802,0.15
GCR,2-6h,dna_damage_response,hormone_response_ja,1097.9167634916391,0.66
GCR,2-6h,dna_damage_response,hormone_response_sa,2117.8271530288944,0.155
GCR,2-6h,dna_damage_response,hypocotyl,2117.0033241228575,0.175
GCR,2-6h,dna_damage_response,leaf_epidermis,0.0,1.0
GCR,2-6h,dna_damage_response,leaf_mesophyll,2036.242448592434,0.245
GCR,2-6h,dna_damage_response,leaf_vasculature,1557.1846853846232,0.44
GCR,2-6h,dna_damage_response,oxidative_stress,2615.6439096409504,0.02
GCR,2-6h,dna_damage_response,root_columella,1821.5025782403802,0.325
GCR,2-6h,dna_damage_response,root_cortex,1779.0522812384283,0.39
GCR,2-6h,dna_damage_response,root_endodermis,2020.575628163365,0.26
GCR,2-6h,dna_damage_response,root_epidermis,867.9449161342575,0.685
GCR,2-6h,dna_damage_response,root_lateral_root_cap,224.81903676045417,0.785
GCR,2-6h,dna_damage_response,root_meristem,1083.4044613980855,0.62
GCR,2-6h,dna_damage_response,root_pericycle,2243.608663040557,0.115
GCR,2-6h,dna_damage_response,root_phloem,1329.0341970845877,0.59
GCR,2-6h,dna_damage_response,root_stele,0.0,1.0
GCR,2-6h,dna_damage_response,root_xylem,1705.3764038601455,0.325
GCR,2-6h,dna_damage_response,shoot_apical_meristem,1609.778206383318,0.465
GCR,2-6h,hormone_response_aba,cotyledon,2216.043034587477,0.145
GCR,2-6h,hormone_response_aba,dna_damage_response,2214.7729953005155,0.12
GCR,2-6h,hormone_response_aba,hormone_response_auxin,2174.858025897532,0.16
GCR,2-6h,hormone_response_aba,hormone_response_cytokinin,1667.5999339497284,0.39
GCR,2-6h,hormone_response_aba,hormone_response_ethylene,2471.7517824315373,0.05
GCR,2-6h,hormone_response_aba,hormone_response_ja,1433.307354258376,0.52
GCR,2-6h,hormone_response_aba,hormone_response_sa,2474.4207539032486,0.04
GCR,2-6h,hormone_response_aba,hypocotyl,2471.5286946026818,0.065
GCR,2-6h,hormone_response_aba,leaf_epidermis,0.0,1.0
GCR,2-6h,hormone_response_aba,leaf_mesophyll,2399.309399427205,0.075
GCR,2-6h,hormone_response_aba,leaf_vasculature,1922.249300738093,0.295
GCR,2-6h,hormone_response_aba,oxidative_stress,2929.582140348022,0.005
GCR,2-6h,hormone_response_aba,root_columella,2189.9535843425947,0.17
GCR,2-6h,hormone_response_aba,root_cortex,2151.453678564791,0.2
GCR,2-6h,hormone_response_aba,root_endodermis,2382.2635939907714,0.08
GCR,2-6h,hormone_response_aba,root_epidermis,1172.0555400381124,0.58
GCR,2-6h,hormone_response_aba,root_lateral_root_cap,334.3566745715054,0.765
GCR,2-6h,hormone_response_aba,root_meristem,1418.3950860666835,0.525
GCR,2-6h,hormone_response_aba,root_pericycle,2591.064746553521,0.05
GCR,2-6h,hormone_response_aba,root_phloem,1689.2309820293476,0.39
GCR,2-6h,hormone_response_aba,root_stele,0.0,1.0
GCR,2-6h,hormone_response_aba,root_xylem,2076.084066337554,0.2
GCR,2-6h,hormone_response_aba,shoot_apical_meristem,1979.8345238791471,0.295
GCR,2-6h,hormone_response_auxin,cotyledon,1804.7972410546506,0.385
GCR,2-6h,hormone_response_auxin,dna_damage_response,1803.5116941702236,0.37
GCR,2-6h,hormone_response_auxin,hormone_response_aba,2174.197514303624,0.165
GCR,2-6h,hormone_response_auxin,hormone_response_cytokinin,1272.9311221632709,0.605
GCR,2-6h,hormone_response_auxin,hormone_response_ethylene,2073.756467938555,0.25
GCR,2-6h,hormone_response_auxin,hormone_response_ja,1065.5881568410368,0.655
GCR,2-6h,hormone_response_auxin,hormone_response_sa,2073.7677938831707,0.18
GCR,2-6h,hormone_response_auxin,hypocotyl,2073.214809191885,0.23
GCR,2-6h,hormone_response_auxin,leaf_epidermis,0.0,1.0
GCR,2-6h,hormone_response_auxin,leaf_mesophyll,1992.2046518144887,0.265
GCR,2-6h,hormone_response_auxin,leaf_vasculature,1517.9262559588649,0.49
GCR,2-6h,hormone_response_auxin,oxidative_stress,2571.873575057235,0.08
GCR,2-6h,hormone_response_auxin,root_columella,1779.216467333308,0.41
GCR,2-6h,hormone_response_auxin,root_cortex,1736.8132544456646,0.415
GCR,2-6h,hormone_response_auxin,root_endodermis,1977.0203312672302,0.29
GCR,2-6h,hormone_response_auxin,root_epidermis,840.1745309093329,0.73
GCR,2-6h,hormone_response_auxin,root_lateral_root_cap,215.79598607629873,0.795
GCR,2-6h,hormone_response_auxin,root_meristem,1051.3354142783558,0.64
GCR,2-6h,hormone_response_auxin,root_pericycle,2199.2239611157124,0.175
GCR,2-6h,hormone_response_auxin,root_phloem,1292.4062110731104,0.605
GCR,2-6h,hormone_response_auxin,root_stele,0.0,1.0
GCR,2-6h,hormone_response_auxin,root_xylem,1664.056490762399,0.4
GCR,2-6h,hormone_response_auxin,shoot_apical_meristem,1569.4805533508372,0.47
GCR,2-6h,hormone_response_cytokinin,cotyledon,1361.8858251243112,0.55
GCR,2-6h,hormone_response_cytokinin,dna_damage_response,1359.8573888338337,0.51
GCR,2-6h,hormone_response_cytokinin,hormone_response_aba,1726.0186751908507,0.375
GCR,2-6h,hormone_response_cytokinin,hormone_response_auxin,1324.5919934563549,0.6
GCR,2-6h,hormone_response_cytokinin,hormone_response_ethylene,1623.8925857853978,0.415
GCR,2-6h,hormone_response_cytokinin,hormone_response_ja,722.873511228627,0.76
GCR,2-6h,hormone_response_cytokinin,hormone_response_sa,1621.657079355532,0.425
GCR,2-6h,hormone_response_cytokinin,hypocotyl,1622.9694602036125,0.39
GCR,2-6h,hormone_response_cytokinin,leaf_epidermis,0.0,1.0
GCR,2-6h,hormone_response_cytokinin,leaf_mesophyll,1538.6730020887408,0.435
GCR,2-6h,hormone_response_cytokinin,leaf_vasculature,1104.369569171313,0.625
GCR,2-6h,hormone_response_cytokinin,oxidative_stress,2147.061532285815,0.18
GCR,2-6h,hormone_response_cytokinin,root_columella,1337.4967655073317,0.585
GCR,2-6h,hormone_response_cytokinin,root_cortex,1295.6363420459743,0.62
GCR,2-6h,hormone_response_cytokinin,root_endodermis,1526.872630537454,0.44
GCR,2-6h,hormone_response_cytokinin,root_epidermis,547.5533803895175,0.77
GCR,2-6h,hormone_response_cytokinin,root_lateral_root_cap,125.91835272249568,0.805
GCR,2-6h,hormone_response_cytokinin,root_meristem,710.5137944370164,0.73
GCR,2-6h,hormone_response_cytokinin,root_pericycle,1749.2039406980332,0.38
GCR,2-6h,hormone_response_cytokinin,root_phloem,905.504822993798,0.74
GCR,2-6h,hormone_response_cytokinin,root_stele,0.0,1.0
GCR,2-6h,hormone_response_cytokinin,root_xylem,1231.0445198363795,0.565
GCR,2-6h,hormone_response_cytokinin,shoot_apical_meristem,1145.837392406572,0.64
GCR,2-6h,hormone_response_ethylene,cotyledon,2106.001948927979,0.21
GCR,2-6h,hormone_response_ethylene,dna_damage_response,2104.8330681615785,0.18
GCR,2-6h,hormone_response_ethylene,hormone_response_aba,2461.197788957051,0.055
GCR,2-6h,hormone_response_ethylene,hormone_response_auxin,2065.0267725428994,0.265
GCR,2-6h,hormone_response_ethylene,hormone_response_cytokinin,1559.425338653938,0.44
GCR,2-6h,hormone_response_ethylene,hormone_response_ja,1331.5413865089706,0.54
GCR,2-6h,hormone_response_ethylene,hormone_response_sa,2367.9702200480674,0.08
GCR,2-6h,hormone_response_ethylene,hypocotyl,2365.7779891888904,0.09
GCR,2-6h,hormone_response_ethylene,leaf_epidermis,0.0,1.0
GCR,2-6h,hormone_response_ethylene,leaf_mesophyll,2291.0237857255106,0.09
GCR,2-6h,hormone_response_ethylene,leaf_vasculature,1812.9017288789491,0.33
GCR,2-6h,hormone_response_ethylene,oxidative_stress,2834.6720848641403,0.005
GCR,2-6h,hormone_response_ethylene,root_columella,2080.1395032295395,0.225
GCR,2-6h,hormone_response_ethylene,root_cortex,2040.2876938448214,0.255
GCR,2-6h,hormone_response_ethylene,root_endodermis,2274.385132124843,0.095
GCR,2-6h,hormone_response_ethylene,root_epidermis,1078.7420477034138,0.655
GCR,2-6h,hormone_response_ethylene,root_lateral_root_cap,299.3019793883541,0.79
GCR,2-6h,hormone_response_ethylene,root_meristem,1316.6165193863367,0.53
GCR,2-6h,hormone_response_ethylene,root_pericycle,2487.0719864601656,0.055
GCR,2-6h,hormone_response_ethylene,root_phloem,1580.615712197955,0.455
GCR,2-6h,hormone_response_ethylene,root_stele,0.0,1.0
GCR,2-6h,hormone_response_ethylene,root_xylem,1965.3080887704327,0.285
GCR,2-6h,hormone_response_ethylene,shoot_apical_meristem,1869.0928665880094,0.305
GCR,2-6h,hormone_response_ja,cotyledon,1146.1201210866072,0.675
GCR,2-6h,hormone_response_ja,dna_damage_response,1144.1832976152675,0.625
GCR,2-6h,hormone_response_ja,hormone_response_aba,1491.9208102704154,0.5
GCR,2-6h,hormone_response_ja,hormone_response_auxin,1111.7863255361358,0.62
GCR,2-6h,hormone_response_ja,hormone_response_cytokinin,719.648942427479,0.775
GCR,2-6h,hormone_response_ja,hormone_response_ethylene,1393.5486583906218,0.515
GCR,2-6h,hormone_response_ja,hormone_response_sa,1390.515148294388,0.515
GCR,2-6h,hormone_response_ja,hypocotyl,1392.5051069507253,0.525
GCR,2-6h,hormone_response_ja,leaf_epidermis,0.0,1.0
GCR,2-6h,hormone_response_ja,leaf_mesophyll,1310.7305894113792,0.535
GCR,2-6h,hormone_response_ja,leaf_vasculature,912.9667113845347,0.67
GCR,2-6h,hormone_response_ja,oxidative_stress,1908.6848687183408,0.32
GCR,2-6h,hormone_response_ja,root_columella,1123.5343844752217,0.715
GCR,2-6h,hormone_response_ja,root_cortex,1084.1708652436282,0.69
GCR,2-6h,hormone_response_ja,root_endodermis,1300.7145548516826,0.56
GCR,2-6h,hormone_response_ja,root_epidermis,428.2269691705027,0.755
GCR,2-6h,hormone_response_ja,root_lateral_root_cap,93.39775258010542,0.825
GCR,2-6h,hormone_response_ja,root_meristem,565.1177554024349,0.715
GCR,2-6h,hormone_response_ja,root_pericycle,1513.3180202903272,0.51
GCR,2-6h,hormone_response_ja,root_phloem,733.6246153487069,0.765
GCR,2-6h,hormone_response_ja,root_stele,0.0,1.0
GCR,2-6h,hormone_response_ja,root_xylem,1025.3529294656548,0.655
GCR,2-6h,hormone_response_ja,shoot_apical_meristem,947.944331273512,0.74
GCR,2-6h,hormone_response_sa,cotyledon,2120.0698480303945,0.165
GCR,2-6h,hormone_response_sa,dna_damage_response,2119.1064858855575,0.155
GCR,2-6h,hormone_response_sa,hormone_response_aba,2477.1700191610257,0.04
GCR,2-6h,hormone_response_sa,hormone_response_auxin,2078.8758520018177,0.175
GCR,2-6h,hormone_response_sa,hormone_response_cytokinin,1569.999450022829,0.445
GCR,2-6h,hormone_response_sa,hormone_response_ethylene,2381.579319416649,0.075
GCR,2-6h,hormone_response_sa,hormone_response_ja,1340.3932506611627,0.53
GCR,2-6h,hormone_response_sa,hypocotyl,2381.3854150458615,0.09
GCR,2-6h,hormone_response_sa,leaf_epidermis,0.0,1.0
GCR,2-6h,hormone_response_sa,leaf_mesophyll,2306.8424868155553,0.085
GCR,2-6h,hormone_response_sa,leaf_vasculature,1825.2880940949226,0.265
GCR,2-6h,hormone_response_sa,oxidative_stress,2850.6683358273963,0.0
GCR,2-6h,hormone_response_sa,root_columella,2094.149809254531,0.22
GCR,2-6h,hormone_response_sa,root_cortex,2054.2998653912064,0.22
GCR,2-6h,hormone_response_sa,root_endodermis,2289.5747469301887,0.13
GCR,2-6h,hormone_response_sa,root_epidermis,1085.8349059240925,0.63
GCR,2-6h,hormone_response_sa,root_lateral_root_cap,301.1688953842481,0.76
GCR,2-6h,hormone_response_sa,root_meristem,1325.3336462272212,0.495
GCR,2-6h,hormone_response_sa,root_pericycle,2503.4799636027965,0.03
GCR,2-6h,hormone_response_sa,root_phloem,1591.412927881539,0.445
GCR,2-6h,hormone_response_sa,root_stele,0.0,1.0
GCR,2-6h,hormone_response_sa,root_xylem,1978.6332638132699,0.215
GCR,2-6h,hormone_response_sa,shoot_apical_meristem,1881.7672813894633,0.32
GCR,2-6h,hypocotyl,cotyledon,2112.1195596966386,0.22
GCR,2-6h,hypocotyl,dna_damage_response,2111.0202320731555,0.185
GCR,2-6h,hypocotyl,hormone_response_aba,2468.0668805737746,0.065
GCR,2-6h,hypocotyl,hormone_response_auxin,2071.0413257553796,0.225
GCR,2-6h,hypocotyl,hormone_response_cytokinin,1563.8710755442728,0.405
GCR,2-6h,hypocotyl,hormone_response_ethylene,2372.7758663336012,0.085
GCR,2-6h,hypocotyl,hormone_response_ja,1335.106147001937,0.55
GCR,2-6h,hypocotyl,hormone_response_sa,2374.807618148006,0.085
GCR,2-6h,hypocotyl,leaf_epidermis,0.0,1.0
GCR,2-6h,hypocotyl,leaf_mesophyll,2297.830831046709,0.11
GCR,2-6h,hypocotyl,leaf_vasculature,1818.1998500454233,0.305
GCR,2-6h,hypocotyl,oxidative_stress,2841.5411826863788,0.03
GCR,2-6h,hypocotyl,root_columella,2086.216180699589,0.235
GCR,2-6h,hypocotyl,root_cortex,2046.349215419294,0.23
GCR,2-6h,hypocotyl,root_endodermis,2280.964818704783,0.125
GCR,2-6h,hypocotyl,root_epidermis,1081.404504223875,0.65
GCR,2-6h,hypocotyl,root_lateral_root_cap,299.79354291014636,0.755
GCR,2-6h,hypocotyl,root_meristem,1320.1185824799795,0.55
GCR,2-6h,hypocotyl,root_pericycle,2494.132484669297,0.055
GCR,2-6h,hypocotyl,root_phloem,1585.164285560075,0.45
GCR,2-6h,hypocotyl,root_stele,0.0,1.0
GCR,2-6h,hypocotyl,root_xylem,1971.0872370748857,0.23
GCR,2-6h,hypocotyl,shoot_apical_meristem,1874.5703172777162,0.275
GCR,2-6h,leaf_epidermis,cotyledon,0.0,1.0
GCR,2-6h,leaf_epidermis,dna_damage_response,0.0,1.0
GCR,2-6h,leaf_epidermis,hormone_response_aba,0.0,1.0
GCR,2-6h,leaf_epidermis,hormone_response_auxin,0.0,1.0
GCR,2-6h,leaf_epidermis,hormone_response_cytokinin,0.0,1.0
GCR,2-6h,leaf_epidermis,hormone_response_ethylene,0.0,1.0
GCR,2-6h,leaf_epidermis,hormone_response_ja,0.0,1.0
GCR,2-6h,leaf_epidermis,hormone_response_sa,0.0,1.0
GCR,2-6h,leaf_epidermis,hypocotyl,0.0,1.0
GCR,2-6h,leaf_epidermis,leaf_mesophyll,0.0,1.0
GCR,2-6h,leaf_epidermis,leaf_vasculature,0.0,1.0
GCR,2-6h,leaf_epidermis,oxidative_stress,0.0,1.0
GCR,2-6h,leaf_epidermis,root_columella,0.0,1.0
GCR,2-6h,leaf_epidermis,root_cortex,0.0,1.0
GCR,2-6h,leaf_epidermis,root_endodermis,0.0,1.0
GCR,2-6h,leaf_epidermis,root_epidermis,0.0,1.0
GCR,2-6h,leaf_epidermis,root_lateral_root_cap,0.0,1.0
GCR,2-6h,leaf_epidermis,root_meristem,0.0,1.0
GCR,2-6h,leaf_epidermis,root_pericycle,0.0,1.0
GCR,2-6h,leaf_epidermis,root_phloem,0.0,1.0
GCR,2-6h,leaf_epidermis,root_stele,0.0,1.0
GCR,2-6h,leaf_epidermis,root_xylem,0.0,1.0
GCR,2-6h,leaf_epidermis,shoot_apical_meristem,0.0,1.0
GCR,2-6h,leaf_mesophyll,cotyledon,2056.8116343093297,0.23
GCR,2-6h,leaf_mesophyll,dna_damage_response,2055.944361851275,0.235
GCR,2-6h,leaf_mesophyll,hormone_response_aba,2419.010912805276,0.06
GCR,2-6h,leaf_mesophyll,hormone_response_auxin,2015.5311642267927,0.26
GCR,2-6h,leaf_mesophyll,hormone_response_cytokinin,1506.1414909386533,0.455
GCR,2-6h,leaf_mesophyll,hormone_response_ethylene,2321.8351032439914,0.085
GCR,2-6h,leaf_mesophyll,hormone_response_ja,1279.8012286689818,0.56
GCR,2-6h,leaf_mesophyll,hormone_response_sa,2323.9850553841825,0.08
GCR,2-6h,leaf_mesophyll,hypocotyl,2321.699544894486,0.11
GCR,2-6h,leaf_mesophyll,leaf_epidermis,0.0,1.0
GCR,2-6h,leaf_mesophyll,leaf_vasculature,1761.2785591610661,0.35
GCR,2-6h,leaf_mesophyll,oxidative_stress,2797.2012564327874,0.01
GCR,2-6h,leaf_mesophyll,root_columella,2030.8366925827877,0.235
GCR,2-6h,leaf_mesophyll,root_cortex,1990.2379755992076,0.255
GCR,2-6h,leaf_mesophyll,root_endodermis,2228.389832977909,0.135
GCR,2-6h,leaf_mesophyll,root_epidermis,1030.2925577462277,0.63
GCR,2-6h,leaf_mesophyll,root_lateral_root_cap,280.887906762256,0.75
GCR,2-6h,leaf_mesophyll,root_meristem,1264.7419151245117,0.515
GCR,2-6h,leaf_mesophyll,root_pericycle,2445.5185553163597,0.07
GCR,2-6h,leaf_mesophyll,root_phloem,1527.393816644625,0.47
GCR,2-6h,leaf_mesophyll,root_stele,0.0,1.0
GCR,2-6h,leaf_mesophyll,root_xylem,1914.4845019370146,0.265
GCR,2-6h,leaf_mesophyll,shoot_apical_meristem,1817.24451247382,0.335
GCR,2-6h,leaf_vasculature,cotyledon,1544.5734611994847,0.43
GCR,2-6h,leaf_vasculature,dna_damage_response,1542.5206115599199,0.44
GCR,2-6h,leaf_vasculature,hormone_response_aba,1912.7197432251091,0.3
GCR,2-6h,leaf_vasculature,hormone_response_auxin,1505.6581450753488,0.5
GCR,2-6h,leaf_vasculature,hormone_response_cytokinin,1044.7513574192637,0.655
GCR,2-6h,leaf_vasculature,hormone_response_ethylene,1810.9796231352525,0.32
GCR,2-6h,leaf_vasculature,hormone_response_ja,861.5176425961695,0.68
GCR,2-6h,leaf_vasculature,hormone_response_sa,1809.5171042833013,0.295
GCR,2-6h,leaf_vasculature,hypocotyl,1810.145886596802,0.305
GCR,2-6h,leaf_vasculature,leaf_epidermis,0.0,1.0
GCR,2-6h,leaf_vasculature,leaf_mesophyll,1726.357885139894,0.36
GCR,2-6h,leaf_vasculature,oxidative_stress,2324.3527347689997,0.14
GCR,2-6h,leaf_vasculature,root_columella,1519.28878972451,0.5
GCR,2-6h,leaf_vasculature,root_cortex,1476.742478238839,0.5
GCR,2-6h,leaf_vasculature,root_endodermis,1713.558263602232,0.385
GCR,2-6h,leaf_vasculature,root_epidermis,665.2141167563657,0.705
GCR,2-6h,leaf_vasculature,root_lateral_root_cap,163.05753703360935,0.765
GCR,2-6h,leaf_vasculature,root_meristem,847.8036447426113,0.685
GCR,2-6h,leaf_vasculature,root_pericycle,1936.68575031424,0.275
GCR,2-6h,leaf_vasculature,root_phloem,1062.161468201483,0.63
GCR,2-6h,leaf_vasculature,root_stele,0.0,1.0
GCR,2-6h,leaf_vasculature,root_xylem,1408.563891139414,0.43
GCR,2-6h,leaf_vasculature,shoot_apical_meristem,1318.9026182629768,0.515
GCR,2-6h,oxidative_stress,cotyledon,2636.130556819839,0.02
GCR,2-6h,oxidative_stress,dna_damage_response,2634.200049042135,0.02
GCR,2-6h,oxidative_stress,hormone_response_aba,2938.848701231135,0.005
GCR,2-6h,oxidative_stress,hormone_response_auxin,2597.0249961119544,0.06
GCR,2-6h,oxidative_stress,hormone_response_cytokinin,2119.1096775538085,0.19
GCR,2-6h,oxidative_stress,hormone_response_ethylene,2859.6047677936645,0.0
GCR,2-6h,oxidative_stress,hormone_response_ja,1871.7184904284652,0.34
GCR,2-6h,oxidative_stress,hormone_response_sa,2864.6116105932147,0.0
GCR,2-6h,oxidative_stress,hypocotyl,2859.2565923809575,0.015
GCR,2-6h,oxidative_stress,leaf_epidermis,0.0,1.0
GCR,2-6h,oxidative_stress,leaf_mesophyll,2799.5167403736527,0.01
GCR,2-6h,oxidative_stress,leaf_vasculature,2358.5465836229605,0.14
GCR,2-6h,oxidative_stress,root_columella,2610.5149669176426,0.045
GCR,2-6h,oxidative_stress,root_cortex,2579.6710829238336,0.04
GCR,2-6h,oxidative_stress,root_endodermis,2784.0582541015324,0.035
GCR,2-6h,oxidative_stress,root_epidermis,1592.8766767523011,0.45
GCR,2-6h,oxidative_stress,root_lateral_root_cap,518.2570054017684,0.775
GCR,2-6h,oxidative_stress,root_meristem,1859.6968397628598,0.345
GCR,2-6h,oxidative_stress,root_pericycle,2964.7579683872495,0.0
GCR,2-6h,oxidative_stress,root_phloem,2140.257609099148,0.17
GCR,2-6h,oxidative_stress,root_stele,0.0,1.0
GCR,2-6h,oxidative_stress,root_xylem,2508.793290022934,0.06
GCR,2-6h,oxidative_stress,shoot_apical_meristem,2418.723614817103,0.06
GCR,2-6h,root_columella,cotyledon,1821.070960451837,0.365
GCR,2-6h,root_columella,dna_damage_response,1819.8728784567484,0.325
GCR,2-6h,root_columella,hormone_response_aba,2191.955740119831,0.165
GCR,2-6h,root_columella,hormone_response_auxin,1780.5627465670127,0.41
GCR,2-6h,root_columella,hormone_response_cytokinin,1285.7819350778113,0.625
GCR,2-6h,root_columella,hormone_response_ethylene,2091.1818812021,0.21
GCR,2-6h,root_columella,hormone_response_ja,1076.7852976940096,0.74
GCR,2-6h,root_columella,hormone_response_sa,2091.317774242855,0.22
GCR,2-6h,root_columella,hypocotyl,2090.6709355978423,0.22
GCR,2-6h,root_columella,leaf_epidermis,0.0,1.0
GCR,2-6h,root_columella,leaf_mesophyll,2009.522998278177,0.245
GCR,2-6h,root_columella,leaf_vasculature,1532.3685629186018,0.5
GCR,2-6h,root_columella,oxidative_stress,2590.71009648801,0.045
GCR,2-6h,root_columella,root_cortex,1752.8998346707729,0.46
GCR,2-6h,root_columella,root_endodermis,1994.147933245603,0.31
GCR,2-6h,root_columella,root_epidermis,849.551179579809,0.78
GCR,2-6h,root_columella,root_lateral_root_cap,218.84076398362436,0.845
GCR,2-6h,root_columella,root_meristem,1062.3581304013417,0.675
GCR,2-6h,root_columella,root_pericycle,2217.216214472082,0.15
GCR,2-6h,root_columella,root_phloem,1305.4745828534176,0.64
GCR,2-6h,root_columella,root_stele,0.0,1.0
GCR,2-6h,root_columella,root_xylem,1679.623619270944,0.41
GCR,2-6h,root_columella,shoot_apical_meristem,1584.4571650616028,0.505
GCR,2-6h,root_cortex,cotyledon,1798.4441130123723,0.38
GCR,2-6h,root_cortex,dna_damage_response,1797.3956351138893,0.375
GCR,2-6h,root_cortex,hormone_response_aba,2172.6650028596587,0.195
GCR,2-6h,root_cortex,hormone_response_auxin,1757.946201709585,0.4
GCR,2-6h,root_cortex,hormone_response_cytokinin,1263.2654133855353,0.63
GCR,2-6h,root_cortex,hormone_response_ethylene,2070.7184171582844,0.245
GCR,2-6h,root_cortex,hormone_response_ja,1055.6914290014204,0.69
GCR,2-6h,root_cortex,hormone_response_sa,2070.924154190306,0.205
GCR,2-6h,root_cortex,hypocotyl,2070.2606676675096,0.225
GCR,2-6h,root_cortex,leaf_epidermis,0.0,1.0
GCR,2-6h,root_cortex,leaf_mesophyll,1988.487875545314,0.255
GCR,2-6h,root_cortex,leaf_vasculature,1509.62141924698,0.46
GCR,2-6h,root_cortex,oxidative_stress,2576.1414866486202,0.05
GCR,2-6h,root_cortex,root_columella,1772.82677636514,0.455
GCR,2-6h,root_cortex,root_endodermis,1972.766397099549,0.275
GCR,2-6h,root_cortex,root_epidermis,830.774462194834,0.755
GCR,2-6h,root_cortex,root_lateral_root_cap,212.47808709962072,0.805
GCR,2-6h,root_cortex,root_meristem,1041.3012658848522,0.67
GCR,2-6h,root_cortex,root_pericycle,2198.3284233101813,0.155
GCR,2-6h,root_cortex,root_phloem,1282.9049097329944,0.64
GCR,2-6h,root_cortex,root_stele,0.0,1.0
GCR,2-6h,root_cortex,root_xylem,1656.6431703954072,0.44
GCR,2-6h,root_cortex,shoot_apical_meristem,1561.3535454250532,0.47
GCR,2-6h,root_endodermis,cotyledon,2017.5443262083163,0.275
GCR,2-6h,root_endodermis,dna_damage_response,2016.535966642272,0.25
GCR,2-6h,root_endodermis,hormone_response_aba,2378.1530571566163,0.085
GCR,2-6h,root_endodermis,hormone_response_auxin,1976.773086383262,0.285
GCR,2-6h,root_endodermis,hormone_response_cytokinin,1473.036868568699,0.455
GCR,2-6h,root_endodermis,hormone_response_ethylene,2281.2496202103052,0.085
GCR,2-6h,root_endodermis,hormone_response_ja,1250.3458696047019,0.575
GCR,2-6h,root_endodermis,hormone_response_sa,2282.663969003299,0.13
GCR,2-6h,root_endodermis,hypocotyl,2280.9172009645454,0.135
GCR,2-6h,root_endodermis,leaf_epidermis,0.0,1.0
GCR,2-6h,root_endodermis,leaf_mesophyll,2204.3047737823076,0.145
GCR,2-6h,root_endodermis,leaf_vasculature,1725.4030765848986,0.365
GCR,2-6h,root_endodermis,oxidative_stress,2758.0803127495383,0.045
GCR,2-6h,root_endodermis,root_columella,1991.8825168274436,0.31
GCR,2-6h,root_endodermis,root_cortex,1951.0310067046867,0.28
GCR,2-6h,root_endodermis,root_epidermis,1004.713181183312,0.66
GCR,2-6h,root_endodermis,root_lateral_root_cap,271.94809975721245,0.78
GCR,2-6h,root_endodermis,root_meristem,1235.5515395117313,0.57
GCR,2-6h,root_endodermis,root_pericycle,2403.8872667039846,0.105
GCR,2-6h,root_endodermis,root_phloem,1493.8282999969815,0.505
GCR,2-6h,root_endodermis,root_stele,0.0,1.0
GCR,2-6h,root_endodermis,root_xylem,1876.3876024198967,0.31
GCR,2-6h,root_endodermis,shoot_apical_meristem,1780.256418583255,0.34
GCR,2-6h,root_epidermis,cotyledon,981.3338622731604,0.69
GCR,2-6h,root_epidermis,dna_damage_response,979.434890853209,0.66
GCR,2-6h,root_epidermis,hormone_response_aba,1307.4402305857222,0.535
GCR,2-6h,root_epidermis,hormone_response_auxin,949.5280270297762,0.695
GCR,2-6h,root_epidermis,hormone_response_cytokinin,595.7252071189888,0.78
GCR,2-6h,root_epidermis,hormone_response_ethylene,1213.4306411861673,0.57
GCR,2-6h,root_epidermis,hormone_response_ja,471.3605422348854,0.755
GCR,2-6h,root_epidermis,hormone_response_sa,1210.059788015394,0.575
GCR,2-6h,root_epidermis,hypocotyl,1212.374754029481,0.545
GCR,2-6h,root_epidermis,leaf_epidermis,0.0,1.0
GCR,2-6h,root_epidermis,leaf_mesophyll,1134.2573188976396,0.585
GCR,2-6h,root_epidermis,leaf_vasculature,769.9270428829691,0.685
GCR,2-6h,root_epidermis,oxidative_stress,1715.7892992828347,0.405
GCR,2-6h,root_epidermis,root_columella,960.2733161673057,0.755
GCR,2-6h,root_epidermis,root_cortex,923.782792180852,0.725
GCR,2-6h,root_epidermis,root_endodermis,1125.3988859558738,0.625
GCR,2-6h,root_epidermis,root_lateral_root_cap,71.65995851413705,0.815
GCR,2-6h,root_epidermis,root_meristem,460.87148568169016,0.72
GCR,2-6h,root_epidermis,root_pericycle,1327.3716563496268,0.58
GCR,2-6h,root_epidermis,root_phloem,608.0449225420646,0.74
GCR,2-6h,root_epidermis,root_stele,0.0,1.0
GCR,2-6h,root_epidermis,root_xylem,869.9743568196052,0.66
GCR,2-6h,root_epidermis,shoot_apical_meristem,799.6244095463178,0.74
GCR,2-6h,root_lateral_root_cap,cotyledon,298.8711407609504,0.815
GCR,2-6h,root_lateral_root_cap,dna_damage_response,298.95116339507064,0.755
GCR,2-6h,root_lateral_root_cap,hormone_response_aba,456.8719213887524,0.755
GCR,2-6h,root_lateral_root_cap,hormone_response_auxin,285.8558073886548,0.785
GCR,2-6h,root_lateral_root_cap,hormone_response_cytokinin,152.63264812688817,0.805
GCR,2-6h,root_lateral_root_cap,hormone_response_ethylene,407.94078940076537,0.76
GCR,2-6h,root_lateral_root_cap,hormone_response_ja,114.78312592270761,0.825
GCR,2-6h,root_lateral_root_cap,hormone_response_sa,405.619835095573,0.75
GCR,2-6h,root_lateral_root_cap,hypocotyl,407.49145507674314,0.74
GCR,2-6h,root_lateral_root_cap,leaf_epidermis,0.0,1.0
GCR,2-6h,root_lateral_root_cap,leaf_mesophyll,369.2243761034984,0.705
GCR,2-6h,root_lateral_root_cap,leaf_vasculature,218.64263707768495,0.75
GCR,2-6h,root_lateral_root_cap,oxidative_stress,702.9560285651199,0.76
GCR,2-6h,root_lateral_root_cap,root_columella,290.6503014267806,0.83
GCR,2-6h,root_lateral_root_cap,root_cortex,274.6754741977944,0.8
GCR,2-6h,root_lateral_root_cap,root_endodermis,363.83545183070714,0.755
GCR,2-6h,root_lateral_root_cap,root_epidermis,77.42337534581583,0.815
GCR,2-6h,root_lateral_root_cap,root_meristem,110.40569803674305,0.78
GCR,2-6h,root_lateral_root_cap,root_pericycle,466.08643302589775,0.78
GCR,2-6h,root_lateral_root_cap,root_phloem,156.94328652508875,0.82
GCR,2-6h,root_lateral_root_cap,root_stele,0.0,1.0
GCR,2-6h,root_lateral_root_cap,root_xylem,252.53684896723888,0.765
GCR,2-6h,root_lateral_root_cap,shoot_apical_meristem,225.40063714010043,0.805
GCR,2-6h,root_meristem,cotyledon,1162.8565009332774,0.635
GCR,2-6h,root_meristem,dna_damage_response,1160.7473354540361,0.585
GCR,2-6h,root_meristem,hormone_response_aba,1509.3603882717487,0.47
GCR,2-6h,root_meristem,hormone_response_auxin,1128.2152574897113,0.62
GCR,2-6h,root_meristem,hormone_response_cytokinin,733.1611351679693,0.715
GCR,2-6h,root_meristem,hormone_response_ethylene,1410.7825789288283,0.49
GCR,2-6h,root_meristem,hormone_response_ja,587.7385423211838,0.71
GCR,2-6h,root_meristem,hormone_response_sa,1407.8723819385941,0.47
GCR,2-6h,root_meristem,hypocotyl,1409.765085060109,0.505
GCR,2-6h,root_meristem,leaf_epidermis,0.0,1.0
GCR,2-6h,root_meristem,leaf_mesophyll,1328.0117008782759,0.48
GCR,2-6h,root_meristem,leaf_vasculature,927.7323848803959,0.66
GCR,2-6h,root_meristem,oxidative_stress,1926.2110431643032,0.305
GCR,2-6h,root_meristem,root_columella,1139.9828448044243,0.63
GCR,2-6h,root_meristem,root_cortex,1100.5077057574752,0.665
GCR,2-6h,root_meristem,root_endodermis,1317.8368717775243,0.545
GCR,2-6h,root_meristem,root_epidermis,437.03285259356164,0.73
GCR,2-6h,root_meristem,root_lateral_root_cap,95.4066788339357,0.79
GCR,2-6h,root_meristem,root_pericycle,1530.948283780446,0.515
GCR,2-6h,root_meristem,root_phloem,747.1219387180214,0.715
GCR,2-6h,root_meristem,root_stele,0.0,1.0
GCR,2-6h,root_meristem,root_xylem,1041.4244615452144,0.625
GCR,2-6h,root_meristem,shoot_apical_meristem,963.4779598728161,0.67
GCR,2-6h,root_pericycle,cotyledon,2250.583951556444,0.165
GCR,2-6h,root_pericycle,dna_damage_response,2249.482986103016,0.115
GCR,2-6h,root_pericycle,hormone_response_aba,2596.6743003834877,0.045
GCR,2-6h,root_pericycle,hormone_response_auxin,2209.4136112684496,0.17
GCR,2-6h,root_pericycle,hormone_response_cytokinin,1701.617507323333,0.4
GCR,2-6h,root_pericycle,hormone_response_ethylene,2504.578743783416,0.025
GCR,2-6h,root_pericycle,hormone_response_ja,1465.1022600861895,0.53
GCR,2-6h,root_pericycle,hormone_response_sa,2507.7277496182946,0.025
GCR,2-6h,root_pericycle,hypocotyl,2504.462753940248,0.05
GCR,2-6h,root_pericycle,leaf_epidermis,0.0,1.0
GCR,2-6h,root_pericycle,leaf_mesophyll,2433.5968084218157,0.07
GCR,2-6h,root_pericycle,leaf_vasculature,1956.8937324941905,0.275
GCR,2-6h,root_pericycle,oxidative_stress,2955.530028264248,0.005
GCR,2-6h,root_pericycle,root_columella,2224.552373247424,0.145
GCR,2-6h,root_pericycle,root_cortex,2186.6934286571413,0.165
GCR,2-6h,root_pericycle,root_endodermis,2416.1038908286996,0.1
GCR,2-6h,root_pericycle,root_epidermis,1201.0837190325133,0.63
GCR,2-6h,root_pericycle,root_lateral_root_cap,345.0341268156906,0.79
GCR,2-6h,root_pericycle,root_meristem,1450.1668114954007,0.55
GCR,2-6h,root_pericycle,root_phloem,1723.440701035065,0.42
GCR,2-6h,root_pericycle,root_stele,0.0,1.0
GCR,2-6h,root_pericycle,root_xylem,2111.0468355454877,0.2
GCR,2-6h,root_pericycle,shoot_apical_meristem,2014.7478671585454,0.23
GCR,2-6h,root_phloem,cotyledon,1377.6535165576393,0.57
GCR,2-6h,root_phloem,dna_damage_response,1375.705144952657,0.57
GCR,2-6h,root_phloem,hormone_response_aba,1743.6347675354712,0.375
GCR,2-6h,root_phloem,hormone_response_auxin,1340.1233963541986,0.57
GCR,2-6h,root_phloem,hormone_response_cytokinin,901.862818399104,0.73
GCR,2-6h,root_phloem,hormone_response_ethylene,1641.0838738855282,0.44
GCR,2-6h,root_phloem,hormone_response_ja,733.6142969997203,0.765
GCR,2-6h,root_phloem,hormone_response_sa,1638.9462233068298,0.415
GCR,2-6h,root_phloem,hypocotyl,1640.1890762577234,0.435
GCR,2-6h,root_phloem,leaf_epidermis,0.0,1.0
GCR,2-6h,root_phloem,leaf_mesophyll,1555.6863129002325,0.465
GCR,2-6h,root_phloem,leaf_vasculature,1118.2028231679296,0.59
GCR,2-6h,root_phloem,oxidative_stress,2165.824431233432,0.165
GCR,2-6h,root_phloem,root_columella,1353.1731631053929,0.585
GCR,2-6h,root_phloem,root_cortex,1311.1871362742352,0.63
GCR,2-6h,root_phloem,root_endodermis,1543.6552756738745,0.49
GCR,2-6h,root_phloem,root_epidermis,556.4400426182679,0.74
GCR,2-6h,root_phloem,root_lateral_root_cap,128.5289952895483,0.825
GCR,2-6h,root_phloem,root_meristem,721.0053160331473,0.715
GCR,2-6h,root_phloem,root_pericycle,1767.0047024497762,0.395
GCR,2-6h,root_phloem,root_stele,0.0,1.0
GCR,2-6h,root_phloem,root_xylem,1245.9858581844408,0.54
GCR,2-6h,root_phloem,shoot_apical_meristem,1160.1478347221143,0.63
GCR,2-6h,root_stele,cotyledon,0.0,1.0
GCR,2-6h,root_stele,dna_damage_response,0.0,1.0
GCR,2-6h,root_stele,hormone_response_aba,0.0,1.0
GCR,2-6h,root_stele,hormone_response_auxin,0.0,1.0
GCR,2-6h,root_stele,hormone_response_cytokinin,0.0,1.0
GCR,2-6h,root_stele,hormone_response_ethylene,0.0,1.0
GCR,2-6h,root_stele,hormone_response_ja,0.0,1.0
GCR,2-6h,root_stele,hormone_response_sa,0.0,1.0
GCR,2-6h,root_stele,hypocotyl,0.0,1.0
GCR,2-6h,root_stele,leaf_epidermis,0.0,1.0
GCR,2-6h,root_stele,leaf_mesophyll,0.0,1.0
GCR,2-6h,root_stele,leaf_vasculature,0.0,1.0
GCR,2-6h,root_stele,oxidative_stress,0.0,1.0
GCR,2-6h,root_stele,root_columella,0.0,1.0
GCR,2-6h,root_stele,root_cortex,0.0,1.0
GCR,2-6h,root_stele,root_endodermis,0.0,1.0
GCR,2-6h,root_stele,root_epidermis,0.0,1.0
GCR,2-6h,root_stele,root_lateral_root_cap,0.0,1.0
GCR,2-6h,root_stele,root_meristem,0.0,1.0
GCR,2-6h,root_stele,root_pericycle,0.0,1.0
GCR,2-6h,root_stele,root_phloem,0.0,1.0
GCR,2-6h,root_stele,root_xylem,0.0,1.0
GCR,2-6h,root_stele,shoot_apical_meristem,0.0,1.0
GCR,2-6h,root_xylem,cotyledon,1717.3633945456327,0.335
GCR,2-6h,root_xylem,dna_damage_response,1716.022852896106,0.32
GCR,2-6h,root_xylem,hormone_response_aba,2089.59735439356,0.195
GCR,2-6h,root_xylem,hormone_response_auxin,1677.3766257432933,0.39
GCR,2-6h,root_xylem,hormone_response_cytokinin,1192.79590918948,0.575
GCR,2-6h,root_xylem,hormone_response_ethylene,1987.7653103545147,0.27
GCR,2-6h,root_xylem,hormone_response_ja,992.3666126883734,0.66
GCR,2-6h,root_xylem,hormone_response_sa,1987.3511466377179,0.21
GCR,2-6h,root_xylem,hypocotyl,1987.1792564091982,0.23
GCR,2-6h,root_xylem,leaf_epidermis,0.0,1.0
GCR,2-6h,root_xylem,leaf_mesophyll,1904.7595324182225,0.27
GCR,2-6h,root_xylem,leaf_vasculature,1433.8336836910967,0.425
GCR,2-6h,root_xylem,oxidative_stress,2494.874225590928,0.07
GCR,2-6h,root_xylem,root_columella,1691.8992023472429,0.41
GCR,2-6h,root_xylem,root_cortex,1649.0950353684154,0.45
GCR,2-6h,root_xylem,root_endodermis,1889.949490586946,0.3
GCR,2-6h,root_xylem,root_epidermis,776.0095240212801,0.68
GCR,2-6h,root_xylem,root_lateral_root_cap,194.7823864150095,0.785
GCR,2-6h,root_xylem,root_meristem,978.4326634552219,0.64
GCR,2-6h,root_xylem,root_pericycle,2114.49617718341,0.18
GCR,2-6h,root_xylem,root_phloem,1211.6699881391003,0.56
GCR,2-6h,root_xylem,root_stele,0.0,1.0
GCR,2-6h,root_xylem,shoot_apical_meristem,1483.7541155697213,0.435
GCR,2-6h,shoot_apical_meristem,cotyledon,1626.538261446415,0.45
GCR,2-6h,shoot_apical_meristem,dna_damage_response,1625.0047299035668,0.445
GCR,2-6h,shoot_apical_meristem,hormone_response_aba,1999.2077199335656,0.27
GCR,2-6h,shoot_apical_meristem,hormone_response_auxin,1587.0097575427649,0.455
GCR,2-6h,shoot_apical_meristem,hormone_response_cytokinin,1112.372651133847,0.645
GCR,2-6h,shoot_apical_meristem,hormone_response_ethylene,1896.6429891650714,0.28
GCR,2-6h,shoot_apical_meristem,hormone_response_ja,919.9850744858894,0.755
GCR,2-6h,shoot_apical_meristem,hormone_response_sa,1895.707936713582,0.305
GCR,2-6h,shoot_apical_meristem,hypocotyl,1895.9650072049676,0.275
GCR,2-6h,shoot_apical_meristem,leaf_epidermis,0.0,1.0
GCR,2-6h,shoot_apical_meristem,leaf_mesophyll,1812.4370549232224,0.335
GCR,2-6h,shoot_apical_meristem,leaf_vasculature,1347.915185587765,0.495
GCR,2-6h,shoot_apical_meristem,oxidative_stress,2410.328655560952,0.06
GCR,2-6h,shoot_apical_meristem,root_columella,1601.2045632814575,0.51
GCR,2-6h,shoot_apical_meristem,root_cortex,1558.2931310739505,0.485
GCR,2-6h,shoot_apical_meristem,root_endodermis,1798.3478466435047,0.335
GCR,2-6h,shoot_apical_meristem,root_epidermis,713.629941822327,0.755
GCR,2-6h,shoot_apical_meristem,root_lateral_root_cap,175.31800790339534,0.825
GCR,2-6h,shoot_apical_meristem,root_meristem,906.367758551331,0.68
GCR,2-6h,shoot_apical_meristem,root_pericycle,2023.7443807405855,0.225
GCR,2-6h,shoot_apical_meristem,root_phloem,1130.5369420983116,0.65
GCR,2-6h,shoot_apical_meristem,root_stele,0.0,1.0
GCR,2-6h,shoot_apical_meristem,root_xylem,1487.968135759844,0.445
spaceflight-LEO,static,cotyledon,dna_damage_response,2221.637880402802,0.415
spaceflight-LEO,static,cotyledon,hormone_response_aba,2347.3111292293224,0.285
spaceflight-LEO,static,cotyledon,hormone_response_auxin,2161.2667519955953,0.43
spaceflight-LEO,static,cotyledon,hormone_response_cytokinin,1783.5872420335531,0.675
spaceflight-LEO,static,cotyledon,hormone_response_ethylene,2354.7434124025986,0.27
spaceflight-LEO,static,cotyledon,hormone_response_ja,1964.0168659821593,0.58
spaceflight-LEO,static,cotyledon,hormone_response_sa,2261.069504367721,0.325
spaceflight-LEO,static,cotyledon,hypocotyl,2427.9134058981026,0.265
spaceflight-LEO,static,cotyledon,leaf_epidermis,1332.4541141604295,0.775
spaceflight-LEO,static,cotyledon,leaf_mesophyll,2483.015479027979,0.205
spaceflight-LEO,static,cotyledon,leaf_vasculature,1491.42340065126,0.725
spaceflight-LEO,static,cotyledon,oxidative_stress,2655.677857735609,0.09
spaceflight-LEO,static,cotyledon,root_columella,2309.878419113716,0.35
spaceflight-LEO,static,cotyledon,root_cortex,2236.796165341194,0.38
spaceflight-LEO,static,cotyledon,root_endodermis,2396.1680856984567,0.25
spaceflight-LEO,static,cotyledon,root_epidermis,1006.3777864130466,0.895
spaceflight-LEO,static,cotyledon,root_lateral_root_cap,144.79269222404403,0.98
spaceflight-LEO,static,cotyledon,root_meristem,1944.1575430736593,0.555
spaceflight-LEO,static,cotyledon,root_pericycle,2403.1809017946784,0.27
spaceflight-LEO,static,cotyledon,root_phloem,1778.79421607464,0.63
spaceflight-LEO,static,cotyledon,root_stele,1216.622155017034,0.84
spaceflight-LEO,static,cotyledon,root_xylem,2023.0259834116334,0.49
spaceflight-LEO,static,cotyledon,shoot_apical_meristem,1997.120544387121,0.575
spaceflight-LEO,static,dna_damage_response,cotyledon,2230.145878384521,0.405
spaceflight-LEO,static,dna_damage_response,hormone_response_aba,2441.534749975686,0.21
spaceflight-LEO,static,dna_damage_response,hormone_response_auxin,2254.909910010557,0.37
spaceflight-LEO,static,dna_damage_response,hormone_response_cytokinin,1875.0177348947395,0.535
spaceflight-LEO,static,dna_damage_response,hormone_response_ethylene,2448.9474822774982,0.16
spaceflight-LEO,static,dna_damage_response,hormone_response_ja,2056.405992848872,0.485
spaceflight-LEO,static,dna_damage_response,hormone_response_sa,2356.020356870877,0.28
spaceflight-LEO,static,dna_damage_response,hypocotyl,2522.4150319082364,0.16
spaceflight-LEO,static,dna_damage_response,leaf_epidermis,1411.8017030629157,0.745
spaceflight-LEO,static,dna_damage_response,leaf_mesophyll,2578.6659891952704,0.11
spaceflight-LEO,static,dna_damage_response,leaf_vasculature,1575.3670759402908,0.62
spaceflight-LEO,static,dna_damage_response,oxidative_stress,2750.4984008288757,0.035
spaceflight-LEO,static,dna_damage_response,root_columella,2403.9739710416193,0.255
spaceflight-LEO,static,dna_damage_response,root_cortex,2331.9160213127916,0.27
spaceflight-LEO,static,dna_damage_response,root_endodermis,2490.976945904897,0.19
spaceflight-LEO,static,dna_damage_response,root_epidermis,1075.263981019428,0.815
spaceflight-LEO,static,dna_damage_response,root_lateral_root_cap,158.3605012412129,0.96
spaceflight-LEO,static,dna_damage_response,root_meristem,2037.2714116924928,0.5
spaceflight-LEO,static,dna_damage_response,root_pericycle,2498.4571533711046,0.17
spaceflight-LEO,static,dna_damage_response,root_phloem,1870.187999485568,0.575
spaceflight-LEO,static,dna_damage_response,root_stele,1293.6992159374395,0.795
spaceflight-LEO,static,dna_damage_response,root_xylem,2116.471464759324,0.365
spaceflight-LEO,static,dna_damage_response,shoot_apical_meristem,2090.237019061906,0.445
spaceflight-LEO,static,hormone_response_aba,cotyledon,2360.439974816084,0.27
spaceflight-LEO,static,hormone_response_aba,dna_damage_response,2443.8727655940506,0.21
spaceflight-LEO,static,hormone_response_aba,hormone_response_auxin,2384.071724592379,0.25
spaceflight-LEO,static,hormone_response_aba,hormone_response_cytokinin,2011.880179554676,0.48
spaceflight-LEO,static,hormone_response_aba,hormone_response_ethylene,2572.559420389986,0.095
spaceflight-LEO,static,hormone_response_aba,hormone_response_ja,2189.5981952438624,0.38
spaceflight-LEO,static,hormone_response_aba,hormone_response_sa,2483.3442968883437,0.16
spaceflight-LEO,static,hormone_response_aba,hypocotyl,2643.584394785051,0.075
spaceflight-LEO,static,hormone_response_aba,leaf_epidermis,1541.4922957766812,0.655
spaceflight-LEO,static,hormone_response_aba,leaf_mesophyll,2698.1268923711255,0.05
spaceflight-LEO,static,hormone_response_aba,leaf_vasculature,1708.5125535319276,0.57
spaceflight-LEO,static,hormone_response_aba,oxidative_stress,2863.9356061440944,0.015
spaceflight-LEO,static,hormone_response_aba,root_columella,2528.724794553895,0.16
spaceflight-LEO,static,hormone_response_aba,root_cortex,2460.089275513092,0.185
spaceflight-LEO,static,hormone_response_aba,root_endodermis,2613.662517656953,0.07
spaceflight-LEO,static,hormone_response_aba,root_epidermis,1194.428184202822,0.82
spaceflight-LEO,static,hormone_response_aba,root_lateral_root_cap,184.88026056468004,0.955
spaceflight-LEO,static,hormone_response_aba,root_meristem,2172.1570169734737,0.375
spaceflight-LEO,static,hormone_response_aba,root_pericycle,2621.098011306177,0.12
spaceflight-LEO,static,hormone_response_aba,root_phloem,2006.9722251244411,0.47
spaceflight-LEO,static,hormone_response_aba,root_stele,1422.1936892722483,0.77
spaceflight-LEO,static,hormone_response_aba,root_xylem,2249.3811839401183,0.315
spaceflight-LEO,static,hormone_response_aba,shoot_apical_meristem,2223.5236981018497,0.365
spaceflight-LEO,static,hormone_response_auxin,cotyledon,2162.9375107389924,0.42
spaceflight-LEO,static,hormone_response_auxin,dna_damage_response,2249.0561933144236,0.375
spaceflight-LEO,static,hormone_response_auxin,hormone_response_aba,2375.6521758951853,0.255
spaceflight-LEO,static,hormone_response_auxin,hormone_response_cytokinin,1807.995481580481,0.645
spaceflight-LEO,static,hormone_response_auxin,hormone_response_ethylene,2383.082580936981,0.235
spaceflight-LEO,static,hormone_response_auxin,hormone_response_ja,1989.4089304189092,0.52
spaceflight-LEO,static,hormone_response_auxin,hormone_response_sa,2288.895758415806,0.335
spaceflight-LEO,static,hormone_response_auxin,hypocotyl,2457.0472991694833,0.22
spaceflight-LEO,static,hormone_response_auxin,leaf_epidermis,1352.1518112316394,0.78
spaceflight-LEO,static,hormone_response_auxin,leaf_mesophyll,2513.2677636552735,0.16
spaceflight-LEO,static,hormone_response_auxin,leaf_vasculature,1512.7859231445057,0.665
spaceflight-LEO,static,hormone_response_auxin,oxidative_stress,2687.556286608125,0.085
spaceflight-LEO,static,hormone_response_auxin,root_columella,2337.839974443172,0.325
spaceflight-LEO,static,hormone_response_auxin,root_cortex,2264.496523857185,0.37
spaceflight-LEO,static,hormone_response_auxin,root_endodermis,2425.077933787941,0.255
spaceflight-LEO,static,hormone_response_auxin,root_epidermis,1022.8924340644868,0.88
spaceflight-LEO,static,hormone_response_auxin,root_lateral_root_cap,147.68531845502105,0.985
spaceflight-LEO,static,hormone_response_auxin,root_meristem,1969.6469549283227,0.53
spaceflight-LEO,static,hormone_response_auxin,root_pericycle,2432.3259959911607,0.26
spaceflight-LEO,static,hormone_response_auxin,root_phloem,1803.193795567043,0.635
spaceflight-LEO,static,hormone_response_auxin,root_stele,1235.5603300595515,0.83
spaceflight-LEO,static,hormone_response_auxin,root_xylem,2048.9876215857435,0.435
spaceflight-LEO,static,hormone_response_auxin,shoot_apical_meristem,2022.8521941693862,0.55
spaceflight-LEO,static,hormone_response_cytokinin,cotyledon,1809.441190282338,0.645
spaceflight-LEO,static,hormone_response_cytokinin,dna_damage_response,1898.2557644530646,0.525
spaceflight-LEO,static,hormone_response_cytokinin,hormone_response_aba,2032.5989193673602,0.46
spaceflight-LEO,static,hormone_response_cytokinin,hormone_response_auxin,1836.1316617657565,0.64
spaceflight-LEO,static,hormone_response_cytokinin,hormone_response_ethylene,2040.125116176588,0.44
spaceflight-LEO,static,hormone_response_cytokinin,hormone_response_ja,1635.1389637930888,0.65
spaceflight-LEO,static,hormone_response_cytokinin,hormone_response_sa,1938.5868167924407,0.545
spaceflight-LEO,static,hormone_response_cytokinin,hypocotyl,2118.954382462817,0.415
spaceflight-LEO,static,hormone_response_cytokinin,leaf_epidermis,1038.0542091587645,0.87
spaceflight-LEO,static,hormone_response_cytokinin,leaf_mesophyll,2177.6416561115157,0.355
spaceflight-LEO,static,hormone_response_cytokinin,leaf_vasculature,1183.0838143214455,0.79
spaceflight-LEO,static,hormone_response_cytokinin,oxidative_stress,2367.6049529135453,0.305
spaceflight-LEO,static,hormone_response_cytokinin,root_columella,1992.4797889283354,0.57
spaceflight-LEO,static,hormone_response_cytokinin,root_cortex,1912.3391445717805,0.56
spaceflight-LEO,static,hormone_response_cytokinin,root_endodermis,2083.7624289116306,0.45
spaceflight-LEO,static,hormone_response_cytokinin,root_epidermis,751.2833925921262,0.9
spaceflight-LEO,static,hormone_response_cytokinin,root_lateral_root_cap,95.95337366150753,0.98
spaceflight-LEO,static,hormone_response_cytokinin,root_meristem,1613.0926984853609,0.67
spaceflight-LEO,static,hormone_response_cytokinin,root_pericycle,2090.566938571412,0.465
spaceflight-LEO,static,hormone_response_cytokinin,root_phloem,1449.9545046979526,0.745
spaceflight-LEO,static,hormone_response_cytokinin,root_stele,931.5795891030125,0.9
spaceflight-LEO,static,hormone_response_cytokinin,root_xylem,1693.3016374114516,0.61
spaceflight-LEO,static,hormone_response_cytokinin,shoot_apical_meristem,1667.2118695749245,0.67
spaceflight-LEO,static,hormone_response_ethylene,cotyledon,2360.234814390328,0.27
spaceflight-LEO,static,hormone_response_ethylene,dna_damage_response,2443.3030511091124,0.165
spaceflight-LEO,static,hormone_response_ethylene,hormone_response_aba,2564.0879747164263,0.095
spaceflight-LEO,static,hormone_response_ethylene,hormone_response_auxin,2383.784584713637,0.235
spaceflight-LEO,static,hormone_response_ethylene,hormone_response_cytokinin,2012.9093260441507,0.45
spaceflight-LEO,static,hormone_response_ethylene,hormone_response_ja,2190.0439779173644,0.365
spaceflight-LEO,static,hormone_response_ethylene,hormone_response_sa,2482.603139204734,0.155
spaceflight-LEO,static,hormone_response_ethylene,hypocotyl,2642.2211948690638,0.085
spaceflight-LEO,static,hormone_response_ethylene,leaf_epidermis,1543.7732012727854,0.69
spaceflight-LEO,static,hormone_response_ethylene,leaf_mesophyll,2696.5129504735387,0.055
spaceflight-LEO,static,hormone_response_ethylene,leaf_vasculature,1710.448090271676,0.555
spaceflight-LEO,static,hormone_response_ethylene,oxidative_stress,2861.842529595005,0.01
spaceflight-LEO,static,hormone_response_ethylene,root_columella,2527.8380330302352,0.185
spaceflight-LEO,static,hormone_response_ethylene,root_cortex,2459.4378800416293,0.175
spaceflight-LEO,static,hormone_response_ethylene,root_endodermis,2612.4060356923746,0.07
spaceflight-LEO,static,hormone_response_ethylene,root_epidermis,1197.3330211474001,0.795
spaceflight-LEO,static,hormone_response_ethylene,root_lateral_root_cap,185.83680367218722,0.955
spaceflight-LEO,static,hormone_response_ethylene,root_meristem,2172.6433042025114,0.36
spaceflight-LEO,static,hormone_response_ethylene,root_pericycle,2619.7902891808512,0.075
spaceflight-LEO,static,hormone_response_ethylene,root_phloem,2008.0190133220167,0.465
spaceflight-LEO,static,hormone_response_ethylene,root_stele,1424.7608840254738,0.72
spaceflight-LEO,static,hormone_response_ethylene,root_xylem,2249.575568101955,0.31
spaceflight-LEO,static,hormone_response_ethylene,shoot_apical_meristem,2223.836864894401,0.335
spaceflight-LEO,static,hormone_response_ja,cotyledon,1963.482715079223,0.58
spaceflight-LEO,static,hormone_response_ja,dna_damage_response,2051.2104270554714,0.49
spaceflight-LEO,static,hormone_response_ja,hormone_response_aba,2182.4248692594365,0.395
spaceflight-LEO,static,hormone_response_ja,hormone_response_auxin,1989.5064515636705,0.52
spaceflight-LEO,static,hormone_response_ja,hormone_response_cytokinin,1606.7324035307263,0.675
spaceflight-LEO,static,hormone_response_ja,hormone_response_ethylene,2189.9681186012276,0.365
spaceflight-LEO,static,hormone_response_ja,hormone_response_sa,2091.3859137762884,0.42
spaceflight-LEO,static,hormone_response_ja,hypocotyl,2266.6099114901135,0.335
spaceflight-LEO,static,hormone_response_ja,leaf_epidermis,1170.7415715979362,0.86
spaceflight-LEO,static,hormone_response_ja,leaf_mesophyll,2323.7799667838294,0.25
spaceflight-LEO,static,hormone_response_ja,leaf_vasculature,1323.1128107596185,0.795
spaceflight-LEO,static,hormone_response_ja,oxidative_stress,2507.0732850976046,0.2
spaceflight-LEO,static,hormone_response_ja,root_columella,2143.294981549267,0.46
spaceflight-LEO,static,hormone_response_ja,root_cortex,2065.8189326194656,0.475
spaceflight-LEO,static,hormone_response_ja,root_endodermis,2232.8803826821086,0.395
spaceflight-LEO,static,hormone_response_ja,root_epidermis,863.7596552008666,0.895
spaceflight-LEO,static,hormone_response_ja,root_lateral_root_cap,116.45023274467255,0.975
spaceflight-LEO,static,hormone_response_ja,root_meristem,1767.5091011419458,0.59
spaceflight-LEO,static,hormone_response_ja,root_pericycle,2239.691675853158,0.365
spaceflight-LEO,static,hormone_response_ja,root_phloem,1601.9125835751825,0.7
spaceflight-LEO,static,hormone_response_ja,root_stele,1058.9556122879796,0.885
spaceflight-LEO,static,hormone_response_ja,root_xylem,1847.7569710732323,0.515
spaceflight-LEO,static,hormone_response_ja,shoot_apical_meristem,1821.5208497261033,0.595
spaceflight-LEO,static,hormone_response_sa,cotyledon,2276.382174474029,0.315
spaceflight-LEO,static,hormone_response_sa,dna_damage_response,2361.814530766594,0.275
spaceflight-LEO,static,hormone_response_sa,hormone_response_aba,2485.9878026181254,0.155
spaceflight-LEO,static,hormone_response_sa,hormone_response_auxin,2300.8917348070177,0.325
spaceflight-LEO,static,hormone_response_sa,hormone_response_cytokinin,1922.7046943837852,0.545
spaceflight-LEO,static,hormone_response_sa,hormone_response_ethylene,2493.351878932176,0.155
spaceflight-LEO,static,hormone_response_sa,hormone_response_ja,2103.3320466343876,0.41
spaceflight-LEO,static,hormone_response_sa,hypocotyl,2566.089358887876,0.135
spaceflight-LEO,static,hormone_response_sa,leaf_epidermis,1456.0651299538958,0.665
spaceflight-LEO,static,hormone_response_sa,leaf_mesophyll,2621.9260569062517,0.065
spaceflight-LEO,static,hormone_response_sa,leaf_vasculature,1621.3000599928232,0.625
spaceflight-LEO,static,hormone_response_sa,oxidative_stress,2791.1858982261515,0.02
spaceflight-LEO,static,hormone_response_sa,root_columella,2448.8033654266183,0.2
spaceflight-LEO,static,hormone_response_sa,root_cortex,2377.9839440703113,0.25
spaceflight-LEO,static,hormone_response_sa,root_endodermis,2535.125118514944,0.135
spaceflight-LEO,static,hormone_response_sa,root_epidermis,1115.3266188912164,0.8
spaceflight-LEO,static,hormone_response_sa,root_lateral_root_cap,166.84384313654962,0.94
spaceflight-LEO,static,hormone_response_sa,root_meristem,2084.680111100802,0.435
spaceflight-LEO,static,hormone_response_sa,root_pericycle,2542.7368502476197,0.105
spaceflight-LEO,static,hormone_response_sa,root_phloem,1917.8906402362154,0.535
spaceflight-LEO,static,hormone_response_sa,root_stele,1337.3012161360884,0.745
spaceflight-LEO,static,hormone_response_sa,root_xylem,2163.459000631535,0.345
spaceflight-LEO,static,hormone_response_sa,shoot_apical_meristem,2137.2839178237455,0.405
spaceflight-LEO,static,hypocotyl,cotyledon,2444.4713407101813,0.235
spaceflight-LEO,static,hypocotyl,dna_damage_response,2526.1512863354496,0.155
spaceflight-LEO,static,hypocotyl,hormone_response_aba,2644.1724483504427,0.08
spaceflight-LEO,static,hypocotyl,hormone_response_auxin,2467.3388846569514,0.21
spaceflight-LEO,static,hypocotyl,hormone_response_cytokinin,2101.6044601173276,0.425
spaceflight-LEO,static,hypocotyl,hormone_response_ethylene,2651.6001923480735,0.075
spaceflight-LEO,static,hypocotyl,hormone_response_ja,2276.0777745970436,0.325
spaceflight-LEO,static,hypocotyl,hormone_response_sa,2565.2256094375225,0.135
spaceflight-LEO,static,hypocotyl,leaf_epidermis,1627.8219697354534,0.62
spaceflight-LEO,static,hypocotyl,leaf_mesophyll,2773.956737820897,0.055
spaceflight-LEO,static,hypocotyl,leaf_vasculature,1796.7884905709038,0.525
spaceflight-LEO,static,hypocotyl,oxidative_stress,2934.8096899382167,0.02
spaceflight-LEO,static,hypocotyl,root_columella,2608.6589954929436,0.095
spaceflight-LEO,static,hypocotyl,root_cortex,2542.60138626756,0.11
spaceflight-LEO,static,hypocotyl,root_endodermis,2691.9749419352333,0.045
spaceflight-LEO,static,hypocotyl,root_epidermis,1275.076720386125,0.79
spaceflight-LEO,static,hypocotyl,root_lateral_root_cap,203.7556110604683,0.965
spaceflight-LEO,static,hypocotyl,root_meristem,2259.9458132155673,0.325
spaceflight-LEO,static,hypocotyl,root_pericycle,2699.3985902436634,0.04
spaceflight-LEO,static,hypocotyl,root_phloem,2096.629553867624,0.43
spaceflight-LEO,static,hypocotyl,root_stele,1508.33857193154,0.69
spaceflight-LEO,static,hypocotyl,root_xylem,2335.615290292977,0.24
spaceflight-LEO,static,hypocotyl,shoot_apical_meristem,2310.0424926972564,0.26
spaceflight-LEO,static,leaf_epidermis,cotyledon,1380.6463037899323,0.755
spaceflight-LEO,static,leaf_epidermis,dna_damage_response,1463.0723340267066,0.71
spaceflight-LEO,static,leaf_epidermis,hormone_response_aba,1593.2698004967174,0.645
spaceflight-LEO,static,leaf_epidermis,hormone_response_auxin,1405.7504861057848,0.77
spaceflight-LEO,static,leaf_epidermis,hormone_response_cytokinin,1060.7757020628453,0.86
spaceflight-LEO,static,leaf_epidermis,hormone_response_ethylene,1600.6024841678661,0.665
spaceflight-LEO,static,leaf_epidermis,hormone_response_ja,1221.6095439135918,0.84
spaceflight-LEO,static,leaf_epidermis,hormone_response_sa,1500.5566356080465,0.665
spaceflight-LEO,static,leaf_epidermis,hypocotyl,1677.8120343462463,0.585
spaceflight-LEO,static,leaf_epidermis,leaf_mesophyll,1733.382216160034,0.605
spaceflight-LEO,static,leaf_epidermis,leaf_vasculature,836.1407820545636,0.875
spaceflight-LEO,static,leaf_epidermis,oxidative_stress,1929.125206296179,0.545
spaceflight-LEO,static,leaf_epidermis,root_columella,1554.0063363643535,0.72
spaceflight-LEO,static,leaf_epidermis,root_cortex,1474.5506629119768,0.715
spaceflight-LEO,static,leaf_epidermis,root_endodermis,1642.5806020234395,0.635
spaceflight-LEO,static,leaf_epidermis,root_epidermis,494.7756458655233,0.895
spaceflight-LEO,static,leaf_epidermis,root_lateral_root_cap,55.02099257015928,1.0
spaceflight-LEO,static,leaf_epidermis,root_meristem,1200.4247112041112,0.815
spaceflight-LEO,static,leaf_epidermis,root_pericycle,1647.8227775405967,0.675
spaceflight-LEO,static,leaf_epidermis,root_phloem,1056.3873413971203,0.825
spaceflight-LEO,static,leaf_epidermis,root_stele,631.104668638682,0.905
spaceflight-LEO,static,leaf_epidermis,root_xylem,1273.1306698400347,0.745
spaceflight-LEO,static,leaf_epidermis,shoot_apical_meristem,1249.5855016632795,0.805
spaceflight-LEO,static,leaf_mesophyll,cotyledon,2514.6511634601993,0.18
spaceflight-LEO,static,leaf_mesophyll,dna_damage_response,2594.1501044379643,0.1
spaceflight-LEO,static,leaf_mesophyll,hormone_response_aba,2707.815938507175,0.05
spaceflight-LEO,static,leaf_mesophyll,hormone_response_auxin,2536.719049218727,0.14
spaceflight-LEO,static,leaf_mesophyll,hormone_response_cytokinin,2179.373046190702,0.35
spaceflight-LEO,static,leaf_mesophyll,hormone_response_ethylene,2715.2836592284607,0.045
spaceflight-LEO,static,leaf_mesophyll,hormone_response_ja,2349.395070515032,0.245
spaceflight-LEO,static,leaf_mesophyll,hormone_response_sa,2632.6634139893763,0.06
spaceflight-LEO,static,leaf_mesophyll,hypocotyl,2781.7574794612283,0.04
spaceflight-LEO,static,leaf_mesophyll,leaf_epidermis,1703.2240547739382,0.61
spaceflight-LEO,static,leaf_mesophyll,leaf_vasculature,1873.4901163120983,0.53
spaceflight-LEO,static,leaf_mesophyll,oxidative_stress,2986.5079509598586,0.0
spaceflight-LEO,static,leaf_mesophyll,root_columella,2673.571845706484,0.07
spaceflight-LEO,static,leaf_mesophyll,root_cortex,2610.755465828901,0.07
spaceflight-LEO,static,leaf_mesophyll,root_endodermis,2754.571616426555,0.045
spaceflight-LEO,static,leaf_mesophyll,root_epidermis,1345.9109193722325,0.745
spaceflight-LEO,static,leaf_mesophyll,root_lateral_root_cap,220.8098513100203,0.945
spaceflight-LEO,static,leaf_mesophyll,root_meristem,2335.1860787199103,0.28
spaceflight-LEO,static,leaf_mesophyll,root_pericycle,2761.785204287256,0.015
spaceflight-LEO,static,leaf_mesophyll,root_phloem,2174.245481831819,0.36
spaceflight-LEO,static,leaf_mesophyll,root_stele,1583.99650334385,0.685
spaceflight-LEO,static,leaf_mesophyll,root_xylem,2408.914463104904,0.17
spaceflight-LEO,static,leaf_mesophyll,shoot_apical_meristem,2383.5982497611562,0.22
spaceflight-LEO,static,leaf_vasculature,cotyledon,1498.333471768541,0.73
spaceflight-LEO,static,leaf_vasculature,dna_damage_response,1582.9578705687084,0.63
spaceflight-LEO,static,leaf_vasculature,hormone_response_aba,1715.4708625897945,0.57
spaceflight-LEO,static,leaf_vasculature,hormone_response_auxin,1524.0011468885257,0.67
spaceflight-LEO,static,leaf_vasculature,hormone_response_cytokinin,1166.5146660973949,0.83
spaceflight-LEO,static,leaf_vasculature,hormone_response_ethylene,1723.0492297815372,0.55
spaceflight-LEO,static,leaf_vasculature,hormone_response_ja,1333.7971647724337,0.79
spaceflight-LEO,static,leaf_vasculature,hormone_response_sa,1621.5296044587406,0.63
spaceflight-LEO,static,leaf_vasculature,hypocotyl,1801.2976528300183,0.53
spaceflight-LEO,static,leaf_vasculature,leaf_epidermis,802.6895770752666,0.88
spaceflight-LEO,static,leaf_vasculature,leaf_mesophyll,1857.812886891706,0.55
spaceflight-LEO,static,leaf_vasculature,oxidative_stress,2053.9263522994866,0.465
spaceflight-LEO,static,leaf_vasculature,root_columella,1675.6588735953032,0.665
spaceflight-LEO,static,leaf_vasculature,root_cortex,1595.0760102168429,0.65
spaceflight-LEO,static,leaf_vasculature,root_endodermis,1765.8453219051994,0.58
spaceflight-LEO,static,leaf_vasculature,root_epidermis,563.2341752821537,0.895
spaceflight-LEO,static,leaf_vasculature,root_lateral_root_cap,66.84375160078615,0.985
spaceflight-LEO,static,leaf_vasculature,root_meristem,1312.1599775427885,0.73
spaceflight-LEO,static,leaf_vasculature,root_pericycle,1771.3440710895602,0.6
spaceflight-LEO,static,leaf_vasculature,root_phloem,1161.9869933766413,0.84
spaceflight-LEO,static,leaf_vasculature,root_stele,710.7264868698531,0.89
spaceflight-LEO,static,leaf_vasculature,root_xylem,1387.407553560155,0.67
spaceflight-LEO,static,leaf_vasculature,shoot_apical_meristem,1362.9754677819492,0.775
spaceflight-LEO,static,oxidative_stress,cotyledon,2690.5840442615095,0.075
spaceflight-LEO,static,oxidative_stress,dna_damage_response,2766.1585341290856,0.02
spaceflight-LEO,static,oxidative_stress,hormone_response_aba,2873.9338122037325,0.015
spaceflight-LEO,static,oxidative_stress,hormone_response_auxin,2711.311222026492,0.07
spaceflight-LEO,static,oxidative_stress,hormone_response_cytokinin,2369.964576698639,0.295
spaceflight-LEO,static,oxidative_stress,hormone_response_ethylene,2881.536313321421,0.01
spaceflight-LEO,static,oxidative_stress,hormone_response_ja,2531.6645504759117,0.18
spaceflight-LEO,static,oxidative_stress,hormone_response_sa,2803.7609541493057,0.02
spaceflight-LEO,static,oxidative_stress,hypocotyl,2944.537426493557,0.01
spaceflight-LEO,static,oxidative_stress,leaf_epidermis,1894.5350560338993,0.55
spaceflight-LEO,static,oxidative_stress,leaf_mesophyll,2992.9983613903023,0.0
spaceflight-LEO,static,oxidative_stress,leaf_vasculature,2065.7947308057637,0.46
spaceflight-LEO,static,oxidative_stress,root_columella,2841.3137308735704,0.03
spaceflight-LEO,static,oxidative_stress,root_cortex,2782.7977451280085,0.04
spaceflight-LEO,static,oxidative_stress,root_endodermis,2919.264562539595,0.005
spaceflight-LEO,static,oxidative_stress,root_epidermis,1532.036536403585,0.735
spaceflight-LEO,static,oxidative_stress,root_lateral_root_cap,271.7332482475943,0.935
spaceflight-LEO,static,oxidative_stress,root_meristem,2519.919109631055,0.175
spaceflight-LEO,static,oxidative_stress,root_pericycle,2926.314729415121,0.005
spaceflight-LEO,static,oxidative_stress,root_phloem,2364.556791782393,0.26
spaceflight-LEO,static,oxidative_stress,root_stele,1777.4893931401893,0.615
spaceflight-LEO,static,oxidative_stress,root_xylem,2589.8675087895112,0.095
spaceflight-LEO,static,oxidative_stress,shoot_apical_meristem,2565.3632175372395,0.13
spaceflight-LEO,static,root_columella,cotyledon,2319.8669216262715,0.33
spaceflight-LEO,static,root_columella,dna_damage_response,2404.0773707382273,0.25
spaceflight-LEO,static,root_columella,hormone_response_aba,2526.6849136810674,0.16
spaceflight-LEO,static,root_columella,hormone_response_auxin,2343.861601959858,0.325
spaceflight-LEO,static,root_columella,hormone_response_cytokinin,1968.9934731083101,0.585
spaceflight-LEO,static,root_columella,hormone_response_ethylene,2534.1074800174238,0.18
spaceflight-LEO,static,root_columella,hormone_response_ja,2148.046670389247,0.46
spaceflight-LEO,static,root_columella,hormone_response_sa,2443.7081484923774,0.21
spaceflight-LEO,static,root_columella,hypocotyl,2605.89061510646,0.105
spaceflight-LEO,static,root_columella,leaf_epidermis,1500.4148157008806,0.745
spaceflight-LEO,static,root_columella,leaf_mesophyll,2660.966587031585,0.07
spaceflight-LEO,static,root_columella,leaf_vasculature,1666.5185543758655,0.67
spaceflight-LEO,static,root_columella,oxidative_stress,2828.6736096883815,0.03
spaceflight-LEO,static,root_columella,root_cortex,2420.1696027697067,0.31
spaceflight-LEO,static,root_columella,root_endodermis,2575.496097115295,0.125
spaceflight-LEO,static,root_columella,root_epidermis,1156.2884273970794,0.875
spaceflight-LEO,static,root_columella,root_lateral_root_cap,176.15688414819846,0.98
spaceflight-LEO,static,root_columella,root_meristem,2130.019456990847,0.46
spaceflight-LEO,static,root_columella,root_pericycle,2582.938736772084,0.145
spaceflight-LEO,static,root_columella,root_phloem,1964.1270146549934,0.62
spaceflight-LEO,static,root_columella,root_stele,1381.350932086706,0.79
spaceflight-LEO,static,root_columella,root_xylem,2207.926782139207,0.39
spaceflight-LEO,static,root_columella,shoot_apical_meristem,2181.9409886413027,0.44
spaceflight-LEO,static,root_cortex,cotyledon,2256.6998850888663,0.365
spaceflight-LEO,static,root_cortex,dna_damage_response,2342.7505911367884,0.255
spaceflight-LEO,static,root_cortex,hormone_response_aba,2467.825092797461,0.185
spaceflight-LEO,static,root_cortex,hormone_response_auxin,2281.4316217276796,0.36
spaceflight-LEO,static,root_cortex,hormone_response_cytokinin,1901.1363780474044,0.57
spaceflight-LEO,static,root_cortex,hormone_response_ethylene,2475.1984398394125,0.17
spaceflight-LEO,static,root_cortex,hormone_response_ja,2082.7170689636896,0.475
spaceflight-LEO,static,root_cortex,hormone_response_sa,2382.895864181117,0.245
spaceflight-LEO,static,root_cortex,hypocotyl,2548.462236750596,0.11
spaceflight-LEO,static,root_cortex,leaf_epidermis,1434.6797927123514,0.715
spaceflight-LEO,static,root_cortex,leaf_mesophyll,2604.6307259097034,0.075
spaceflight-LEO,static,root_cortex,leaf_vasculature,1599.6270565542147,0.64
spaceflight-LEO,static,root_cortex,oxidative_stress,2774.7685423716525,0.055
spaceflight-LEO,static,root_cortex,root_columella,2430.380774778993,0.285
spaceflight-LEO,static,root_cortex,root_endodermis,2517.254906956249,0.17
spaceflight-LEO,static,root_cortex,root_epidermis,1095.3131628326978,0.87
spaceflight-LEO,static,root_cortex,root_lateral_root_cap,162.40822307945427,0.975
spaceflight-LEO,static,root_cortex,root_meristem,2063.8156779709793,0.47
spaceflight-LEO,static,root_cortex,root_pericycle,2524.905470245104,0.165
spaceflight-LEO,static,root_cortex,root_phloem,1896.3233957154625,0.565
spaceflight-LEO,static,root_cortex,root_stele,1316.000016889401,0.8
spaceflight-LEO,static,root_cortex,root_xylem,2143.1142244715197,0.355
spaceflight-LEO,static,root_cortex,shoot_apical_meristem,2116.7776483628923,0.48
spaceflight-LEO,static,root_endodermis,cotyledon,2406.90148482969,0.24
spaceflight-LEO,static,root_endodermis,dna_damage_response,2489.023109228428,0.19
spaceflight-LEO,static,root_endodermis,hormone_response_aba,2607.7118132352907,0.08
spaceflight-LEO,static,root_endodermis,hormone_response_auxin,2430.044327905191,0.245
spaceflight-LEO,static,root_endodermis,hormone_response_cytokinin,2063.1336974139235,0.46
spaceflight-LEO,static,root_endodermis,hormone_response_ethylene,2615.074188583248,0.065
spaceflight-LEO,static,root_endodermis,hormone_response_ja,2238.3619115106467,0.39
spaceflight-LEO,static,root_endodermis,hormone_response_sa,2528.060898226695,0.14
spaceflight-LEO,static,root_endodermis,hypocotyl,2684.603387198273,0.055
spaceflight-LEO,static,root_endodermis,leaf_epidermis,1592.114557776955,0.67
spaceflight-LEO,static,root_endodermis,leaf_mesophyll,2738.1393681725117,0.05
spaceflight-LEO,static,root_endodermis,leaf_vasculature,1760.009315100159,0.58
spaceflight-LEO,static,root_endodermis,oxidative_stress,2899.8659458007896,0.01
spaceflight-LEO,static,root_endodermis,root_columella,2572.0497210341487,0.145
spaceflight-LEO,static,root_endodermis,root_cortex,2505.3719908486896,0.18
spaceflight-LEO,static,root_endodermis,root_epidermis,1242.1803694119415,0.805
spaceflight-LEO,static,root_endodermis,root_lateral_root_cap,195.96930726187824,0.95
spaceflight-LEO,static,root_endodermis,root_meristem,2221.685531417861,0.33
spaceflight-LEO,static,root_endodermis,root_pericycle,2662.962372898353,0.085
spaceflight-LEO,static,root_endodermis,root_phloem,2058.235945848519,0.495
spaceflight-LEO,static,root_endodermis,root_stele,1472.8536000960576,0.725
spaceflight-LEO,static,root_endodermis,root_xylem,2297.705489381788,0.29
spaceflight-LEO,static,root_endodermis,shoot_apical_meristem,2272.1486079908764,0.305
spaceflight-LEO,static,root_epidermis,cotyledon,1125.5803390255599,0.865
spaceflight-LEO,static,root_epidermis,dna_damage_response,1202.6882065812931,0.755
spaceflight-LEO,static,root_epidermis,hormone_response_aba,1326.9827156484798,0.785
spaceflight-LEO,static,root_epidermis,hormone_response_auxin,1149.226997682627,0.835
spaceflight-LEO,static,root_epidermis,hormone_response_cytokinin,835.4806612848764,0.9
spaceflight-LEO,static,root_epidermis,hormone_response_ethylene,1334.1010437875327,0.76
spaceflight-LEO,static,root_epidermis,hormone_response_ja,980.0557590337,0.885
spaceflight-LEO,static,root_epidermis,hormone_response_sa,1237.5186379324,0.775
spaceflight-LEO,static,root_epidermis,hypocotyl,1408.9144016111186,0.735
spaceflight-LEO,static,root_epidermis,leaf_epidermis,542.6367647118471,0.9
spaceflight-LEO,static,root_epidermis,leaf_mesophyll,1462.0689568984,0.705
spaceflight-LEO,static,root_epidermis,leaf_vasculature,644.7869776193654,0.89
spaceflight-LEO,static,root_epidermis,oxidative_stress,1658.7039217902332,0.68
spaceflight-LEO,static,root_epidermis,root_columella,1289.1693030174665,0.84
spaceflight-LEO,static,root_epidermis,root_cortex,1212.507342439356,0.835
spaceflight-LEO,static,root_epidermis,root_endodermis,1374.3234746838275,0.76
spaceflight-LEO,static,root_epidermis,root_lateral_root_cap,36.69953508104096,1.0
spaceflight-LEO,static,root_epidermis,root_meristem,959.9999069604338,0.87
spaceflight-LEO,static,root_epidermis,root_pericycle,1378.6965657089493,0.76
spaceflight-LEO,static,root_epidermis,root_phloem,831.6835114858461,0.89
spaceflight-LEO,static,root_epidermis,root_stele,470.71674722018383,0.915
spaceflight-LEO,static,root_epidermis,root_xylem,1026.2187946883803,0.81
spaceflight-LEO,static,root_epidermis,shoot_apical_meristem,1004.8858177985213,0.87
spaceflight-LEO,static,root_lateral_root_cap,cotyledon,205.91622912431183,0.97
spaceflight-LEO,static,root_lateral_root_cap,dna_damage_response,230.6963797677015,0.905
spaceflight-LEO,static,root_lateral_root_cap,hormone_response_aba,272.1920014059806,0.945
spaceflight-LEO,static,root_lateral_root_cap,hormone_response_auxin,213.77073204948056,0.965
spaceflight-LEO,static,root_lateral_root_cap,hormone_response_cytokinin,129.86007396426632,0.98
spaceflight-LEO,static,root_lateral_root_cap,hormone_response_ethylene,274.4276992889619,0.895
spaceflight-LEO,static,root_lateral_root_cap,hormone_response_ja,167.07954270521702,0.96
spaceflight-LEO,static,root_lateral_root_cap,hormone_response_sa,240.98267797515234,0.915
spaceflight-LEO,static,root_lateral_root_cap,hypocotyl,301.8546960477553,0.94
spaceflight-LEO,static,root_lateral_root_cap,leaf_epidermis,71.40267420940968,0.99
spaceflight-LEO,static,root_lateral_root_cap,leaf_mesophyll,321.2788270291048,0.91
spaceflight-LEO,static,root_lateral_root_cap,leaf_vasculature,92.56448027344027,0.98
spaceflight-LEO,static,root_lateral_root_cap,oxidative_stress,407.28560715465863,0.93
spaceflight-LEO,static,root_lateral_root_cap,root_columella,259.2039227485009,0.965
spaceflight-LEO,static,root_lateral_root_cap,root_cortex,233.25741021702444,0.965
spaceflight-LEO,static,root_lateral_root_cap,root_endodermis,287.865150234282,0.925
spaceflight-LEO,static,root_lateral_root_cap,root_epidermis,41.625221461343386,1.0
spaceflight-LEO,static,root_lateral_root_cap,root_meristem,159.98615461352165,0.955
spaceflight-LEO,static,root_lateral_root_cap,root_pericycle,289.49041612483103,0.93
spaceflight-LEO,static,root_lateral_root_cap,root_phloem,129.30117988068827,0.97
spaceflight-LEO,static,root_lateral_root_cap,root_stele,58.23272485024042,0.995
spaceflight-LEO,static,root_lateral_root_cap,root_xylem,177.88404841119103,0.925
spaceflight-LEO,static,root_lateral_root_cap,shoot_apical_meristem,172.5041002953445,0.955
spaceflight-LEO,static,root_meristem,cotyledon,1957.9006242833932,0.55
spaceflight-LEO,static,root_meristem,dna_damage_response,2046.230941000041,0.5
spaceflight-LEO,static,root_meristem,hormone_response_aba,2177.878431426116,0.355
spaceflight-LEO,static,root_meristem,hormone_response_auxin,1984.1764464029498,0.53
spaceflight-LEO,static,root_meristem,hormone_response_cytokinin,1600.8990945501341,0.69
spaceflight-LEO,static,root_meristem,hormone_response_ethylene,2185.3258607981816,0.355
spaceflight-LEO,static,root_meristem,hormone_response_ja,1783.0654422922821,0.59
spaceflight-LEO,static,root_meristem,hormone_response_sa,2086.5097012201663,0.425
spaceflight-LEO,static,root_meristem,hypocotyl,2262.381476007068,0.33
spaceflight-LEO,static,root_meristem,leaf_epidermis,1165.629079683906,0.815
spaceflight-LEO,static,root_meristem,leaf_mesophyll,2320.378684625523,0.28
spaceflight-LEO,static,root_meristem,leaf_vasculature,1317.9295815119137,0.715
spaceflight-LEO,static,root_meristem,oxidative_stress,2503.521574751393,0.19
spaceflight-LEO,static,root_meristem,root_columella,2138.6172122344037,0.46
spaceflight-LEO,static,root_meristem,root_cortex,2061.0185685704187,0.48
spaceflight-LEO,static,root_meristem,root_endodermis,2228.3892122310676,0.32
spaceflight-LEO,static,root_meristem,root_epidermis,859.4670867787632,0.89
spaceflight-LEO,static,root_meristem,root_lateral_root_cap,115.41527874196915,0.99
spaceflight-LEO,static,root_meristem,root_pericycle,2235.514805266437,0.38
spaceflight-LEO,static,root_meristem,root_phloem,1596.1344287741001,0.655
spaceflight-LEO,static,root_meristem,root_stele,1054.1389036862292,0.855
spaceflight-LEO,static,root_meristem,root_xylem,1842.092221112482,0.52
spaceflight-LEO,static,root_meristem,shoot_apical_meristem,1815.8425547055126,0.575
spaceflight-LEO,static,root_pericycle,cotyledon,2425.815123414219,0.24
spaceflight-LEO,static,root_pericycle,dna_damage_response,2508.18598715202,0.165
spaceflight-LEO,static,root_pericycle,hormone_response_aba,2626.7787734900376,0.1
spaceflight-LEO,static,root_pericycle,hormone_response_auxin,2448.952310047893,0.225
spaceflight-LEO,static,root_pericycle,hormone_response_cytokinin,2081.0820936108053,0.47
spaceflight-LEO,static,root_pericycle,hormone_response_ethylene,2634.1639850570646,0.07
spaceflight-LEO,static,root_pericycle,hormone_response_ja,2256.6147048320113,0.36
spaceflight-LEO,static,root_pericycle,hormone_response_sa,2547.421160266677,0.1
spaceflight-LEO,static,root_pericycle,hypocotyl,2703.6432594517696,0.035
spaceflight-LEO,static,root_pericycle,leaf_epidermis,1606.7490880712362,0.695
spaceflight-LEO,static,root_pericycle,leaf_mesophyll,2757.0547345955233,0.015
spaceflight-LEO,static,root_pericycle,leaf_vasculature,1775.8599583515445,0.595
spaceflight-LEO,static,root_pericycle,oxidative_stress,2917.967444135632,0.01
spaceflight-LEO,static,root_pericycle,root_columella,2591.1303618656248,0.135
spaceflight-LEO,static,root_pericycle,root_cortex,2524.7340878979094,0.165
spaceflight-LEO,static,root_pericycle,root_endodermis,2674.696880645307,0.075
spaceflight-LEO,static,root_pericycle,root_epidermis,1254.4568489270346,0.815
spaceflight-LEO,static,root_pericycle,root_lateral_root_cap,198.3424991909602,0.93
spaceflight-LEO,static,root_pericycle,root_meristem,2240.2439116989044,0.37
spaceflight-LEO,static,root_pericycle,root_phloem,2076.1414720870735,0.495
spaceflight-LEO,static,root_pericycle,root_stele,1486.9768828257857,0.745
spaceflight-LEO,static,root_pericycle,root_xylem,2316.4674303061947,0.27
spaceflight-LEO,static,root_pericycle,shoot_apical_meristem,2290.734850868804,0.29
spaceflight-LEO,static,root_phloem,cotyledon,1805.4286644241995,0.64
spaceflight-LEO,static,root_phloem,dna_damage_response,1894.5103007691105,0.565
spaceflight-LEO,static,root_phloem,hormone_response_aba,2029.3052430870134,0.455
spaceflight-LEO,static,root_phloem,hormone_response_auxin,1832.1928921704848,0.605
spaceflight-LEO,static,root_phloem,hormone_response_cytokinin,1450.0882499421677,0.75
spaceflight-LEO,static,root_phloem,hormone_response_ethylene,2036.8480464249621,0.455
spaceflight-LEO,static,root_phloem,hormone_response_ja,1630.7562436662627,0.7
spaceflight-LEO,static,root_phloem,hormone_response_sa,1934.9632597481393,0.53
spaceflight-LEO,static,root_phloem,hypocotyl,2116.0024239380778,0.425
spaceflight-LEO,static,root_phloem,leaf_epidermis,1033.4235211904472,0.83
spaceflight-LEO,static,root_phloem,leaf_mesophyll,2174.9744859820385,0.355
spaceflight-LEO,static,root_phloem,leaf_vasculature,1178.3758686276037,0.81
spaceflight-LEO,static,root_phloem,oxidative_stress,2365.8253572973576,0.26
spaceflight-LEO,static,root_phloem,root_columella,1989.0333573815863,0.605
spaceflight-LEO,static,root_phloem,root_cortex,1908.6276096955658,0.56
spaceflight-LEO,static,root_phloem,root_endodermis,2080.675490981317,0.475
spaceflight-LEO,static,root_phloem,root_epidermis,747.3891084901571,0.89
spaceflight-LEO,static,root_phloem,root_lateral_root_cap,95.33310908565635,0.985
spaceflight-LEO,static,root_phloem,root_meristem,1608.6585710945374,0.65
spaceflight-LEO,static,root_phloem,root_pericycle,2087.501941646804,0.475
spaceflight-LEO,static,root_phloem,root_stele,927.1614825240865,0.88
spaceflight-LEO,static,root_phloem,root_xylem,1689.0327788546883,0.58
spaceflight-LEO,static,root_phloem,shoot_apical_meristem,1662.8832795412382,0.66
spaceflight-LEO,static,root_stele,cotyledon,1308.1417317302032,0.82
spaceflight-LEO,static,root_stele,dna_damage_response,1390.2078337933676,0.76
spaceflight-LEO,static,root_stele,hormone_response_aba,1520.6048405478616,0.71
spaceflight-LEO,static,root_stele,hormone_response_auxin,1333.2173634527683,0.785
spaceflight-LEO,static,root_stele,hormone_response_cytokinin,993.5690200231943,0.895
spaceflight-LEO,static,root_stele,hormone_response_ethylene,1527.9661303161986,0.705
spaceflight-LEO,static,root_stele,hormone_response_ja,1151.2168914359715,0.86
spaceflight-LEO,static,root_stele,hormone_response_sa,1427.4072261222595,0.72
spaceflight-LEO,static,root_stele,hypocotyl,1605.7799686884287,0.65
spaceflight-LEO,static,root_stele,leaf_epidermis,662.8677286411328,0.9
spaceflight-LEO,static,root_stele,leaf_mesophyll,1661.9115222101893,0.63
spaceflight-LEO,static,root_stele,leaf_vasculature,777.4537664067016,0.88
spaceflight-LEO,static,root_stele,oxidative_stress,1861.193214921937,0.575
spaceflight-LEO,static,root_stele,root_columella,1481.1494191058937,0.765
spaceflight-LEO,static,root_stele,root_cortex,1401.303264796065,0.755
spaceflight-LEO,static,root_stele,root_endodermis,1570.1136874588983,0.69
spaceflight-LEO,static,root_stele,root_epidermis,452.0971584452893,0.915
spaceflight-LEO,static,root_stele,root_lateral_root_cap,48.606343636162634,0.995
spaceflight-LEO,static,root_stele,root_meristem,1130.111203986291,0.845
spaceflight-LEO,static,root_stele,root_pericycle,1575.2564970471674,0.72
spaceflight-LEO,static,root_stele,root_phloem,989.3107212690045,0.875
spaceflight-LEO,static,root_stele,root_xylem,1201.7473070259487,0.785
spaceflight-LEO,static,root_stele,shoot_apical_meristem,1178.5733943344899,0.88
spaceflight-LEO,static,root_xylem,cotyledon,2033.4502030975334,0.49
spaceflight-LEO,static,root_xylem,dna_damage_response,2121.357212123214,0.355
spaceflight-LEO,static,root_xylem,hormone_response_aba,2251.59305770337,0.315
spaceflight-LEO,static,root_xylem,hormone_response_auxin,2059.417895109771,0.42
spaceflight-LEO,static,root_xylem,hormone_response_cytokinin,1675.8151600371448,0.61
spaceflight-LEO,static,root_xylem,hormone_response_ethylene,2259.019274765181,0.305
spaceflight-LEO,static,root_xylem,hormone_response_ja,1858.4840053938217,0.505
spaceflight-LEO,static,root_xylem,hormone_response_sa,2161.5924897950968,0.345
spaceflight-LEO,static,root_xylem,hypocotyl,2335.2168028298943,0.245
spaceflight-LEO,static,root_xylem,leaf_epidermis,1231.5883621177243,0.755
spaceflight-LEO,static,root_xylem,leaf_mesophyll,2392.8337728857205,0.18
spaceflight-LEO,static,root_xylem,leaf_vasculature,1387.3245007382225,0.645
spaceflight-LEO,static,root_xylem,oxidative_stress,2573.228751417949,0.115
spaceflight-LEO,static,root_xylem,root_columella,2212.734846979519,0.39
spaceflight-LEO,static,root_xylem,root_cortex,2136.4333757187023,0.375
spaceflight-LEO,static,root_xylem,root_endodermis,2301.8348936844623,0.28
spaceflight-LEO,static,root_xylem,root_epidermis,916.1632186009499,0.835
spaceflight-LEO,static,root_xylem,root_lateral_root_cap,126.19064299860408,0.96
spaceflight-LEO,static,root_xylem,root_meristem,1837.53621494659,0.525
spaceflight-LEO,static,root_xylem,root_pericycle,2309.0681590996733,0.275
spaceflight-LEO,static,root_xylem,root_phloem,1671.0375531332975,0.59
spaceflight-LEO,static,root_xylem,root_stele,1117.809270301738,0.83
spaceflight-LEO,static,root_xylem,shoot_apical_meristem,1891.6116354736569,0.505
spaceflight-LEO,static,shoot_apical_meristem,cotyledon,2007.0610122563285,0.575
spaceflight-LEO,static,shoot_apical_meristem,dna_damage_response,2095.1774346257353,0.445
spaceflight-LEO,static,shoot_apical_meristem,hormone_response_aba,2226.1033586393464,0.36
spaceflight-LEO,static,shoot_apical_meristem,hormone_response_auxin,2033.155395633935,0.54
spaceflight-LEO,static,shoot_apical_meristem,hormone_response_cytokinin,1649.0596316232936,0.665
spaceflight-LEO,static,shoot_apical_meristem,hormone_response_ethylene,2233.5711403691353,0.33
spaceflight-LEO,static,shoot_apical_meristem,hormone_response_ja,1831.828658447064,0.59
spaceflight-LEO,static,shoot_apical_meristem,hormone_response_sa,2135.4730014798797,0.405
spaceflight-LEO,static,shoot_apical_meristem,hypocotyl,2310.1453724449993,0.25
spaceflight-LEO,static,shoot_apical_meristem,leaf_epidermis,1207.4556291564293,0.81
spaceflight-LEO,static,shoot_apical_meristem,leaf_mesophyll,2367.8507200571526,0.22
spaceflight-LEO,static,shoot_apical_meristem,leaf_vasculature,1362.09511873625,0.76
spaceflight-LEO,static,shoot_apical_meristem,oxidative_stress,2549.5969500484393,0.135
spaceflight-LEO,static,shoot_apical_meristem,root_columella,2187.048082215561,0.43
spaceflight-LEO,static,shoot_apical_meristem,root_cortex,2110.1136943208658,0.485
spaceflight-LEO,static,shoot_apical_meristem,root_endodermis,2276.524091504927,0.295
spaceflight-LEO,static,shoot_apical_meristem,root_epidermis,895.1763044163382,0.88
spaceflight-LEO,static,shoot_apical_meristem,root_lateral_root_cap,122.25345871442828,0.98
spaceflight-LEO,static,shoot_apical_meristem,root_meristem,1810.703853705797,0.585
spaceflight-LEO,static,shoot_apical_meristem,root_pericycle,2283.6603319708047,0.29
spaceflight-LEO,static,shoot_apical_meristem,root_phloem,1644.2691865285326,0.66
spaceflight-LEO,static,shoot_apical_meristem,root_stele,1094.3888575307692,0.895
spaceflight-LEO,static,shoot_apical_meristem,root_xylem,1891.2272537693045,0.51
HZE-Fe,0.5-2h,cotyledon,dna_damage_response,0.9776495815168987,0.335
HZE-Fe,0.5-2h,cotyledon,hormone_response_aba,0.9879185155375401,0.3
HZE-Fe,0.5-2h,cotyledon,hormone_response_auxin,0.8574346571727952,0.385
HZE-Fe,0.5-2h,cotyledon,hormone_response_cytokinin,0.4057891980220661,0.66
HZE-Fe,0.5-2h,cotyledon,hormone_response_ethylene,1.9088665702089898,0.1
HZE-Fe,0.5-2h,cotyledon,hormone_response_ja,0.46627367578273693,0.595
HZE-Fe,0.5-2h,cotyledon,hormone_response_sa,0.42982295898351924,0.63
HZE-Fe,0.5-2h,cotyledon,hypocotyl,1.156375541439677,0.29
HZE-Fe,0.5-2h,cotyledon,leaf_epidermis,0.04551927474059744,0.91
HZE-Fe,0.5-2h,cotyledon,leaf_mesophyll,1.0136417567418559,0.305
HZE-Fe,0.5-2h,cotyledon,oxidative_stress,2.311120656091664,0.045
HZE-Fe,0.5-2h,cotyledon,root_columella,1.5208751406908365,0.235
HZE-Fe,0.5-2h,cotyledon,root_cortex,1.9132686723535135,0.13
HZE-Fe,0.5-2h,cotyledon,root_endodermis,1.2658272177204455,0.24
HZE-Fe,0.5-2h,cotyledon,root_epidermis,0.24057016112030846,0.755
HZE-Fe,0.5-2h,cotyledon,root_lateral_root_cap,0.11901434183757856,0.84
HZE-Fe,0.5-2h,cotyledon,root_meristem,0.8688760189803443,0.38
HZE-Fe,0.5-2h,cotyledon,root_pericycle,2.3613485006445165,0.07
HZE-Fe,0.5-2h,cotyledon,root_phloem,0.7170472767512048,0.555
HZE-Fe,0.5-2h,cotyledon,root_stele,0.8523479641973911,0.425
HZE-Fe,0.5-2h,cotyledon,root_xylem,0.9763557137709001,0.305
HZE-Fe,0.5-2h,cotyledon,shoot_apical_meristem,0.9169746025927326,0.38
HZE-Fe,0.5-2h,dna_damage_response,cotyledon,0.9782597374259008,0.335
HZE-Fe,0.5-2h,dna_damage_response,hormone_response_aba,0.9140814885122523,0.405
HZE-Fe,0.5-2h,dna_damage_response,hormone_response_auxin,0.7933452377615754,0.545
HZE-Fe,0.5-2h,dna_damage_response,hormone_response_cytokinin,0.3754523000017025,0.745
HZE-Fe,0.5-2h,dna_damage_response,hormone_response_ethylene,1.766256011727383,0.15
HZE-Fe,0.5-2h,dna_damage_response,hormone_response_ja,0.4314181689193338,0.67
HZE-Fe,0.5-2h,dna_damage_response,hormone_response_sa,0.3976906948270263,0.725
HZE-Fe,0.5-2h,dna_damage_response,hypocotyl,1.069954664452903,0.36
HZE-Fe,0.5-2h,dna_damage_response,leaf_epidermis,0.042115559528254506,0.94
HZE-Fe,0.5-2h,dna_damage_response,leaf_mesophyll,0.9378849288729427,0.375
HZE-Fe,0.5-2h,dna_damage_response,oxidative_stress,2.1384929087757074,0.1
HZE-Fe,0.5-2h,dna_damage_response,root_columella,1.4072311438854186,0.245
HZE-Fe,0.5-2h,dna_damage_response,root_cortex,1.770332865453354,0.21
HZE-Fe,0.5-2h,dna_damage_response,root_endodermis,1.171234045654992,0.325
HZE-Fe,0.5-2h,dna_damage_response,root_epidermis,0.22258337590541252,0.775
HZE-Fe,0.5-2h,dna_damage_response,root_lateral_root_cap,0.11011647110064234,0.87
HZE-Fe,0.5-2h,dna_damage_response,root_meristem,0.8039341319990682,0.465
HZE-Fe,0.5-2h,dna_damage_response,root_pericycle,2.184969990865084,0.1
HZE-Fe,0.5-2h,dna_damage_response,root_phloem,0.6634465610904487,0.62
HZE-Fe,0.5-2h,dna_damage_response,root_stele,0.7886402634355572,0.51
HZE-Fe,0.5-2h,dna_damage_response,root_xylem,0.9033827819235092,0.415
HZE-Fe,0.5-2h,dna_damage_response,shoot_apical_meristem,0.8484364576400869,0.46
HZE-Fe,0.5-2h,hormone_response_aba,cotyledon,0.9877110166046094,0.305
HZE-Fe,0.5-2h,hormone_response_aba,dna_damage_response,0.913319188645558,0.405
HZE-Fe,0.5-2h,hormone_response_aba,hormone_response_auxin,0.8010133647889608,0.505
HZE-Fe,0.5-2h,hormone_response_aba,hormone_response_cytokinin,0.37908180730395413,0.7
HZE-Fe,0.5-2h,hormone_response_aba,hormone_response_ethylene,1.7833169135589095,0.135
HZE-Fe,0.5-2h,hormone_response_aba,hormone_response_ja,0.435585349268024,0.655
HZE-Fe,0.5-2h,hormone_response_aba,hormone_response_sa,0.4015336470183837,0.645
HZE-Fe,0.5-2h,hormone_response_aba,hypocotyl,1.0802927616757263,0.305
HZE-Fe,0.5-2h,hormone_response_aba,leaf_epidermis,0.0425229604171477,0.93
HZE-Fe,0.5-2h,hormone_response_aba,leaf_mesophyll,0.9469450316592102,0.35
HZE-Fe,0.5-2h,hormone_response_aba,oxidative_stress,2.1591394065109744,0.075
HZE-Fe,0.5-2h,hormone_response_aba,root_columella,1.4208271515053985,0.24
HZE-Fe,0.5-2h,hormone_response_aba,root_cortex,1.787428030102693,0.16
HZE-Fe,0.5-2h,hormone_response_aba,root_endodermis,1.1825460545375952,0.315
HZE-Fe,0.5-2h,hormone_response_aba,root_epidermis,0.22473582201740014,0.77
HZE-Fe,0.5-2h,hormone_response_aba,root_lateral_root_cap,0.11117996247265696,0.8
HZE-Fe,0.5-2h,hormone_response_aba,root_meristem,0.8117011351955186,0.415
HZE-Fe,0.5-2h,hormone_response_aba,root_pericycle,2.2060687872413327,0.115
HZE-Fe,0.5-2h,hormone_response_aba,root_phloem,0.6698613645717042,0.61
HZE-Fe,0.5-2h,hormone_response_aba,root_stele,0.796260564438662,0.485
HZE-Fe,0.5-2h,hormone_response_aba,root_xylem,0.9121119837026177,0.365
HZE-Fe,0.5-2h,hormone_response_aba,shoot_apical_meristem,0.8566371311070434,0.43
HZE-Fe,0.5-2h,hormone_response_auxin,cotyledon,0.85748997569516,0.385
HZE-Fe,0.5-2h,hormone_response_auxin,dna_damage_response,0.7929013501815145,0.545
HZE-Fe,0.5-2h,hormone_response_auxin,hormone_response_aba,0.8012333224152692,0.505
HZE-Fe,0.5-2h,hormone_response_auxin,hormone_response_cytokinin,0.32909093630026487,0.755
HZE-Fe,0.5-2h,hormone_response_auxin,hormone_response_ethylene,1.5482798177500816,0.195
HZE-Fe,0.5-2h,hormone_response_auxin,hormone_response_ja,0.37814363829503544,0.73
HZE-Fe,0.5-2h,hormone_response_auxin,hormone_response_sa,0.34858202448292697,0.715
HZE-Fe,0.5-2h,hormone_response_auxin,hypocotyl,0.9378714250276342,0.4
HZE-Fe,0.5-2h,hormone_response_auxin,leaf_epidermis,0.03691457062215367,0.98
HZE-Fe,0.5-2h,hormone_response_auxin,leaf_mesophyll,0.8220962153197342,0.43
HZE-Fe,0.5-2h,hormone_response_auxin,oxidative_stress,1.8746122897575215,0.125
HZE-Fe,0.5-2h,hormone_response_auxin,root_columella,1.2335377861705075,0.265
HZE-Fe,0.5-2h,hormone_response_auxin,root_cortex,1.5518486426247282,0.225
HZE-Fe,0.5-2h,hormone_response_auxin,root_endodermis,1.026649547376487,0.325
HZE-Fe,0.5-2h,hormone_response_auxin,root_epidermis,0.19509731553502063,0.795
HZE-Fe,0.5-2h,hormone_response_auxin,root_lateral_root_cap,0.09651633101881639,0.89
HZE-Fe,0.5-2h,hormone_response_auxin,root_meristem,0.7046774342149984,0.545
HZE-Fe,0.5-2h,hormone_response_auxin,root_pericycle,1.9153643535786444,0.12
HZE-Fe,0.5-2h,hormone_response_auxin,root_phloem,0.5815355296637622,0.615
HZE-Fe,0.5-2h,hormone_response_auxin,root_stele,0.6912723813881352,0.575
HZE-Fe,0.5-2h,hormone_response_auxin,root_xylem,0.7918544885291559,0.495
HZE-Fe,0.5-2h,hormone_response_auxin,shoot_apical_meristem,0.7436917604253181,0.53
HZE-Fe,0.5-2h,hormone_response_cytokinin,cotyledon,0.40602760868162563,0.65
HZE-Fe,0.5-2h,hormone_response_cytokinin,dna_damage_response,0.375438576368574,0.745
HZE-Fe,0.5-2h,hormone_response_cytokinin,hormone_response_aba,0.37938423180464104,0.7
HZE-Fe,0.5-2h,hormone_response_cytokinin,hormone_response_auxin,0.32926299113730506,0.75
HZE-Fe,0.5-2h,hormone_response_cytokinin,hormone_response_ethylene,0.7332485335481993,0.51
HZE-Fe,0.5-2h,hormone_response_cytokinin,hormone_response_ja,0.17903221357646676,0.84
HZE-Fe,0.5-2h,hormone_response_cytokinin,hormone_response_sa,0.16503495042164523,0.84
HZE-Fe,0.5-2h,hormone_response_cytokinin,hypocotyl,0.44409768299215246,0.645
HZE-Fe,0.5-2h,hormone_response_cytokinin,leaf_epidermis,0.017475682177218208,0.995
HZE-Fe,0.5-2h,hormone_response_cytokinin,leaf_mesophyll,0.3892650325279843,0.695
HZE-Fe,0.5-2h,hormone_response_cytokinin,oxidative_stress,0.8878690021116751,0.395
HZE-Fe,0.5-2h,hormone_response_cytokinin,root_columella,0.5841439358980346,0.65
HZE-Fe,0.5-2h,hormone_response_cytokinin,root_cortex,0.7349396466026683,0.555
HZE-Fe,0.5-2h,hormone_response_cytokinin,root_endodermis,0.48614670381755853,0.625
HZE-Fe,0.5-2h,hormone_response_cytokinin,root_epidermis,0.09236449239455857,0.915
HZE-Fe,0.5-2h,hormone_response_cytokinin,root_lateral_root_cap,0.04569246070807545,0.945
HZE-Fe,0.5-2h,hormone_response_cytokinin,root_meristem,0.33365699146486777,0.77
HZE-Fe,0.5-2h,hormone_response_cytokinin,root_pericycle,0.9071793392779866,0.455
HZE-Fe,0.5-2h,hormone_response_cytokinin,root_phloem,0.27534185259195676,0.785
HZE-Fe,0.5-2h,hormone_response_cytokinin,root_stele,0.3273086929787177,0.77
HZE-Fe,0.5-2h,hormone_response_cytokinin,root_xylem,0.37494249333360197,0.69
HZE-Fe,0.5-2h,hormone_response_cytokinin,shoot_apical_meristem,0.352133071686163,0.76
HZE-Fe,0.5-2h,hormone_response_ethylene,cotyledon,1.9058599084553383,0.1
HZE-Fe,0.5-2h,hormone_response_ethylene,dna_damage_response,1.762373366660213,0.155
HZE-Fe,0.5-2h,hormone_response_ethylene,hormone_response_aba,1.7808814333517575,0.13
HZE-Fe,0.5-2h,hormone_response_ethylene,hormone_response_auxin,1.545741031551156,0.195
HZE-Fe,0.5-2h,hormone_response_ethylene,hormone_response_cytokinin,0.7316630942845198,0.51
HZE-Fe,0.5-2h,hormone_response_ethylene,hormone_response_ja,0.8406990092367096,0.43
HZE-Fe,0.5-2h,hormone_response_ethylene,hormone_response_sa,0.7749895394817682,0.49
HZE-Fe,0.5-2h,hormone_response_ethylene,hypocotyl,2.084417792688411,0.1
HZE-Fe,0.5-2h,hormone_response_ethylene,leaf_epidermis,0.08208553721319317,0.87
HZE-Fe,0.5-2h,hormone_response_ethylene,leaf_mesophyll,1.827231834579293,0.11
HZE-Fe,0.5-2h,hormone_response_ethylene,oxidative_stress,4.16406187577199,0.02
HZE-Fe,0.5-2h,hormone_response_ethylene,root_columella,2.7410639792027247,0.03
HZE-Fe,0.5-2h,hormone_response_ethylene,root_cortex,3.447753114122163,0.01
HZE-Fe,0.5-2h,hormone_response_ethylene,root_endodermis,2.2816113709980907,0.065
HZE-Fe,0.5-2h,hormone_response_ethylene,root_epidermis,0.4337908121702678,0.58
HZE-Fe,0.5-2h,hormone_response_ethylene,root_lateral_root_cap,0.2146131552027105,0.79
HZE-Fe,0.5-2h,hormone_response_ethylene,root_meristem,1.5663583309137736,0.195
HZE-Fe,0.5-2h,hormone_response_ethylene,root_pericycle,4.254480896025163,0.01
HZE-Fe,0.5-2h,hormone_response_ethylene,root_phloem,1.2927281240925492,0.285
HZE-Fe,0.5-2h,hormone_response_ethylene,root_stele,1.5365726520650147,0.205
HZE-Fe,0.5-2h,hormone_response_ethylene,root_xylem,1.7600450038301856,0.13
HZE-Fe,0.5-2h,hormone_response_ethylene,shoot_apical_meristem,1.6530394347118698,0.135
HZE-Fe,0.5-2h,hormone_response_ja,cotyledon,0.4668850978112819,0.595
HZE-Fe,0.5-2h,hormone_response_ja,dna_damage_response,0.4317142003799729,0.665
HZE-Fe,0.5-2h,hormone_response_ja,hormone_response_aba,0.4362483662807738,0.64
HZE-Fe,0.5-2h,hormone_response_ja,hormone_response_auxin,0.3786153330478524,0.73
HZE-Fe,0.5-2h,hormone_response_ja,hormone_response_cytokinin,0.17916176357890343,0.835
HZE-Fe,0.5-2h,hormone_response_ja,hormone_response_ethylene,0.8431305035430251,0.43
HZE-Fe,0.5-2h,hormone_response_ja,hormone_response_sa,0.18977463224442745,0.85
HZE-Fe,0.5-2h,hormone_response_ja,hypocotyl,0.5106592714764762,0.59
HZE-Fe,0.5-2h,hormone_response_ja,leaf_epidermis,0.020095417604626215,0.98
HZE-Fe,0.5-2h,hormone_response_ja,leaf_mesophyll,0.4476112047592589,0.585
HZE-Fe,0.5-2h,hormone_response_ja,oxidative_stress,1.0209140245390984,0.3
HZE-Fe,0.5-2h,hormone_response_ja,root_columella,0.6716883999221905,0.615
HZE-Fe,0.5-2h,hormone_response_ja,root_cortex,0.8450775534959349,0.485
HZE-Fe,0.5-2h,hormone_response_ja,root_endodermis,0.559010983086656,0.57
HZE-Fe,0.5-2h,hormone_response_ja,root_epidermis,0.1062103023133647,0.895
HZE-Fe,0.5-2h,hormone_response_ja,root_lateral_root_cap,0.05254282826388404,0.94
HZE-Fe,0.5-2h,hormone_response_ja,root_meristem,0.3836695222598501,0.69
HZE-Fe,0.5-2h,hormone_response_ja,root_pericycle,1.0431144720331986,0.325
HZE-Fe,0.5-2h,hormone_response_ja,root_phloem,0.3166124083346637,0.775
HZE-Fe,0.5-2h,hormone_response_ja,root_stele,0.3763693382378677,0.71
HZE-Fe,0.5-2h,hormone_response_ja,root_xylem,0.43114126069492353,0.61
HZE-Fe,0.5-2h,hormone_response_ja,shoot_apical_meristem,0.4049125596600726,0.7
HZE-Fe,0.5-2h,hormone_response_sa,cotyledon,0.43011274948553246,0.625
HZE-Fe,0.5-2h,hormone_response_sa,dna_damage_response,0.39771061951075776,0.725
HZE-Fe,0.5-2h,hormone_response_sa,hormone_response_aba,0.40188887473542434,0.645
HZE-Fe,0.5-2h,hormone_response_sa,hormone_response_auxin,0.34879454913341745,0.715
HZE-Fe,0.5-2h,hormone_response_sa,hormone_response_cytokinin,0.16504925091763023,0.84
HZE-Fe,0.5-2h,hormone_response_sa,hormone_response_ethylene,0.7767362012548858,0.49
HZE-Fe,0.5-2h,hormone_response_sa,hormone_response_ja,0.1896539533633752,0.855
HZE-Fe,0.5-2h,hormone_response_sa,hypocotyl,0.470440223274689,0.635
HZE-Fe,0.5-2h,hormone_response_sa,leaf_epidermis,0.01851244063998445,0.985
HZE-Fe,0.5-2h,hormone_response_sa,leaf_mesophyll,0.4123563757860668,0.67
HZE-Fe,0.5-2h,hormone_response_sa,oxidative_stress,0.9405243756926602,0.385
HZE-Fe,0.5-2h,hormone_response_sa,root_columella,0.6187908040209732,0.625
HZE-Fe,0.5-2h,hormone_response_sa,root_cortex,0.7785286744410468,0.53
HZE-Fe,0.5-2h,hormone_response_sa,root_endodermis,0.5149839682092797,0.585
HZE-Fe,0.5-2h,hormone_response_sa,root_epidermis,0.09784402773103777,0.88
HZE-Fe,0.5-2h,hormone_response_sa,root_lateral_root_cap,0.04840361431479571,0.935
HZE-Fe,0.5-2h,hormone_response_sa,root_meristem,0.35345014169214906,0.735
HZE-Fe,0.5-2h,hormone_response_sa,root_pericycle,0.960978171525325,0.4
HZE-Fe,0.5-2h,hormone_response_sa,root_phloem,0.2916748172632496,0.76
HZE-Fe,0.5-2h,hormone_response_sa,root_stele,0.34672499235570914,0.75
HZE-Fe,0.5-2h,hormone_response_sa,root_xylem,0.39718378387173287,0.675
HZE-Fe,0.5-2h,hormone_response_sa,shoot_apical_meristem,0.37302096019542696,0.72
HZE-Fe,0.5-2h,hypocotyl,cotyledon,1.1561887518942122,0.29
HZE-Fe,0.5-2h,hypocotyl,dna_damage_response,1.0691144847832557,0.36
HZE-Fe,0.5-2h,hypocotyl,hormone_response_aba,1.080345099931482,0.305
HZE-Fe,0.5-2h,hypocotyl,hormone_response_auxin,0.9376594423261855,0.41
HZE-Fe,0.5-2h,hypocotyl,hormone_response_cytokinin,0.4437652508685048,0.645
HZE-Fe,0.5-2h,hypocotyl,hormone_response_ethylene,2.0873685746400157,0.095
HZE-Fe,0.5-2h,hypocotyl,hormone_response_ja,0.5099079927455556,0.59
HZE-Fe,0.5-2h,hypocotyl,hormone_response_sa,0.47004731255801313,0.635
HZE-Fe,0.5-2h,hypocotyl,leaf_epidermis,0.049780080362131135,0.905
HZE-Fe,0.5-2h,hypocotyl,leaf_mesophyll,1.108472926360819,0.28
HZE-Fe,0.5-2h,hypocotyl,oxidative_stress,2.5271915155867495,0.025
HZE-Fe,0.5-2h,hypocotyl,root_columella,1.663124228028607,0.23
HZE-Fe,0.5-2h,hypocotyl,root_cortex,2.0921806925279465,0.085
HZE-Fe,0.5-2h,hypocotyl,root_endodermis,1.3842357456638796,0.255
HZE-Fe,0.5-2h,hypocotyl,root_epidermis,0.2630861614066821,0.76
HZE-Fe,0.5-2h,hypocotyl,root_lateral_root_cap,0.13015374113881786,0.825
HZE-Fe,0.5-2h,hypocotyl,root_meristem,0.950169874376507,0.36
HZE-Fe,0.5-2h,hypocotyl,root_pericycle,2.582110631482441,0.08
HZE-Fe,0.5-2h,hypocotyl,root_phloem,0.7841422964763025,0.52
HZE-Fe,0.5-2h,hypocotyl,root_stele,0.9320963902917447,0.405
HZE-Fe,0.5-2h,hypocotyl,root_xylem,1.0677009647425135,0.27
HZE-Fe,0.5-2h,hypocotyl,shoot_apical_meristem,1.0027675702280676,0.345
HZE-Fe,0.5-2h,leaf_epidermis,cotyledon,0.045543463775566534,0.91
HZE-Fe,0.5-2h,leaf_epidermis,dna_damage_response,0.04211167608556821,0.93
HZE-Fe,0.5-2h,leaf_epidermis,hormone_response_aba,0.04255447883025266,0.925
HZE-Fe,0.5-2h,leaf_epidermis,hormone_response_auxin,0.03693177882463206,0.975
HZE-Fe,0.5-2h,leaf_epidermis,hormone_response_cytokinin,0.017474701874919014,0.995
HZE-Fe,0.5-2h,leaf_epidermis,hormone_response_ethylene,0.08225877250533573,0.865
HZE-Fe,0.5-2h,leaf_epidermis,hormone_response_ja,0.020079759935188603,0.98
HZE-Fe,0.5-2h,leaf_epidermis,hormone_response_sa,0.01850980331388267,0.99
HZE-Fe,0.5-2h,leaf_epidermis,hypocotyl,0.049814565687087496,0.9
HZE-Fe,0.5-2h,leaf_epidermis,leaf_mesophyll,0.04366288320509023,0.925
HZE-Fe,0.5-2h,leaf_epidermis,oxidative_stress,0.0996110330028402,0.865
HZE-Fe,0.5-2h,leaf_epidermis,root_columella,0.06552751406801734,0.895
HZE-Fe,0.5-2h,leaf_epidermis,root_cortex,0.08244840336857062,0.885
HZE-Fe,0.5-2h,leaf_epidermis,root_endodermis,0.0545320627025869,0.9
HZE-Fe,0.5-2h,leaf_epidermis,root_epidermis,0.010359034722451282,0.99
HZE-Fe,0.5-2h,leaf_epidermis,root_lateral_root_cap,0.005124441760762253,1.0
HZE-Fe,0.5-2h,leaf_epidermis,root_meristem,0.037424599646534676,0.985
HZE-Fe,0.5-2h,leaf_epidermis,root_pericycle,0.10177843446832115,0.875
HZE-Fe,0.5-2h,leaf_epidermis,root_phloem,0.03088306509022629,0.98
HZE-Fe,0.5-2h,leaf_epidermis,root_stele,0.03671247512082842,0.945
HZE-Fe,0.5-2h,leaf_epidermis,root_xylem,0.04205617202519368,0.925
HZE-Fe,0.5-2h,leaf_epidermis,shoot_apical_meristem,0.03949739252010235,0.97
HZE-Fe,0.5-2h,leaf_mesophyll,cotyledon,1.0136865279087277,0.3
HZE-Fe,0.5-2h,leaf_mesophyll,dna_damage_response,0.937341174814213,0.385
HZE-Fe,0.5-2h,leaf_mesophyll,hormone_response_aba,0.9471859724925968,0.34
HZE-Fe,0.5-2h,leaf_mesophyll,hormone_response_auxin,0.8220796344057112,0.43
HZE-Fe,0.5-2h,leaf_mesophyll,hormone_response_cytokinin,0.3890536540884166,0.695
HZE-Fe,0.5-2h,leaf_mesophyll,hormone_response_ethylene,1.8301958350012741,0.11
HZE-Fe,0.5-2h,leaf_mesophyll,hormone_response_ja,0.44704477132573717,0.59
HZE-Fe,0.5-2h,leaf_mesophyll,hormone_response_sa,0.4120967111846306,0.67
HZE-Fe,0.5-2h,leaf_mesophyll,hypocotyl,1.1087010713817826,0.275
HZE-Fe,0.5-2h,leaf_mesophyll,leaf_epidermis,0.043641624020913795,0.925
HZE-Fe,0.5-2h,leaf_mesophyll,oxidative_stress,2.2158902051934843,0.065
HZE-Fe,0.5-2h,leaf_mesophyll,root_columella,1.4581835042790652,0.22
HZE-Fe,0.5-2h,leaf_mesophyll,root_cortex,1.8344174055977125,0.135
HZE-Fe,0.5-2h,leaf_mesophyll,root_endodermis,1.2136437320777007,0.25
HZE-Fe,0.5-2h,leaf_mesophyll,root_epidermis,0.23064773737955516,0.77
HZE-Fe,0.5-2h,leaf_mesophyll,root_lateral_root_cap,0.11410553536732004,0.82
HZE-Fe,0.5-2h,leaf_mesophyll,root_meristem,0.8330500544454271,0.455
HZE-Fe,0.5-2h,leaf_mesophyll,root_pericycle,2.26404979664816,0.065
HZE-Fe,0.5-2h,leaf_mesophyll,root_phloem,0.6874786443232075,0.565
HZE-Fe,0.5-2h,leaf_mesophyll,root_stele,0.8172030166590238,0.485
HZE-Fe,0.5-2h,leaf_mesophyll,root_xylem,0.9360997276472213,0.35
HZE-Fe,0.5-2h,leaf_mesophyll,shoot_apical_meristem,0.8791654995567816,0.44
HZE-Fe,0.5-2h,oxidative_stress,cotyledon,2.30784665013456,0.045
HZE-Fe,0.5-2h,oxidative_stress,dna_damage_response,2.1341302056858655,0.105
HZE-Fe,0.5-2h,oxidative_stress,hormone_response_aba,2.1565330985591737,0.075
HZE-Fe,0.5-2h,oxidative_stress,hormone_response_auxin,1.8718360402853216,0.12
HZE-Fe,0.5-2h,oxidative_stress,hormone_response_cytokinin,0.8860899210006423,0.4
HZE-Fe,0.5-2h,oxidative_stress,hormone_response_ethylene,4.1647216382906915,0.015
HZE-Fe,0.5-2h,oxidative_stress,hormone_response_ja,1.0181312893887355,0.31
HZE-Fe,0.5-2h,oxidative_stress,hormone_response_sa,0.938558212268229,0.385
HZE-Fe,0.5-2h,oxidative_stress,hypocotyl,2.5240198542808723,0.03
HZE-Fe,0.5-2h,oxidative_stress,leaf_epidermis,0.099417041424803,0.865
HZE-Fe,0.5-2h,oxidative_stress,leaf_mesophyll,2.212652681854918,0.065
HZE-Fe,0.5-2h,oxidative_stress,root_columella,3.3189327111099356,0.02
HZE-Fe,0.5-2h,oxidative_stress,root_cortex,4.174316304941295,0.01
HZE-Fe,0.5-2h,oxidative_stress,root_endodermis,2.7627504777301097,0.04
HZE-Fe,0.5-2h,oxidative_stress,root_epidermis,0.525363061960399,0.575
HZE-Fe,0.5-2h,oxidative_stress,root_lateral_root_cap,0.25992453696162887,0.765
HZE-Fe,0.5-2h,oxidative_stress,root_meristem,1.8968020492800868,0.09
HZE-Fe,0.5-2h,oxidative_stress,root_pericycle,5.150632100713266,0.0
HZE-Fe,0.5-2h,oxidative_stress,root_phloem,1.5654848211819243,0.19
HZE-Fe,0.5-2h,oxidative_stress,root_stele,1.860737435929425,0.145
HZE-Fe,0.5-2h,oxidative_stress,root_xylem,2.1313065148862735,0.09
HZE-Fe,0.5-2h,oxidative_stress,shoot_apical_meristem,2.0017488289928633,0.125
HZE-Fe,0.5-2h,root_columella,cotyledon,1.5196558446435826,0.24
HZE-Fe,0.5-2h,root_columella,dna_damage_response,1.4052255916878278,0.255
HZE-Fe,0.5-2h,root_columella,hormone_response_aba,1.4199860085905367,0.245
HZE-Fe,0.5-2h,root_columella,hormone_response_auxin,1.2324692257795318,0.27
HZE-Fe,0.5-2h,root_columella,hormone_response_cytokinin,0.5833327708010222,0.65
HZE-Fe,0.5-2h,root_columella,hormone_response_ethylene,2.7431864338165033,0.025
HZE-Fe,0.5-2h,root_columella,hormone_response_ja,0.6702704300973504,0.615
HZE-Fe,0.5-2h,root_columella,hormone_response_sa,0.6178779468314981,0.625
HZE-Fe,0.5-2h,root_columella,hypocotyl,1.6620594364966939,0.235
HZE-Fe,0.5-2h,root_columella,leaf_epidermis,0.06544021750978161,0.895
HZE-Fe,0.5-2h,root_columella,leaf_mesophyll,1.4569498142642487,0.22
HZE-Fe,0.5-2h,root_columella,oxidative_stress,3.3209752210457424,0.02
HZE-Fe,0.5-2h,root_columella,root_cortex,2.7495070184818236,0.04
HZE-Fe,0.5-2h,root_columella,root_endodermis,1.8193303944159556,0.185
HZE-Fe,0.5-2h,root_columella,root_epidermis,0.3458382975405325,0.765
HZE-Fe,0.5-2h,root_columella,root_lateral_root_cap,0.17109584359619306,0.83
HZE-Fe,0.5-2h,root_columella,root_meristem,1.2489099137396034,0.275
HZE-Fe,0.5-2h,root_columella,root_pericycle,3.3931175285008104,0.02
HZE-Fe,0.5-2h,root_columella,root_phloem,1.0307089314914404,0.375
HZE-Fe,0.5-2h,root_columella,root_stele,1.2251575357709508,0.325
HZE-Fe,0.5-2h,root_columella,root_xylem,1.403369310373946,0.225
HZE-Fe,0.5-2h,root_columella,shoot_apical_meristem,1.3180352893477194,0.26
HZE-Fe,0.5-2h,root_cortex,cotyledon,1.9116577580979652,0.14
HZE-Fe,0.5-2h,root_cortex,dna_damage_response,1.7677383405649596,0.21
HZE-Fe,0.5-2h,root_cortex,hormone_response_aba,1.7862980504824948,0.16
HZE-Fe,0.5-2h,root_cortex,hormone_response_auxin,1.5504421565477122,0.225
HZE-Fe,0.5-2h,root_cortex,hormone_response_cytokinin,0.7338893463968637,0.56
HZE-Fe,0.5-2h,root_cortex,hormone_response_ethylene,3.4502836853031233,0.01
HZE-Fe,0.5-2h,root_cortex,hormone_response_ja,0.8432594917551623,0.485
HZE-Fe,0.5-2h,root_cortex,hormone_response_sa,0.7773486400721369,0.535
HZE-Fe,0.5-2h,root_cortex,hypocotyl,2.0907572212047025,0.085
HZE-Fe,0.5-2h,root_cortex,leaf_epidermis,0.08233521505223008,0.89
HZE-Fe,0.5-2h,root_cortex,leaf_mesophyll,1.832791635057925,0.145
HZE-Fe,0.5-2h,root_cortex,oxidative_stress,4.176717602573205,0.005
HZE-Fe,0.5-2h,root_cortex,root_columella,2.7493967713986756,0.04
HZE-Fe,0.5-2h,root_cortex,root_endodermis,2.288552982799796,0.07
HZE-Fe,0.5-2h,root_cortex,root_epidermis,0.43511038489624665,0.66
HZE-Fe,0.5-2h,root_cortex,root_lateral_root_cap,0.21526717819728267,0.79
HZE-Fe,0.5-2h,root_cortex,root_meristem,1.5711245472898625,0.2
HZE-Fe,0.5-2h,root_cortex,root_pericycle,4.267408115854541,0.01
HZE-Fe,0.5-2h,root_cortex,root_phloem,1.2966588845933391,0.315
HZE-Fe,0.5-2h,root_cortex,root_stele,1.5412477333360655,0.225
HZE-Fe,0.5-2h,root_cortex,root_xylem,1.7653988528989948,0.145
HZE-Fe,0.5-2h,root_cortex,shoot_apical_meristem,1.65806640819048,0.225
HZE-Fe,0.5-2h,root_endodermis,cotyledon,1.2655046704848616,0.24
HZE-Fe,0.5-2h,root_endodermis,dna_damage_response,1.1702049314482859,0.325
HZE-Fe,0.5-2h,root_endodermis,hormone_response_aba,1.182493247457925,0.315
HZE-Fe,0.5-2h,root_endodermis,hormone_response_auxin,1.0263219941318837,0.33
HZE-Fe,0.5-2h,root_endodermis,hormone_response_cytokinin,0.48573740759426837,0.625
HZE-Fe,0.5-2h,root_endodermis,hormone_response_ethylene,2.2846288771965413,0.065
HZE-Fe,0.5-2h,root_endodermis,hormone_response_ja,0.5581366031521799,0.57
HZE-Fe,0.5-2h,root_endodermis,hormone_response_sa,0.5145057219301381,0.585
HZE-Fe,0.5-2h,root_endodermis,hypocotyl,1.384106814337211,0.255
HZE-Fe,0.5-2h,root_endodermis,leaf_epidermis,0.054489211481246726,0.9
HZE-Fe,0.5-2h,root_endodermis,leaf_mesophyll,1.213280849724693,0.25
HZE-Fe,0.5-2h,root_endodermis,oxidative_stress,2.765965528686569,0.04
HZE-Fe,0.5-2h,root_endodermis,root_columella,1.8203266566470253,0.185
HZE-Fe,0.5-2h,root_endodermis,root_cortex,2.2898983023210717,0.07
HZE-Fe,0.5-2h,root_endodermis,root_epidermis,0.2879713550654062,0.77
HZE-Fe,0.5-2h,root_endodermis,root_lateral_root_cap,0.1424667244953083,0.82
HZE-Fe,0.5-2h,root_endodermis,root_meristem,1.0400171789494528,0.32
HZE-Fe,0.5-2h,root_endodermis,root_pericycle,2.8260636586380063,0.05
HZE-Fe,0.5-2h,root_endodermis,root_phloem,0.8582933763666816,0.45
HZE-Fe,0.5-2h,root_endodermis,root_stele,1.0202347722797123,0.365
HZE-Fe,0.5-2h,root_endodermis,root_xylem,1.1686544975775657,0.31
HZE-Fe,0.5-2h,root_endodermis,shoot_apical_meristem,1.097583194895296,0.31
HZE-Fe,0.5-2h,root_epidermis,cotyledon,0.2406745800434076,0.755
HZE-Fe,0.5-2h,root_epidermis,dna_damage_response,0.22254118711233137,0.775
HZE-Fe,0.5-2h,root_epidermis,hormone_response_aba,0.22488056700936335,0.77
HZE-Fe,0.5-2h,root_epidermis,hormone_response_auxin,0.1951693015900237,0.79
HZE-Fe,0.5-2h,root_epidermis,hormone_response_cytokinin,0.09235032922398838,0.915
HZE-Fe,0.5-2h,root_epidermis,hormone_response_ethylene,0.43466396034439303,0.58
HZE-Fe,0.5-2h,root_epidermis,hormone_response_ja,0.1061172632024081,0.9
HZE-Fe,0.5-2h,root_epidermis,hormone_response_sa,0.0978205748254865,0.885
HZE-Fe,0.5-2h,root_epidermis,hypocotyl,0.2632428107685949,0.76
HZE-Fe,0.5-2h,root_epidermis,leaf_epidermis,0.010358026614933541,0.99
HZE-Fe,0.5-2h,root_epidermis,leaf_mesophyll,0.23073765708739152,0.77
HZE-Fe,0.5-2h,root_epidermis,oxidative_stress,0.5263369462936638,0.575
HZE-Fe,0.5-2h,root_epidermis,root_columella,0.3462659459136413,0.765
HZE-Fe,0.5-2h,root_epidermis,root_cortex,0.4356661013998992,0.66
HZE-Fe,0.5-2h,root_epidermis,root_endodermis,0.2881698071468876,0.77
HZE-Fe,0.5-2h,root_epidermis,root_lateral_root_cap,0.027082451135812508,0.975
HZE-Fe,0.5-2h,root_epidermis,root_meristem,0.1977737892511806,0.825
HZE-Fe,0.5-2h,root_epidermis,root_pericycle,0.5377865300239592,0.635
HZE-Fe,0.5-2h,root_epidermis,root_phloem,0.16320618451284502,0.825
HZE-Fe,0.5-2h,root_epidermis,root_stele,0.19401066645619844,0.815
HZE-Fe,0.5-2h,root_epidermis,root_xylem,0.22224747464035766,0.765
HZE-Fe,0.5-2h,root_epidermis,shoot_apical_meristem,0.20872639821381814,0.82
HZE-Fe,0.5-2h,root_lateral_root_cap,cotyledon,0.11917668013565852,0.84
HZE-Fe,0.5-2h,root_lateral_root_cap,dna_damage_response,0.11019784508901756,0.87
HZE-Fe,0.5-2h,root_lateral_root_cap,hormone_response_aba,0.11135509633418857,0.795
HZE-Fe,0.5-2h,root_lateral_root_cap,hormone_response_auxin,0.09664181402867913,0.89
HZE-Fe,0.5-2h,root_lateral_root_cap,hormone_response_cytokinin,0.0457279165267208,0.945
HZE-Fe,0.5-2h,root_lateral_root_cap,hormone_response_ethylene,0.21524543087571388,0.79
HZE-Fe,0.5-2h,root_lateral_root_cap,hormone_response_ja,0.05254562815176011,0.94
HZE-Fe,0.5-2h,root_lateral_root_cap,hormone_response_sa,0.048436954517124466,0.935
HZE-Fe,0.5-2h,root_lateral_root_cap,hypocotyl,0.1303523794229815,0.825
HZE-Fe,0.5-2h,root_lateral_root_cap,leaf_epidermis,0.00512870240480923,0.995
HZE-Fe,0.5-2h,root_lateral_root_cap,leaf_mesophyll,0.11425615347974911,0.815
HZE-Fe,0.5-2h,root_lateral_root_cap,oxidative_stress,0.2606490730000391,0.765
HZE-Fe,0.5-2h,root_lateral_root_cap,root_columella,0.17146690153246222,0.835
HZE-Fe,0.5-2h,root_lateral_root_cap,root_cortex,0.21574283684484827,0.79
HZE-Fe,0.5-2h,root_lateral_root_cap,root_endodermis,0.14269750318660687,0.82
HZE-Fe,0.5-2h,root_lateral_root_cap,root_epidermis,0.027107598946501364,0.98
HZE-Fe,0.5-2h,root_lateral_root_cap,root_meristem,0.09793230146781312,0.855
HZE-Fe,0.5-2h,root_lateral_root_cap,root_pericycle,0.26631886550008577,0.78
HZE-Fe,0.5-2h,root_lateral_root_cap,root_phloem,0.08081361392516723,0.915
HZE-Fe,0.5-2h,root_lateral_root_cap,root_stele,0.09606858500377291,0.87
HZE-Fe,0.5-2h,root_lateral_root_cap,root_xylem,0.1100512748648101,0.825
HZE-Fe,0.5-2h,root_lateral_root_cap,shoot_apical_meristem,0.10335514158874373,0.865
HZE-Fe,0.5-2h,root_meristem,cotyledon,0.8690727834619127,0.38
HZE-Fe,0.5-2h,root_meristem,dna_damage_response,0.8036147095454431,0.465
HZE-Fe,0.5-2h,root_meristem,hormone_response_aba,0.8120556567451895,0.41
HZE-Fe,0.5-2h,root_meristem,hormone_response_auxin,0.7047915674452381,0.535
HZE-Fe,0.5-2h,root_meristem,hormone_response_cytokinin,0.33353658370493977,0.77
HZE-Fe,0.5-2h,root_meristem,hormone_response_ethylene,1.569185252326586,0.19
HZE-Fe,0.5-2h,root_meristem,hormone_response_ja,0.3832539747314464,0.69
HZE-Fe,0.5-2h,root_meristem,hormone_response_sa,0.3532919995966149,0.735
HZE-Fe,0.5-2h,root_meristem,hypocotyl,0.9505385971805785,0.36
HZE-Fe,0.5-2h,root_meristem,leaf_epidermis,0.03741318341403745,0.985
HZE-Fe,0.5-2h,root_meristem,leaf_mesophyll,0.8332019943931389,0.455
HZE-Fe,0.5-2h,root_meristem,oxidative_stress,1.8999239917236812,0.09
HZE-Fe,0.5-2h,root_meristem,root_columella,1.2501951811750376,0.275
HZE-Fe,0.5-2h,root_meristem,root_cortex,1.5728050084460818,0.2
HZE-Fe,0.5-2h,root_meristem,root_endodermis,1.040518040047305,0.32
HZE-Fe,0.5-2h,root_meristem,root_epidermis,0.19773270433633888,0.83
HZE-Fe,0.5-2h,root_meristem,root_lateral_root_cap,0.09782109000619817,0.87
HZE-Fe,0.5-2h,root_meristem,root_pericycle,1.9412227723757776,0.115
HZE-Fe,0.5-2h,root_meristem,root_phloem,0.589389011613897,0.62
HZE-Fe,0.5-2h,root_meristem,root_stele,0.70061046022103,0.53
HZE-Fe,0.5-2h,root_meristem,root_xylem,0.802550374830574,0.41
HZE-Fe,0.5-2h,root_meristem,shoot_apical_meristem,0.7537357869197499,0.52
HZE-Fe,0.5-2h,root_pericycle,cotyledon,2.357690643659196,0.07
HZE-Fe,0.5-2h,root_pericycle,dna_damage_response,2.1802234222338894,0.1
HZE-Fe,0.5-2h,root_pericycle,hormone_response_aba,2.2031133189479775,0.105
HZE-Fe,0.5-2h,root_pericycle,hormone_response_auxin,1.9122737755167019,0.13
HZE-Fe,0.5-2h,root_pericycle,hormone_response_cytokinin,0.9052413440453142,0.46
HZE-Fe,0.5-2h,root_pericycle,hormone_response_ethylene,4.254590621048744,0.0
HZE-Fe,0.5-2h,root_pericycle,hormone_response_ja,1.0401328537753132,0.325
HZE-Fe,0.5-2h,root_pericycle,hormone_response_sa,0.9588420149082308,0.4
HZE-Fe,0.5-2h,root_pericycle,hypocotyl,2.5785279390538176,0.08
HZE-Fe,0.5-2h,root_pericycle,leaf_epidermis,0.10156673796087949,0.875
HZE-Fe,0.5-2h,root_pericycle,leaf_mesophyll,2.260442019882219,0.065
HZE-Fe,0.5-2h,root_pericycle,oxidative_stress,5.149948924032342,0.0
HZE-Fe,0.5-2h,root_pericycle,root_columella,3.390580849963385,0.025
HZE-Fe,0.5-2h,root_pericycle,root_cortex,4.264389160709733,0.02
HZE-Fe,0.5-2h,root_pericycle,root_endodermis,2.8224042469982993,0.065
HZE-Fe,0.5-2h,root_pericycle,root_epidermis,0.536720272353077,0.635
HZE-Fe,0.5-2h,root_pericycle,root_lateral_root_cap,0.26554326444920395,0.78
HZE-Fe,0.5-2h,root_pericycle,root_meristem,1.9377760232398942,0.12
HZE-Fe,0.5-2h,root_pericycle,root_phloem,1.5993107093154757,0.225
HZE-Fe,0.5-2h,root_pericycle,root_stele,1.9009338838668957,0.185
HZE-Fe,0.5-2h,root_pericycle,root_xylem,2.177342256852735,0.055
HZE-Fe,0.5-2h,root_pericycle,shoot_apical_meristem,2.0449905224669473,0.12
HZE-Fe,0.5-2h,root_phloem,cotyledon,0.7171951289758067,0.555
HZE-Fe,0.5-2h,root_phloem,dna_damage_response,0.6631696028372933,0.62
HZE-Fe,0.5-2h,root_phloem,hormone_response_aba,0.6701400413124572,0.61
HZE-Fe,0.5-2h,root_phloem,hormone_response_auxin,0.5816176734972294,0.615
HZE-Fe,0.5-2h,root_phloem,hormone_response_cytokinin,0.27523693337170896,0.78
HZE-Fe,0.5-2h,root_phloem,hormone_response_ethylene,1.2950344238130638,0.285
HZE-Fe,0.5-2h,root_phloem,hormone_response_ja,0.31626281419662344,0.775
HZE-Fe,0.5-2h,root_phloem,hormone_response_sa,0.2915384569077851,0.76
HZE-Fe,0.5-2h,root_phloem,hypocotyl,0.7844305327833789,0.51
HZE-Fe,0.5-2h,root_phloem,leaf_epidermis,0.03087303841692357,0.98
HZE-Fe,0.5-2h,root_phloem,leaf_mesophyll,0.687589949580134,0.565
HZE-Fe,0.5-2h,root_phloem,oxidative_stress,1.5680284558729103,0.185
HZE-Fe,0.5-2h,root_phloem,root_columella,1.0317483535622243,0.375
HZE-Fe,0.5-2h,root_phloem,root_cortex,1.2980188606775718,0.315
HZE-Fe,0.5-2h,root_phloem,root_endodermis,0.8586889869436393,0.45
HZE-Fe,0.5-2h,root_phloem,root_epidermis,0.1631690719408948,0.825
HZE-Fe,0.5-2h,root_phloem,root_lateral_root_cap,0.08072017458312543,0.915
HZE-Fe,0.5-2h,root_phloem,root_meristem,0.589377171772244,0.62
HZE-Fe,0.5-2h,root_phloem,root_pericycle,1.6021218954655763,0.23
HZE-Fe,0.5-2h,root_phloem,root_stele,0.5781651620874633,0.63
HZE-Fe,0.5-2h,root_phloem,root_xylem,0.6622951807013717,0.55
HZE-Fe,0.5-2h,root_phloem,shoot_apical_meristem,0.6220108196001887,0.61
HZE-Fe,0.5-2h,root_stele,cotyledon,0.8525748270540711,0.425
HZE-Fe,0.5-2h,root_stele,dna_damage_response,0.7883581948565748,0.505
HZE-Fe,0.5-2h,root_stele,hormone_response_aba,0.7966398390858597,0.49
HZE-Fe,0.5-2h,root_stele,hormone_response_auxin,0.6914117027627779,0.57
HZE-Fe,0.5-2h,root_stele,hormone_response_cytokinin,0.3272035359921864,0.775
HZE-Fe,0.5-2h,root_stele,hormone_response_ethylene,1.5394068694533132,0.2
HZE-Fe,0.5-2h,root_stele,hormone_response_ja,0.3759765008362839,0.71
HZE-Fe,0.5-2h,root_stele,hormone_response_sa,0.34658359409225864,0.75
HZE-Fe,0.5-2h,root_stele,hypocotyl,0.9324950876644551,0.395
HZE-Fe,0.5-2h,root_stele,leaf_epidermis,0.03670273548507713,0.945
HZE-Fe,0.5-2h,root_stele,leaf_mesophyll,0.8173844474043563,0.485
HZE-Fe,0.5-2h,root_stele,oxidative_stress,1.8638738772825225,0.13
HZE-Fe,0.5-2h,root_stele,root_columella,1.226467013733473,0.325
HZE-Fe,0.5-2h,root_stele,root_cortex,1.5429574647231914,0.22
HZE-Fe,0.5-2h,root_stele,root_endodermis,1.0207665256018519,0.365
HZE-Fe,0.5-2h,root_stele,root_epidermis,0.1939780723807292,0.82
HZE-Fe,0.5-2h,root_stele,root_lateral_root_cap,0.09596326823478786,0.875
HZE-Fe,0.5-2h,root_stele,root_meristem,0.700638257547646,0.53
HZE-Fe,0.5-2h,root_stele,root_pericycle,1.9043906604240088,0.18
HZE-Fe,0.5-2h,root_stele,root_phloem,0.5781997328552995,0.63
HZE-Fe,0.5-2h,root_stele,root_xylem,0.787314948766924,0.525
HZE-Fe,0.5-2h,root_stele,shoot_apical_meristem,0.7394271503379044,0.56
HZE-Fe,0.5-2h,root_xylem,cotyledon,0.9764303219441621,0.305
HZE-Fe,0.5-2h,root_xylem,dna_damage_response,0.9028882438690072,0.42
HZE-Fe,0.5-2h,root_xylem,hormone_response_aba,0.9123732833802976,0.36
HZE-Fe,0.5-2h,root_xylem,hormone_response_auxin,0.7918639603502181,0.505
HZE-Fe,0.5-2h,root_xylem,hormone_response_cytokinin,0.3747510628954729,0.69
HZE-Fe,0.5-2h,root_xylem,hormone_response_ethylene,1.7629560759722103,0.13
HZE-Fe,0.5-2h,root_xylem,hormone_response_ja,0.430609492033311,0.62
HZE-Fe,0.5-2h,root_xylem,hormone_response_sa,0.3969465619490316,0.675
HZE-Fe,0.5-2h,root_xylem,hypocotyl,1.0679550439041312,0.27
HZE-Fe,0.5-2h,root_xylem,leaf_epidermis,0.04203706707272656,0.935
HZE-Fe,0.5-2h,root_xylem,leaf_mesophyll,0.936129850675412,0.345
HZE-Fe,0.5-2h,root_xylem,oxidative_stress,2.134492408666025,0.085
HZE-Fe,0.5-2h,root_xylem,root_columella,1.4046025106550075,0.225
HZE-Fe,0.5-2h,root_xylem,root_cortex,1.7670210745884947,0.155
HZE-Fe,0.5-2h,root_xylem,root_endodermis,1.1690414998736103,0.305
HZE-Fe,0.5-2h,root_xylem,root_epidermis,0.22216811741138254,0.765
HZE-Fe,0.5-2h,root_xylem,root_lateral_root_cap,0.1099097632795613,0.825
HZE-Fe,0.5-2h,root_xylem,root_meristem,0.8024300392357485,0.415
HZE-Fe,0.5-2h,root_xylem,root_pericycle,2.1808863270471197,0.07
HZE-Fe,0.5-2h,root_xylem,root_phloem,0.662209422021565,0.56
HZE-Fe,0.5-2h,root_xylem,root_stele,0.7871656532916123,0.52
HZE-Fe,0.5-2h,root_xylem,shoot_apical_meristem,0.8468525755754027,0.49
HZE-Fe,0.5-2h,shoot_apical_meristem,cotyledon,0.917051285963745,0.38
HZE-Fe,0.5-2h,shoot_apical_meristem,dna_damage_response,0.8479782424124306,0.46
HZE-Fe,0.5-2h,shoot_apical_meristem,hormone_response_aba,0.8568885933729165,0.425
HZE-Fe,0.5-2h,shoot_apical_meristem,hormone_response_auxin,0.7437057735046253,0.53
HZE-Fe,0.5-2h,shoot_apical_meristem,hormone_response_cytokinin,0.35195573303271466,0.76
HZE-Fe,0.5-2h,shoot_apical_meristem,hormone_response_ethylene,1.655785647206423,0.13
HZE-Fe,0.5-2h,shoot_apical_meristem,hormone_response_ja,0.40441595595030244,0.7
HZE-Fe,0.5-2h,shoot_apical_meristem,hormone_response_sa,0.3728008334742042,0.725
HZE-Fe,0.5-2h,shoot_apical_meristem,hypocotyl,1.0030133307498457,0.345
HZE-Fe,0.5-2h,shoot_apical_meristem,leaf_epidermis,0.0394797252891286,0.97
HZE-Fe,0.5-2h,shoot_apical_meristem,leaf_mesophyll,0.8792001037533921,0.44
HZE-Fe,0.5-2h,shoot_apical_meristem,oxidative_stress,2.0047558457389583,0.12
HZE-Fe,0.5-2h,shoot_apical_meristem,root_columella,1.3192029364686648,0.27
HZE-Fe,0.5-2h,shoot_apical_meristem,root_cortex,1.6596021564346586,0.225
HZE-Fe,0.5-2h,shoot_apical_meristem,root_endodermis,1.0979546068303996,0.31
HZE-Fe,0.5-2h,shoot_apical_meristem,root_epidermis,0.2086533321770491,0.82
HZE-Fe,0.5-2h,shoot_apical_meristem,root_lateral_root_cap,0.103222973024924,0.865
HZE-Fe,0.5-2h,shoot_apical_meristem,root_meristem,0.753628204015479,0.52
HZE-Fe,0.5-2h,shoot_apical_meristem,root_pericycle,2.0483341994698847,0.12
HZE-Fe,0.5-2h,shoot_apical_meristem,root_phloem,0.6219346009645658,0.615
HZE-Fe,0.5-2h,shoot_apical_meristem,root_stele,0.7392922700775909,0.56
HZE-Fe,0.5-2h,shoot_apical_meristem,root_xylem,0.8468585645882318,0.49
HZE-Fe,2-6h,cotyledon,dna_damage_response,1.0317814738382622,0.31
HZE-Fe,2-6h,cotyledon,hormone_response_aba,1.0508622584876899,0.29
HZE-Fe,2-6h,cotyledon,hormone_response_auxin,0.8363146429500142,0.395
HZE-Fe,2-6h,cotyledon,hormone_response_cytokinin,0.42035055850733066,0.655
HZE-Fe,2-6h,cotyledon,hormone_response_ethylene,2.032286019212344,0.085
HZE-Fe,2-6h,cotyledon,hormone_response_ja,0.4950785139645761,0.59
HZE-Fe,2-6h,cotyledon,hormone_response_sa,0.44993886242726455,0.625
HZE-Fe,2-6h,cotyledon,hypocotyl,1.2033844017042603,0.28
HZE-Fe,2-6h,cotyledon,leaf_epidermis,0.0456839322184904,0.91
HZE-Fe,2-6h,cotyledon,leaf_mesophyll,1.0165912369799313,0.295
HZE-Fe,2-6h,cotyledon,oxidative_stress,2.4630263802994543,0.03
HZE-Fe,2-6h,cotyledon,root_columella,1.4545061256268341,0.225
HZE-Fe,2-6h,cotyledon,root_cortex,1.8934053820433734,0.13
HZE-Fe,2-6h,cotyledon,root_endodermis,1.3297832542283874,0.23
HZE-Fe,2-6h,cotyledon,root_epidermis,0.24097554442461858,0.755
HZE-Fe,2-6h,cotyledon,root_lateral_root_cap,0.15268663457320775,0.84
HZE-Fe,2-6h,cotyledon,root_meristem,0.8416677488083664,0.41
HZE-Fe,2-6h,cotyledon,root_pericycle,2.4530907793382157,0.065
HZE-Fe,2-6h,cotyledon,root_phloem,0.7270614114737305,0.53
HZE-Fe,2-6h,cotyledon,root_stele,0.904622673115173,0.405
HZE-Fe,2-6h,cotyledon,root_xylem,1.0149235110929633,0.29
HZE-Fe,2-6h,cotyledon,shoot_apical_meristem,0.9195079290955921,0.4
HZE-Fe,2-6h,dna_damage_response,cotyledon,1.0324420413076372,0.31
HZE-Fe,2-6h,dna_damage_response,hormone_response_aba,0.9611506389667912,0.37
HZE-Fe,2-6h,dna_damage_response,hormone_response_auxin,0.7649111328837063,0.535
HZE-Fe,2-6h,dna_damage_response,hormone_response_cytokinin,0.3844551223923984,0.73
HZE-Fe,2-6h,dna_damage_response,hormone_response_ethylene,1.8588651027436687,0.125
HZE-Fe,2-6h,dna_damage_response,hormone_response_ja,0.4528055459102272,0.655
HZE-Fe,2-6h,dna_damage_response,hormone_response_sa,0.4115183591669786,0.725
HZE-Fe,2-6h,dna_damage_response,hypocotyl,1.1006590758013517,0.34
HZE-Fe,2-6h,dna_damage_response,leaf_epidermis,0.041782017179380966,0.93
HZE-Fe,2-6h,dna_damage_response,leaf_mesophyll,0.929805894933523,0.39
HZE-Fe,2-6h,dna_damage_response,oxidative_stress,2.252893205329637,0.065
HZE-Fe,2-6h,dna_damage_response,root_columella,1.3303569554533154,0.25
HZE-Fe,2-6h,dna_damage_response,root_cortex,1.731829046072459,0.21
HZE-Fe,2-6h,dna_damage_response,root_endodermis,1.2162773611819682,0.295
HZE-Fe,2-6h,dna_damage_response,root_epidermis,0.22039566849589118,0.79
HZE-Fe,2-6h,dna_damage_response,root_lateral_root_cap,0.13964759445926656,0.87
HZE-Fe,2-6h,dna_damage_response,root_meristem,0.7698096615811376,0.505
HZE-Fe,2-6h,dna_damage_response,root_pericycle,2.243801335340437,0.105
HZE-Fe,2-6h,dna_damage_response,root_phloem,0.6649815394455265,0.62
HZE-Fe,2-6h,dna_damage_response,root_stele,0.8273911566750115,0.48
HZE-Fe,2-6h,dna_damage_response,root_xylem,0.9282788751498177,0.39
HZE-Fe,2-6h,dna_damage_response,shoot_apical_meristem,0.8410041502696394,0.46
HZE-Fe,2-6h,hormone_response_aba,cotyledon,1.0506488970826895,0.295
HZE-Fe,2-6h,hormone_response_aba,dna_damage_response,0.9603403425333744,0.37
HZE-Fe,2-6h,hormone_response_aba,hormone_response_auxin,0.778404504781072,0.485
HZE-Fe,2-6h,hormone_response_aba,hormone_response_cytokinin,0.3912381479021978,0.685
HZE-Fe,2-6h,hormone_response_aba,hormone_response_ethylene,1.891635795681652,0.12
HZE-Fe,2-6h,hormone_response_aba,hormone_response_ja,0.4607908014197252,0.65
HZE-Fe,2-6h,hormone_response_aba,hormone_response_sa,0.4187772138614635,0.63
HZE-Fe,2-6h,hormone_response_aba,hypocotyl,1.1200697108282658,0.295
HZE-Fe,2-6h,hormone_response_aba,leaf_epidermis,0.04251951246577696,0.925
HZE-Fe,2-6h,hormone_response_aba,leaf_mesophyll,0.9462023216719438,0.365
HZE-Fe,2-6h,hormone_response_aba,oxidative_stress,2.292596149273805,0.055
HZE-Fe,2-6h,hormone_response_aba,root_columella,1.3538170308096218,0.235
HZE-Fe,2-6h,hormone_response_aba,root_cortex,1.7623570185182231,0.16
HZE-Fe,2-6h,hormone_response_aba,root_endodermis,1.2377214655177975,0.305
HZE-Fe,2-6h,hormone_response_aba,root_epidermis,0.2242850344952703,0.765
HZE-Fe,2-6h,hormone_response_aba,root_lateral_root_cap,0.14211025789796633,0.8
HZE-Fe,2-6h,hormone_response_aba,root_meristem,0.7833860986752442,0.415
HZE-Fe,2-6h,hormone_response_aba,root_pericycle,2.2833484103541046,0.085
HZE-Fe,2-6h,hormone_response_aba,root_phloem,0.676714517993913,0.585
HZE-Fe,2-6h,hormone_response_aba,root_stele,0.8419837598843711,0.44
HZE-Fe,2-6h,hormone_response_aba,root_xylem,0.9446507200701687,0.355
HZE-Fe,2-6h,hormone_response_aba,shoot_apical_meristem,0.8558395669662537,0.42
HZE-Fe,2-6h,hormone_response_auxin,cotyledon,0.8364479747815652,0.395
HZE-Fe,2-6h,hormone_response_auxin,dna_damage_response,0.7645434145164116,0.535
HZE-Fe,2-6h,hormone_response_auxin,hormone_response_aba,0.7786867126316669,0.485
HZE-Fe,2-6h,hormone_response_auxin,hormone_response_cytokinin,0.31145485422182473,0.77
HZE-Fe,2-6h,hormone_response_auxin,hormone_response_ethylene,1.506101968214391,0.185
HZE-Fe,2-6h,hormone_response_auxin,hormone_response_ja,0.3668256356484784,0.735
HZE-Fe,2-6h,hormone_response_auxin,hormone_response_sa,0.33337849387784957,0.72
HZE-Fe,2-6h,hormone_response_auxin,hypocotyl,0.8917219579765527,0.415
HZE-Fe,2-6h,hormone_response_auxin,leaf_epidermis,0.0338476072273265,0.98
HZE-Fe,2-6h,hormone_response_auxin,leaf_mesophyll,0.7532875190515935,0.48
HZE-Fe,2-6h,hormone_response_auxin,oxidative_stress,1.8254120329008816,0.135
HZE-Fe,2-6h,hormone_response_auxin,root_columella,1.0778400824613676,0.34
HZE-Fe,2-6h,hormone_response_auxin,root_cortex,1.403153142969028,0.25
HZE-Fe,2-6h,hormone_response_auxin,root_endodermis,0.9853983651470006,0.34
HZE-Fe,2-6h,hormone_response_auxin,root_epidermis,0.17854486673717687,0.815
HZE-Fe,2-6h,hormone_response_auxin,root_lateral_root_cap,0.11312731031434815,0.87
HZE-Fe,2-6h,hormone_response_auxin,root_meristem,0.6236569502369044,0.565
HZE-Fe,2-6h,hormone_response_auxin,root_pericycle,1.8180483968036505,0.165
HZE-Fe,2-6h,hormone_response_auxin,root_phloem,0.5387308622054784,0.625
HZE-Fe,2-6h,hormone_response_auxin,root_stele,0.6703109276695465,0.59
HZE-Fe,2-6h,hormone_response_auxin,root_xylem,0.7520526370197045,0.525
HZE-Fe,2-6h,hormone_response_auxin,shoot_apical_meristem,0.6813432350236444,0.55
HZE-Fe,2-6h,hormone_response_cytokinin,cotyledon,0.4206139075195138,0.645
HZE-Fe,2-6h,hormone_response_cytokinin,dna_damage_response,0.38444985376732477,0.73
HZE-Fe,2-6h,hormone_response_cytokinin,hormone_response_aba,0.3915627836247192,0.69
HZE-Fe,2-6h,hormone_response_cytokinin,hormone_response_auxin,0.3116002484041472,0.765
HZE-Fe,2-6h,hormone_response_cytokinin,hormone_response_ethylene,0.7574743508254969,0.475
HZE-Fe,2-6h,hormone_response_cytokinin,hormone_response_ja,0.1844404434568836,0.84
HZE-Fe,2-6h,hormone_response_cytokinin,hormone_response_sa,0.1676217603228099,0.835
HZE-Fe,2-6h,hormone_response_cytokinin,hypocotyl,0.4484146276458051,0.645
HZE-Fe,2-6h,hormone_response_cytokinin,leaf_epidermis,0.01701724826846328,0.995
HZE-Fe,2-6h,hormone_response_cytokinin,leaf_mesophyll,0.3787886707699783,0.705
HZE-Fe,2-6h,hormone_response_cytokinin,oxidative_stress,0.91813689826499,0.39
HZE-Fe,2-6h,hormone_response_cytokinin,root_columella,0.5420305633225186,0.65
HZE-Fe,2-6h,hormone_response_cytokinin,root_cortex,0.7056806590096203,0.56
HZE-Fe,2-6h,hormone_response_cytokinin,root_endodermis,0.49553236661034045,0.625
HZE-Fe,2-6h,hormone_response_cytokinin,root_epidermis,0.08976846661417234,0.92
HZE-Fe,2-6h,hormone_response_cytokinin,root_lateral_root_cap,0.05687715860324424,0.925
HZE-Fe,2-6h,hormone_response_cytokinin,root_meristem,0.31359458275096175,0.77
HZE-Fe,2-6h,hormone_response_cytokinin,root_pericycle,0.9144313456401769,0.445
HZE-Fe,2-6h,hormone_response_cytokinin,root_phloem,0.2708853132163378,0.795
HZE-Fe,2-6h,hormone_response_cytokinin,root_stele,0.3370573757832571,0.75
HZE-Fe,2-6h,hormone_response_cytokinin,root_xylem,0.3781674683694201,0.68
HZE-Fe,2-6h,hormone_response_cytokinin,shoot_apical_meristem,0.34260556586268454,0.76
HZE-Fe,2-6h,hormone_response_ethylene,cotyledon,2.029034722253044,0.085
HZE-Fe,2-6h,hormone_response_ethylene,dna_damage_response,1.8547030523372454,0.13
HZE-Fe,2-6h,hormone_response_ethylene,hormone_response_aba,1.888992348596479,0.125
HZE-Fe,2-6h,hormone_response_ethylene,hormone_response_auxin,1.5034522803534711,0.185
HZE-Fe,2-6h,hormone_response_ethylene,hormone_response_cytokinin,0.7557883118888795,0.48
HZE-Fe,2-6h,hormone_response_ethylene,hormone_response_ja,0.8901215178392344,0.385
HZE-Fe,2-6h,hormone_response_ethylene,hormone_response_sa,0.8089780112670426,0.455
HZE-Fe,2-6h,hormone_response_ethylene,hypocotyl,2.16303518752749,0.1
HZE-Fe,2-6h,hormone_response_ethylene,leaf_epidermis,0.08215134180574216,0.875
HZE-Fe,2-6h,hormone_response_ethylene,leaf_mesophyll,1.8274098373212437,0.105
HZE-Fe,2-6h,hormone_response_ethylene,oxidative_stress,4.425078594078171,0.005
HZE-Fe,2-6h,hormone_response_ethylene,root_columella,2.614168292941987,0.03
HZE-Fe,2-6h,hormone_response_ethylene,root_cortex,3.4024279122014702,0.015
HZE-Fe,2-6h,hormone_response_ethylene,root_endodermis,2.3901147882605414,0.065
HZE-Fe,2-6h,hormone_response_ethylene,root_epidermis,0.4333029043497467,0.595
HZE-Fe,2-6h,hormone_response_ethylene,root_lateral_root_cap,0.2745569590825166,0.73
HZE-Fe,2-6h,hormone_response_ethylene,root_meristem,1.5130708216340558,0.205
HZE-Fe,2-6h,hormone_response_ethylene,root_pericycle,4.407247082316882,0.015
HZE-Fe,2-6h,hormone_response_ethylene,root_phloem,1.3071019587377988,0.28
HZE-Fe,2-6h,hormone_response_ethylene,root_stele,1.6262068000082746,0.165
HZE-Fe,2-6h,hormone_response_ethylene,root_xylem,1.8244146113430968,0.105
HZE-Fe,2-6h,hormone_response_ethylene,shoot_apical_meristem,1.6529579038738227,0.135
HZE-Fe,2-6h,hormone_response_ja,cotyledon,0.4957402280832064,0.59
HZE-Fe,2-6h,hormone_response_ja,dna_damage_response,0.45312039591114484,0.65
HZE-Fe,2-6h,hormone_response_ja,hormone_response_aba,0.4615006095666872,0.635
HZE-Fe,2-6h,hormone_response_ja,hormone_response_auxin,0.36725761035991267,0.735
HZE-Fe,2-6h,hormone_response_ja,hormone_response_cytokinin,0.1845713764092951,0.835
HZE-Fe,2-6h,hormone_response_ja,hormone_response_ethylene,0.8927406677947558,0.38
HZE-Fe,2-6h,hormone_response_ja,hormone_response_sa,0.19756526583565723,0.83
HZE-Fe,2-6h,hormone_response_ja,hypocotyl,0.528504540888821,0.59
HZE-Fe,2-6h,hormone_response_ja,leaf_epidermis,0.020057241122281168,0.98
HZE-Fe,2-6h,hormone_response_ja,leaf_mesophyll,0.4464467270302903,0.625
HZE-Fe,2-6h,hormone_response_ja,oxidative_stress,1.0820824819930737,0.26
HZE-Fe,2-6h,hormone_response_ja,root_columella,0.6388352279366825,0.62
HZE-Fe,2-6h,hormone_response_ja,root_cortex,0.8317040957893874,0.48
HZE-Fe,2-6h,hormone_response_ja,root_endodermis,0.5840376176550537,0.555
HZE-Fe,2-6h,hormone_response_ja,root_epidermis,0.1058044652323162,0.895
HZE-Fe,2-6h,hormone_response_ja,root_lateral_root_cap,0.067038632722691,0.92
HZE-Fe,2-6h,hormone_response_ja,root_meristem,0.36960974596407636,0.715
HZE-Fe,2-6h,hormone_response_ja,root_pericycle,1.0777134474589374,0.325
HZE-Fe,2-6h,hormone_response_ja,root_phloem,0.31927045358621875,0.765
HZE-Fe,2-6h,hormone_response_ja,root_stele,0.39726221954078855,0.7
HZE-Fe,2-6h,hormone_response_ja,root_xylem,0.4457134916154499,0.61
HZE-Fe,2-6h,hormone_response_ja,shoot_apical_meristem,0.4037998400480176,0.72
HZE-Fe,2-6h,hormone_response_sa,cotyledon,0.4502573678169054,0.62
HZE-Fe,2-6h,hormone_response_sa,dna_damage_response,0.4115461984605233,0.725
HZE-Fe,2-6h,hormone_response_sa,hormone_response_aba,0.4191588702670427,0.63
HZE-Fe,2-6h,hormone_response_sa,hormone_response_auxin,0.3335613095504697,0.725
HZE-Fe,2-6h,hormone_response_sa,hormone_response_cytokinin,0.16763539636925298,0.835
HZE-Fe,2-6h,hormone_response_sa,hormone_response_ethylene,0.8108487027137414,0.455
HZE-Fe,2-6h,hormone_response_sa,hormone_response_ja,0.1974412929455113,0.835
HZE-Fe,2-6h,hormone_response_sa,hypocotyl,0.48001656466520093,0.635
HZE-Fe,2-6h,hormone_response_sa,leaf_epidermis,0.018216731199512316,0.985
HZE-Fe,2-6h,hormone_response_sa,leaf_mesophyll,0.4054853431610072,0.675
HZE-Fe,2-6h,hormone_response_sa,oxidative_stress,0.9828284242406866,0.355
HZE-Fe,2-6h,hormone_response_sa,root_columella,0.5802279295281493,0.625
HZE-Fe,2-6h,hormone_response_sa,root_cortex,0.7554078403625479,0.555
HZE-Fe,2-6h,hormone_response_sa,root_endodermis,0.5304552234678848,0.575
HZE-Fe,2-6h,hormone_response_sa,root_epidermis,0.09609582341031615,0.89
HZE-Fe,2-6h,hormone_response_sa,root_lateral_root_cap,0.06088670458913361,0.915
HZE-Fe,2-6h,hormone_response_sa,root_meristem,0.33569711759124105,0.76
HZE-Fe,2-6h,hormone_response_sa,root_pericycle,0.9788606660840499,0.4
HZE-Fe,2-6h,hormone_response_sa,root_phloem,0.2899767635994555,0.76
HZE-Fe,2-6h,hormone_response_sa,root_stele,0.36081297401165213,0.745
HZE-Fe,2-6h,hormone_response_sa,root_xylem,0.4048197583917148,0.665
HZE-Fe,2-6h,hormone_response_sa,shoot_apical_meristem,0.36675138810119806,0.72
HZE-Fe,2-6h,hypocotyl,cotyledon,1.2032269588319149,0.28
HZE-Fe,2-6h,hypocotyl,dna_damage_response,1.0998108502356687,0.34
HZE-Fe,2-6h,hypocotyl,hormone_response_aba,1.12015052900613,0.295
HZE-Fe,2-6h,hypocotyl,hormone_response_auxin,0.8914631780073624,0.425
HZE-Fe,2-6h,hypocotyl,hormone_response_cytokinin,0.4480752713343519,0.655
HZE-Fe,2-6h,hypocotyl,hormone_response_ethylene,2.1662174375401695,0.095
HZE-Fe,2-6h,hypocotyl,hormone_response_ja,0.5277298948444129,0.59
HZE-Fe,2-6h,hypocotyl,hormone_response_sa,0.47961424562390714,0.635
HZE-Fe,2-6h,hypocotyl,leaf_epidermis,0.04869769461585288,0.93
HZE-Fe,2-6h,hypocotyl,leaf_mesophyll,1.0836203199222139,0.28
HZE-Fe,2-6h,hypocotyl,oxidative_stress,2.625307359197885,0.015
HZE-Fe,2-6h,hypocotyl,root_columella,1.550389081751687,0.235
HZE-Fe,2-6h,hypocotyl,root_cortex,2.018191911169774,0.09
HZE-Fe,2-6h,hypocotyl,root_endodermis,1.4174484770611497,0.23
HZE-Fe,2-6h,hypocotyl,root_epidermis,0.2568709530491751,0.77
HZE-Fe,2-6h,hypocotyl,root_lateral_root_cap,0.1627582545922424,0.82
HZE-Fe,2-6h,hypocotyl,root_meristem,0.8971682484415008,0.4
HZE-Fe,2-6h,hypocotyl,root_pericycle,2.6147190765606503,0.075
HZE-Fe,2-6h,hypocotyl,root_phloem,0.7750086725831906,0.52
HZE-Fe,2-6h,hypocotyl,root_stele,0.9642728718874052,0.375
HZE-Fe,2-6h,hypocotyl,root_xylem,1.0818432868611962,0.27
HZE-Fe,2-6h,hypocotyl,shoot_apical_meristem,0.9801399211244025,0.355
HZE-Fe,2-6h,leaf_epidermis,cotyledon,0.04571011112821975,0.91
HZE-Fe,2-6h,leaf_epidermis,dna_damage_response,0.04177923070299074,0.92
HZE-Fe,2-6h,leaf_epidermis,hormone_response_aba,0.042552501867975615,0.92
HZE-Fe,2-6h,leaf_epidermis,hormone_response_auxin,0.03386158214235472,0.97
HZE-Fe,2-6h,leaf_epidermis,hormone_response_cytokinin,0.017016339326490982,0.995
HZE-Fe,2-6h,leaf_epidermis,hormone_response_ethylene,0.0823301894932647,0.865
HZE-Fe,2-6h,leaf_epidermis,hormone_response_ja,0.020041941569283912,0.98
HZE-Fe,2-6h,leaf_epidermis,hormone_response_sa,0.018214281352760844,0.99
HZE-Fe,2-6h,leaf_epidermis,hypocotyl,0.04873196233518122,0.925
HZE-Fe,2-6h,leaf_epidermis,leaf_mesophyll,0.04116399481561907,0.93
HZE-Fe,2-6h,leaf_epidermis,oxidative_stress,0.09979927178194153,0.88
HZE-Fe,2-6h,leaf_epidermis,root_columella,0.05890815525362967,0.9
HZE-Fe,2-6h,leaf_epidermis,root_cortex,0.07669889406263798,0.895
HZE-Fe,2-6h,leaf_epidermis,root_endodermis,0.05385349088605224,0.92
HZE-Fe,2-6h,leaf_epidermis,root_epidermis,0.009754225734559495,0.99
HZE-Fe,2-6h,leaf_epidermis,root_lateral_root_cap,0.006180123883405623,0.995
HZE-Fe,2-6h,leaf_epidermis,root_meristem,0.0340782424936347,0.985
HZE-Fe,2-6h,leaf_epidermis,root_pericycle,0.09939645188957547,0.885
HZE-Fe,2-6h,leaf_epidermis,root_phloem,0.029436635482039827,0.985
HZE-Fe,2-6h,leaf_epidermis,root_stele,0.036628334157972536,0.92
HZE-Fe,2-6h,leaf_epidermis,root_xylem,0.04109654194316989,0.925
HZE-Fe,2-6h,leaf_epidermis,shoot_apical_meristem,0.03723142759556227,0.97
HZE-Fe,2-6h,leaf_mesophyll,cotyledon,1.0167114910769193,0.29
HZE-Fe,2-6h,leaf_mesophyll,dna_damage_response,0.9293207508337914,0.39
HZE-Fe,2-6h,leaf_mesophyll,hormone_response_aba,0.946506608937104,0.355
HZE-Fe,2-6h,leaf_mesophyll,hormone_response_auxin,0.7532566530236313,0.48
HZE-Fe,2-6h,leaf_mesophyll,hormone_response_cytokinin,0.37859629672207573,0.705
HZE-Fe,2-6h,leaf_mesophyll,hormone_response_ethylene,1.830555250359676,0.105
HZE-Fe,2-6h,leaf_mesophyll,hormone_response_ja,0.44590357445584006,0.625
HZE-Fe,2-6h,leaf_mesophyll,hormone_response_sa,0.4052464085773918,0.675
HZE-Fe,2-6h,leaf_mesophyll,hypocotyl,1.083890393421014,0.285
HZE-Fe,2-6h,leaf_mesophyll,leaf_epidermis,0.04114528841332954,0.93
HZE-Fe,2-6h,leaf_mesophyll,oxidative_stress,2.2185851865571333,0.075
HZE-Fe,2-6h,leaf_mesophyll,root_columella,1.310091546622727,0.245
HZE-Fe,2-6h,leaf_mesophyll,root_cortex,1.7054498449943751,0.16
HZE-Fe,2-6h,leaf_mesophyll,root_endodermis,1.1977460363986587,0.25
HZE-Fe,2-6h,leaf_mesophyll,root_epidermis,0.21703702887008322,0.795
HZE-Fe,2-6h,leaf_mesophyll,root_lateral_root_cap,0.13751849757871076,0.825
HZE-Fe,2-6h,leaf_mesophyll,root_meristem,0.7580789085441996,0.475
HZE-Fe,2-6h,leaf_mesophyll,root_pericycle,2.20963376866469,0.075
HZE-Fe,2-6h,leaf_mesophyll,root_phloem,0.6548500658421232,0.57
HZE-Fe,2-6h,leaf_mesophyll,root_stele,0.8147837816735302,0.48
HZE-Fe,2-6h,leaf_mesophyll,root_xylem,0.9141352218334609,0.35
HZE-Fe,2-6h,leaf_mesophyll,shoot_apical_meristem,0.8281908482680421,0.505
HZE-Fe,2-6h,oxidative_stress,cotyledon,2.4594360263444366,0.03
HZE-Fe,2-6h,oxidative_stress,dna_damage_response,2.2481683870545117,0.07
HZE-Fe,2-6h,oxidative_stress,hormone_response_aba,2.2897184740518695,0.055
HZE-Fe,2-6h,oxidative_stress,hormone_response_auxin,1.822460514797505,0.14
HZE-Fe,2-6h,oxidative_stress,hormone_response_cytokinin,0.9162236917827316,0.395
HZE-Fe,2-6h,oxidative_stress,hormone_response_ethylene,4.425707185670043,0.0
HZE-Fe,2-6h,oxidative_stress,hormone_response_ja,1.0790612770332784,0.265
HZE-Fe,2-6h,oxidative_stress,hormone_response_sa,0.9807003815190681,0.355
HZE-Fe,2-6h,oxidative_stress,hypocotyl,2.6218241851459085,0.02
HZE-Fe,2-6h,oxidative_stress,leaf_epidermis,0.09959665837322251,0.88
HZE-Fe,2-6h,oxidative_stress,leaf_mesophyll,2.2150882421314475,0.075
HZE-Fe,2-6h,oxidative_stress,root_columella,3.1684993521497367,0.015
HZE-Fe,2-6h,oxidative_stress,root_cortex,4.123587255485716,0.015
HZE-Fe,2-6h,oxidative_stress,root_endodermis,2.8970058894445105,0.04
HZE-Fe,2-6h,oxidative_stress,root_epidermis,0.5252990781121771,0.58
HZE-Fe,2-6h,oxidative_stress,root_lateral_root_cap,0.3328561904256067,0.725
HZE-Fe,2-6h,oxidative_stress,root_meristem,1.8341211981486434,0.1
HZE-Fe,2-6h,oxidative_stress,root_pericycle,5.340840234320604,0.0
HZE-Fe,2-6h,oxidative_stress,root_phloem,1.584477666321715,0.18
HZE-Fe,2-6h,oxidative_stress,root_stele,1.9712395415181556,0.135
HZE-Fe,2-6h,oxidative_stress,root_xylem,2.2114563316052127,0.085
HZE-Fe,2-6h,oxidative_stress,shoot_apical_meristem,2.003658477432344,0.115
HZE-Fe,2-6h,root_columella,cotyledon,1.4535841368804996,0.23
HZE-Fe,2-6h,root_columella,dna_damage_response,1.32866276213034,0.27
HZE-Fe,2-6h,root_columella,hormone_response_aba,1.3532333843709843,0.24
HZE-Fe,2-6h,root_columella,hormone_response_auxin,1.0769850555184899,0.345
HZE-Fe,2-6h,root_columella,hormone_response_cytokinin,0.5413477449576876,0.65
HZE-Fe,2-6h,root_columella,hormone_response_ethylene,2.6166968311481735,0.025
HZE-Fe,2-6h,root_columella,hormone_response_ja,0.6375776854526107,0.62
HZE-Fe,2-6h,root_columella,hormone_response_sa,0.5794498250963293,0.625
HZE-Fe,2-6h,root_columella,hypocotyl,1.5496090874103325,0.245
HZE-Fe,2-6h,root_columella,leaf_epidermis,0.05883711115051236,0.9
HZE-Fe,2-6h,root_columella,leaf_mesophyll,1.3091060110949528,0.245
HZE-Fe,2-6h,root_columella,oxidative_stress,3.1711123069190177,0.015
HZE-Fe,2-6h,root_columella,root_cortex,2.4379228343523125,0.06
HZE-Fe,2-6h,root_columella,root_endodermis,1.712342087668061,0.19
HZE-Fe,2-6h,root_columella,root_epidermis,0.31034789956959624,0.795
HZE-Fe,2-6h,root_columella,root_lateral_root_cap,0.19664369142666183,0.83
HZE-Fe,2-6h,root_columella,root_meristem,1.083876130419742,0.305
HZE-Fe,2-6h,root_columella,root_pericycle,3.15832687474618,0.02
HZE-Fe,2-6h,root_columella,root_phloem,0.9363065105449703,0.46
HZE-Fe,2-6h,root_columella,root_stele,1.1649381959429659,0.35
HZE-Fe,2-6h,root_columella,root_xylem,1.3069599419639413,0.24
HZE-Fe,2-6h,root_columella,shoot_apical_meristem,1.1841059398345166,0.3
HZE-Fe,2-6h,root_cortex,cotyledon,1.892059411750785,0.135
HZE-Fe,2-6h,root_cortex,dna_damage_response,1.7294900672493763,0.21
HZE-Fe,2-6h,root_cortex,hormone_response_aba,1.761461690764563,0.16
HZE-Fe,2-6h,root_cortex,hormone_response_auxin,1.4019322644589796,0.25
HZE-Fe,2-6h,root_cortex,hormone_response_cytokinin,0.7047372201118056,0.56
HZE-Fe,2-6h,root_cortex,hormone_response_ethylene,3.4054562934001575,0.01
HZE-Fe,2-6h,root_cortex,hormone_response_ja,0.8300028454814197,0.48
HZE-Fe,2-6h,root_cortex,hormone_response_sa,0.7543364851120289,0.56
HZE-Fe,2-6h,root_cortex,hypocotyl,2.0170214141048466,0.09
HZE-Fe,2-6h,root_cortex,leaf_epidermis,0.07660046250507183,0.895
HZE-Fe,2-6h,root_cortex,leaf_mesophyll,1.704035637383996,0.16
HZE-Fe,2-6h,root_cortex,oxidative_stress,4.1266703277856225,0.01
HZE-Fe,2-6h,root_cortex,root_columella,2.4377354361662076,0.06
HZE-Fe,2-6h,root_cortex,root_endodermis,2.2287915910439042,0.095
HZE-Fe,2-6h,root_cortex,root_epidermis,0.40402998228000203,0.7
HZE-Fe,2-6h,root_cortex,root_lateral_root_cap,0.2560085962874192,0.775
HZE-Fe,2-6h,root_cortex,root_meristem,1.4109040037079812,0.23
HZE-Fe,2-6h,root_cortex,root_pericycle,4.1100361739902604,0.015
HZE-Fe,2-6h,root_cortex,root_phloem,1.2188314072856923,0.325
HZE-Fe,2-6h,root_cortex,root_stele,1.5164056505756993,0.215
HZE-Fe,2-6h,root_cortex,root_xylem,1.7012407624200654,0.16
HZE-Fe,2-6h,root_cortex,shoot_apical_meristem,1.5413497437332693,0.235
HZE-Fe,2-6h,root_endodermis,cotyledon,1.3294657775843888,0.23
HZE-Fe,2-6h,root_endodermis,dna_damage_response,1.2152086299607574,0.295
HZE-Fe,2-6h,root_endodermis,hormone_response_aba,1.2376774191798883,0.305
HZE-Fe,2-6h,root_endodermis,hormone_response_auxin,0.9850062899512266,0.345
HZE-Fe,2-6h,root_endodermis,hormone_response_cytokinin,0.49510383450523227,0.625
HZE-Fe,2-6h,root_endodermis,hormone_response_ethylene,2.3933735411958215,0.065
HZE-Fe,2-6h,root_endodermis,hormone_response_ja,0.5831187384230989,0.555
HZE-Fe,2-6h,root_endodermis,hormone_response_sa,0.5299532878498563,0.575
HZE-Fe,2-6h,root_endodermis,hypocotyl,1.4172957023908301,0.23
HZE-Fe,2-6h,root_endodermis,leaf_epidermis,0.0538097970219808,0.92
HZE-Fe,2-6h,root_endodermis,leaf_mesophyll,1.1973183812164758,0.245
HZE-Fe,2-6h,root_endodermis,oxidative_stress,2.9005431220163396,0.04
HZE-Fe,2-6h,root_endodermis,root_columella,1.713019520631764,0.19
HZE-Fe,2-6h,root_endodermis,root_cortex,2.2298450081321697,0.095
HZE-Fe,2-6h,root_endodermis,root_epidermis,0.2838336983893723,0.795
HZE-Fe,2-6h,root_endodermis,root_lateral_root_cap,0.17984439783249145,0.79
HZE-Fe,2-6h,root_endodermis,root_meristem,0.9913119935583679,0.355
HZE-Fe,2-6h,root_endodermis,root_pericycle,2.888843336338166,0.05
HZE-Fe,2-6h,root_endodermis,root_phloem,0.8563357211715946,0.445
HZE-Fe,2-6h,root_endodermis,root_stele,1.06545385106319,0.355
HZE-Fe,2-6h,root_endodermis,root_xylem,1.195353491234313,0.3
HZE-Fe,2-6h,root_endodermis,shoot_apical_meristem,1.0829831165121233,0.31
HZE-Fe,2-6h,root_epidermis,cotyledon,0.2410918459310368,0.755
HZE-Fe,2-6h,root_epidermis,dna_damage_response,0.2203610477901849,0.79
HZE-Fe,2-6h,root_epidermis,hormone_response_aba,0.22443881865221266,0.765
HZE-Fe,2-6h,root_epidermis,hormone_response_auxin,0.1786024717501186,0.81
HZE-Fe,2-6h,root_epidermis,hormone_response_cytokinin,0.08975556505587888,0.92
HZE-Fe,2-6h,root_epidermis,hormone_response_ethylene,0.43420694776303587,0.595
HZE-Fe,2-6h,root_epidermis,hormone_response_ja,0.10571424778260871,0.9
HZE-Fe,2-6h,root_epidermis,hormone_response_sa,0.09607422297848285,0.89
HZE-Fe,2-6h,root_epidermis,hypocotyl,0.25702849229305336,0.77
HZE-Fe,2-6h,root_epidermis,leaf_epidermis,0.009753344116896347,0.99
HZE-Fe,2-6h,root_epidermis,leaf_mesophyll,0.21711609889565583,0.795
HZE-Fe,2-6h,root_epidermis,oxidative_stress,0.5263201119079524,0.58
HZE-Fe,2-6h,root_epidermis,root_columella,0.3106945629728952,0.795
HZE-Fe,2-6h,root_epidermis,root_cortex,0.4045125706750013,0.7
HZE-Fe,2-6h,root_epidermis,root_endodermis,0.2840385329835645,0.795
HZE-Fe,2-6h,root_epidermis,root_lateral_root_cap,0.03259896341288309,0.98
HZE-Fe,2-6h,root_epidermis,root_meristem,0.1797454662199939,0.85
HZE-Fe,2-6h,root_epidermis,root_pericycle,0.524195747677492,0.635
HZE-Fe,2-6h,root_epidermis,root_phloem,0.15526439145123083,0.84
HZE-Fe,2-6h,root_epidermis,root_stele,0.19319478245025448,0.82
HZE-Fe,2-6h,root_epidermis,root_xylem,0.21676015190056763,0.78
HZE-Fe,2-6h,root_epidermis,shoot_apical_meristem,0.1963753033246313,0.825
HZE-Fe,2-6h,root_lateral_root_cap,cotyledon,0.1528959350462781,0.84
HZE-Fe,2-6h,root_lateral_root_cap,dna_damage_response,0.13974948081531408,0.87
HZE-Fe,2-6h,root_lateral_root_cap,hormone_response_aba,0.1423340779157376,0.795
HZE-Fe,2-6h,root_lateral_root_cap,hormone_response_auxin,0.11326439160723985,0.87
HZE-Fe,2-6h,root_lateral_root_cap,hormone_response_cytokinin,0.056919458938198615,0.925
HZE-Fe,2-6h,root_lateral_root_cap,hormone_response_ethylene,0.27537453528131745,0.73
HZE-Fe,2-6h,root_lateral_root_cap,hormone_response_ja,0.06704096313264701,0.92
HZE-Fe,2-6h,root_lateral_root_cap,hormone_response_sa,0.060927002515685724,0.915
HZE-Fe,2-6h,root_lateral_root_cap,hypocotyl,0.16300274212757074,0.82
HZE-Fe,2-6h,root_lateral_root_cap,leaf_epidermis,0.00618504647489519,0.995
HZE-Fe,2-6h,root_lateral_root_cap,leaf_mesophyll,0.13769073146982921,0.82
HZE-Fe,2-6h,root_lateral_root_cap,oxidative_stress,0.3338000423698336,0.715
HZE-Fe,2-6h,root_lateral_root_cap,root_columella,0.19703833080593272,0.83
HZE-Fe,2-6h,root_lateral_root_cap,root_cortex,0.25654228032909054,0.775
HZE-Fe,2-6h,root_lateral_root_cap,root_endodermis,0.18013404080814263,0.79
HZE-Fe,2-6h,root_lateral_root_cap,root_epidermis,0.032627868507468016,0.975
HZE-Fe,2-6h,root_lateral_root_cap,root_meristem,0.11399015512057947,0.86
HZE-Fe,2-6h,root_lateral_root_cap,root_pericycle,0.33245145161175566,0.75
HZE-Fe,2-6h,root_lateral_root_cap,root_phloem,0.0984631537115586,0.88
HZE-Fe,2-6h,root_lateral_root_cap,root_stele,0.12251937963530309,0.85
HZE-Fe,2-6h,root_lateral_root_cap,root_xylem,0.13746436344439153,0.825
HZE-Fe,2-6h,root_lateral_root_cap,shoot_apical_meristem,0.12453570346619912,0.86
HZE-Fe,2-6h,root_meristem,cotyledon,0.84194443955638,0.41
HZE-Fe,2-6h,root_meristem,dna_damage_response,0.769570110557,0.505
HZE-Fe,2-6h,root_meristem,hormone_response_aba,0.7838029239086682,0.405
HZE-Fe,2-6h,root_meristem,hormone_response_auxin,0.6237625326283381,0.555
HZE-Fe,2-6h,root_meristem,hormone_response_cytokinin,0.31350126144356344,0.77
HZE-Fe,2-6h,root_meristem,hormone_response_ethylene,1.5159942880947053,0.2
HZE-Fe,2-6h,root_meristem,hormone_response_ja,0.3692378775856057,0.715
HZE-Fe,2-6h,root_meristem,hormone_response_sa,0.3355699437426147,0.76
HZE-Fe,2-6h,root_meristem,hypocotyl,0.8975806141203243,0.4
HZE-Fe,2-6h,root_meristem,leaf_epidermis,0.03406991144457427,0.985
HZE-Fe,2-6h,root_meristem,leaf_mesophyll,0.7582385140861713,0.475
HZE-Fe,2-6h,root_meristem,oxidative_stress,1.8374036648356589,0.1
HZE-Fe,2-6h,root_meristem,root_columella,1.0849202573101822,0.305
HZE-Fe,2-6h,root_meristem,root_cortex,1.4123722329395854,0.225
HZE-Fe,2-6h,root_meristem,root_endodermis,0.9918749109480469,0.355
HZE-Fe,2-6h,root_meristem,root_epidermis,0.1797177690709433,0.855
HZE-Fe,2-6h,root_meristem,root_lateral_root_cap,0.11387159649477796,0.865
HZE-Fe,2-6h,root_meristem,root_pericycle,1.829988844011504,0.145
HZE-Fe,2-6h,root_meristem,root_phloem,0.5422688622980919,0.62
HZE-Fe,2-6h,root_meristem,root_stele,0.6747157878096647,0.53
HZE-Fe,2-6h,root_meristem,root_xylem,0.7569940912057276,0.43
HZE-Fe,2-6h,root_meristem,shoot_apical_meristem,0.6858188320284788,0.535
HZE-Fe,2-6h,root_pericycle,cotyledon,2.449354059510148,0.065
HZE-Fe,2-6h,root_pericycle,dna_damage_response,2.2389487256493155,0.105
HZE-Fe,2-6h,root_pericycle,hormone_response_aba,2.280332313605522,0.095
HZE-Fe,2-6h,root_pericycle,hormone_response_auxin,1.8149892874963192,0.17
HZE-Fe,2-6h,root_pericycle,hormone_response_cytokinin,0.912465840727502,0.455
HZE-Fe,2-6h,root_pericycle,hormone_response_ethylene,4.407583541353975,0.015
HZE-Fe,2-6h,root_pericycle,hormone_response_ja,1.0746335420623172,0.325
HZE-Fe,2-6h,root_pericycle,hormone_response_sa,0.9766770821305379,0.4
HZE-Fe,2-6h,root_pericycle,hypocotyl,2.6110783253796135,0.08
HZE-Fe,2-6h,root_pericycle,leaf_epidermis,0.09918813675976274,0.885
HZE-Fe,2-6h,root_pericycle,leaf_mesophyll,2.206006017924097,0.075
HZE-Fe,2-6h,root_pericycle,oxidative_stress,5.34048913879769,0.0
HZE-Fe,2-6h,root_pericycle,root_columella,3.1555170498408778,0.025
HZE-Fe,2-6h,root_pericycle,root_cortex,4.106695750256179,0.025
HZE-Fe,2-6h,root_pericycle,root_endodermis,2.8851307427672195,0.065
HZE-Fe,2-6h,root_pericycle,root_epidermis,0.5231445049407445,0.635
HZE-Fe,2-6h,root_pericycle,root_lateral_root_cap,0.33148959364528374,0.745
HZE-Fe,2-6h,root_pericycle,root_meristem,1.8265997817449207,0.145
HZE-Fe,2-6h,root_pericycle,root_phloem,1.577982581079053,0.225
HZE-Fe,2-6h,root_pericycle,root_stele,1.9631572029496223,0.165
HZE-Fe,2-6h,root_pericycle,root_xylem,2.2023904859442434,0.075
HZE-Fe,2-6h,root_pericycle,shoot_apical_meristem,1.9954452583783797,0.125
HZE-Fe,2-6h,root_phloem,cotyledon,0.7272516109878904,0.535
HZE-Fe,2-6h,root_phloem,dna_damage_response,0.6647300665956406,0.62
HZE-Fe,2-6h,root_phloem,hormone_response_aba,0.6770288156480573,0.58
HZE-Fe,2-6h,root_phloem,hormone_response_auxin,0.5387856878776954,0.63
HZE-Fe,2-6h,root_phloem,hormone_response_cytokinin,0.2707865499086832,0.79
HZE-Fe,2-6h,root_phloem,hormone_response_ethylene,1.3095389456304696,0.28
HZE-Fe,2-6h,root_phloem,hormone_response_ja,0.31892754878400914,0.765
HZE-Fe,2-6h,root_phloem,hormone_response_sa,0.28984750502933004,0.76
HZE-Fe,2-6h,root_phloem,hypocotyl,0.7753126985976508,0.51
HZE-Fe,2-6h,root_phloem,leaf_epidermis,0.029427483723577882,0.985
HZE-Fe,2-6h,root_phloem,leaf_mesophyll,0.6549438477706093,0.57
HZE-Fe,2-6h,root_phloem,oxidative_stress,1.587205472616263,0.18
HZE-Fe,2-6h,root_phloem,root_columella,0.9371452833323661,0.46
HZE-Fe,2-6h,root_phloem,root_cortex,1.2200173184821217,0.325
HZE-Fe,2-6h,root_phloem,root_endodermis,0.8567641380620239,0.445
HZE-Fe,2-6h,root_phloem,root_epidermis,0.1552301461766355,0.84
HZE-Fe,2-6h,root_phloem,root_lateral_root_cap,0.09835409736438833,0.88
HZE-Fe,2-6h,root_phloem,root_meristem,0.5422325838385391,0.62
HZE-Fe,2-6h,root_phloem,root_pericycle,1.580803127824897,0.225
HZE-Fe,2-6h,root_phloem,root_stele,0.5827974369211024,0.615
HZE-Fe,2-6h,root_phloem,root_xylem,0.6538706922856857,0.545
HZE-Fe,2-6h,root_phloem,shoot_apical_meristem,0.5923904691335049,0.61
HZE-Fe,2-6h,root_stele,cotyledon,0.9048757969186639,0.405
HZE-Fe,2-6h,root_stele,dna_damage_response,0.8270931940487455,0.485
HZE-Fe,2-6h,root_stele,hormone_response_aba,0.8423904111805437,0.435
HZE-Fe,2-6h,root_stele,hormone_response_auxin,0.6703915407238259,0.585
HZE-Fe,2-6h,root_stele,hormone_response_cytokinin,0.33694056016073,0.755
HZE-Fe,2-6h,root_stele,hormone_response_ethylene,1.6292689603776767,0.16
HZE-Fe,2-6h,root_stele,hormone_response_ja,0.3968429699677758,0.7
HZE-Fe,2-6h,root_stele,hormone_response_sa,0.360658614943642,0.745
HZE-Fe,2-6h,root_stele,hypocotyl,0.9646688734741695,0.385
HZE-Fe,2-6h,root_stele,leaf_epidermis,0.03661759238226616,0.91
HZE-Fe,2-6h,root_stele,leaf_mesophyll,0.8149153887055413,0.47
HZE-Fe,2-6h,root_stele,oxidative_stress,1.974670466713376,0.12
HZE-Fe,2-6h,root_stele,root_columella,1.1660033379821584,0.35
HZE-Fe,2-6h,root_stele,root_cortex,1.5179093294482995,0.21
HZE-Fe,2-6h,root_stele,root_endodermis,1.0660065881248255,0.355
HZE-Fe,2-6h,root_stele,root_epidermis,0.19315558087034365,0.82
HZE-Fe,2-6h,root_stele,root_lateral_root_cap,0.12238591123147242,0.86
HZE-Fe,2-6h,root_stele,root_meristem,0.6746827664537135,0.53
HZE-Fe,2-6h,root_stele,root_pericycle,1.9667031909602517,0.16
HZE-Fe,2-6h,root_stele,root_phloem,0.5828079482597369,0.615
HZE-Fe,2-6h,root_stele,root_xylem,0.8135784702205671,0.505
HZE-Fe,2-6h,root_stele,shoot_apical_meristem,0.737085264612607,0.545
HZE-Fe,2-6h,root_xylem,cotyledon,1.0150349440935895,0.29
HZE-Fe,2-6h,root_xylem,dna_damage_response,0.9277867439744627,0.395
HZE-Fe,2-6h,root_xylem,hormone_response_aba,0.9449462710402877,0.35
HZE-Fe,2-6h,root_xylem,hormone_response_auxin,0.7520153801545284,0.535
HZE-Fe,2-6h,root_xylem,hormone_response_cytokinin,0.37797229046277536,0.68
HZE-Fe,2-6h,root_xylem,hormone_response_ethylene,1.827538441647108,0.09
HZE-Fe,2-6h,root_xylem,hormone_response_ja,0.44516737753466123,0.62
HZE-Fe,2-6h,root_xylem,hormone_response_sa,0.40457787118882127,0.665
HZE-Fe,2-6h,root_xylem,hypocotyl,1.0821036311238519,0.27
HZE-Fe,2-6h,root_xylem,leaf_epidermis,0.04107753451455674,0.935
HZE-Fe,2-6h,root_xylem,leaf_mesophyll,0.9141274177731834,0.355
HZE-Fe,2-6h,root_xylem,oxidative_stress,2.2149271144035647,0.085
HZE-Fe,2-6h,root_xylem,root_columella,1.3079324552891232,0.24
HZE-Fe,2-6h,root_xylem,root_cortex,1.7026375299280194,0.16
HZE-Fe,2-6h,root_xylem,root_endodermis,1.1957700446671977,0.295
HZE-Fe,2-6h,root_xylem,root_epidermis,0.21667946567259513,0.78
HZE-Fe,2-6h,root_xylem,root_lateral_root_cap,0.13729126363976754,0.83
HZE-Fe,2-6h,root_xylem,root_meristem,0.756828480000062,0.435
HZE-Fe,2-6h,root_xylem,root_pericycle,2.2059920711593777,0.06
HZE-Fe,2-6h,root_xylem,root_phloem,0.6537716332978077,0.555
HZE-Fe,2-6h,root_xylem,root_stele,0.8134402507047824,0.505
HZE-Fe,2-6h,root_xylem,shoot_apical_meristem,0.8268262433191735,0.5
HZE-Fe,2-6h,shoot_apical_meristem,cotyledon,0.9196500932943295,0.4
HZE-Fe,2-6h,shoot_apical_meristem,dna_damage_response,0.8405960882424725,0.46
HZE-Fe,2-6h,shoot_apical_meristem,hormone_response_aba,0.8561455762872068,0.415
HZE-Fe,2-6h,shoot_apical_meristem,hormone_response_auxin,0.6813397787397238,0.55
HZE-Fe,2-6h,shoot_apical_meristem,hormone_response_cytokinin,0.3424439978205695,0.76
HZE-Fe,2-6h,shoot_apical_meristem,hormone_response_ethylene,1.655862608726011,0.13
HZE-Fe,2-6h,shoot_apical_meristem,hormone_response_ja,0.4033230606201039,0.72
HZE-Fe,2-6h,shoot_apical_meristem,hormone_response_sa,0.3665486500914451,0.725
HZE-Fe,2-6h,shoot_apical_meristem,hypocotyl,0.9804196187018904,0.355
HZE-Fe,2-6h,shoot_apical_meristem,leaf_epidermis,0.03721586606172515,0.97
HZE-Fe,2-6h,shoot_apical_meristem,leaf_mesophyll,0.82822086474748,0.505
HZE-Fe,2-6h,shoot_apical_meristem,oxidative_stress,2.0068934839949386,0.11
HZE-Fe,2-6h,shoot_apical_meristem,root_columella,1.185040048266367,0.3
HZE-Fe,2-6h,shoot_apical_meristem,root_cortex,1.5426845371737559,0.235
HZE-Fe,2-6h,shoot_apical_meristem,root_endodermis,1.0834090967316745,0.31
HZE-Fe,2-6h,shoot_apical_meristem,root_epidermis,0.19631095974190169,0.825
HZE-Fe,2-6h,shoot_apical_meristem,root_lateral_root_cap,0.1243844488956267,0.86
HZE-Fe,2-6h,shoot_apical_meristem,root_meristem,0.6856995150916929,0.535
HZE-Fe,2-6h,shoot_apical_meristem,root_pericycle,1.998798320606543,0.12
HZE-Fe,2-6h,shoot_apical_meristem,root_phloem,0.5923271012311999,0.615
HZE-Fe,2-6h,shoot_apical_meristem,root_stele,0.7369930695241218,0.55
HZE-Fe,2-6h,shoot_apical_meristem,root_xylem,0.8268631683702473,0.5
HZE-Fe,6-12h,cotyledon,dna_damage_response,1.0974500886641336,0.295
HZE-Fe,6-12h,cotyledon,hormone_response_aba,0.9482715073243734,0.325
HZE-Fe,6-12h,cotyledon,hormone_response_auxin,0.9355581583787927,0.375
HZE-Fe,6-12h,cotyledon,hormone_response_cytokinin,0.41054637162269203,0.68
HZE-Fe,6-12h,cotyledon,hormone_response_ethylene,1.4636890954277006,0.17
HZE-Fe,6-12h,cotyledon,hormone_response_ja,0.6640278498303959,0.54
HZE-Fe,6-12h,cotyledon,hormone_response_sa,0.42451256215263555,0.66
HZE-Fe,6-12h,cotyledon,hypocotyl,1.1674083733051366,0.28
HZE-Fe,6-12h,cotyledon,leaf_epidermis,0.03815782186457352,0.915
HZE-Fe,6-12h,cotyledon,leaf_mesophyll,1.017289179538926,0.305
HZE-Fe,6-12h,cotyledon,oxidative_stress,2.294277247118172,0.045
HZE-Fe,6-12h,cotyledon,root_columella,1.3645852248040136,0.235
HZE-Fe,6-12h,cotyledon,root_cortex,1.862418718662825,0.13
HZE-Fe,6-12h,cotyledon,root_endodermis,1.2360384443456611,0.26
HZE-Fe,6-12h,cotyledon,root_epidermis,0.2008026850871264,0.79
HZE-Fe,6-12h,cotyledon,root_lateral_root_cap,0.15524703351262037,0.845
HZE-Fe,6-12h,cotyledon,root_meristem,0.8017528743070234,0.415
HZE-Fe,6-12h,cotyledon,root_pericycle,2.30224239635001,0.075
HZE-Fe,6-12h,cotyledon,root_phloem,0.7273714559629437,0.565
HZE-Fe,6-12h,cotyledon,root_stele,0.8535986545022717,0.47
HZE-Fe,6-12h,cotyledon,root_xylem,0.9340293856666043,0.355
HZE-Fe,6-12h,cotyledon,shoot_apical_meristem,0.937605684352369,0.405
HZE-Fe,6-12h,dna_damage_response,cotyledon,1.097949995497813,0.295
HZE-Fe,6-12h,dna_damage_response,hormone_response_aba,1.0098652453783417,0.36
HZE-Fe,6-12h,dna_damage_response,hormone_response_auxin,0.9963252215262074,0.43
HZE-Fe,6-12h,dna_damage_response,hormone_response_cytokinin,0.4372196937391061,0.71
HZE-Fe,6-12h,dna_damage_response,hormone_response_ethylene,1.558736340352137,0.15
HZE-Fe,6-12h,dna_damage_response,hormone_response_ja,0.7071680997857002,0.565
HZE-Fe,6-12h,dna_damage_response,hormone_response_sa,0.45209425941733505,0.71
HZE-Fe,6-12h,dna_damage_response,hypocotyl,1.2432276836872584,0.28
HZE-Fe,6-12h,dna_damage_response,leaf_epidermis,0.04063728366194027,0.925
HZE-Fe,6-12h,dna_damage_response,leaf_mesophyll,1.0833656995461334,0.34
HZE-Fe,6-12h,dna_damage_response,oxidative_stress,2.443202785304976,0.055
HZE-Fe,6-12h,dna_damage_response,root_columella,1.4532008231438565,0.165
HZE-Fe,6-12h,dna_damage_response,root_cortex,1.9833375759247045,0.135
HZE-Fe,6-12h,dna_damage_response,root_endodermis,1.316315452325091,0.275
HZE-Fe,6-12h,dna_damage_response,root_epidermis,0.21384992239681558,0.805
HZE-Fe,6-12h,dna_damage_response,root_lateral_root_cap,0.1653359641887891,0.85
HZE-Fe,6-12h,dna_damage_response,root_meristem,0.8538349380328201,0.47
HZE-Fe,6-12h,dna_damage_response,root_pericycle,2.4516811548953843,0.065
HZE-Fe,6-12h,dna_damage_response,root_phloem,0.7746197340805674,0.585
HZE-Fe,6-12h,dna_damage_response,root_stele,0.9090463953573109,0.465
HZE-Fe,6-12h,dna_damage_response,root_xylem,0.9946987766414258,0.37
HZE-Fe,6-12h,dna_damage_response,shoot_apical_meristem,0.998505473840276,0.38
HZE-Fe,6-12h,hormone_response_aba,cotyledon,0.948087843434563,0.325
HZE-Fe,6-12h,hormone_response_aba,dna_damage_response,1.00920964359557,0.36
HZE-Fe,6-12h,hormone_response_aba,hormone_response_auxin,0.8603312606472161,0.465
HZE-Fe,6-12h,hormone_response_aba,hormone_response_cytokinin,0.37752721725197447,0.705
HZE-Fe,6-12h,hormone_response_aba,hormone_response_ethylene,1.3460227974272698,0.19
HZE-Fe,6-12h,hormone_response_aba,hormone_response_ja,0.6106265348246409,0.635
HZE-Fe,6-12h,hormone_response_aba,hormone_response_sa,0.39036994588494006,0.685
HZE-Fe,6-12h,hormone_response_aba,hypocotyl,1.073547683101638,0.32
HZE-Fe,6-12h,hormone_response_aba,leaf_epidermis,0.0350884370487148,0.935
HZE-Fe,6-12h,hormone_response_aba,leaf_mesophyll,0.9354920803025513,0.385
HZE-Fe,6-12h,hormone_response_aba,oxidative_stress,2.10990523445537,0.07
HZE-Fe,6-12h,hormone_response_aba,root_columella,1.254881226362231,0.235
HZE-Fe,6-12h,hormone_response_aba,root_cortex,1.712723086294601,0.14
HZE-Fe,6-12h,hormone_response_aba,root_endodermis,1.1366617073591827,0.325
HZE-Fe,6-12h,hormone_response_aba,root_epidermis,0.184651312106742,0.785
HZE-Fe,6-12h,hormone_response_aba,root_lateral_root_cap,0.14275909557512984,0.815
HZE-Fe,6-12h,hormone_response_aba,root_meristem,0.7372803456391889,0.465
HZE-Fe,6-12h,hormone_response_aba,root_pericycle,2.1172319672354116,0.115
HZE-Fe,6-12h,hormone_response_aba,root_phloem,0.6688796991232838,0.6
HZE-Fe,6-12h,hormone_response_aba,root_stele,0.7849588392967793,0.515
HZE-Fe,6-12h,hormone_response_aba,root_xylem,0.858924830987696,0.425
HZE-Fe,6-12h,hormone_response_aba,shoot_apical_meristem,0.8622142983249805,0.475
HZE-Fe,6-12h,hormone_response_auxin,cotyledon,0.9355085154537617,0.38
HZE-Fe,6-12h,hormone_response_auxin,dna_damage_response,0.9958184190730652,0.43
HZE-Fe,6-12h,hormone_response_auxin,hormone_response_aba,0.8604522333250161,0.465
HZE-Fe,6-12h,hormone_response_auxin,hormone_response_cytokinin,0.3725172032062691,0.73
HZE-Fe,6-12h,hormone_response_auxin,hormone_response_ethylene,1.3281672673877662,0.215
HZE-Fe,6-12h,hormone_response_auxin,hormone_response_ja,0.602522626486332,0.615
HZE-Fe,6-12h,hormone_response_auxin,hormone_response_sa,0.38518903151679973,0.69
HZE-Fe,6-12h,hormone_response_auxin,hypocotyl,1.0593049797430296,0.335
HZE-Fe,6-12h,hormone_response_auxin,leaf_epidermis,0.03462276383418089,0.965
HZE-Fe,6-12h,hormone_response_auxin,leaf_mesophyll,0.9230794318834219,0.39
HZE-Fe,6-12h,hormone_response_auxin,oxidative_stress,2.0819246446500776,0.105
HZE-Fe,6-12h,hormone_response_auxin,root_columella,1.2382344592294672,0.255
HZE-Fe,6-12h,hormone_response_auxin,root_cortex,1.6900060278857214,0.16
HZE-Fe,6-12h,hormone_response_auxin,root_endodermis,1.1215808517334707,0.295
HZE-Fe,6-12h,hormone_response_auxin,root_epidermis,0.18220075977746567,0.81
HZE-Fe,6-12h,hormone_response_auxin,root_lateral_root_cap,0.1408639269065666,0.87
HZE-Fe,6-12h,hormone_response_auxin,root_meristem,0.727496832366969,0.545
HZE-Fe,6-12h,hormone_response_auxin,root_pericycle,2.0891558054860524,0.11
HZE-Fe,6-12h,hormone_response_auxin,root_phloem,0.6600051112262467,0.62
HZE-Fe,6-12h,hormone_response_auxin,root_stele,0.7745432579728794,0.53
HZE-Fe,6-12h,hormone_response_auxin,root_xylem,0.8475283167668299,0.495
HZE-Fe,6-12h,hormone_response_auxin,shoot_apical_meristem,0.8507749042479396,0.46
HZE-Fe,6-12h,hormone_response_cytokinin,cotyledon,0.4107766786251936,0.67
HZE-Fe,6-12h,hormone_response_cytokinin,dna_damage_response,0.43726578395094273,0.71
HZE-Fe,6-12h,hormone_response_cytokinin,hormone_response_aba,0.37781219364781227,0.71
HZE-Fe,6-12h,hormone_response_cytokinin,hormone_response_auxin,0.3727459072602196,0.725
HZE-Fe,6-12h,hormone_response_cytokinin,hormone_response_ethylene,0.5832521615893334,0.6
HZE-Fe,6-12h,hormone_response_cytokinin,hormone_response_ja,0.26454095300624886,0.805
HZE-Fe,6-12h,hormone_response_cytokinin,hormone_response_sa,0.16910947114704097,0.855
HZE-Fe,6-12h,hormone_response_cytokinin,hypocotyl,0.4651503498124173,0.645
HZE-Fe,6-12h,hormone_response_cytokinin,leaf_epidermis,0.01519897664303457,0.995
HZE-Fe,6-12h,hormone_response_cytokinin,leaf_mesophyll,0.4053178827916105,0.7
HZE-Fe,6-12h,hormone_response_cytokinin,oxidative_stress,0.9144420534972321,0.425
HZE-Fe,6-12h,hormone_response_cytokinin,root_columella,0.5437458749882615,0.7
HZE-Fe,6-12h,hormone_response_cytokinin,root_cortex,0.7422223271636701,0.525
HZE-Fe,6-12h,hormone_response_cytokinin,root_endodermis,0.49250473579650506,0.64
HZE-Fe,6-12h,hormone_response_cytokinin,root_epidermis,0.07998713354947239,0.93
HZE-Fe,6-12h,hormone_response_cytokinin,root_lateral_root_cap,0.061839468405741504,0.92
HZE-Fe,6-12h,hormone_response_cytokinin,root_meristem,0.3194221160278403,0.77
HZE-Fe,6-12h,hormone_response_cytokinin,root_pericycle,0.9176197009998235,0.47
HZE-Fe,6-12h,hormone_response_cytokinin,root_phloem,0.2897829724128749,0.78
HZE-Fe,6-12h,hormone_response_cytokinin,root_stele,0.340083028412162,0.775
HZE-Fe,6-12h,hormone_response_cytokinin,root_xylem,0.37213622511164635,0.695
HZE-Fe,6-12h,hormone_response_cytokinin,shoot_apical_meristem,0.3735619159212266,0.745
HZE-Fe,6-12h,hormone_response_ethylene,cotyledon,1.4620616958436383,0.17
HZE-Fe,6-12h,hormone_response_ethylene,dna_damage_response,1.5562941244958306,0.155
HZE-Fe,6-12h,hormone_response_ethylene,hormone_response_aba,1.344786385523202,0.19
HZE-Fe,6-12h,hormone_response_ethylene,hormone_response_auxin,1.3267607777904982,0.215
HZE-Fe,6-12h,hormone_response_ethylene,hormone_response_cytokinin,0.5822767560827161,0.6
HZE-Fe,6-12h,hormone_response_ethylene,hormone_response_ja,0.9417392648047977,0.335
HZE-Fe,6-12h,hormone_response_ethylene,hormone_response_sa,0.602082757815699,0.58
HZE-Fe,6-12h,hormone_response_ethylene,hypocotyl,1.6554816707298436,0.145
HZE-Fe,6-12h,hormone_response_ethylene,leaf_epidermis,0.0541232326115304,0.89
HZE-Fe,6-12h,hormone_response_ethylene,leaf_mesophyll,1.4426422800852994,0.16
HZE-Fe,6-12h,hormone_response_ethylene,oxidative_stress,3.2527449147367533,0.015
HZE-Fe,6-12h,hormone_response_ethylene,root_columella,1.9350193904335606,0.1
HZE-Fe,6-12h,hormone_response_ethylene,root_cortex,2.6406970072072924,0.02
HZE-Fe,6-12h,hormone_response_ethylene,root_endodermis,1.7527791842661185,0.15
HZE-Fe,6-12h,hormone_response_ethylene,root_epidermis,0.28481006782968427,0.71
HZE-Fe,6-12h,hormone_response_ethylene,root_lateral_root_cap,0.22019706381652163,0.75
HZE-Fe,6-12h,hormone_response_ethylene,root_meristem,1.1370341452990242,0.265
HZE-Fe,6-12h,hormone_response_ethylene,root_pericycle,3.264033864432135,0.0
HZE-Fe,6-12h,hormone_response_ethylene,root_phloem,1.0315646069784927,0.355
HZE-Fe,6-12h,hormone_response_ethylene,root_stele,1.210548827451694,0.245
HZE-Fe,6-12h,hormone_response_ethylene,root_xylem,1.324592439508201,0.18
HZE-Fe,6-12h,hormone_response_ethylene,shoot_apical_meristem,1.32966412798425,0.185
HZE-Fe,6-12h,hormone_response_ja,cotyledon,0.6647301040459688,0.54
HZE-Fe,6-12h,hormone_response_ja,dna_damage_response,0.7075932638963898,0.56
HZE-Fe,6-12h,hormone_response_ja,hormone_response_aba,0.6113909892493499,0.62
HZE-Fe,6-12h,hormone_response_ja,hormone_response_auxin,0.6031923340984827,0.615
HZE-Fe,6-12h,hormone_response_ja,hormone_response_cytokinin,0.2646723391410073,0.8
HZE-Fe,6-12h,hormone_response_ja,hormone_response_ethylene,0.9437850325185939,0.335
HZE-Fe,6-12h,hormone_response_ja,hormone_response_sa,0.27367731060970774,0.795
HZE-Fe,6-12h,hormone_response_ja,hypocotyl,0.7527060733734257,0.51
HZE-Fe,6-12h,hormone_response_ja,leaf_epidermis,0.024598075570206497,0.98
HZE-Fe,6-12h,hormone_response_ja,leaf_mesophyll,0.6558984538144312,0.565
HZE-Fe,6-12h,hormone_response_ja,oxidative_stress,1.4795583463559538,0.16
HZE-Fe,6-12h,hormone_response_ja,root_columella,0.8798680870537482,0.5
HZE-Fe,6-12h,hormone_response_ja,root_cortex,1.2009689836559352,0.295
HZE-Fe,6-12h,hormone_response_ja,root_endodermis,0.7969673289675758,0.505
HZE-Fe,6-12h,hormone_response_ja,root_epidermis,0.1294492677354025,0.895
HZE-Fe,6-12h,hormone_response_ja,root_lateral_root_cap,0.1000813803488673,0.895
HZE-Fe,6-12h,hormone_response_ja,root_meristem,0.5169120211834385,0.615
HZE-Fe,6-12h,hormone_response_ja,root_pericycle,1.484695475343749,0.2
HZE-Fe,6-12h,hormone_response_ja,root_phloem,0.46894855899688326,0.71
HZE-Fe,6-12h,hormone_response_ja,root_stele,0.5503429447905421,0.64
HZE-Fe,6-12h,hormone_response_ja,root_xylem,0.6022072633478124,0.565
HZE-Fe,6-12h,hormone_response_ja,shoot_apical_meristem,0.6045125042018353,0.6
HZE-Fe,6-12h,hormone_response_sa,cotyledon,0.424792325661356,0.655
HZE-Fe,6-12h,hormone_response_sa,dna_damage_response,0.45218624391353385,0.71
HZE-Fe,6-12h,hormone_response_sa,hormone_response_aba,0.3907029732986054,0.685
HZE-Fe,6-12h,hormone_response_sa,hormone_response_auxin,0.3854633592432909,0.69
HZE-Fe,6-12h,hormone_response_sa,hormone_response_cytokinin,0.16912604547802307,0.85
HZE-Fe,6-12h,hormone_response_sa,hormone_response_ethylene,0.6031504596392852,0.575
HZE-Fe,6-12h,hormone_response_sa,hormone_response_ja,0.2735684362454829,0.8
HZE-Fe,6-12h,hormone_response_sa,hypocotyl,0.48102041011353924,0.655
HZE-Fe,6-12h,hormone_response_sa,leaf_epidermis,0.0157175928129918,0.985
HZE-Fe,6-12h,hormone_response_sa,leaf_mesophyll,0.41914766350607896,0.675
HZE-Fe,6-12h,hormone_response_sa,oxidative_stress,0.945635661392351,0.42
HZE-Fe,6-12h,hormone_response_sa,root_columella,0.5622964521421222,0.655
HZE-Fe,6-12h,hormone_response_sa,root_cortex,0.7675431205304819,0.52
HZE-Fe,6-12h,hormone_response_sa,root_endodermis,0.5093089587515098,0.605
HZE-Fe,6-12h,hormone_response_sa,root_epidermis,0.08271647522052519,0.9
HZE-Fe,6-12h,hormone_response_sa,root_lateral_root_cap,0.0639500895079404,0.905
HZE-Fe,6-12h,hormone_response_sa,root_meristem,0.3303214717896746,0.765
HZE-Fe,6-12h,hormone_response_sa,root_pericycle,0.9489204526150855,0.42
HZE-Fe,6-12h,hormone_response_sa,root_phloem,0.2996697752853972,0.75
HZE-Fe,6-12h,hormone_response_sa,root_stele,0.35168692985335753,0.755
HZE-Fe,6-12h,hormone_response_sa,root_xylem,0.38483345317653866,0.72
HZE-Fe,6-12h,hormone_response_sa,shoot_apical_meristem,0.38630714614586137,0.69
HZE-Fe,6-12h,hypocotyl,cotyledon,1.1671679240946404,0.28
HZE-Fe,6-12h,hypocotyl,dna_damage_response,1.242405526183165,0.28
HZE-Fe,6-12h,hypocotyl,hormone_response_aba,1.073534409349727,0.32
HZE-Fe,6-12h,hypocotyl,hormone_response_auxin,1.0591429957860268,0.345
HZE-Fe,6-12h,hypocotyl,hormone_response_cytokinin,0.4647938257548797,0.645
HZE-Fe,6-12h,hypocotyl,hormone_response_ethylene,1.656982845874235,0.14
HZE-Fe,6-12h,hypocotyl,hormone_response_ja,0.751755758379691,0.51
HZE-Fe,6-12h,hypocotyl,hormone_response_sa,0.48060458676851964,0.655
HZE-Fe,6-12h,hypocotyl,leaf_epidermis,0.04320085871262951,0.93
HZE-Fe,6-12h,hypocotyl,leaf_mesophyll,1.1516632670249742,0.27
HZE-Fe,6-12h,hypocotyl,oxidative_stress,2.597120883200297,0.015
HZE-Fe,6-12h,hypocotyl,root_columella,1.5448012645878624,0.205
HZE-Fe,6-12h,hypocotyl,root_cortex,2.1083143979355228,0.075
HZE-Fe,6-12h,hypocotyl,root_endodermis,1.3992876581403828,0.245
HZE-Fe,6-12h,hypocotyl,root_epidermis,0.22733883452245846,0.765
HZE-Fe,6-12h,hypocotyl,root_lateral_root_cap,0.17576297790940212,0.8
HZE-Fe,6-12h,hypocotyl,root_meristem,0.9076691130510447,0.42
HZE-Fe,6-12h,hypocotyl,root_pericycle,2.6061372928609052,0.075
HZE-Fe,6-12h,hypocotyl,root_phloem,0.8234666874634928,0.5
HZE-Fe,6-12h,hypocotyl,root_stele,0.9663611658342747,0.365
HZE-Fe,6-12h,hypocotyl,root_xylem,1.057411805973533,0.315
HZE-Fe,6-12h,hypocotyl,shoot_apical_meristem,1.06146093301038,0.33
HZE-Fe,6-12h,leaf_epidermis,cotyledon,0.0381778246432269,0.915
HZE-Fe,6-12h,leaf_epidermis,dna_damage_response,0.04064008846243999,0.925
HZE-Fe,6-12h,leaf_epidermis,hormone_response_aba,0.035113618174028055,0.93
HZE-Fe,6-12h,leaf_epidermis,hormone_response_auxin,0.03464272689681173,0.96
HZE-Fe,6-12h,leaf_epidermis,hormone_response_cytokinin,0.015198417818199457,0.995
HZE-Fe,6-12h,leaf_epidermis,hormone_response_ethylene,0.05421189361444215,0.885
HZE-Fe,6-12h,leaf_epidermis,hormone_response_ja,0.02458495686126745,0.98
HZE-Fe,6-12h,leaf_epidermis,hormone_response_sa,0.015715479067409936,0.99
HZE-Fe,6-12h,leaf_epidermis,hypocotyl,0.043232396901526526,0.925
HZE-Fe,6-12h,leaf_epidermis,leaf_mesophyll,0.037670358139698566,0.925
HZE-Fe,6-12h,leaf_epidermis,oxidative_stress,0.0850071909970841,0.885
HZE-Fe,6-12h,leaf_epidermis,root_columella,0.05053903464519612,0.9
HZE-Fe,6-12h,leaf_epidermis,root_cortex,0.06899240581998871,0.905
HZE-Fe,6-12h,leaf_epidermis,root_endodermis,0.04577522877550122,0.92
HZE-Fe,6-12h,leaf_epidermis,root_epidermis,0.007433011360375414,0.99
HZE-Fe,6-12h,leaf_epidermis,root_lateral_root_cap,0.005746499613097539,1.0
HZE-Fe,6-12h,leaf_epidermis,root_meristem,0.02968608754550604,0.98
HZE-Fe,6-12h,leaf_epidermis,root_pericycle,0.08530280763832605,0.88
HZE-Fe,6-12h,leaf_epidermis,root_phloem,0.026931294656460245,0.985
HZE-Fe,6-12h,leaf_epidermis,root_stele,0.031606556717449254,0.915
HZE-Fe,6-12h,leaf_epidermis,root_xylem,0.0345860040043623,0.925
HZE-Fe,6-12h,leaf_epidermis,shoot_apical_meristem,0.03471858597988997,0.96
HZE-Fe,6-12h,leaf_mesophyll,cotyledon,1.0172995624761214,0.3
HZE-Fe,6-12h,leaf_mesophyll,dna_damage_response,1.0828832993759794,0.34
HZE-Fe,6-12h,leaf_mesophyll,hormone_response_aba,0.9356830143949235,0.375
HZE-Fe,6-12h,leaf_mesophyll,hormone_response_auxin,0.9231380226440392,0.39
HZE-Fe,6-12h,leaf_mesophyll,hormone_response_cytokinin,0.40509477701647073,0.7
HZE-Fe,6-12h,leaf_mesophyll,hormone_response_ethylene,1.4442630671863106,0.16
HZE-Fe,6-12h,leaf_mesophyll,hormone_response_ja,0.655212234465019,0.57
HZE-Fe,6-12h,leaf_mesophyll,hormone_response_sa,0.41887585064885063,0.675
HZE-Fe,6-12h,leaf_mesophyll,hypocotyl,1.1519123920316645,0.265
HZE-Fe,6-12h,leaf_mesophyll,leaf_epidermis,0.037651008924315665,0.925
HZE-Fe,6-12h,leaf_mesophyll,oxidative_stress,2.263840604971106,0.07
HZE-Fe,6-12h,leaf_mesophyll,root_columella,1.346473451705444,0.23
HZE-Fe,6-12h,leaf_mesophyll,root_cortex,1.8377061122496159,0.105
HZE-Fe,6-12h,leaf_mesophyll,root_endodermis,1.2196327908007993,0.245
HZE-Fe,6-12h,leaf_mesophyll,root_epidermis,0.1981359144473803,0.795
HZE-Fe,6-12h,leaf_mesophyll,root_lateral_root_cap,0.15318557475424516,0.82
HZE-Fe,6-12h,leaf_mesophyll,root_meristem,0.7911090184526192,0.495
HZE-Fe,6-12h,leaf_mesophyll,root_pericycle,2.2716993884642687,0.05
HZE-Fe,6-12h,leaf_mesophyll,root_phloem,0.7177138062386017,0.575
HZE-Fe,6-12h,leaf_mesophyll,root_stele,0.8422665692819891,0.49
HZE-Fe,6-12h,leaf_mesophyll,root_xylem,0.921629904365514,0.375
HZE-Fe,6-12h,leaf_mesophyll,shoot_apical_meristem,0.9251583088640862,0.44
HZE-Fe,6-12h,oxidative_stress,cotyledon,2.2909612393454104,0.045
HZE-Fe,6-12h,oxidative_stress,dna_damage_response,2.438559686396195,0.06
HZE-Fe,6-12h,oxidative_stress,hormone_response_aba,2.107263265983014,0.07
HZE-Fe,6-12h,oxidative_stress,hormone_response_auxin,2.07902626067055,0.105
HZE-Fe,6-12h,oxidative_stress,hormone_response_cytokinin,0.9126077164794382,0.43
HZE-Fe,6-12h,oxidative_stress,hormone_response_ethylene,3.2516584188847664,0.02
HZE-Fe,6-12h,oxidative_stress,hormone_response_ja,1.4758576453641366,0.16
HZE-Fe,6-12h,oxidative_stress,hormone_response_sa,0.9436460001882983,0.42
HZE-Fe,6-12h,oxidative_stress,hypocotyl,2.5939022794287934,0.02
HZE-Fe,6-12h,oxidative_stress,leaf_epidermis,0.08483981001234032,0.885
HZE-Fe,6-12h,oxidative_stress,leaf_mesophyll,2.2605448660293357,0.07
HZE-Fe,6-12h,oxidative_stress,root_columella,3.0316684197495505,0.02
HZE-Fe,6-12h,oxidative_stress,root_cortex,4.136500841073446,0.005
HZE-Fe,6-12h,oxidative_stress,root_endodermis,2.7462846772042395,0.04
HZE-Fe,6-12h,oxidative_stress,root_epidermis,0.4464208996154607,0.655
HZE-Fe,6-12h,oxidative_stress,root_lateral_root_cap,0.3451518732985987,0.725
HZE-Fe,6-12h,oxidative_stress,root_meristem,1.7818195874154805,0.09
HZE-Fe,6-12h,oxidative_stress,root_pericycle,5.112064587869096,0.0
HZE-Fe,6-12h,oxidative_stress,root_phloem,1.6165829755029624,0.18
HZE-Fe,6-12h,oxidative_stress,root_stele,1.8969843771057278,0.14
HZE-Fe,6-12h,oxidative_stress,root_xylem,2.075631456574262,0.11
HZE-Fe,6-12h,oxidative_stress,shoot_apical_meristem,2.083574147553749,0.105
HZE-Fe,6-12h,root_columella,cotyledon,1.3636847764932893,0.24
HZE-Fe,6-12h,root_columella,dna_damage_response,1.4515804063948297,0.175
HZE-Fe,6-12h,root_columella,hormone_response_aba,1.2542958811714886,0.25
HZE-Fe,6-12h,root_columella,hormone_response_auxin,1.2374829506644254,0.265
HZE-Fe,6-12h,root_columella,hormone_response_cytokinin,0.5430823407698572,0.695
HZE-Fe,6-12h,root_columella,hormone_response_ethylene,1.9358947199065493,0.095
HZE-Fe,6-12h,root_columella,hormone_response_ja,0.8783580344663082,0.5
HZE-Fe,6-12h,root_columella,hormone_response_sa,0.5615552136962247,0.655
HZE-Fe,6-12h,root_columella,hypocotyl,1.5440999686401256,0.215
HZE-Fe,6-12h,root_columella,leaf_epidermis,0.050479235896345835,0.9
HZE-Fe,6-12h,root_columella,leaf_mesophyll,1.3455709823223356,0.23
HZE-Fe,6-12h,root_columella,oxidative_stress,3.0340520370516058,0.02
HZE-Fe,6-12h,root_columella,root_cortex,2.4631064992620524,0.045
HZE-Fe,6-12h,root_columella,root_endodermis,1.634855676632817,0.2
HZE-Fe,6-12h,root_columella,root_epidermis,0.2656363201561981,0.805
HZE-Fe,6-12h,root_columella,root_lateral_root_cap,0.20537244359652565,0.8
HZE-Fe,6-12h,root_columella,root_meristem,1.0605159535961663,0.345
HZE-Fe,6-12h,root_columella,root_pericycle,3.0445839560747974,0.02
HZE-Fe,6-12h,root_columella,root_phloem,0.9621417621001189,0.445
HZE-Fe,6-12h,root_columella,root_stele,1.1290863055920353,0.36
HZE-Fe,6-12h,root_columella,root_xylem,1.2354600350665323,0.275
HZE-Fe,6-12h,root_columella,shoot_apical_meristem,1.2401910475254,0.25
HZE-Fe,6-12h,root_cortex,cotyledon,1.8608797133897355,0.135
HZE-Fe,6-12h,root_cortex,dna_damage_response,1.9807957915632242,0.135
HZE-Fe,6-12h,root_cortex,hormone_response_aba,1.7116390993601525,0.14
HZE-Fe,6-12h,root_cortex,hormone_response_auxin,1.6886993541821247,0.16
HZE-Fe,6-12h,root_cortex,hormone_response_cytokinin,0.7411928976544229,0.525
HZE-Fe,6-12h,root_cortex,hormone_response_ethylene,2.641451379331537,0.02
HZE-Fe,6-12h,root_cortex,hormone_response_ja,1.1987080847182803,0.295
HZE-Fe,6-12h,root_cortex,hormone_response_sa,0.766403370704889,0.525
HZE-Fe,6-12h,root_cortex,hypocotyl,2.107006560450426,0.08
HZE-Fe,6-12h,root_cortex,leaf_epidermis,0.06889926415562111,0.905
HZE-Fe,6-12h,root_cortex,leaf_mesophyll,1.8361685258009746,0.11
HZE-Fe,6-12h,root_cortex,oxidative_stress,4.139064012540819,0.0
HZE-Fe,6-12h,root_cortex,root_columella,2.4626966697301076,0.045
HZE-Fe,6-12h,root_cortex,root_endodermis,2.2308160243849295,0.085
HZE-Fe,6-12h,root_cortex,root_epidermis,0.3625546319584934,0.77
HZE-Fe,6-12h,root_cortex,root_lateral_root_cap,0.2803078890904346,0.745
HZE-Fe,6-12h,root_cortex,root_meristem,1.4472532384925192,0.21
HZE-Fe,6-12h,root_cortex,root_pericycle,4.153420616909628,0.01
HZE-Fe,6-12h,root_cortex,root_phloem,1.3130232196402962,0.29
HZE-Fe,6-12h,root_cortex,root_stele,1.5408098627295792,0.18
HZE-Fe,6-12h,root_cortex,root_xylem,1.6859412815642283,0.12
HZE-Fe,6-12h,root_cortex,shoot_apical_meristem,1.6923939543131388,0.18
HZE-Fe,6-12h,root_endodermis,cotyledon,1.2357246995869624,0.26
HZE-Fe,6-12h,root_endodermis,dna_damage_response,1.3153818542208864,0.275
HZE-Fe,6-12h,root_endodermis,hormone_response_aba,1.1365934677821212,0.325
HZE-Fe,6-12h,root_endodermis,hormone_response_auxin,1.1213559922670142,0.3
HZE-Fe,6-12h,root_endodermis,hormone_response_cytokinin,0.49210363119423806,0.64
HZE-Fe,6-12h,root_endodermis,hormone_response_ethylene,1.75428494057626,0.15
HZE-Fe,6-12h,root_endodermis,hormone_response_ja,0.7959233069197827,0.505
HZE-Fe,6-12h,root_endodermis,hormone_response_sa,0.5088442075352708,0.605
HZE-Fe,6-12h,root_endodermis,hypocotyl,1.3992209042467052,0.245
HZE-Fe,6-12h,root_endodermis,leaf_epidermis,0.04573963242833423,0.92
HZE-Fe,6-12h,root_endodermis,leaf_mesophyll,1.2193107360963427,0.25
HZE-Fe,6-12h,root_endodermis,oxidative_stress,2.7495623154121995,0.04
HZE-Fe,6-12h,root_endodermis,root_columella,1.63552031237223,0.19
HZE-Fe,6-12h,root_endodermis,root_cortex,2.2320946879093033,0.09
HZE-Fe,6-12h,root_endodermis,root_epidermis,0.24069785476132755,0.805
HZE-Fe,6-12h,root_endodermis,root_lateral_root_cap,0.18609278417282052,0.765
HZE-Fe,6-12h,root_endodermis,root_meristem,0.9609909737536929,0.4
HZE-Fe,6-12h,root_endodermis,root_pericycle,2.759104409381674,0.05
HZE-Fe,6-12h,root_endodermis,root_phloem,0.8718407674174234,0.485
HZE-Fe,6-12h,root_endodermis,root_stele,1.0231285197023765,0.385
HZE-Fe,6-12h,root_endodermis,root_xylem,1.1195245626518715,0.35
HZE-Fe,6-12h,root_endodermis,shoot_apical_meristem,1.123809841570167,0.305
HZE-Fe,6-12h,root_epidermis,cotyledon,0.20089539812480936,0.79
HZE-Fe,6-12h,root_epidermis,dna_damage_response,0.21385131769149762,0.805
HZE-Fe,6-12h,root_epidermis,hormone_response_aba,0.18477232799075693,0.785
HZE-Fe,6-12h,root_epidermis,hormone_response_auxin,0.1822944542547794,0.805
HZE-Fe,6-12h,root_epidermis,hormone_response_cytokinin,0.07997920004151893,0.93
HZE-Fe,6-12h,root_epidermis,hormone_response_ethylene,0.28525881445768286,0.71
HZE-Fe,6-12h,root_epidermis,hormone_response_ja,0.1293722049285916,0.9
HZE-Fe,6-12h,root_epidermis,hormone_response_sa,0.08270018927433327,0.9
HZE-Fe,6-12h,root_epidermis,hypocotyl,0.2274905986112327,0.765
HZE-Fe,6-12h,root_epidermis,leaf_epidermis,0.007432546729348893,0.99
HZE-Fe,6-12h,root_epidermis,leaf_mesophyll,0.1982253713025005,0.795
HZE-Fe,6-12h,root_epidermis,oxidative_stress,0.44727370010098244,0.655
HZE-Fe,6-12h,root_epidermis,root_columella,0.265934392258103,0.805
HZE-Fe,6-12h,root_epidermis,root_cortex,0.36302204943593513,0.77
HZE-Fe,6-12h,root_epidermis,root_endodermis,0.24087015588918825,0.805
HZE-Fe,6-12h,root_epidermis,root_lateral_root_cap,0.030240723340542904,0.975
HZE-Fe,6-12h,root_epidermis,root_meristem,0.15621382825675248,0.865
HZE-Fe,6-12h,root_epidermis,root_pericycle,0.4488284950503714,0.72
HZE-Fe,6-12h,root_epidermis,root_phloem,0.14171799248849107,0.86
HZE-Fe,6-12h,root_epidermis,root_stele,0.16631894826254448,0.845
HZE-Fe,6-12h,root_epidermis,root_xylem,0.18199615054066018,0.81
HZE-Fe,6-12h,root_epidermis,shoot_apical_meristem,0.18269358686360576,0.835
HZE-Fe,6-12h,root_lateral_root_cap,cotyledon,0.1554495418210347,0.845
HZE-Fe,6-12h,root_lateral_root_cap,dna_damage_response,0.16547620631950463,0.85
HZE-Fe,6-12h,root_lateral_root_cap,hormone_response_aba,0.1429731205621262,0.81
HZE-Fe,6-12h,root_lateral_root_cap,hormone_response_auxin,0.141055281013401,0.87
HZE-Fe,6-12h,root_lateral_root_cap,hormone_response_cytokinin,0.0618854154964955,0.92
HZE-Fe,6-12h,root_lateral_root_cap,hormone_response_ethylene,0.22072998737633237,0.75
HZE-Fe,6-12h,root_lateral_root_cap,hormone_response_ja,0.10010614007932647,0.895
HZE-Fe,6-12h,root_lateral_root_cap,hormone_response_sa,0.06399130258911981,0.905
HZE-Fe,6-12h,root_lateral_root_cap,hypocotyl,0.17602858259466045,0.8
HZE-Fe,6-12h,root_lateral_root_cap,leaf_epidermis,0.005750976929740564,1.0
HZE-Fe,6-12h,root_lateral_root_cap,leaf_mesophyll,0.15338386375219043,0.815
HZE-Fe,6-12h,root_lateral_root_cap,oxidative_stress,0.3461033097603694,0.725
HZE-Fe,6-12h,root_lateral_root_cap,root_columella,0.205776317759191,0.805
HZE-Fe,6-12h,root_lateral_root_cap,root_cortex,0.28090612090977307,0.745
HZE-Fe,6-12h,root_lateral_root_cap,root_endodermis,0.18638294934544192,0.765
HZE-Fe,6-12h,root_lateral_root_cap,root_epidermis,0.030266166561768625,0.975
HZE-Fe,6-12h,root_lateral_root_cap,root_meristem,0.12087527819953416,0.875
HZE-Fe,6-12h,root_lateral_root_cap,root_pericycle,0.34730526776885556,0.75
HZE-Fe,6-12h,root_lateral_root_cap,root_phloem,0.10965708068424276,0.87
HZE-Fe,6-12h,root_lateral_root_cap,root_stele,0.1286942638105761,0.86
HZE-Fe,6-12h,root_lateral_root_cap,root_xylem,0.14082504093799011,0.84
HZE-Fe,6-12h,root_lateral_root_cap,shoot_apical_meristem,0.14136403281852938,0.86
HZE-Fe,6-12h,root_meristem,cotyledon,0.8019746026074042,0.415
HZE-Fe,6-12h,root_meristem,dna_damage_response,0.8536822924116225,0.47
HZE-Fe,6-12h,root_meristem,hormone_response_aba,0.7376272448391008,0.465
HZE-Fe,6-12h,root_meristem,hormone_response_auxin,0.727736673249775,0.535
HZE-Fe,6-12h,root_meristem,hormone_response_cytokinin,0.31933131094437756,0.77
HZE-Fe,6-12h,root_meristem,hormone_response_ethylene,1.1386148435917518,0.26
HZE-Fe,6-12h,root_meristem,hormone_response_ja,0.5165089161150378,0.615
HZE-Fe,6-12h,root_meristem,hormone_response_sa,0.33019522863855466,0.765
HZE-Fe,6-12h,root_meristem,hypocotyl,0.9081071861639092,0.42
HZE-Fe,6-12h,root_meristem,leaf_epidermis,0.029678730915389792,0.985
HZE-Fe,6-12h,root_meristem,leaf_mesophyll,0.7913198227570433,0.495
HZE-Fe,6-12h,root_meristem,oxidative_stress,1.7848931048760972,0.09
HZE-Fe,6-12h,root_meristem,root_columella,1.0615097974844792,0.345
HZE-Fe,6-12h,root_meristem,root_cortex,1.4488511526742562,0.2
HZE-Fe,6-12h,root_meristem,root_endodermis,0.9615010050365033,0.4
HZE-Fe,6-12h,root_meristem,root_epidermis,0.15618487692104008,0.87
HZE-Fe,6-12h,root_meristem,root_lateral_root_cap,0.12075125318541265,0.88
HZE-Fe,6-12h,root_meristem,root_pericycle,1.7910906169914236,0.13
HZE-Fe,6-12h,root_meristem,root_phloem,0.5657829917008188,0.64
HZE-Fe,6-12h,root_meristem,root_stele,0.6639779115363528,0.57
HZE-Fe,6-12h,root_meristem,root_xylem,0.7265476740500241,0.49
HZE-Fe,6-12h,root_meristem,shoot_apical_meristem,0.729329463135561,0.535
HZE-Fe,6-12h,root_pericycle,cotyledon,2.2987182851229866,0.075
HZE-Fe,6-12h,root_pericycle,dna_damage_response,2.4468128462439296,0.065
HZE-Fe,6-12h,root_pericycle,hormone_response_aba,2.1143997246893087,0.115
HZE-Fe,6-12h,root_pericycle,hormone_response_auxin,2.0860685762165114,0.115
HZE-Fe,6-12h,root_pericycle,hormone_response_cytokinin,0.9157005597260427,0.475
HZE-Fe,6-12h,root_pericycle,hormone_response_ethylene,3.2626645066966184,0.0
HZE-Fe,6-12h,root_pericycle,hormone_response_ja,1.4808547789458153,0.2
HZE-Fe,6-12h,root_pericycle,hormone_response_sa,0.9468428896159923,0.44
HZE-Fe,6-12h,root_pericycle,hypocotyl,2.6026847765665426,0.075
HZE-Fe,6-12h,root_pericycle,leaf_epidermis,0.08512755758014996,0.88
HZE-Fe,6-12h,root_pericycle,leaf_mesophyll,2.268198159483762,0.05
HZE-Fe,6-12h,root_pericycle,oxidative_stress,5.111627108083321,0.0
HZE-Fe,6-12h,root_pericycle,root_columella,3.0419317531078325,0.025
HZE-Fe,6-12h,root_pericycle,root_cortex,4.150493526102554,0.02
HZE-Fe,6-12h,root_pericycle,root_endodermis,2.7555795710085786,0.065
HZE-Fe,6-12h,root_pericycle,root_epidermis,0.44793443643651765,0.72
HZE-Fe,6-12h,root_pericycle,root_lateral_root_cap,0.3463208393426363,0.75
HZE-Fe,6-12h,root_pericycle,root_meristem,1.787853616548405,0.13
HZE-Fe,6-12h,root_pericycle,root_phloem,1.6220613453109403,0.195
HZE-Fe,6-12h,root_pericycle,root_stele,1.9034088812704368,0.185
HZE-Fe,6-12h,root_pericycle,root_xylem,2.0826607437533777,0.075
HZE-Fe,6-12h,root_pericycle,shoot_apical_meristem,2.0906319797229758,0.095
HZE-Fe,6-12h,root_phloem,cotyledon,0.7274942428763598,0.565
HZE-Fe,6-12h,root_phloem,dna_damage_response,0.7743978329256386,0.59
HZE-Fe,6-12h,root_phloem,hormone_response_aba,0.6691220079996331,0.6
HZE-Fe,6-12h,root_phloem,hormone_response_auxin,0.6601512555064597,0.62
HZE-Fe,6-12h,root_phloem,hormone_response_cytokinin,0.2896694032714917,0.78
HZE-Fe,6-12h,root_phloem,hormone_response_ethylene,1.0328870971458062,0.355
HZE-Fe,6-12h,root_phloem,hormone_response_ja,0.46853189602676404,0.71
HZE-Fe,6-12h,root_phloem,hormone_response_sa,0.2995230222183485,0.75
HZE-Fe,6-12h,root_phloem,hypocotyl,0.8237751908017342,0.49
HZE-Fe,6-12h,root_phloem,leaf_epidermis,0.026921738395042492,0.985
HZE-Fe,6-12h,root_phloem,leaf_mesophyll,0.7178275393218658,0.575
HZE-Fe,6-12h,root_phloem,oxidative_stress,1.619195591199622,0.18
HZE-Fe,6-12h,root_phloem,root_columella,0.9629393643292424,0.445
HZE-Fe,6-12h,root_phloem,root_cortex,1.3143306507402905,0.29
HZE-Fe,6-12h,root_phloem,root_endodermis,0.8722091514836725,0.48
HZE-Fe,6-12h,root_phloem,root_epidermis,0.1416765565411791,0.86
HZE-Fe,6-12h,root_phloem,root_lateral_root_cap,0.10953270711373296,0.87
HZE-Fe,6-12h,root_phloem,root_meristem,0.5657221536431014,0.64
HZE-Fe,6-12h,root_phloem,root_pericycle,1.624821888352473,0.195
HZE-Fe,6-12h,root_phloem,root_stele,0.6023101006969215,0.645
HZE-Fe,6-12h,root_phloem,root_xylem,0.6590708962067776,0.58
HZE-Fe,6-12h,root_phloem,shoot_apical_meristem,0.661596378717403,0.615
HZE-Fe,6-12h,root_stele,cotyledon,0.8538011829610155,0.47
HZE-Fe,6-12h,root_stele,dna_damage_response,0.9088481419200235,0.48
HZE-Fe,6-12h,root_stele,hormone_response_aba,0.7852971900500141,0.515
HZE-Fe,6-12h,root_stele,hormone_response_auxin,0.7747680863121216,0.535
HZE-Fe,6-12h,root_stele,hormone_response_cytokinin,0.3399729648666572,0.78
HZE-Fe,6-12h,root_stele,hormone_response_ethylene,1.212184010695034,0.25
HZE-Fe,6-12h,root_stele,hormone_response_ja,0.5498919704186187,0.64
HZE-Fe,6-12h,root_stele,hormone_response_sa,0.3515386850304531,0.755
HZE-Fe,6-12h,root_stele,hypocotyl,0.9667895678398378,0.365
HZE-Fe,6-12h,root_stele,leaf_epidermis,0.031597486191889866,0.925
HZE-Fe,6-12h,root_stele,leaf_mesophyll,0.8424578358768311,0.48
HZE-Fe,6-12h,root_stele,oxidative_stress,1.9001816039338277,0.125
HZE-Fe,6-12h,root_stele,root_columella,1.1300999822368276,0.37
HZE-Fe,6-12h,root_stele,root_cortex,1.542450395195485,0.175
HZE-Fe,6-12h,root_stele,root_endodermis,1.023631192476354,0.385
HZE-Fe,6-12h,root_stele,root_epidermis,0.16628160572544437,0.85
HZE-Fe,6-12h,root_stele,root_lateral_root_cap,0.12855711297168204,0.865
HZE-Fe,6-12h,root_stele,root_meristem,0.6639518128370059,0.57
HZE-Fe,6-12h,root_stele,root_pericycle,1.9067799959326712,0.185
HZE-Fe,6-12h,root_stele,root_phloem,0.6023512380421904,0.645
HZE-Fe,6-12h,root_stele,root_xylem,0.7735018690281527,0.55
HZE-Fe,6-12h,root_stele,shoot_apical_meristem,0.7764638448455883,0.545
HZE-Fe,6-12h,root_xylem,cotyledon,0.9341191880386762,0.355
HZE-Fe,6-12h,root_xylem,dna_damage_response,0.9943413534425323,0.375
HZE-Fe,6-12h,root_xylem,hormone_response_aba,0.8591737970429779,0.42
HZE-Fe,6-12h,root_xylem,hormone_response_auxin,0.8476548090086885,0.495
HZE-Fe,6-12h,root_xylem,hormone_response_cytokinin,0.3719634319251427,0.695
HZE-Fe,6-12h,root_xylem,hormone_response_ethylene,1.3261942429054987,0.18
HZE-Fe,6-12h,root_xylem,hormone_response_ja,0.6016287783485635,0.58
HZE-Fe,6-12h,root_xylem,hormone_response_sa,0.38461703218922483,0.72
HZE-Fe,6-12h,root_xylem,hypocotyl,1.057731301725711,0.32
HZE-Fe,6-12h,root_xylem,leaf_epidermis,0.03457122269790786,0.93
HZE-Fe,6-12h,root_xylem,leaf_mesophyll,0.9217090421568045,0.37
HZE-Fe,6-12h,root_xylem,oxidative_stress,2.0788349349302373,0.11
HZE-Fe,6-12h,root_xylem,root_columella,1.2363946113590054,0.275
HZE-Fe,6-12h,root_xylem,root_cortex,1.6874974192030043,0.13
HZE-Fe,6-12h,root_xylem,root_endodermis,1.1199162990387126,0.345
HZE-Fe,6-12h,root_xylem,root_epidermis,0.18192972447045383,0.81
HZE-Fe,6-12h,root_xylem,root_lateral_root_cap,0.14065510487457017,0.84
HZE-Fe,6-12h,root_xylem,root_meristem,0.7264166952499311,0.495
HZE-Fe,6-12h,root_xylem,root_pericycle,2.08605361845894,0.085
HZE-Fe,6-12h,root_xylem,root_phloem,0.6590231781686384,0.59
HZE-Fe,6-12h,root_xylem,root_stele,0.773392789711073,0.55
HZE-Fe,6-12h,root_xylem,shoot_apical_meristem,0.8495100738393249,0.49
HZE-Fe,6-12h,shoot_apical_meristem,cotyledon,0.9376352058118487,0.405
HZE-Fe,6-12h,shoot_apical_meristem,dna_damage_response,0.9980822917485842,0.38
HZE-Fe,6-12h,shoot_apical_meristem,hormone_response_aba,0.8624083181309602,0.47
HZE-Fe,6-12h,shoot_apical_meristem,hormone_response_auxin,0.8508465990050063,0.465
HZE-Fe,6-12h,shoot_apical_meristem,hormone_response_cytokinin,0.3733642194666056,0.745
HZE-Fe,6-12h,shoot_apical_meristem,hormone_response_ethylene,1.3311860199354932,0.18
HZE-Fe,6-12h,shoot_apical_meristem,hormone_response_ja,0.6038925875289805,0.6
HZE-Fe,6-12h,shoot_apical_meristem,hormone_response_sa,0.386064902308352,0.695
HZE-Fe,6-12h,shoot_apical_meristem,hypocotyl,1.061712909403898,0.33
HZE-Fe,6-12h,shoot_apical_meristem,leaf_epidermis,0.03470149680427466,0.96
HZE-Fe,6-12h,shoot_apical_meristem,leaf_mesophyll,0.9251778926428772,0.44
HZE-Fe,6-12h,shoot_apical_meristem,oxidative_stress,2.086655169300035,0.095
HZE-Fe,6-12h,shoot_apical_meristem,root_columella,1.24104886246172,0.26
HZE-Fe,6-12h,shoot_apical_meristem,root_cortex,1.693846658894719,0.18
HZE-Fe,6-12h,shoot_apical_meristem,root_endodermis,1.1241303954743516,0.305
HZE-Fe,6-12h,shoot_apical_meristem,root_epidermis,0.1826150661573449,0.835
HZE-Fe,6-12h,shoot_apical_meristem,root_lateral_root_cap,0.14118428890951135,0.86
HZE-Fe,6-12h,shoot_apical_meristem,root_meristem,0.72915082781819,0.535
HZE-Fe,6-12h,shoot_apical_meristem,root_pericycle,2.09390257262097,0.1
HZE-Fe,6-12h,shoot_apical_meristem,root_phloem,0.6615055546223565,0.62
HZE-Fe,6-12h,shoot_apical_meristem,root_stele,0.7763041519369202,0.545
HZE-Fe,6-12h,shoot_apical_meristem,root_xylem,0.8494550467844632,0.49
HZE-Fe,12-30h,cotyledon,dna_damage_response,1.0174083527206967,0.34
HZE-Fe,12-30h,cotyledon,hormone_response_aba,0.932098580104281,0.35
HZE-Fe,12-30h,cotyledon,hormone_response_auxin,0.9064446217805522,0.365
HZE-Fe,12-30h,cotyledon,hormone_response_cytokinin,0.417692468957127,0.675
HZE-Fe,12-30h,cotyledon,hormone_response_ethylene,1.6540138893381506,0.145
HZE-Fe,12-30h,cotyledon,hormone_response_ja,0.5866552713228284,0.555
HZE-Fe,12-30h,cotyledon,hormone_response_sa,0.43538762634136463,0.65
HZE-Fe,12-30h,cotyledon,hypocotyl,1.196496018095005,0.285
HZE-Fe,12-30h,cotyledon,leaf_epidermis,0.03979141825207427,0.91
HZE-Fe,12-30h,cotyledon,leaf_mesophyll,1.0135514953935727,0.305
HZE-Fe,12-30h,cotyledon,oxidative_stress,2.175476231033094,0.055
HZE-Fe,12-30h,cotyledon,root_columella,1.466074002165669,0.23
HZE-Fe,12-30h,cotyledon,root_cortex,1.9496973725747677,0.105
HZE-Fe,12-30h,cotyledon,root_endodermis,1.258165594921719,0.25
HZE-Fe,12-30h,cotyledon,root_epidermis,0.22768289717333698,0.775
HZE-Fe,12-30h,cotyledon,root_lateral_root_cap,0.1315304056727789,0.84
HZE-Fe,12-30h,cotyledon,root_meristem,0.8378035791603798,0.41
HZE-Fe,12-30h,cotyledon,root_pericycle,2.337958872407366,0.065
HZE-Fe,12-30h,cotyledon,root_phloem,0.7842770762979779,0.53
HZE-Fe,12-30h,cotyledon,root_stele,0.8531433726312497,0.455
HZE-Fe,12-30h,cotyledon,root_xylem,1.02904841497283,0.3
HZE-Fe,12-30h,cotyledon,shoot_apical_meristem,0.9309699709310726,0.4
HZE-Fe,12-30h,dna_damage_response,cotyledon,1.0179986181171587,0.34
HZE-Fe,12-30h,dna_damage_response,hormone_response_aba,0.8961536340256826,0.43
HZE-Fe,12-30h,dna_damage_response,hormone_response_auxin,0.871487421386453,0.525
HZE-Fe,12-30h,dna_damage_response,hormone_response_cytokinin,0.4015805613237497,0.735
HZE-Fe,12-30h,dna_damage_response,hormone_response_ethylene,1.5902506383413144,0.16
HZE-Fe,12-30h,dna_damage_response,hormone_response_ja,0.5640306078147732,0.63
HZE-Fe,12-30h,dna_damage_response,hormone_response_sa,0.4185944009977597,0.72
HZE-Fe,12-30h,dna_damage_response,hypocotyl,1.15036082312944,0.35
HZE-Fe,12-30h,dna_damage_response,leaf_epidermis,0.03825612541536198,0.925
HZE-Fe,12-30h,dna_damage_response,leaf_mesophyll,0.9744688672914603,0.395
HZE-Fe,12-30h,dna_damage_response,oxidative_stress,2.0916346943643904,0.1
HZE-Fe,12-30h,dna_damage_response,root_columella,1.4095504479794394,0.225
HZE-Fe,12-30h,dna_damage_response,root_cortex,1.8745491264204746,0.145
HZE-Fe,12-30h,dna_damage_response,root_endodermis,1.209656874899043,0.305
HZE-Fe,12-30h,dna_damage_response,root_epidermis,0.21889919807872635,0.79
HZE-Fe,12-30h,dna_damage_response,root_lateral_root_cap,0.126457047393171,0.865
HZE-Fe,12-30h,dna_damage_response,root_meristem,0.8054948946863623,0.505
HZE-Fe,12-30h,dna_damage_response,root_pericycle,2.2478590929203923,0.085
HZE-Fe,12-30h,dna_damage_response,root_phloem,0.7540281256838907,0.59
HZE-Fe,12-30h,dna_damage_response,root_stele,0.8202426468253828,0.505
HZE-Fe,12-30h,dna_damage_response,root_xylem,0.9893668175661485,0.37
HZE-Fe,12-30h,dna_damage_response,shoot_apical_meristem,0.8950671581544445,0.455
HZE-Fe,12-30h,hormone_response_aba,cotyledon,0.9319635695760701,0.355
HZE-Fe,12-30h,hormone_response_aba,dna_damage_response,0.8955040164857883,0.43
HZE-Fe,12-30h,hormone_response_aba,hormone_response_auxin,0.7978325479549853,0.525
HZE-Fe,12-30h,hormone_response_aba,hormone_response_cytokinin,0.36763332202044646,0.72
HZE-Fe,12-30h,hormone_response_aba,hormone_response_ethylene,1.4558883028149514,0.175
HZE-Fe,12-30h,hormone_response_aba,hormone_response_ja,0.5163503833507458,0.655
HZE-Fe,12-30h,hormone_response_aba,hormone_response_sa,0.3832077633627791,0.71
HZE-Fe,12-30h,hormone_response_aba,hypocotyl,1.0531462740071371,0.33
HZE-Fe,12-30h,hormone_response_aba,leaf_epidermis,0.0350218310753027,0.935
HZE-Fe,12-30h,hormone_response_aba,leaf_mesophyll,0.8921099369337392,0.425
HZE-Fe,12-30h,hormone_response_aba,oxidative_stress,1.9149428034846723,0.115
HZE-Fe,12-30h,hormone_response_aba,root_columella,1.2904469627819382,0.25
HZE-Fe,12-30h,hormone_response_aba,root_cortex,1.7161808170096873,0.15
HZE-Fe,12-30h,hormone_response_aba,root_endodermis,1.107430175410062,0.325
HZE-Fe,12-30h,hormone_response_aba,root_epidermis,0.20039378071122504,0.78
HZE-Fe,12-30h,hormone_response_aba,root_lateral_root_cap,0.11576465242149664,0.84
HZE-Fe,12-30h,hormone_response_aba,root_meristem,0.7374124055104446,0.48
HZE-Fe,12-30h,hormone_response_aba,root_pericycle,2.0579867146544544,0.145
HZE-Fe,12-30h,hormone_response_aba,root_phloem,0.690299053199892,0.6
HZE-Fe,12-30h,hormone_response_aba,root_stele,0.7509150221595013,0.535
HZE-Fe,12-30h,hormone_response_aba,root_xylem,0.9057515130288408,0.385
HZE-Fe,12-30h,hormone_response_aba,shoot_apical_meristem,0.8194204449619906,0.505
HZE-Fe,12-30h,hormone_response_auxin,cotyledon,0.9064539665310676,0.365
HZE-Fe,12-30h,hormone_response_auxin,dna_damage_response,0.87099082957659,0.525
HZE-Fe,12-30h,hormone_response_auxin,hormone_response_aba,0.7979563386013414,0.525
HZE-Fe,12-30h,hormone_response_auxin,hormone_response_cytokinin,0.35756825302749773,0.735
HZE-Fe,12-30h,hormone_response_auxin,hormone_response_ethylene,1.4160478640793652,0.21
HZE-Fe,12-30h,hormone_response_auxin,hormone_response_ja,0.5022135394781801,0.66
HZE-Fe,12-30h,hormone_response_auxin,hormone_response_sa,0.37271588971318986,0.7
HZE-Fe,12-30h,hormone_response_auxin,hypocotyl,1.02432167420142,0.35
HZE-Fe,12-30h,hormone_response_auxin,leaf_epidermis,0.034062900547097374,0.965
HZE-Fe,12-30h,hormone_response_auxin,leaf_mesophyll,0.8676904093635579,0.425
HZE-Fe,12-30h,hormone_response_auxin,oxidative_stress,1.862549805997169,0.11
HZE-Fe,12-30h,hormone_response_auxin,root_columella,1.2551315858000534,0.255
HZE-Fe,12-30h,hormone_response_auxin,root_cortex,1.6692221339340825,0.17
HZE-Fe,12-30h,hormone_response_auxin,root_endodermis,1.077119375848758,0.31
HZE-Fe,12-30h,hormone_response_auxin,root_epidermis,0.19490708248404415,0.8
HZE-Fe,12-30h,hormone_response_auxin,root_lateral_root_cap,0.11259450971193044,0.86
HZE-Fe,12-30h,hormone_response_auxin,root_meristem,0.7172259862193501,0.555
HZE-Fe,12-30h,hormone_response_auxin,root_pericycle,2.0016851508145446,0.115
HZE-Fe,12-30h,hormone_response_auxin,root_phloem,0.6714035055219616,0.615
HZE-Fe,12-30h,hormone_response_auxin,root_stele,0.7303594605007029,0.57
HZE-Fe,12-30h,hormone_response_auxin,root_xylem,0.8809593546772082,0.48
HZE-Fe,12-30h,hormone_response_auxin,shoot_apical_meristem,0.7969911399236711,0.5
HZE-Fe,12-30h,hormone_response_cytokinin,cotyledon,0.4179326768615648,0.665
HZE-Fe,12-30h,hormone_response_cytokinin,dna_damage_response,0.40157852243062186,0.735
HZE-Fe,12-30h,hormone_response_cytokinin,hormone_response_aba,0.3678980438702138,0.72
HZE-Fe,12-30h,hormone_response_cytokinin,hormone_response_auxin,0.35777014501096405,0.73
HZE-Fe,12-30h,hormone_response_cytokinin,hormone_response_ethylene,0.652973140243336,0.57
HZE-Fe,12-30h,hormone_response_cytokinin,hormone_response_ja,0.2315282800815486,0.81
HZE-Fe,12-30h,hormone_response_cytokinin,hormone_response_sa,0.1718220222405223,0.835
HZE-Fe,12-30h,hormone_response_cytokinin,hypocotyl,0.4722913793350774,0.63
HZE-Fe,12-30h,hormone_response_cytokinin,leaf_epidermis,0.015701606342455852,0.995
HZE-Fe,12-30h,hormone_response_cytokinin,leaf_mesophyll,0.4000563225929584,0.705
HZE-Fe,12-30h,hormone_response_cytokinin,oxidative_stress,0.8589644958680702,0.445
HZE-Fe,12-30h,hormone_response_cytokinin,root_columella,0.5787468547427159,0.665
HZE-Fe,12-30h,hormone_response_cytokinin,root_cortex,0.769768123876362,0.535
HZE-Fe,12-30h,hormone_response_cytokinin,root_endodermis,0.49664221442441403,0.635
HZE-Fe,12-30h,hormone_response_cytokinin,root_epidermis,0.08984796089557556,0.92
HZE-Fe,12-30h,hormone_response_cytokinin,root_lateral_root_cap,0.051902633850959515,0.925
HZE-Fe,12-30h,hormone_response_cytokinin,root_meristem,0.33067052057302004,0.765
HZE-Fe,12-30h,hormone_response_cytokinin,root_pericycle,0.9231631441144046,0.44
HZE-Fe,12-30h,hormone_response_cytokinin,root_phloem,0.30954051382736303,0.785
HZE-Fe,12-30h,hormone_response_cytokinin,root_stele,0.3367266757010654,0.77
HZE-Fe,12-30h,hormone_response_cytokinin,root_xylem,0.40617531874668344,0.685
HZE-Fe,12-30h,hormone_response_cytokinin,shoot_apical_meristem,0.3674528212852413,0.76
HZE-Fe,12-30h,hormone_response_ethylene,cotyledon,1.651884275527407,0.145
HZE-Fe,12-30h,hormone_response_ethylene,dna_damage_response,1.5872818209467239,0.165
HZE-Fe,12-30h,hormone_response_ethylene,hormone_response_aba,1.4542239840624194,0.18
HZE-Fe,12-30h,hormone_response_ethylene,hormone_response_auxin,1.4142098279834205,0.21
HZE-Fe,12-30h,hormone_response_ethylene,hormone_response_cytokinin,0.6517572000544829,0.57
HZE-Fe,12-30h,hormone_response_ethylene,hormone_response_ja,0.9153593892187631,0.365
HZE-Fe,12-30h,hormone_response_ethylene,hormone_response_sa,0.679364450040417,0.55
HZE-Fe,12-30h,hormone_response_ethylene,hypocotyl,1.8665946696089877,0.12
HZE-Fe,12-30h,hormone_response_ethylene,leaf_epidermis,0.06209593274121191,0.875
HZE-Fe,12-30h,hormone_response_ethylene,leaf_mesophyll,1.581267769309104,0.135
HZE-Fe,12-30h,hormone_response_ethylene,oxidative_stress,3.392967698280632,0.02
HZE-Fe,12-30h,hormone_response_ethylene,root_columella,2.2869864578891943,0.045
HZE-Fe,12-30h,hormone_response_ethylene,root_cortex,3.041015055050561,0.01
HZE-Fe,12-30h,hormone_response_ethylene,root_endodermis,1.9627680958717986,0.105
HZE-Fe,12-30h,hormone_response_ethylene,root_epidermis,0.3552892607070995,0.685
HZE-Fe,12-30h,hormone_response_ethylene,root_lateral_root_cap,0.20525198183129145,0.775
HZE-Fe,12-30h,hormone_response_ethylene,root_meristem,1.307140544569614,0.22
HZE-Fe,12-30h,hormone_response_ethylene,root_pericycle,3.6462271464424574,0.0
HZE-Fe,12-30h,hormone_response_ethylene,root_phloem,1.2236482896567014,0.295
HZE-Fe,12-30h,hormone_response_ethylene,root_stele,1.3310685484628442,0.215
HZE-Fe,12-30h,hormone_response_ethylene,root_xylem,1.6054394570151809,0.14
HZE-Fe,12-30h,hormone_response_ethylene,shoot_apical_meristem,1.4524643387812752,0.175
HZE-Fe,12-30h,hormone_response_ja,cotyledon,0.5873435640993557,0.555
HZE-Fe,12-30h,hormone_response_ja,dna_damage_response,0.5643645992413492,0.625
HZE-Fe,12-30h,hormone_response_ja,hormone_response_aba,0.51703129417233,0.64
HZE-Fe,12-30h,hormone_response_ja,hormone_response_auxin,0.5027979606408176,0.655
HZE-Fe,12-30h,hormone_response_ja,hormone_response_cytokinin,0.23166676578878787,0.805
HZE-Fe,12-30h,hormone_response_ja,hormone_response_ethylene,0.9176154976893782,0.365
HZE-Fe,12-30h,hormone_response_ja,hormone_response_sa,0.2414825229633347,0.81
HZE-Fe,12-30h,hormone_response_ja,hypocotyl,0.663729007742634,0.56
HZE-Fe,12-30h,hormone_response_ja,leaf_epidermis,0.022067860416158297,0.98
HZE-Fe,12-30h,hormone_response_ja,leaf_mesophyll,0.5622236430851841,0.59
HZE-Fe,12-30h,hormone_response_ja,oxidative_stress,1.2070488443349532,0.235
HZE-Fe,12-30h,hormone_response_ja,root_columella,0.8133174341380288,0.555
HZE-Fe,12-30h,hormone_response_ja,root_cortex,1.081725147608684,0.325
HZE-Fe,12-30h,hormone_response_ja,root_endodermis,0.6979493798051037,0.55
HZE-Fe,12-30h,hormone_response_ja,root_epidermis,0.12627551249099,0.885
HZE-Fe,12-30h,hormone_response_ja,root_lateral_root_cap,0.07294731266788786,0.92
HZE-Fe,12-30h,hormone_response_ja,root_meristem,0.46471754739308435,0.645
HZE-Fe,12-30h,hormone_response_ja,root_pericycle,1.297244625667746,0.25
HZE-Fe,12-30h,hormone_response_ja,root_phloem,0.43502051086465526,0.715
HZE-Fe,12-30h,hormone_response_ja,root_stele,0.47322757328139775,0.655
HZE-Fe,12-30h,hormone_response_ja,root_xylem,0.5708209804419897,0.585
HZE-Fe,12-30h,hormone_response_ja,shoot_apical_meristem,0.5164045372476879,0.64
HZE-Fe,12-30h,hormone_response_sa,cotyledon,0.4356789222225706,0.645
HZE-Fe,12-30h,hormone_response_sa,dna_damage_response,0.4186315988152171,0.72
HZE-Fe,12-30h,hormone_response_sa,hormone_response_aba,0.3835197850564569,0.71
HZE-Fe,12-30h,hormone_response_sa,hormone_response_auxin,0.37296142756765466,0.7
HZE-Fe,12-30h,hormone_response_sa,hormone_response_cytokinin,0.17183816149801065,0.835
HZE-Fe,12-30h,hormone_response_sa,hormone_response_ethylene,0.6806958478032965,0.55
HZE-Fe,12-30h,hormone_response_sa,hormone_response_ja,0.24136098691191296,0.815
HZE-Fe,12-30h,hormone_response_sa,hypocotyl,0.49234486781457615,0.65
HZE-Fe,12-30h,hormone_response_sa,leaf_epidermis,0.016368385899193174,0.985
HZE-Fe,12-30h,hormone_response_sa,leaf_mesophyll,0.4170440039439103,0.68
HZE-Fe,12-30h,hormone_response_sa,oxidative_stress,0.895430523346026,0.43
HZE-Fe,12-30h,hormone_response_sa,root_columella,0.6033188161380292,0.645
HZE-Fe,12-30h,hormone_response_sa,root_cortex,0.8024486933430288,0.5
HZE-Fe,12-30h,hormone_response_sa,root_endodermis,0.5177305108538848,0.59
HZE-Fe,12-30h,hormone_response_sa,root_epidermis,0.09366341727474217,0.875
HZE-Fe,12-30h,hormone_response_sa,root_lateral_root_cap,0.05410718028865186,0.915
HZE-Fe,12-30h,hormone_response_sa,root_meristem,0.3447122845698581,0.755
HZE-Fe,12-30h,hormone_response_sa,root_pericycle,0.9623521332639018,0.415
HZE-Fe,12-30h,hormone_response_sa,root_phloem,0.3226836894576163,0.755
HZE-Fe,12-30h,hormone_response_sa,root_stele,0.3510252416224706,0.755
HZE-Fe,12-30h,hormone_response_sa,root_xylem,0.42342214018195257,0.675
HZE-Fe,12-30h,hormone_response_sa,shoot_apical_meristem,0.3830551066544746,0.71
HZE-Fe,12-30h,hypocotyl,cotyledon,1.1962504279753405,0.285
HZE-Fe,12-30h,hypocotyl,dna_damage_response,1.1494576912512995,0.35
HZE-Fe,12-30h,hypocotyl,hormone_response_aba,1.053082566065547,0.33
HZE-Fe,12-30h,hypocotyl,hormone_response_auxin,1.024100870580322,0.36
HZE-Fe,12-30h,hypocotyl,hormone_response_cytokinin,0.47192306379227744,0.635
HZE-Fe,12-30h,hypocotyl,hormone_response_ethylene,1.8686172169123478,0.115
HZE-Fe,12-30h,hypocotyl,hormone_response_ja,0.662814905641765,0.56
HZE-Fe,12-30h,hypocotyl,hormone_response_sa,0.49191467549408363,0.65
HZE-Fe,12-30h,hypocotyl,leaf_epidermis,0.04495879032400449,0.93
HZE-Fe,12-30h,hypocotyl,leaf_mesophyll,1.1451013233193559,0.29
HZE-Fe,12-30h,hypocotyl,oxidative_stress,2.4576571555429805,0.025
HZE-Fe,12-30h,hypocotyl,root_columella,1.6563121787891826,0.2
HZE-Fe,12-30h,hypocotyl,root_cortex,2.2026232829257792,0.055
HZE-Fe,12-30h,hypocotyl,root_endodermis,1.421442341180884,0.235
HZE-Fe,12-30h,hypocotyl,root_epidermis,0.25724699832848547,0.76
HZE-Fe,12-30h,hypocotyl,root_lateral_root_cap,0.1486097784114635,0.825
HZE-Fe,12-30h,hypocotyl,root_meristem,0.9465533107433923,0.37
HZE-Fe,12-30h,hypocotyl,root_pericycle,2.6411901743481163,0.065
HZE-Fe,12-30h,hypocotyl,root_phloem,0.8860832793340727,0.455
HZE-Fe,12-30h,hypocotyl,root_stele,0.963883642942679,0.375
HZE-Fe,12-30h,hypocotyl,root_xylem,1.1626091557588563,0.245
HZE-Fe,12-30h,hypocotyl,shoot_apical_meristem,1.0518080814493753,0.345
HZE-Fe,12-30h,leaf_epidermis,cotyledon,0.03981286209205372,0.91
HZE-Fe,12-30h,leaf_epidermis,dna_damage_response,0.03825456374084412,0.925
HZE-Fe,12-30h,leaf_epidermis,hormone_response_aba,0.035045767674104764,0.93
HZE-Fe,12-30h,leaf_epidermis,hormone_response_auxin,0.03408088185097041,0.96
HZE-Fe,12-30h,leaf_epidermis,hormone_response_cytokinin,0.015701038357846253,0.995
HZE-Fe,12-30h,leaf_epidermis,hormone_response_ethylene,0.06220951722784462,0.875
HZE-Fe,12-30h,leaf_epidermis,hormone_response_ja,0.022053868741081326,0.98
HZE-Fe,12-30h,leaf_epidermis,hormone_response_sa,0.016366261064235516,0.99
HZE-Fe,12-30h,leaf_epidermis,hypocotyl,0.04499224073898512,0.925
HZE-Fe,12-30h,leaf_epidermis,leaf_mesophyll,0.03810960683433828,0.93
HZE-Fe,12-30h,leaf_epidermis,oxidative_stress,0.08184165764677222,0.885
HZE-Fe,12-30h,leaf_epidermis,root_columella,0.05513614899536133,0.895
HZE-Fe,12-30h,leaf_epidermis,root_cortex,0.07334027251478226,0.89
HZE-Fe,12-30h,leaf_epidermis,root_endodermis,0.04731238161310002,0.92
HZE-Fe,12-30h,leaf_epidermis,root_epidermis,0.0085578610270356,0.99
HZE-Fe,12-30h,leaf_epidermis,root_lateral_root_cap,0.004943512771529044,1.0
HZE-Fe,12-30h,leaf_epidermis,root_meristem,0.03149894036721386,0.985
HZE-Fe,12-30h,leaf_epidermis,root_pericycle,0.08796100393048809,0.9
HZE-Fe,12-30h,leaf_epidermis,root_phloem,0.029486006790513854,0.98
HZE-Fe,12-30h,leaf_epidermis,root_stele,0.03207594670874921,0.915
HZE-Fe,12-30h,leaf_epidermis,root_xylem,0.03869266998104013,0.91
HZE-Fe,12-30h,leaf_epidermis,shoot_apical_meristem,0.035003399389887994,0.97
HZE-Fe,12-30h,leaf_mesophyll,cotyledon,1.0135981211939764,0.3
HZE-Fe,12-30h,leaf_mesophyll,dna_damage_response,0.973948464430834,0.395
HZE-Fe,12-30h,leaf_mesophyll,hormone_response_aba,0.8922803709218253,0.415
HZE-Fe,12-30h,leaf_mesophyll,hormone_response_auxin,0.8677215417532771,0.425
HZE-Fe,12-30h,leaf_mesophyll,hormone_response_cytokinin,0.39984478961141956,0.705
HZE-Fe,12-30h,leaf_mesophyll,hormone_response_ethylene,1.5833795537714985,0.135
HZE-Fe,12-30h,leaf_mesophyll,hormone_response_ja,0.5615906372121328,0.59
HZE-Fe,12-30h,leaf_mesophyll,hormone_response_sa,0.4167843012216577,0.68
HZE-Fe,12-30h,leaf_mesophyll,hypocotyl,1.1453892097502165,0.295
HZE-Fe,12-30h,leaf_mesophyll,leaf_epidermis,0.038090835606401925,0.93
HZE-Fe,12-30h,leaf_mesophyll,oxidative_stress,2.082595989242192,0.07
HZE-Fe,12-30h,leaf_mesophyll,root_columella,1.403460021984423,0.24
HZE-Fe,12-30h,leaf_mesophyll,root_cortex,1.8664478838477492,0.105
HZE-Fe,12-30h,leaf_mesophyll,root_endodermis,1.2044269497017057,0.25
HZE-Fe,12-30h,leaf_mesophyll,root_epidermis,0.21795325392235562,0.79
HZE-Fe,12-30h,leaf_mesophyll,root_lateral_root_cap,0.12590972359814503,0.845
HZE-Fe,12-30h,leaf_mesophyll,root_meristem,0.8020123202854905,0.485
HZE-Fe,12-30h,leaf_mesophyll,root_pericycle,2.2381481184136502,0.075
HZE-Fe,12-30h,leaf_mesophyll,root_phloem,0.7507706857552577,0.56
HZE-Fe,12-30h,leaf_mesophyll,root_stele,0.8166968364768287,0.5
HZE-Fe,12-30h,leaf_mesophyll,root_xylem,0.9850905904362909,0.33
HZE-Fe,12-30h,leaf_mesophyll,shoot_apical_meristem,0.8911995487359924,0.445
HZE-Fe,12-30h,oxidative_stress,cotyledon,2.1727302791759113,0.055
HZE-Fe,12-30h,oxidative_stress,dna_damage_response,2.0877822343805184,0.105
HZE-Fe,12-30h,oxidative_stress,hormone_response_aba,1.9128022794282056,0.115
HZE-Fe,12-30h,oxidative_stress,hormone_response_auxin,1.8601799321525938,0.115
HZE-Fe,12-30h,oxidative_stress,hormone_response_cytokinin,0.857386678708922,0.45
HZE-Fe,12-30h,oxidative_stress,hormone_response_ethylene,3.3930530126253324,0.015
HZE-Fe,12-30h,oxidative_stress,hormone_response_ja,1.2041114108453546,0.245
HZE-Fe,12-30h,oxidative_stress,hormone_response_sa,0.8937015472075514,0.44
HZE-Fe,12-30h,oxidative_stress,hypocotyl,2.4550596416285373,0.03
HZE-Fe,12-30h,oxidative_stress,leaf_epidermis,0.08169429998187719,0.885
HZE-Fe,12-30h,oxidative_stress,leaf_mesophyll,2.0798710132232436,0.07
HZE-Fe,12-30h,oxidative_stress,root_columella,3.007794151179108,0.02
HZE-Fe,12-30h,oxidative_stress,root_cortex,3.9990305249811113,0.005
HZE-Fe,12-30h,oxidative_stress,root_endodermis,2.5815189058781454,0.045
HZE-Fe,12-30h,oxidative_stress,root_epidermis,0.4674034087342062,0.64
HZE-Fe,12-30h,oxidative_stress,root_lateral_root_cap,0.27002816966023235,0.765
HZE-Fe,12-30h,oxidative_stress,root_meristem,1.7193768056777121,0.12
HZE-Fe,12-30h,oxidative_stress,root_pericycle,4.794467426587175,0.0
HZE-Fe,12-30h,oxidative_stress,root_phloem,1.6095694366986337,0.19
HZE-Fe,12-30h,oxidative_stress,root_stele,1.750844017194626,0.145
HZE-Fe,12-30h,oxidative_stress,root_xylem,2.111655064973964,0.07
HZE-Fe,12-30h,oxidative_stress,shoot_apical_meristem,1.9104869238755433,0.13
HZE-Fe,12-30h,root_columella,cotyledon,1.4649923394343998,0.235
HZE-Fe,12-30h,root_columella,dna_damage_response,1.4076934766415072,0.235
HZE-Fe,12-30h,root_columella,hormone_response_aba,1.289681422412023,0.26
HZE-Fe,12-30h,root_columella,hormone_response_auxin,1.2541925217664756,0.265
HZE-Fe,12-30h,root_columella,hormone_response_cytokinin,0.577987359903749,0.665
HZE-Fe,12-30h,root_columella,hormone_response_ethylene,2.2882449290480733,0.04
HZE-Fe,12-30h,root_columella,hormone_response_ja,0.8117644007692624,0.555
HZE-Fe,12-30h,root_columella,hormone_response_sa,0.602470449376903,0.645
HZE-Fe,12-30h,root_columella,hypocotyl,1.6554300073918684,0.21
HZE-Fe,12-30h,root_columella,leaf_epidermis,0.05506580604902493,0.895
HZE-Fe,12-30h,root_columella,leaf_mesophyll,1.4023597702924162,0.24
HZE-Fe,12-30h,root_columella,oxidative_stress,3.009372598889607,0.02
HZE-Fe,12-30h,root_columella,root_cortex,2.697159850581321,0.04
HZE-Fe,12-30h,root_columella,root_endodermis,1.7407318591219363,0.18
HZE-Fe,12-30h,root_columella,root_epidermis,0.31507044364311726,0.795
HZE-Fe,12-30h,root_columella,root_lateral_root_cap,0.1820157220645572,0.835
HZE-Fe,12-30h,root_columella,root_meristem,1.1592307392412455,0.305
HZE-Fe,12-30h,root_columella,root_pericycle,3.2340443148126177,0.02
HZE-Fe,12-30h,root_columella,root_phloem,1.085182123483142,0.375
HZE-Fe,12-30h,root_columella,root_stele,1.1804529626532645,0.36
HZE-Fe,12-30h,root_columella,root_xylem,1.423798809624647,0.21
HZE-Fe,12-30h,root_columella,shoot_apical_meristem,1.2881211852945245,0.275
HZE-Fe,12-30h,root_cortex,cotyledon,1.9479807106426161,0.11
HZE-Fe,12-30h,root_cortex,dna_damage_response,1.8718119596297202,0.145
HZE-Fe,12-30h,root_cortex,hormone_response_aba,1.7149178975527957,0.145
HZE-Fe,12-30h,root_cortex,hormone_response_auxin,1.667735430929177,0.17
HZE-Fe,12-30h,root_cortex,hormone_response_cytokinin,0.7686479703617021,0.545
HZE-Fe,12-30h,root_cortex,hormone_response_ethylene,3.042253946153459,0.01
HZE-Fe,12-30h,root_cortex,hormone_response_ja,1.0795053191586856,0.325
HZE-Fe,12-30h,root_cortex,hormone_response_sa,0.8012056342781024,0.51
HZE-Fe,12-30h,root_cortex,hypocotyl,2.2011361509449916,0.055
HZE-Fe,12-30h,root_cortex,leaf_epidermis,0.07323621401257784,0.895
HZE-Fe,12-30h,root_cortex,leaf_mesophyll,1.864718422510334,0.11
HZE-Fe,12-30h,root_cortex,oxidative_stress,4.00055858135976,0.0
HZE-Fe,12-30h,root_cortex,root_columella,2.696775304877883,0.04
HZE-Fe,12-30h,root_cortex,root_endodermis,2.3145302082824406,0.065
HZE-Fe,12-30h,root_cortex,root_epidermis,0.4190195040258184,0.705
HZE-Fe,12-30h,root_cortex,root_lateral_root_cap,0.24207345660037538,0.775
HZE-Fe,12-30h,root_cortex,root_meristem,1.5414881335960884,0.2
HZE-Fe,12-30h,root_cortex,root_pericycle,4.2990752586647325,0.02
HZE-Fe,12-30h,root_cortex,root_phloem,1.4430340204644554,0.25
HZE-Fe,12-30h,root_cortex,root_stele,1.5697022839289314,0.195
HZE-Fe,12-30h,root_cortex,root_xylem,1.893217476187396,0.12
HZE-Fe,12-30h,root_cortex,shoot_apical_meristem,1.712842079090099,0.195
HZE-Fe,12-30h,root_endodermis,cotyledon,1.2578583894620736,0.25
HZE-Fe,12-30h,root_endodermis,dna_damage_response,1.2086599643880347,0.305
HZE-Fe,12-30h,root_endodermis,hormone_response_aba,1.107320288588688,0.325
HZE-Fe,12-30h,root_endodermis,hormone_response_auxin,1.0768455696919328,0.315
HZE-Fe,12-30h,root_endodermis,hormone_response_cytokinin,0.4962355379796459,0.645
HZE-Fe,12-30h,root_endodermis,hormone_response_ethylene,1.9648188880508237,0.105
HZE-Fe,12-30h,root_endodermis,hormone_response_ja,0.6969612346021726,0.55
HZE-Fe,12-30h,root_endodermis,hormone_response_sa,0.5172578904950564,0.59
HZE-Fe,12-30h,root_endodermis,hypocotyl,1.4213872542837993,0.235
HZE-Fe,12-30h,root_endodermis,leaf_epidermis,0.04727535210021152,0.92
HZE-Fe,12-30h,root_endodermis,leaf_mesophyll,1.204077434017745,0.26
HZE-Fe,12-30h,root_endodermis,oxidative_stress,2.5841509849654454,0.045
HZE-Fe,12-30h,root_endodermis,root_columella,1.7415922006034967,0.17
HZE-Fe,12-30h,root_endodermis,root_cortex,2.3160047277411726,0.065
HZE-Fe,12-30h,root_endodermis,root_epidermis,0.2705009203811042,0.785
HZE-Fe,12-30h,root_endodermis,root_lateral_root_cap,0.15626794282664183,0.82
HZE-Fe,12-30h,root_endodermis,root_meristem,0.9953082365901703,0.375
HZE-Fe,12-30h,root_endodermis,root_pericycle,2.777115002419378,0.06
HZE-Fe,12-30h,root_endodermis,root_phloem,0.9317213905804116,0.425
HZE-Fe,12-30h,root_endodermis,root_stele,1.013530046492111,0.39
HZE-Fe,12-30h,root_endodermis,root_xylem,1.2224848803389574,0.29
HZE-Fe,12-30h,root_endodermis,shoot_apical_meristem,1.1059788788571996,0.31
HZE-Fe,12-30h,root_epidermis,cotyledon,0.2277853374357796,0.775
HZE-Fe,12-30h,root_epidermis,dna_damage_response,0.21887078807078048,0.79
HZE-Fe,12-30h,root_epidermis,hormone_response_aba,0.2005129587228179,0.78
HZE-Fe,12-30h,root_epidermis,hormone_response_auxin,0.19499265898046586,0.795
HZE-Fe,12-30h,root_epidermis,hormone_response_cytokinin,0.08983672529711077,0.92
HZE-Fe,12-30h,root_epidermis,hormone_response_ethylene,0.3559074882930943,0.685
HZE-Fe,12-30h,root_epidermis,hormone_response_ja,0.12618428069309684,0.89
HZE-Fe,12-30h,root_epidermis,hormone_response_sa,0.09364293495464424,0.875
HZE-Fe,12-30h,root_epidermis,hypocotyl,0.25741551273216223,0.76
HZE-Fe,12-30h,root_epidermis,leaf_epidermis,0.00855709977262483,0.99
HZE-Fe,12-30h,root_epidermis,leaf_mesophyll,0.2180412858043473,0.79
HZE-Fe,12-30h,root_epidermis,oxidative_stress,0.46820484785968147,0.64
HZE-Fe,12-30h,root_epidermis,root_columella,0.3154448725014564,0.795
HZE-Fe,12-30h,root_epidermis,root_cortex,0.41957751150760153,0.705
HZE-Fe,12-30h,root_epidermis,root_endodermis,0.27068874956101163,0.795
HZE-Fe,12-30h,root_epidermis,root_lateral_root_cap,0.0282861273970644,0.98
HZE-Fe,12-30h,root_epidermis,root_meristem,0.18022151894115485,0.85
HZE-Fe,12-30h,root_epidermis,root_pericycle,0.5032054645451712,0.67
HZE-Fe,12-30h,root_epidermis,root_phloem,0.16870480527785758,0.825
HZE-Fe,12-30h,root_epidermis,root_stele,0.18352251594590802,0.825
HZE-Fe,12-30h,root_epidermis,root_xylem,0.2213767401072596,0.78
HZE-Fe,12-30h,root_epidermis,shoot_apical_meristem,0.20027037510750265,0.835
HZE-Fe,12-30h,root_lateral_root_cap,cotyledon,0.13170803093272984,0.84
HZE-Fe,12-30h,root_lateral_root_cap,dna_damage_response,0.12655434434982366,0.87
HZE-Fe,12-30h,root_lateral_root_cap,hormone_response_aba,0.1159378659309977,0.83
HZE-Fe,12-30h,root_lateral_root_cap,hormone_response_auxin,0.11274548814318915,0.86
HZE-Fe,12-30h,root_lateral_root_cap,hormone_response_cytokinin,0.0519428512756543,0.925
HZE-Fe,12-30h,root_lateral_root_cap,hormone_response_ethylene,0.20579447503564963,0.775
HZE-Fe,12-30h,root_lateral_root_cap,hormone_response_ja,0.07296027611901804,0.92
HZE-Fe,12-30h,root_lateral_root_cap,hormone_response_sa,0.05414399486421309,0.915
HZE-Fe,12-30h,root_lateral_root_cap,hypocotyl,0.14884108598346382,0.825
HZE-Fe,12-30h,root_lateral_root_cap,leaf_epidermis,0.004947518878128655,0.995
HZE-Fe,12-30h,root_lateral_root_cap,leaf_mesophyll,0.12607398252515187,0.84
HZE-Fe,12-30h,root_lateral_root_cap,oxidative_stress,0.2707352270190024,0.76
HZE-Fe,12-30h,root_lateral_root_cap,root_columella,0.18239629934778778,0.835
HZE-Fe,12-30h,root_lateral_root_cap,root_cortex,0.2426144241248751,0.775
HZE-Fe,12-30h,root_lateral_root_cap,root_endodermis,0.15651728639804635,0.82
HZE-Fe,12-30h,root_lateral_root_cap,root_epidermis,0.028311559883779456,0.975
HZE-Fe,12-30h,root_lateral_root_cap,root_meristem,0.10420525647887903,0.875
HZE-Fe,12-30h,root_lateral_root_cap,root_pericycle,0.2909750686789946,0.78
HZE-Fe,12-30h,root_lateral_root_cap,root_phloem,0.09754472140742496,0.865
HZE-Fe,12-30h,root_lateral_root_cap,root_stele,0.1061137318000936,0.855
HZE-Fe,12-30h,root_lateral_root_cap,root_xylem,0.1280020855154921,0.815
HZE-Fe,12-30h,root_lateral_root_cap,shoot_apical_meristem,0.11579713034828241,0.865
HZE-Fe,12-30h,root_meristem,cotyledon,0.8380244214896065,0.41
HZE-Fe,12-30h,root_meristem,dna_damage_response,0.8052401186280048,0.505
HZE-Fe,12-30h,root_meristem,hormone_response_aba,0.7377137677955966,0.48
HZE-Fe,12-30h,root_meristem,hormone_response_auxin,0.7174076753811802,0.545
HZE-Fe,12-30h,root_meristem,hormone_response_cytokinin,0.33056757475125964,0.765
HZE-Fe,12-30h,root_meristem,hormone_response_ethylene,1.309171105829144,0.22
HZE-Fe,12-30h,root_meristem,hormone_response_ja,0.46429547278725664,0.65
HZE-Fe,12-30h,root_meristem,hormone_response_sa,0.3445726243340105,0.755
HZE-Fe,12-30h,root_meristem,hypocotyl,0.9469972107999846,0.37
HZE-Fe,12-30h,root_meristem,leaf_epidermis,0.03149026426842916,0.98
HZE-Fe,12-30h,root_meristem,leaf_mesophyll,0.8021869171663785,0.485
HZE-Fe,12-30h,root_meristem,oxidative_stress,1.7220043765716158,0.12
HZE-Fe,12-30h,root_meristem,root_columella,1.160392568565196,0.305
HZE-Fe,12-30h,root_meristem,root_cortex,1.5432537209086266,0.19
HZE-Fe,12-30h,root_meristem,root_endodermis,0.9958139509208437,0.375
HZE-Fe,12-30h,root_meristem,root_epidermis,0.18018790807774773,0.855
HZE-Fe,12-30h,root_meristem,root_lateral_root_cap,0.10409220165398217,0.88
HZE-Fe,12-30h,root_meristem,root_pericycle,1.8506470728197646,0.145
HZE-Fe,12-30h,root_meristem,root_phloem,0.6207099920201417,0.625
HZE-Fe,12-30h,root_meristem,root_stele,0.6752190279240816,0.59
HZE-Fe,12-30h,root_meristem,root_xylem,0.8144530008755321,0.425
HZE-Fe,12-30h,root_meristem,shoot_apical_meristem,0.7368200548892981,0.55
HZE-Fe,12-30h,root_pericycle,cotyledon,2.334404724217,0.065
HZE-Fe,12-30h,root_pericycle,dna_damage_response,2.243139394324303,0.085
HZE-Fe,12-30h,root_pericycle,hormone_response_aba,2.055154945146387,0.145
HZE-Fe,12-30h,root_pericycle,hormone_response_auxin,1.998621498023807,0.125
HZE-Fe,12-30h,root_pericycle,hormone_response_cytokinin,0.9212291301186055,0.445
HZE-Fe,12-30h,root_pericycle,hormone_response_ethylene,3.6453770112659662,0.01
HZE-Fe,12-30h,root_pericycle,hormone_response_ja,1.2937527495241987,0.25
HZE-Fe,12-30h,root_pericycle,hormone_response_sa,0.9602456694842201,0.415
HZE-Fe,12-30h,root_pericycle,hypocotyl,2.637717172191765,0.065
HZE-Fe,12-30h,root_pericycle,leaf_epidermis,0.08777992801250356,0.895
HZE-Fe,12-30h,root_pericycle,leaf_mesophyll,2.2346421233745373,0.075
HZE-Fe,12-30h,root_pericycle,oxidative_stress,4.793229248630635,0.0
HZE-Fe,12-30h,root_pericycle,root_columella,3.2315131936635666,0.025
HZE-Fe,12-30h,root_pericycle,root_cortex,4.296323549017705,0.02
HZE-Fe,12-30h,root_pericycle,root_endodermis,2.773569606431344,0.065
HZE-Fe,12-30h,root_pericycle,root_epidermis,0.5022143159735156,0.67
HZE-Fe,12-30h,root_pericycle,root_lateral_root_cap,0.2901400115719811,0.78
HZE-Fe,12-30h,root_pericycle,root_meristem,1.8473458985022178,0.15
HZE-Fe,12-30h,root_pericycle,root_phloem,1.7293764447943154,0.18
HZE-Fe,12-30h,root_pericycle,root_stele,1.8811538915297734,0.18
HZE-Fe,12-30h,root_pericycle,root_xylem,2.268790474422466,0.055
HZE-Fe,12-30h,root_pericycle,shoot_apical_meristem,2.0526690446595657,0.1
HZE-Fe,12-30h,root_phloem,cotyledon,0.7843798493546328,0.525
HZE-Fe,12-30h,root_phloem,dna_damage_response,0.7536897864107011,0.59
HZE-Fe,12-30h,root_phloem,hormone_response_aba,0.6904893240209374,0.605
HZE-Fe,12-30h,root_phloem,hormone_response_auxin,0.6714842769603341,0.615
HZE-Fe,12-30h,root_phloem,hormone_response_cytokinin,0.30940315583128364,0.785
HZE-Fe,12-30h,root_phloem,hormone_response_ethylene,1.2253862551447512,0.295
HZE-Fe,12-30h,root_phloem,hormone_response_ja,0.434567379914752,0.715
HZE-Fe,12-30h,root_phloem,hormone_response_sa,0.32251025398803235,0.755
HZE-Fe,12-30h,root_phloem,hypocotyl,0.8863811425941046,0.445
HZE-Fe,12-30h,root_phloem,leaf_epidermis,0.0294739986607858,0.98
HZE-Fe,12-30h,root_phloem,leaf_mesophyll,0.7508344311119156,0.56
HZE-Fe,12-30h,root_phloem,oxidative_stress,1.6118142272677116,0.19
HZE-Fe,12-30h,root_phloem,root_columella,1.0861253873488463,0.375
HZE-Fe,12-30h,root_phloem,root_cortex,1.4444945828157887,0.25
HZE-Fe,12-30h,root_phloem,root_endodermis,0.9320708624239396,0.43
HZE-Fe,12-30h,root_phloem,root_epidermis,0.16865109791774846,0.825
HZE-Fe,12-30h,root_phloem,root_lateral_root_cap,0.0974259264596012,0.87
HZE-Fe,12-30h,root_phloem,root_meristem,0.6206278445197143,0.625
HZE-Fe,12-30h,root_phloem,root_pericycle,1.732235869218429,0.175
HZE-Fe,12-30h,root_phloem,root_stele,0.6319933224525016,0.625
HZE-Fe,12-30h,root_phloem,root_xylem,0.7623176834330772,0.52
HZE-Fe,12-30h,root_phloem,shoot_apical_meristem,0.6896546432474174,0.605
HZE-Fe,12-30h,root_stele,cotyledon,0.8533710346700162,0.455
HZE-Fe,12-30h,root_stele,dna_damage_response,0.8199858497799435,0.51
HZE-Fe,12-30h,root_stele,hormone_response_aba,0.7512242242010372,0.535
HZE-Fe,12-30h,root_stele,hormone_response_auxin,0.730546766382771,0.565
HZE-Fe,12-30h,root_stele,hormone_response_cytokinin,0.3366229100937745,0.775
HZE-Fe,12-30h,root_stele,hormone_response_ethylene,1.333140533668548,0.22
HZE-Fe,12-30h,root_stele,hormone_response_ja,0.4727991465204897,0.655
HZE-Fe,12-30h,root_stele,hormone_response_sa,0.3508841404579622,0.755
HZE-Fe,12-30h,root_stele,hypocotyl,0.9643387834447833,0.385
HZE-Fe,12-30h,root_stele,leaf_epidermis,0.03206721867853416,0.925
HZE-Fe,12-30h,root_stele,leaf_mesophyll,0.8168772191882703,0.495
HZE-Fe,12-30h,root_stele,oxidative_stress,1.7535251976693877,0.13
HZE-Fe,12-30h,root_stele,root_columella,1.1816398721679338,0.35
HZE-Fe,12-30h,root_stele,root_cortex,1.5715052458230607,0.19
HZE-Fe,12-30h,root_stele,root_endodermis,1.0140482072667771,0.39
HZE-Fe,12-30h,root_stele,root_epidermis,0.18348889801064683,0.825
HZE-Fe,12-30h,root_stele,root_lateral_root_cap,0.10599891256121902,0.86
HZE-Fe,12-30h,root_stele,root_meristem,0.6752212092556727,0.59
HZE-Fe,12-30h,root_stele,root_pericycle,1.8845215004830582,0.17
HZE-Fe,12-30h,root_stele,root_phloem,0.6320790461263522,0.63
HZE-Fe,12-30h,root_stele,root_xylem,0.829368325911247,0.47
HZE-Fe,12-30h,root_stele,shoot_apical_meristem,0.7503146155380136,0.57
HZE-Fe,12-30h,root_xylem,cotyledon,1.0290669744991112,0.3
HZE-Fe,12-30h,root_xylem,dna_damage_response,0.9888108799192972,0.375
HZE-Fe,12-30h,root_xylem,hormone_response_aba,0.9058990371429474,0.38
HZE-Fe,12-30h,root_xylem,hormone_response_auxin,0.8809662099327612,0.48
HZE-Fe,12-30h,root_xylem,hormone_response_cytokinin,0.4059492861078935,0.685
HZE-Fe,12-30h,root_xylem,hormone_response_ethylene,1.6075379703870243,0.14
HZE-Fe,12-30h,root_xylem,hormone_response_ja,0.5701622121289259,0.595
HZE-Fe,12-30h,root_xylem,hormone_response_sa,0.42314671946410226,0.675
HZE-Fe,12-30h,root_xylem,hypocotyl,1.1628687876780002,0.245
HZE-Fe,12-30h,root_xylem,leaf_epidermis,0.03867254598440049,0.915
HZE-Fe,12-30h,root_xylem,leaf_mesophyll,0.9850629675925975,0.335
HZE-Fe,12-30h,root_xylem,oxidative_stress,2.114361158818056,0.07
HZE-Fe,12-30h,root_xylem,root_columella,1.4248756466055847,0.21
HZE-Fe,12-30h,root_xylem,root_cortex,1.8949194901504727,0.12
HZE-Fe,12-30h,root_xylem,root_endodermis,1.2228052851091877,0.285
HZE-Fe,12-30h,root_xylem,root_epidermis,0.2212812684094737,0.78
HZE-Fe,12-30h,root_xylem,root_lateral_root_cap,0.1278317513531305,0.815
HZE-Fe,12-30h,root_xylem,root_meristem,0.814253112552715,0.43
HZE-Fe,12-30h,root_xylem,root_pericycle,2.2722849359628454,0.055
HZE-Fe,12-30h,root_xylem,root_phloem,0.7622317535733746,0.53
HZE-Fe,12-30h,root_xylem,root_stele,0.8291620738877141,0.47
HZE-Fe,12-30h,root_xylem,shoot_apical_meristem,0.9048025462826996,0.43
HZE-Fe,12-30h,shoot_apical_meristem,cotyledon,0.9310345176275778,0.4
HZE-Fe,12-30h,shoot_apical_meristem,dna_damage_response,0.8946102448852021,0.455
HZE-Fe,12-30h,shoot_apical_meristem,hormone_response_aba,0.8195958325918861,0.5
HZE-Fe,12-30h,shoot_apical_meristem,hormone_response_auxin,0.7970379616388809,0.505
HZE-Fe,12-30h,shoot_apical_meristem,hormone_response_cytokinin,0.36726708244053713,0.76
HZE-Fe,12-30h,shoot_apical_meristem,hormone_response_ethylene,1.4544376449638245,0.165
HZE-Fe,12-30h,shoot_apical_meristem,hormone_response_ja,0.5158349134751279,0.64
HZE-Fe,12-30h,shoot_apical_meristem,hormone_response_sa,0.3828255587731796,0.715
HZE-Fe,12-30h,shoot_apical_meristem,hypocotyl,1.0520968314445933,0.345
HZE-Fe,12-30h,shoot_apical_meristem,leaf_epidermis,0.03498698004575911,0.97
HZE-Fe,12-30h,shoot_apical_meristem,leaf_mesophyll,0.891220252386404,0.445
HZE-Fe,12-30h,shoot_apical_meristem,oxidative_stress,1.9130336901426568,0.125
HZE-Fe,12-30h,shoot_apical_meristem,root_columella,1.289161452852922,0.265
HZE-Fe,12-30h,shoot_apical_meristem,root_cortex,1.7144701163778402,0.195
HZE-Fe,12-30h,shoot_apical_meristem,root_endodermis,1.1063255391492173,0.31
HZE-Fe,12-30h,shoot_apical_meristem,root_epidermis,0.20019423212566773,0.835
HZE-Fe,12-30h,shoot_apical_meristem,root_lateral_root_cap,0.11564896308375565,0.865
HZE-Fe,12-30h,shoot_apical_meristem,root_meristem,0.7366770083377832,0.55
HZE-Fe,12-30h,shoot_apical_meristem,root_pericycle,2.055936433256909,0.095
HZE-Fe,12-30h,shoot_apical_meristem,root_phloem,0.6896120902382147,0.61
HZE-Fe,12-30h,shoot_apical_meristem,root_stele,0.7501665094887608,0.57
HZE-Fe,12-30h,shoot_apical_meristem,root_xylem,0.9048488269395452,0.43
UV-B,0.5-2h,cotyledon,dna_damage_response,0.8955952109420203,0.4
UV-B,0.5-2h,cotyledon,hormone_response_aba,0.9749507932526404,0.33
UV-B,0.5-2h,cotyledon,hormone_response_auxin,1.0336686542497266,0.285
UV-B,0.5-2h,cotyledon,hormone_response_cytokinin,0.4905524751521591,0.615
UV-B,0.5-2h,cotyledon,hormone_response_ethylene,1.6585422790288369,0.125
UV-B,0.5-2h,cotyledon,hormone_response_ja,0.4778569737789192,0.605
UV-B,0.5-2h,cotyledon,hormone_response_sa,0.4171173050671905,0.68
UV-B,0.5-2h,cotyledon,hypocotyl,1.1981154184270355,0.295
UV-B,0.5-2h,cotyledon,leaf_epidermis,0.049148313265165555,0.91
UV-B,0.5-2h,cotyledon,leaf_mesophyll,0.9731231336060466,0.31
UV-B,0.5-2h,cotyledon,oxidative_stress,2.063533402995577,0.055
UV-B,0.5-2h,cotyledon,root_columella,1.487356968890783,0.22
UV-B,0.5-2h,cotyledon,root_cortex,1.8313885678408197,0.13
UV-B,0.5-2h,cotyledon,root_endodermis,1.1534362949359245,0.265
UV-B,0.5-2h,cotyledon,root_epidermis,0.24962493825509158,0.755
UV-B,0.5-2h,cotyledon,root_lateral_root_cap,0.11366556198249961,0.845
UV-B,0.5-2h,cotyledon,root_meristem,0.8061371148338973,0.44
UV-B,0.5-2h,cotyledon,root_pericycle,2.3125694258530753,0.07
UV-B,0.5-2h,cotyledon,root_phloem,0.8814533491338297,0.435
UV-B,0.5-2h,cotyledon,root_stele,0.8606138015201591,0.455
UV-B,0.5-2h,cotyledon,root_xylem,0.989544492241723,0.31
UV-B,0.5-2h,cotyledon,shoot_apical_meristem,1.011919954789995,0.315
UV-B,0.5-2h,dna_damage_response,cotyledon,0.8962254797419453,0.4
UV-B,0.5-2h,dna_damage_response,hormone_response_aba,0.8373914237526652,0.5
UV-B,0.5-2h,dna_damage_response,hormone_response_auxin,0.887826897880749,0.52
UV-B,0.5-2h,dna_damage_response,hormone_response_cytokinin,0.4213244207668141,0.72
UV-B,0.5-2h,dna_damage_response,hormone_response_ethylene,1.4245981031948283,0.21
UV-B,0.5-2h,dna_damage_response,hormone_response_ja,0.41042238310819834,0.705
UV-B,0.5-2h,dna_damage_response,hormone_response_sa,0.3582518012457244,0.76
UV-B,0.5-2h,dna_damage_response,hypocotyl,1.0290845893454192,0.385
UV-B,0.5-2h,dna_damage_response,leaf_epidermis,0.04221097379311471,0.96
UV-B,0.5-2h,dna_damage_response,leaf_mesophyll,0.8358232355265034,0.51
UV-B,0.5-2h,dna_damage_response,oxidative_stress,1.7725154873092535,0.145
UV-B,0.5-2h,dna_damage_response,root_columella,1.2775438943185862,0.275
UV-B,0.5-2h,dna_damage_response,root_cortex,1.5730850077450915,0.23
UV-B,0.5-2h,dna_damage_response,root_endodermis,0.9907083326193414,0.385
UV-B,0.5-2h,dna_damage_response,root_epidermis,0.21439334677817223,0.785
UV-B,0.5-2h,dna_damage_response,root_lateral_root_cap,0.09762301093702257,0.89
UV-B,0.5-2h,dna_damage_response,root_meristem,0.6923895500098234,0.58
UV-B,0.5-2h,dna_damage_response,root_pericycle,1.9864607558290062,0.115
UV-B,0.5-2h,dna_damage_response,root_phloem,0.7570785945367536,0.62
UV-B,0.5-2h,dna_damage_response,root_stele,0.739181528494069,0.57
UV-B,0.5-2h,dna_damage_response,root_xylem,0.8499271298654858,0.475
UV-B,0.5-2h,dna_damage_response,shoot_apical_meristem,0.869145275451081,0.465
UV-B,0.5-2h,hormone_response_aba,cotyledon,0.9747455409807685,0.335
UV-B,0.5-2h,hormone_response_aba,dna_damage_response,0.8366260720390075,0.5
UV-B,0.5-2h,hormone_response_aba,hormone_response_auxin,0.9656147438126368,0.41
UV-B,0.5-2h,hormone_response_aba,hormone_response_cytokinin,0.4582479043693498,0.64
UV-B,0.5-2h,hormone_response_aba,hormone_response_ethylene,1.5493783443241897,0.185
UV-B,0.5-2h,hormone_response_aba,hormone_response_ja,0.4463873155184655,0.68
UV-B,0.5-2h,hormone_response_aba,hormone_response_sa,0.3896473774435607,0.72
UV-B,0.5-2h,hormone_response_aba,hypocotyl,1.1192399290624377,0.295
UV-B,0.5-2h,hormone_response_aba,leaf_epidermis,0.04591115445135515,0.94
UV-B,0.5-2h,hormone_response_aba,leaf_mesophyll,0.9090523906909262,0.385
UV-B,0.5-2h,hormone_response_aba,oxidative_stress,1.9277361471118557,0.105
UV-B,0.5-2h,hormone_response_aba,root_columella,1.3894529335928676,0.215
UV-B,0.5-2h,hormone_response_aba,root_cortex,1.7108557174331438,0.115
UV-B,0.5-2h,hormone_response_aba,root_endodermis,1.0774995643967737,0.345
UV-B,0.5-2h,hormone_response_aba,root_epidermis,0.23318468722702554,0.75
UV-B,0.5-2h,hormone_response_aba,root_lateral_root_cap,0.10617870919138833,0.84
UV-B,0.5-2h,hormone_response_aba,root_meristem,0.753056899638173,0.475
UV-B,0.5-2h,hormone_response_aba,root_pericycle,2.1604015640173304,0.08
UV-B,0.5-2h,hormone_response_aba,root_phloem,0.8234175543684384,0.54
UV-B,0.5-2h,hormone_response_aba,root_stele,0.8039482487000907,0.515
UV-B,0.5-2h,hormone_response_aba,root_xylem,0.9243937315056142,0.355
UV-B,0.5-2h,hormone_response_aba,shoot_apical_meristem,0.945297361515729,0.37
UV-B,0.5-2h,hormone_response_auxin,cotyledon,1.0335117856129448,0.285
UV-B,0.5-2h,hormone_response_auxin,dna_damage_response,0.8870676007794377,0.52
UV-B,0.5-2h,hormone_response_auxin,hormone_response_aba,0.9656714445938025,0.41
UV-B,0.5-2h,hormone_response_auxin,hormone_response_cytokinin,0.4858828706666089,0.655
UV-B,0.5-2h,hormone_response_auxin,hormone_response_ethylene,1.6427617713421272,0.17
UV-B,0.5-2h,hormone_response_auxin,hormone_response_ja,0.4733060629290478,0.685
UV-B,0.5-2h,hormone_response_auxin,hormone_response_sa,0.41314561224719787,0.71
UV-B,0.5-2h,hormone_response_auxin,hypocotyl,1.1867130995921786,0.285
UV-B,0.5-2h,hormone_response_auxin,leaf_epidermis,0.04868050508741942,0.935
UV-B,0.5-2h,hormone_response_auxin,leaf_mesophyll,0.9638594979129057,0.375
UV-B,0.5-2h,hormone_response_auxin,oxidative_stress,2.0438998212162827,0.095
UV-B,0.5-2h,hormone_response_auxin,root_columella,1.4732047195127989,0.205
UV-B,0.5-2h,hormone_response_auxin,root_cortex,1.813962164079365,0.13
UV-B,0.5-2h,hormone_response_auxin,root_endodermis,1.1424564764893967,0.26
UV-B,0.5-2h,hormone_response_auxin,root_epidermis,0.24724880571356705,0.78
UV-B,0.5-2h,hormone_response_auxin,root_lateral_root_cap,0.11258265934240087,0.855
UV-B,0.5-2h,hormone_response_auxin,root_meristem,0.7984626337032322,0.55
UV-B,0.5-2h,hormone_response_auxin,root_pericycle,2.29057183437229,0.06
UV-B,0.5-2h,hormone_response_auxin,root_phloem,0.8730660204672438,0.515
UV-B,0.5-2h,hormone_response_auxin,root_stele,0.852421664216483,0.515
UV-B,0.5-2h,hormone_response_auxin,root_xylem,0.9801260575560549,0.355
UV-B,0.5-2h,hormone_response_auxin,shoot_apical_meristem,1.0022902811447236,0.355
UV-B,0.5-2h,hormone_response_cytokinin,cotyledon,0.4907872317514431,0.605
UV-B,0.5-2h,hormone_response_cytokinin,dna_damage_response,0.4212296042258773,0.72
UV-B,0.5-2h,hormone_response_cytokinin,hormone_response_aba,0.45856375624427903,0.645
UV-B,0.5-2h,hormone_response_cytokinin,hormone_response_auxin,0.48618912827454436,0.65
UV-B,0.5-2h,hormone_response_cytokinin,hormone_response_ethylene,0.7802226877414842,0.53
UV-B,0.5-2h,hormone_response_cytokinin,hormone_response_ja,0.2247290024178074,0.825
UV-B,0.5-2h,hormone_response_cytokinin,hormone_response_sa,0.19616134185843198,0.84
UV-B,0.5-2h,hormone_response_cytokinin,hypocotyl,0.5635599719722869,0.59
UV-B,0.5-2h,hormone_response_cytokinin,leaf_epidermis,0.02311133568643041,0.985
UV-B,0.5-2h,hormone_response_cytokinin,leaf_mesophyll,0.4577033324860328,0.655
UV-B,0.5-2h,hormone_response_cytokinin,oxidative_stress,0.9708392292727076,0.365
UV-B,0.5-2h,hormone_response_cytokinin,root_columella,0.6996625287239708,0.635
UV-B,0.5-2h,hormone_response_cytokinin,root_cortex,0.8615708270361064,0.475
UV-B,0.5-2h,hormone_response_cytokinin,root_endodermis,0.5425371739577441,0.595
UV-B,0.5-2h,hormone_response_cytokinin,root_epidermis,0.1173886131776335,0.865
UV-B,0.5-2h,hormone_response_cytokinin,root_lateral_root_cap,0.05345020885074515,0.94
UV-B,0.5-2h,hormone_response_cytokinin,root_meristem,0.37914633939285086,0.76
UV-B,0.5-2h,hormone_response_cytokinin,root_pericycle,1.0880735581250593,0.345
UV-B,0.5-2h,hormone_response_cytokinin,root_phloem,0.41457873344236945,0.73
UV-B,0.5-2h,hormone_response_cytokinin,root_stele,0.4047739513654676,0.735
UV-B,0.5-2h,hormone_response_cytokinin,root_xylem,0.46542946755872605,0.655
UV-B,0.5-2h,hormone_response_cytokinin,shoot_apical_meristem,0.4759569635534205,0.675
UV-B,0.5-2h,hormone_response_ethylene,cotyledon,1.6563612007283874,0.125
UV-B,0.5-2h,hormone_response_ethylene,dna_damage_response,1.4217236216673437,0.215
UV-B,0.5-2h,hormone_response_ethylene,hormone_response_aba,1.5476662237326055,0.18
UV-B,0.5-2h,hormone_response_ethylene,hormone_response_auxin,1.640850330789145,0.17
UV-B,0.5-2h,hormone_response_ethylene,hormone_response_cytokinin,0.7788235184479367,0.53
UV-B,0.5-2h,hormone_response_ethylene,hormone_response_ja,0.7586686471553823,0.5
UV-B,0.5-2h,hormone_response_ethylene,hormone_response_sa,0.6622474991535546,0.56
UV-B,0.5-2h,hormone_response_ethylene,hypocotyl,1.9018054685640586,0.125
UV-B,0.5-2h,hormone_response_ethylene,leaf_epidermis,0.07803988469657824,0.87
UV-B,0.5-2h,hormone_response_ethylene,leaf_mesophyll,1.5447642254688678,0.14
UV-B,0.5-2h,hormone_response_ethylene,oxidative_stress,3.2747171031452145,0.025
UV-B,0.5-2h,hormone_response_ethylene,root_columella,2.360737416268518,0.02
UV-B,0.5-2h,hormone_response_ethylene,root_cortex,2.906503257351441,0.015
UV-B,0.5-2h,hormone_response_ethylene,root_endodermis,1.8309059084492278,0.14
UV-B,0.5-2h,hormone_response_ethylene,root_epidermis,0.3963431058991154,0.67
UV-B,0.5-2h,hormone_response_ethylene,root_lateral_root_cap,0.1804791979663867,0.825
UV-B,0.5-2h,hormone_response_ethylene,root_meristem,1.2797458450738883,0.24
UV-B,0.5-2h,hormone_response_ethylene,root_pericycle,3.6696712245801546,0.01
UV-B,0.5-2h,hormone_response_ethylene,root_phloem,1.3992837962819042,0.275
UV-B,0.5-2h,hormone_response_ethylene,root_stele,1.3662072980330542,0.245
UV-B,0.5-2h,hormone_response_ethylene,root_xylem,1.57082592249482,0.14
UV-B,0.5-2h,hormone_response_ethylene,shoot_apical_meristem,1.6063363938880628,0.13
UV-B,0.5-2h,hormone_response_ja,cotyledon,0.4784716286555469,0.605
UV-B,0.5-2h,hormone_response_ja,dna_damage_response,0.41066104303046075,0.7
UV-B,0.5-2h,hormone_response_ja,hormone_response_aba,0.44705582008696604,0.665
UV-B,0.5-2h,hormone_response_ja,hormone_response_auxin,0.4739872033078963,0.685
UV-B,0.5-2h,hormone_response_ja,hormone_response_cytokinin,0.2249105056795654,0.825
UV-B,0.5-2h,hormone_response_ja,hormone_response_ethylene,0.7606454825780685,0.5
UV-B,0.5-2h,hormone_response_ja,hormone_response_sa,0.19123840566793507,0.86
UV-B,0.5-2h,hormone_response_ja,hypocotyl,0.5494180274879958,0.595
UV-B,0.5-2h,hormone_response_ja,leaf_epidermis,0.02253107326290396,0.98
UV-B,0.5-2h,hormone_response_ja,leaf_mesophyll,0.44621835366003715,0.65
UV-B,0.5-2h,hormone_response_ja,oxidative_stress,0.946484475603285,0.38
UV-B,0.5-2h,hormone_response_ja,root_columella,0.6821057164574599,0.63
UV-B,0.5-2h,hormone_response_ja,root_cortex,0.8399559184439457,0.47
UV-B,0.5-2h,hormone_response_ja,root_endodermis,0.5289245677034362,0.595
UV-B,0.5-2h,hormone_response_ja,root_epidermis,0.11444171000041221,0.855
UV-B,0.5-2h,hormone_response_ja,root_lateral_root_cap,0.0521090702690929,0.94
UV-B,0.5-2h,hormone_response_ja,root_meristem,0.36963202523442035,0.76
UV-B,0.5-2h,hormone_response_ja,root_pericycle,1.0607772614388737,0.355
UV-B,0.5-2h,hormone_response_ja,root_phloem,0.40417249308222397,0.745
UV-B,0.5-2h,hormone_response_ja,root_stele,0.3946161418105759,0.705
UV-B,0.5-2h,hormone_response_ja,root_xylem,0.45374953267293433,0.63
UV-B,0.5-2h,hormone_response_ja,shoot_apical_meristem,0.46401161899292487,0.655
UV-B,0.5-2h,hormone_response_sa,cotyledon,0.41740000609121725,0.675
UV-B,0.5-2h,hormone_response_sa,dna_damage_response,0.358242504363222,0.76
UV-B,0.5-2h,hormone_response_sa,hormone_response_aba,0.38999366031735166,0.72
UV-B,0.5-2h,hormone_response_sa,hormone_response_auxin,0.413488414028845,0.71
UV-B,0.5-2h,hormone_response_sa,hormone_response_cytokinin,0.1962004007382452,0.835
UV-B,0.5-2h,hormone_response_sa,hormone_response_ethylene,0.6635694218183738,0.56
UV-B,0.5-2h,hormone_response_sa,hormone_response_ja,0.19112224733793554,0.865
UV-B,0.5-2h,hormone_response_sa,hypocotyl,0.4792931665174064,0.63
UV-B,0.5-2h,hormone_response_sa,leaf_epidermis,0.019654757442316657,0.99
UV-B,0.5-2h,hormone_response_sa,leaf_mesophyll,0.38926254592263043,0.725
UV-B,0.5-2h,hormone_response_sa,oxidative_stress,0.82569893185782,0.51
UV-B,0.5-2h,hormone_response_sa,root_columella,0.5950503214228692,0.645
UV-B,0.5-2h,hormone_response_sa,root_cortex,0.7327602468836227,0.58
UV-B,0.5-2h,hormone_response_sa,root_endodermis,0.4614141604064143,0.625
UV-B,0.5-2h,hormone_response_sa,root_epidermis,0.09983256082562472,0.89
UV-B,0.5-2h,hormone_response_sa,root_lateral_root_cap,0.04545661663474002,0.96
UV-B,0.5-2h,hormone_response_sa,root_meristem,0.32245038106054974,0.775
UV-B,0.5-2h,hormone_response_sa,root_pericycle,0.9254132354284258,0.485
UV-B,0.5-2h,hormone_response_sa,root_phloem,0.3525836391168976,0.755
UV-B,0.5-2h,hormone_response_sa,root_stele,0.3442460512397525,0.77
UV-B,0.5-2h,hormone_response_sa,root_xylem,0.395832993809529,0.705
UV-B,0.5-2h,hormone_response_sa,shoot_apical_meristem,0.40478592365908905,0.705
UV-B,0.5-2h,hypocotyl,cotyledon,1.1978447876625749,0.295
UV-B,0.5-2h,hypocotyl,dna_damage_response,1.028128477236852,0.385
UV-B,0.5-2h,hypocotyl,hormone_response_aba,1.119222647299764,0.295
UV-B,0.5-2h,hypocotyl,hormone_response_auxin,1.1866251138623862,0.295
UV-B,0.5-2h,hypocotyl,hormone_response_cytokinin,0.5631631909537903,0.6
UV-B,0.5-2h,hypocotyl,hormone_response_ethylene,1.9038793205858648,0.12
UV-B,0.5-2h,hypocotyl,hormone_response_ja,0.548588098055099,0.595
UV-B,0.5-2h,hypocotyl,hormone_response_sa,0.4788603333214824,0.63
UV-B,0.5-2h,hypocotyl,leaf_epidermis,0.05642498159253029,0.905
UV-B,0.5-2h,hypocotyl,leaf_mesophyll,1.117123922379486,0.33
UV-B,0.5-2h,hypocotyl,oxidative_stress,2.3687091119330073,0.025
UV-B,0.5-2h,hypocotyl,root_columella,1.707392564989646,0.17
UV-B,0.5-2h,hypocotyl,root_cortex,2.1022668051141244,0.065
UV-B,0.5-2h,hypocotyl,root_endodermis,1.3241023583595974,0.255
UV-B,0.5-2h,hypocotyl,root_epidermis,0.2865790176892518,0.755
UV-B,0.5-2h,hypocotyl,root_lateral_root_cap,0.1304933013270611,0.825
UV-B,0.5-2h,hypocotyl,root_meristem,0.9254386565588584,0.415
UV-B,0.5-2h,hypocotyl,root_pericycle,2.6545298313285595,0.06
UV-B,0.5-2h,hypocotyl,root_phloem,1.0118973639091486,0.395
UV-B,0.5-2h,hypocotyl,root_stele,0.9879739455970585,0.39
UV-B,0.5-2h,hypocotyl,root_xylem,1.1359746230841206,0.27
UV-B,0.5-2h,hypocotyl,shoot_apical_meristem,1.1616600309497693,0.335
UV-B,0.5-2h,leaf_epidermis,cotyledon,0.04917381807795994,0.91
UV-B,0.5-2h,leaf_epidermis,dna_damage_response,0.042203198746309664,0.96
UV-B,0.5-2h,leaf_epidermis,hormone_response_aba,0.04594463409305624,0.935
UV-B,0.5-2h,leaf_epidermis,hormone_response_auxin,0.04871312444841346,0.925
UV-B,0.5-2h,leaf_epidermis,hormone_response_cytokinin,0.023112266719881557,0.985
UV-B,0.5-2h,leaf_epidermis,hormone_response_ethylene,0.07818322653310603,0.87
UV-B,0.5-2h,leaf_epidermis,hormone_response_ja,0.02251379927264748,0.98
UV-B,0.5-2h,leaf_epidermis,hormone_response_sa,0.019651643109690926,0.995
UV-B,0.5-2h,leaf_epidermis,hypocotyl,0.056467000705217964,0.9
UV-B,0.5-2h,leaf_epidermis,leaf_mesophyll,0.04585832583060003,0.935
UV-B,0.5-2h,leaf_epidermis,oxidative_stress,0.09729196322404178,0.865
UV-B,0.5-2h,leaf_epidermis,root_columella,0.07010819611692953,0.895
UV-B,0.5-2h,leaf_epidermis,root_cortex,0.08633768090151042,0.89
UV-B,0.5-2h,leaf_epidermis,root_endodermis,0.0543599675491733,0.905
UV-B,0.5-2h,leaf_epidermis,root_epidermis,0.011759759395345695,0.99
UV-B,0.5-2h,leaf_epidermis,root_lateral_root_cap,0.005354344932923076,1.0
UV-B,0.5-2h,leaf_epidermis,root_meristem,0.03798625474813486,0.985
UV-B,0.5-2h,leaf_epidermis,root_pericycle,0.1090461177998165,0.88
UV-B,0.5-2h,leaf_epidermis,root_phloem,0.04153700482158025,0.975
UV-B,0.5-2h,leaf_epidermis,root_stele,0.04055433674102141,0.92
UV-B,0.5-2h,leaf_epidermis,root_xylem,0.04663265275614947,0.915
UV-B,0.5-2h,leaf_epidermis,shoot_apical_meristem,0.047687725698564866,0.94
UV-B,0.5-2h,leaf_mesophyll,cotyledon,0.9731962877570827,0.305
UV-B,0.5-2h,leaf_mesophyll,dna_damage_response,0.8352980697996315,0.51
UV-B,0.5-2h,leaf_mesophyll,hormone_response_aba,0.9093123331153876,0.375
UV-B,0.5-2h,leaf_mesophyll,hormone_response_auxin,0.9640784699917152,0.375
UV-B,0.5-2h,leaf_mesophyll,hormone_response_cytokinin,0.45751880908255155,0.655
UV-B,0.5-2h,leaf_mesophyll,hormone_response_ethylene,1.546915036409917,0.14
UV-B,0.5-2h,leaf_mesophyll,hormone_response_ja,0.4456786476020151,0.655
UV-B,0.5-2h,leaf_mesophyll,hormone_response_sa,0.38902811165496953,0.725
UV-B,0.5-2h,leaf_mesophyll,hypocotyl,1.117460422384768,0.325
UV-B,0.5-2h,leaf_mesophyll,leaf_epidermis,0.04583798963773513,0.935
UV-B,0.5-2h,leaf_mesophyll,oxidative_stress,1.924674338159049,0.1
UV-B,0.5-2h,leaf_mesophyll,root_columella,1.387243426139754,0.225
UV-B,0.5-2h,leaf_mesophyll,root_cortex,1.7081381463970227,0.115
UV-B,0.5-2h,leaf_mesophyll,root_endodermis,1.0757881942080894,0.31
UV-B,0.5-2h,leaf_mesophyll,root_epidermis,0.2328133714620856,0.78
UV-B,0.5-2h,leaf_mesophyll,root_lateral_root_cap,0.10601028023288322,0.86
UV-B,0.5-2h,leaf_mesophyll,root_meristem,0.7518602397261722,0.525
UV-B,0.5-2h,leaf_mesophyll,root_pericycle,2.1569686257427882,0.085
UV-B,0.5-2h,leaf_mesophyll,root_phloem,0.8221063587419751,0.525
UV-B,0.5-2h,leaf_mesophyll,root_stele,0.802670228076446,0.53
UV-B,0.5-2h,leaf_mesophyll,root_xylem,0.9229239717977866,0.375
UV-B,0.5-2h,leaf_mesophyll,shoot_apical_meristem,0.9437932320025578,0.435
UV-B,0.5-2h,oxidative_stress,cotyledon,2.0611343261691655,0.055
UV-B,0.5-2h,oxidative_stress,dna_damage_response,1.7692086025832752,0.15
UV-B,0.5-2h,oxidative_stress,hormone_response_aba,1.9259000536699729,0.105
UV-B,0.5-2h,oxidative_stress,hormone_response_auxin,2.0418339420001574,0.095
UV-B,0.5-2h,oxidative_stress,hormone_response_cytokinin,0.9692462665585289,0.37
UV-B,0.5-2h,oxidative_stress,hormone_response_ethylene,3.275216310053348,0.02
UV-B,0.5-2h,oxidative_stress,hormone_response_ja,0.9441686873101611,0.39
UV-B,0.5-2h,oxidative_stress,hormone_response_sa,0.8241797074711263,0.51
UV-B,0.5-2h,oxidative_stress,hypocotyl,2.3664904196368957,0.03
UV-B,0.5-2h,oxidative_stress,leaf_epidermis,0.0971284241587168,0.865
UV-B,0.5-2h,oxidative_stress,leaf_mesophyll,1.9222916587543475,0.1
UV-B,0.5-2h,oxidative_stress,root_columella,2.9373996394721673,0.02
UV-B,0.5-2h,oxidative_stress,root_cortex,3.616257031719894,0.01
UV-B,0.5-2h,oxidative_stress,root_endodermis,2.2782890897249897,0.05
UV-B,0.5-2h,oxidative_stress,root_epidermis,0.49327064683794847,0.58
UV-B,0.5-2h,oxidative_stress,root_lateral_root_cap,0.22462300181784856,0.795
UV-B,0.5-2h,oxidative_stress,root_meristem,1.5925538327613833,0.14
UV-B,0.5-2h,oxidative_stress,root_pericycle,4.565380697906149,0.0
UV-B,0.5-2h,oxidative_stress,root_phloem,1.7412816399810171,0.15
UV-B,0.5-2h,oxidative_stress,root_stele,1.700131202788417,0.175
UV-B,0.5-2h,oxidative_stress,root_xylem,1.9547149866644842,0.1
UV-B,0.5-2h,oxidative_stress,shoot_apical_meristem,1.9988935314388192,0.095
UV-B,0.5-2h,root_columella,cotyledon,1.4861925278487764,0.225
UV-B,0.5-2h,root_columella,dna_damage_response,1.2756456452190077,0.285
UV-B,0.5-2h,root_columella,hormone_response_aba,1.3886571985895828,0.225
UV-B,0.5-2h,root_columella,hormone_response_auxin,1.4722746810539242,0.205
UV-B,0.5-2h,root_columella,hormone_response_cytokinin,0.6987802360448689,0.64
UV-B,0.5-2h,root_columella,hormone_response_ethylene,2.3619948994893423,0.015
UV-B,0.5-2h,root_columella,hormone_response_ja,0.6806956018477505,0.635
UV-B,0.5-2h,root_columella,hormone_response_sa,0.5941815796183738,0.645
UV-B,0.5-2h,root_columella,hypocotyl,1.7064413840236377,0.185
UV-B,0.5-2h,root_columella,leaf_epidermis,0.07001698884755037,0.895
UV-B,0.5-2h,root_columella,leaf_mesophyll,1.3860528797352956,0.225
UV-B,0.5-2h,root_columella,oxidative_stress,2.938515481465648,0.02
UV-B,0.5-2h,root_columella,root_cortex,2.60805830396019,0.035
UV-B,0.5-2h,root_columella,root_endodermis,1.642818715639967,0.205
UV-B,0.5-2h,root_columella,root_epidermis,0.35560246060428097,0.785
UV-B,0.5-2h,root_columella,root_lateral_root_cap,0.16192558501761734,0.845
UV-B,0.5-2h,root_columella,root_meristem,1.1482479684924103,0.295
UV-B,0.5-2h,root_columella,root_pericycle,3.2929854736675455,0.02
UV-B,0.5-2h,root_columella,root_phloem,1.2555114525090374,0.28
UV-B,0.5-2h,root_columella,root_stele,1.2258307107394883,0.32
UV-B,0.5-2h,root_columella,root_xylem,1.4094390942437263,0.235
UV-B,0.5-2h,root_columella,shoot_apical_meristem,1.4413041471470613,0.21
UV-B,0.5-2h,root_cortex,cotyledon,1.829976062694805,0.14
UV-B,0.5-2h,root_cortex,dna_damage_response,1.570765636902366,0.24
UV-B,0.5-2h,root_cortex,hormone_response_aba,1.7098959900323407,0.115
UV-B,0.5-2h,root_cortex,hormone_response_auxin,1.8128385366691897,0.13
UV-B,0.5-2h,root_cortex,hormone_response_cytokinin,0.8604942535361583,0.49
UV-B,0.5-2h,root_cortex,hormone_response_ethylene,2.9080852845819574,0.015
UV-B,0.5-2h,root_cortex,hormone_response_ja,0.8382292124031355,0.47
UV-B,0.5-2h,root_cortex,hormone_response_sa,0.7316988011588115,0.58
UV-B,0.5-2h,root_cortex,hypocotyl,2.101120352693079,0.065
UV-B,0.5-2h,root_cortex,leaf_epidermis,0.08622633249332012,0.895
UV-B,0.5-2h,root_cortex,leaf_mesophyll,1.7066921300075262,0.125
UV-B,0.5-2h,root_cortex,oxidative_stress,3.617673471966879,0.005
UV-B,0.5-2h,root_cortex,root_columella,2.608089103712451,0.035
UV-B,0.5-2h,root_cortex,root_endodermis,2.022800043112078,0.085
UV-B,0.5-2h,root_cortex,root_epidermis,0.4379131824871774,0.69
UV-B,0.5-2h,root_cortex,root_lateral_root_cap,0.19941172946911626,0.81
UV-B,0.5-2h,root_cortex,root_meristem,1.4139118981738052,0.225
UV-B,0.5-2h,root_cortex,root_pericycle,4.053908669782806,0.01
UV-B,0.5-2h,root_cortex,root_phloem,1.5459689612630083,0.225
UV-B,0.5-2h,root_cortex,root_stele,1.5094307666870268,0.205
UV-B,0.5-2h,root_cortex,root_xylem,1.7354818873581186,0.14
UV-B,0.5-2h,root_cortex,shoot_apical_meristem,1.7747098179045109,0.16
UV-B,0.5-2h,root_endodermis,cotyledon,1.1532707729472957,0.265
UV-B,0.5-2h,root_endodermis,dna_damage_response,0.9898692667065022,0.385
UV-B,0.5-2h,root_endodermis,hormone_response_aba,1.0775719627638674,0.345
UV-B,0.5-2h,root_endodermis,hormone_response_auxin,1.1424662724342711,0.255
UV-B,0.5-2h,root_endodermis,hormone_response_cytokinin,0.5421998413308754,0.605
UV-B,0.5-2h,root_endodermis,hormone_response_ethylene,1.833054072841496,0.14
UV-B,0.5-2h,root_endodermis,hormone_response_ja,0.5281692947880195,0.595
UV-B,0.5-2h,root_endodermis,hormone_response_sa,0.461035375534655,0.625
UV-B,0.5-2h,root_endodermis,hypocotyl,1.3242116715693688,0.255
UV-B,0.5-2h,root_endodermis,leaf_epidermis,0.05432397583321047,0.905
UV-B,0.5-2h,root_endodermis,leaf_mesophyll,1.0755529342722019,0.31
UV-B,0.5-2h,root_endodermis,oxidative_stress,2.280614232561871,0.05
UV-B,0.5-2h,root_endodermis,root_columella,1.6438703713557812,0.195
UV-B,0.5-2h,root_endodermis,root_cortex,2.02407130843451,0.085
UV-B,0.5-2h,root_endodermis,root_epidermis,0.2759096209268325,0.77
UV-B,0.5-2h,root_endodermis,root_lateral_root_cap,0.1256355204362397,0.82
UV-B,0.5-2h,root_endodermis,root_meristem,0.8909975120316368,0.43
UV-B,0.5-2h,root_endodermis,root_pericycle,2.555815181999216,0.07
UV-B,0.5-2h,root_endodermis,root_phloem,0.9742363166056371,0.41
UV-B,0.5-2h,root_endodermis,root_stele,0.9512058379564104,0.43
UV-B,0.5-2h,root_endodermis,root_xylem,1.093701079473009,0.32
UV-B,0.5-2h,root_endodermis,shoot_apical_meristem,1.1184295542544784,0.315
UV-B,0.5-2h,root_epidermis,cotyledon,0.24972824227105653,0.755
UV-B,0.5-2h,root_epidermis,dna_damage_response,0.21433133033612964,0.785
UV-B,0.5-2h,root_epidermis,hormone_response_aba,0.23333027314898902,0.75
UV-B,0.5-2h,root_epidermis,hormone_response_auxin,0.247388528245483,0.775
UV-B,0.5-2h,root_epidermis,hormone_response_cytokinin,0.11738101764740667,0.865
UV-B,0.5-2h,root_epidermis,hormone_response_ethylene,0.3970293771870751,0.67
UV-B,0.5-2h,root_epidermis,hormone_response_ja,0.1143420043188898,0.86
UV-B,0.5-2h,root_epidermis,hormone_response_sa,0.0998062622914051,0.89
UV-B,0.5-2h,root_epidermis,hypocotyl,0.28676231664911195,0.755
UV-B,0.5-2h,root_epidermis,leaf_epidermis,0.011758524002874518,0.99
UV-B,0.5-2h,root_epidermis,leaf_mesophyll,0.23289221101840232,0.78
UV-B,0.5-2h,root_epidermis,oxidative_stress,0.49404928012261184,0.58
UV-B,0.5-2h,root_epidermis,root_columella,0.35602828169691386,0.785
UV-B,0.5-2h,root_epidermis,root_cortex,0.4384325799855861,0.69
UV-B,0.5-2h,root_epidermis,root_endodermis,0.27606344846555614,0.77
UV-B,0.5-2h,root_epidermis,root_lateral_root_cap,0.027194336474964383,0.98
UV-B,0.5-2h,root_epidermis,root_meristem,0.19291671889375028,0.825
UV-B,0.5-2h,root_epidermis,root_pericycle,0.5537238799628916,0.625
UV-B,0.5-2h,root_epidermis,root_phloem,0.21094749687399136,0.81
UV-B,0.5-2h,root_epidermis,root_stele,0.20595780405332662,0.805
UV-B,0.5-2h,root_epidermis,root_xylem,0.23682406428445973,0.76
UV-B,0.5-2h,root_epidermis,shoot_apical_meristem,0.24218152351570604,0.805
UV-B,0.5-2h,root_lateral_root_cap,cotyledon,0.11382031046574177,0.845
UV-B,0.5-2h,root_lateral_root_cap,dna_damage_response,0.09768711742753833,0.895
UV-B,0.5-2h,root_lateral_root_cap,hormone_response_aba,0.10634574222993627,0.835
UV-B,0.5-2h,root_lateral_root_cap,hormone_response_auxin,0.11275315844380213,0.855
UV-B,0.5-2h,root_lateral_root_cap,hormone_response_cytokinin,0.053497377927948175,0.94
UV-B,0.5-2h,root_lateral_root_cap,hormone_response_ethylene,0.18096319930752194,0.825
UV-B,0.5-2h,root_lateral_root_cap,hormone_response_ja,0.052113015493249294,0.94
UV-B,0.5-2h,root_lateral_root_cap,hormone_response_sa,0.04548764841722753,0.96
UV-B,0.5-2h,root_lateral_root_cap,hypocotyl,0.13070054523181296,0.825
UV-B,0.5-2h,root_lateral_root_cap,leaf_epidermis,0.005358849705909576,0.995
UV-B,0.5-2h,root_lateral_root_cap,leaf_mesophyll,0.10614664307729971,0.855
UV-B,0.5-2h,root_lateral_root_cap,oxidative_stress,0.2251911276998323,0.795
UV-B,0.5-2h,root_lateral_root_cap,root_columella,0.16227327442889017,0.845
UV-B,0.5-2h,root_lateral_root_cap,root_cortex,0.19983766793365115,0.81
UV-B,0.5-2h,root_lateral_root_cap,root_endodermis,0.12582467913885267,0.82
UV-B,0.5-2h,root_lateral_root_cap,root_epidermis,0.02722006825819263,0.975
UV-B,0.5-2h,root_lateral_root_cap,root_meristem,0.08792577465943724,0.895
UV-B,0.5-2h,root_lateral_root_cap,root_pericycle,0.2523942795715609,0.78
UV-B,0.5-2h,root_lateral_root_cap,root_phloem,0.09614287762982884,0.9
UV-B,0.5-2h,root_lateral_root_cap,root_stele,0.09386961434305954,0.885
UV-B,0.5-2h,root_lateral_root_cap,root_xylem,0.10793830570705526,0.84
UV-B,0.5-2h,root_lateral_root_cap,shoot_apical_meristem,0.11037971745943076,0.875
UV-B,0.5-2h,root_meristem,cotyledon,0.8063662550400159,0.44
UV-B,0.5-2h,root_meristem,dna_damage_response,0.6920993570355383,0.58
UV-B,0.5-2h,root_meristem,hormone_response_aba,0.7534297102310786,0.475
UV-B,0.5-2h,root_meristem,hormone_response_auxin,0.7988108692932403,0.54
UV-B,0.5-2h,root_meristem,hormone_response_cytokinin,0.3790726979443761,0.76
UV-B,0.5-2h,root_meristem,hormone_response_ethylene,1.2817956523115333,0.24
UV-B,0.5-2h,root_meristem,hormone_response_ja,0.36926225291807346,0.765
UV-B,0.5-2h,root_meristem,hormone_response_sa,0.3223235925037867,0.775
UV-B,0.5-2h,root_meristem,hypocotyl,0.925910868141706,0.415
UV-B,0.5-2h,root_meristem,leaf_epidermis,0.03797733334614797,0.985
UV-B,0.5-2h,root_meristem,leaf_mesophyll,0.7520175048009407,0.525
UV-B,0.5-2h,root_meristem,oxidative_stress,1.5948613961363014,0.14
UV-B,0.5-2h,root_meristem,root_columella,1.1494744116377644,0.295
UV-B,0.5-2h,root_meristem,root_cortex,1.4154058489826349,0.225
UV-B,0.5-2h,root_meristem,root_endodermis,0.8913788643069621,0.43
UV-B,0.5-2h,root_meristem,root_epidermis,0.19289167836412185,0.83
UV-B,0.5-2h,root_meristem,root_lateral_root_cap,0.08783123349173018,0.9
UV-B,0.5-2h,root_meristem,root_pericycle,1.787383475240945,0.145
UV-B,0.5-2h,root_meristem,root_phloem,0.6811684656778699,0.615
UV-B,0.5-2h,root_meristem,root_stele,0.6650633075794665,0.62
UV-B,0.5-2h,root_meristem,root_xylem,0.7647087218821724,0.485
UV-B,0.5-2h,root_meristem,shoot_apical_meristem,0.7820017333835465,0.545
UV-B,0.5-2h,root_pericycle,cotyledon,2.309055240979693,0.07
UV-B,0.5-2h,root_pericycle,dna_damage_response,1.9820459498838954,0.115
UV-B,0.5-2h,root_pericycle,hormone_response_aba,2.157571998568312,0.09
UV-B,0.5-2h,root_pericycle,hormone_response_auxin,2.2874383990079568,0.065
UV-B,0.5-2h,root_pericycle,hormone_response_cytokinin,1.085899615357841,0.35
UV-B,0.5-2h,root_pericycle,hormone_response_ethylene,3.6689188614371715,0.01
UV-B,0.5-2h,root_pericycle,hormone_response_ja,1.0578028854200738,0.355
UV-B,0.5-2h,root_pericycle,hormone_response_sa,0.9233801323275249,0.495
UV-B,0.5-2h,root_pericycle,hypocotyl,2.651095577306843,0.06
UV-B,0.5-2h,root_pericycle,leaf_epidermis,0.10882387701715344,0.885
UV-B,0.5-2h,root_pericycle,leaf_mesophyll,2.1535281901463086,0.085
UV-B,0.5-2h,root_pericycle,oxidative_stress,4.5637493370718225,0.0
UV-B,0.5-2h,root_pericycle,root_columella,3.2905587046589586,0.025
UV-B,0.5-2h,root_pericycle,root_cortex,4.050873571056808,0.01
UV-B,0.5-2h,root_pericycle,root_endodermis,2.5522966455128673,0.085
UV-B,0.5-2h,root_pericycle,root_epidermis,0.5526535231042521,0.625
UV-B,0.5-2h,root_pericycle,root_lateral_root_cap,0.251667325435861,0.775
UV-B,0.5-2h,root_pericycle,root_meristem,1.7841593349266558,0.145
UV-B,0.5-2h,root_pericycle,root_phloem,1.9507690461607634,0.115
UV-B,0.5-2h,root_pericycle,root_stele,1.9046688680872388,0.185
UV-B,0.5-2h,root_pericycle,root_xylem,2.1898494105187565,0.04
UV-B,0.5-2h,root_pericycle,shoot_apical_meristem,2.2393385460601096,0.07
UV-B,0.5-2h,root_phloem,cotyledon,0.881457107255894,0.435
UV-B,0.5-2h,root_phloem,dna_damage_response,0.7565495363314227,0.62
UV-B,0.5-2h,root_phloem,hormone_response_aba,0.8235941718152758,0.535
UV-B,0.5-2h,root_phloem,hormone_response_auxin,0.8732018452687929,0.515
UV-B,0.5-2h,root_phloem,hormone_response_cytokinin,0.4143821863455719,0.73
UV-B,0.5-2h,root_phloem,hormone_response_ethylene,1.4011320786884915,0.275
UV-B,0.5-2h,root_phloem,hormone_response_ja,0.4036547361033218,0.745
UV-B,0.5-2h,root_phloem,hormone_response_sa,0.35234638898169013,0.755
UV-B,0.5-2h,root_phloem,hypocotyl,1.0121300878397033,0.385
UV-B,0.5-2h,root_phloem,leaf_epidermis,0.041515655333742005,0.975
UV-B,0.5-2h,root_phloem,leaf_mesophyll,0.822047951164713,0.525
UV-B,0.5-2h,root_phloem,oxidative_stress,1.7433150509132873,0.15
UV-B,0.5-2h,root_phloem,root_columella,1.256500159071527,0.28
UV-B,0.5-2h,root_phloem,root_cortex,1.547168382405602,0.225
UV-B,0.5-2h,root_phloem,root_endodermis,0.9743800739687012,0.41
UV-B,0.5-2h,root_phloem,root_epidermis,0.21086121965555335,0.81
UV-B,0.5-2h,root_phloem,root_lateral_root_cap,0.09601254849438039,0.895
UV-B,0.5-2h,root_phloem,root_meristem,0.6809779185116083,0.61
UV-B,0.5-2h,root_phloem,root_pericycle,1.9537454483845953,0.115
UV-B,0.5-2h,root_phloem,root_stele,0.7270006177358618,0.61
UV-B,0.5-2h,root_phloem,root_xylem,0.8359228879175005,0.51
UV-B,0.5-2h,root_phloem,shoot_apical_meristem,0.8548282481884255,0.565
UV-B,0.5-2h,root_stele,cotyledon,0.8608223142183244,0.455
UV-B,0.5-2h,root_stele,dna_damage_response,0.738840697979213,0.575
UV-B,0.5-2h,root_stele,hormone_response_aba,0.80431237358608,0.52
UV-B,0.5-2h,root_stele,hormone_response_auxin,0.8527575596593728,0.51
UV-B,0.5-2h,root_stele,hormone_response_cytokinin,0.404678319710778,0.745
UV-B,0.5-2h,root_stele,hormone_response_ethylene,1.3683380601074036,0.245
UV-B,0.5-2h,root_stele,hormone_response_ja,0.3942046933154604,0.705
UV-B,0.5-2h,root_stele,hormone_response_sa,0.34409623035117076,0.77
UV-B,0.5-2h,root_stele,hypocotyl,0.9884365779963263,0.39
UV-B,0.5-2h,root_stele,leaf_epidermis,0.040543115548988616,0.93
UV-B,0.5-2h,root_stele,leaf_mesophyll,0.8028043693811612,0.525
UV-B,0.5-2h,root_stele,oxidative_stress,1.70252298070922,0.16
UV-B,0.5-2h,root_stele,root_columella,1.2270884971359812,0.32
UV-B,0.5-2h,root_stele,root_cortex,1.5109621720773003,0.2
UV-B,0.5-2h,root_stele,root_endodermis,0.9515729227016932,0.43
UV-B,0.5-2h,root_stele,root_epidermis,0.20592244905104062,0.805
UV-B,0.5-2h,root_stele,root_lateral_root_cap,0.09376470926043906,0.89
UV-B,0.5-2h,root_stele,root_meristem,0.6650353904992712,0.62
UV-B,0.5-2h,root_stele,root_pericycle,1.9080305271346905,0.18
UV-B,0.5-2h,root_stele,root_phloem,0.7271735675319234,0.61
UV-B,0.5-2h,root_stele,root_xylem,0.8163528315647827,0.51
UV-B,0.5-2h,root_stele,shoot_apical_meristem,0.8348137647497003,0.535
UV-B,0.5-2h,root_xylem,cotyledon,0.9895900000132636,0.31
UV-B,0.5-2h,root_xylem,dna_damage_response,0.849368421959897,0.48
UV-B,0.5-2h,root_xylem,hormone_response_aba,0.9246308642178088,0.355
UV-B,0.5-2h,root_xylem,hormone_response_auxin,0.9803199177270489,0.355
UV-B,0.5-2h,root_xylem,hormone_response_cytokinin,0.46522833451063994,0.655
UV-B,0.5-2h,root_xylem,hormone_response_ethylene,1.5729665101159223,0.14
UV-B,0.5-2h,root_xylem,hormone_response_ja,0.4531874028384975,0.64
UV-B,0.5-2h,root_xylem,hormone_response_sa,0.3955831407603329,0.705
UV-B,0.5-2h,root_xylem,hypocotyl,1.1362834973228122,0.27
UV-B,0.5-2h,root_xylem,leaf_epidermis,0.046610631724224263,0.915
UV-B,0.5-2h,root_xylem,leaf_mesophyll,0.9228969790463227,0.38
UV-B,0.5-2h,root_xylem,oxidative_stress,1.9570795331963418,0.1
UV-B,0.5-2h,root_xylem,root_columella,1.410608149135977,0.235
UV-B,0.5-2h,root_xylem,root_cortex,1.736900876658987,0.14
UV-B,0.5-2h,root_xylem,root_endodermis,1.0939082009374352,0.315
UV-B,0.5-2h,root_xylem,root_epidermis,0.2367370830321071,0.76
UV-B,0.5-2h,root_xylem,root_lateral_root_cap,0.10779650543633608,0.845
UV-B,0.5-2h,root_xylem,root_meristem,0.7645266377074341,0.49
UV-B,0.5-2h,root_xylem,root_pericycle,2.1932823518020057,0.055
UV-B,0.5-2h,root_xylem,root_phloem,0.8359579568088759,0.5
UV-B,0.5-2h,root_xylem,root_stele,0.8161926737885715,0.515
UV-B,0.5-2h,root_xylem,shoot_apical_meristem,0.9596932362444517,0.41
UV-B,0.5-2h,shoot_apical_meristem,cotyledon,1.011879422338803,0.315
UV-B,0.5-2h,shoot_apical_meristem,dna_damage_response,0.8684993059048871,0.465
UV-B,0.5-2h,shoot_apical_meristem,hormone_response_aba,0.9454583465176017,0.365
UV-B,0.5-2h,shoot_apical_meristem,hormone_response_auxin,1.002401962858927,0.355
UV-B,0.5-2h,shoot_apical_meristem,hormone_response_cytokinin,0.47571021845323125,0.675
UV-B,0.5-2h,shoot_apical_meristem,hormone_response_ethylene,1.6083870149272703,0.13
UV-B,0.5-2h,shoot_apical_meristem,hormone_response_ja,0.46339675472015684,0.655
UV-B,0.5-2h,shoot_apical_meristem,hormone_response_sa,0.40449557488195276,0.71
UV-B,0.5-2h,shoot_apical_meristem,hypocotyl,1.1618758135419502,0.335
UV-B,0.5-2h,shoot_apical_meristem,leaf_epidermis,0.047661094889086895,0.94
UV-B,0.5-2h,shoot_apical_meristem,leaf_mesophyll,0.9436843811037677,0.435
UV-B,0.5-2h,shoot_apical_meristem,oxidative_stress,2.0011394731204137,0.09
UV-B,0.5-2h,shoot_apical_meristem,root_columella,1.4423754206830033,0.21
UV-B,0.5-2h,shoot_apical_meristem,root_cortex,1.7760081879312684,0.16
UV-B,0.5-2h,shoot_apical_meristem,root_endodermis,1.1185450979510583,0.32
UV-B,0.5-2h,shoot_apical_meristem,root_epidermis,0.2420717021460607,0.805
UV-B,0.5-2h,shoot_apical_meristem,root_lateral_root_cap,0.11022519829861809,0.875
UV-B,0.5-2h,shoot_apical_meristem,root_meristem,0.7817482489985177,0.545
UV-B,0.5-2h,shoot_apical_meristem,root_pericycle,2.242656199620404,0.07
UV-B,0.5-2h,shoot_apical_meristem,root_phloem,0.8547903763292046,0.57
UV-B,0.5-2h,shoot_apical_meristem,root_stele,0.8345781656531315,0.535
UV-B,0.5-2h,shoot_apical_meristem,root_xylem,0.9596105552539131,0.41
UV-B,6-12h,cotyledon,dna_damage_response,0.8937443360428308,0.405
UV-B,6-12h,cotyledon,hormone_response_aba,0.9638778469720893,0.34
UV-B,6-12h,cotyledon,hormone_response_auxin,1.0066712962902755,0.305
UV-B,6-12h,cotyledon,hormone_response_cytokinin,0.48082095392385715,0.615
UV-B,6-12h,cotyledon,hormone_response_ethylene,1.6815059957976985,0.125
UV-B,6-12h,cotyledon,hormone_response_ja,0.4689425483310351,0.605
UV-B,6-12h,cotyledon,hormone_response_sa,0.4117242362037656,0.68
UV-B,6-12h,cotyledon,hypocotyl,1.1801194547346936,0.295
UV-B,6-12h,cotyledon,leaf_epidermis,0.0485661746001616,0.91
UV-B,6-12h,cotyledon,leaf_mesophyll,0.9740699195100898,0.305
UV-B,6-12h,cotyledon,oxidative_stress,2.0608460385029077,0.055
UV-B,6-12h,cotyledon,root_columella,1.4871708534301207,0.22
UV-B,6-12h,cotyledon,root_cortex,1.8391904708571634,0.135
UV-B,6-12h,cotyledon,root_endodermis,1.1389361550557764,0.265
UV-B,6-12h,cotyledon,root_epidermis,0.24482673019510243,0.755
UV-B,6-12h,cotyledon,root_lateral_root_cap,0.11045736219622329,0.845
UV-B,6-12h,cotyledon,root_meristem,0.8075594946388163,0.44
UV-B,6-12h,cotyledon,root_pericycle,2.2954566821214946,0.07
UV-B,6-12h,cotyledon,root_phloem,0.8777953928387754,0.435
UV-B,6-12h,cotyledon,root_stele,0.85674822140935,0.455
UV-B,6-12h,cotyledon,root_xylem,0.9796456879106041,0.31
UV-B,6-12h,cotyledon,shoot_apical_meristem,0.9983983604211951,0.315
UV-B,6-12h,dna_damage_response,cotyledon,0.8943604008106322,0.405
UV-B,6-12h,dna_damage_response,hormone_response_aba,0.8385130666438265,0.51
UV-B,6-12h,dna_damage_response,hormone_response_auxin,0.8757418378124335,0.525
UV-B,6-12h,dna_damage_response,hormone_response_cytokinin,0.41827096195975433,0.72
UV-B,6-12h,dna_damage_response,hormone_response_ethylene,1.4628696043019862,0.205
UV-B,6-12h,dna_damage_response,hormone_response_ja,0.407939693454634,0.705
UV-B,6-12h,dna_damage_response,hormone_response_sa,0.3581624558229318,0.76
UV-B,6-12h,dna_damage_response,hypocotyl,1.0266436266836816,0.385
UV-B,6-12h,dna_damage_response,leaf_epidermis,0.04224692265583402,0.95
UV-B,6-12h,dna_damage_response,leaf_mesophyll,0.8473817890464395,0.49
UV-B,6-12h,dna_damage_response,oxidative_stress,1.7929321261420923,0.145
UV-B,6-12h,dna_damage_response,root_columella,1.2937865498103134,0.275
UV-B,6-12h,dna_damage_response,root_cortex,1.6000699858174476,0.24
UV-B,6-12h,dna_damage_response,root_endodermis,0.9908162123605825,0.38
UV-B,6-12h,dna_damage_response,root_epidermis,0.2129737218130576,0.785
UV-B,6-12h,dna_damage_response,root_lateral_root_cap,0.09608645358532135,0.895
UV-B,6-12h,dna_damage_response,root_meristem,0.7025202742016298,0.575
UV-B,6-12h,dna_damage_response,root_pericycle,1.9970692479168983,0.115
UV-B,6-12h,dna_damage_response,root_phloem,0.7636201387448436,0.62
UV-B,6-12h,dna_damage_response,root_stele,0.745312646710094,0.57
UV-B,6-12h,dna_damage_response,root_xylem,0.8522311813102476,0.475
UV-B,6-12h,dna_damage_response,shoot_apical_meristem,0.8685442470948375,0.46
UV-B,6-12h,hormone_response_aba,cotyledon,0.9636706849276053,0.345
UV-B,6-12h,hormone_response_aba,dna_damage_response,0.8377550891622756,0.51
UV-B,6-12h,hormone_response_aba,hormone_response_auxin,0.9436130727187565,0.435
UV-B,6-12h,hormone_response_aba,hormone_response_cytokinin,0.4506949671799979,0.645
UV-B,6-12h,hormone_response_aba,hormone_response_ethylene,1.576207227856068,0.19
UV-B,6-12h,hormone_response_aba,hormone_response_ja,0.4395597124880464,0.68
UV-B,6-12h,hormone_response_aba,hormone_response_sa,0.38592631574580005,0.72
UV-B,6-12h,hormone_response_aba,hypocotyl,1.1062014883319016,0.295
UV-B,6-12h,hormone_response_aba,leaf_epidermis,0.045522720915510885,0.945
UV-B,6-12h,hormone_response_aba,leaf_mesophyll,0.9130517099737129,0.385
UV-B,6-12h,hormone_response_aba,oxidative_stress,1.9318125961548978,0.105
UV-B,6-12h,hormone_response_aba,root_columella,1.394033672770787,0.22
UV-B,6-12h,hormone_response_aba,root_cortex,1.7240237434399603,0.12
UV-B,6-12h,hormone_response_aba,root_endodermis,1.0675953524303676,0.345
UV-B,6-12h,hormone_response_aba,root_epidermis,0.22948559029972204,0.755
UV-B,6-12h,hormone_response_aba,root_lateral_root_cap,0.1035351567818799,0.84
UV-B,6-12h,hormone_response_aba,root_meristem,0.7569682181727189,0.475
UV-B,6-12h,hormone_response_aba,root_pericycle,2.1517500004756163,0.105
UV-B,6-12h,hormone_response_aba,root_phloem,0.822807447811698,0.545
UV-B,6-12h,hormone_response_aba,root_stele,0.803076904593228,0.52
UV-B,6-12h,hormone_response_aba,root_xylem,0.9182790387150928,0.355
UV-B,6-12h,hormone_response_aba,shoot_apical_meristem,0.9358582149741941,0.375
UV-B,6-12h,hormone_response_auxin,cotyledon,1.00653206736152,0.305
UV-B,6-12h,hormone_response_auxin,dna_damage_response,0.8750172745725812,0.525
UV-B,6-12h,hormone_response_auxin,hormone_response_aba,0.9436853341579196,0.435
UV-B,6-12h,hormone_response_auxin,hormone_response_cytokinin,0.4707462568541192,0.655
UV-B,6-12h,hormone_response_auxin,hormone_response_ethylene,1.6462915199630357,0.17
UV-B,6-12h,hormone_response_auxin,hormone_response_ja,0.4591146241755502,0.685
UV-B,6-12h,hormone_response_auxin,hormone_response_sa,0.40309609255158163,0.715
UV-B,6-12h,hormone_response_auxin,hypocotyl,1.1553991958078296,0.29
UV-B,6-12h,hormone_response_auxin,leaf_epidermis,0.047548488735907696,0.93
UV-B,6-12h,hormone_response_auxin,leaf_mesophyll,0.9536623358554779,0.37
UV-B,6-12h,hormone_response_auxin,oxidative_stress,2.0176915432364884,0.09
UV-B,6-12h,hormone_response_auxin,root_columella,1.4560239796187906,0.215
UV-B,6-12h,hormone_response_auxin,root_cortex,1.8006738417434198,0.13
UV-B,6-12h,hormone_response_auxin,root_endodermis,1.1150757059493157,0.27
UV-B,6-12h,hormone_response_auxin,root_epidermis,0.2396966066713277,0.78
UV-B,6-12h,hormone_response_auxin,root_lateral_root_cap,0.10814184611968819,0.865
UV-B,6-12h,hormone_response_auxin,root_meristem,0.7906392644835015,0.55
UV-B,6-12h,hormone_response_auxin,root_pericycle,2.247397453134834,0.075
UV-B,6-12h,hormone_response_auxin,root_phloem,0.8594079634625357,0.52
UV-B,6-12h,hormone_response_auxin,root_stele,0.8387985275336184,0.52
UV-B,6-12h,hormone_response_auxin,root_xylem,0.959122755480078,0.375
UV-B,6-12h,hormone_response_auxin,shoot_apical_meristem,0.9774843385217064,0.36
UV-B,6-12h,hormone_response_cytokinin,cotyledon,0.48105020526288034,0.605
UV-B,6-12h,hormone_response_cytokinin,dna_damage_response,0.41818212756134987,0.72
UV-B,6-12h,hormone_response_cytokinin,hormone_response_aba,0.45100680260725756,0.645
UV-B,6-12h,hormone_response_cytokinin,hormone_response_auxin,0.47103580364101716,0.65
UV-B,6-12h,hormone_response_cytokinin,hormone_response_ethylene,0.7869345398795031,0.53
UV-B,6-12h,hormone_response_cytokinin,hormone_response_ja,0.21939406938661718,0.83
UV-B,6-12h,hormone_response_cytokinin,hormone_response_sa,0.1926220745331163,0.84
UV-B,6-12h,hormone_response_cytokinin,hypocotyl,0.5522183906721445,0.59
UV-B,6-12h,hormone_response_cytokinin,leaf_epidermis,0.022719306881617607,0.98
UV-B,6-12h,hormone_response_cytokinin,leaf_mesophyll,0.45577636406944433,0.65
UV-B,6-12h,hormone_response_cytokinin,oxidative_stress,0.9645547845723988,0.35
UV-B,6-12h,hormone_response_cytokinin,root_columella,0.6959528093923242,0.65
UV-B,6-12h,hormone_response_cytokinin,root_cortex,0.8607633575532778,0.47
UV-B,6-12h,hormone_response_cytokinin,root_endodermis,0.532940891502379,0.605
UV-B,6-12h,hormone_response_cytokinin,root_epidermis,0.11453579175196885,0.865
UV-B,6-12h,hormone_response_cytokinin,root_lateral_root_cap,0.05167252270942038,0.94
UV-B,6-12h,hormone_response_cytokinin,root_meristem,0.377848616574725,0.76
UV-B,6-12h,hormone_response_cytokinin,root_pericycle,1.0744263636813414,0.35
UV-B,6-12h,hormone_response_cytokinin,root_phloem,0.4107199713660709,0.73
UV-B,6-12h,hormone_response_cytokinin,root_stele,0.40086880666325675,0.735
UV-B,6-12h,hormone_response_cytokinin,root_xylem,0.458386462126405,0.655
UV-B,6-12h,hormone_response_cytokinin,shoot_apical_meristem,0.46716381611798297,0.675
UV-B,6-12h,hormone_response_ethylene,cotyledon,1.6792124919778437,0.125
UV-B,6-12h,hormone_response_ethylene,dna_damage_response,1.4598674590911256,0.21
UV-B,6-12h,hormone_response_ethylene,hormone_response_aba,1.5743952790641764,0.185
UV-B,6-12h,hormone_response_ethylene,hormone_response_auxin,1.6442733258591808,0.17
UV-B,6-12h,hormone_response_ethylene,hormone_response_cytokinin,0.7854862337513102,0.53
UV-B,6-12h,hormone_response_ethylene,hormone_response_ja,0.7660823524710859,0.5
UV-B,6-12h,hormone_response_ethylene,hormone_response_sa,0.672620781465694,0.56
UV-B,6-12h,hormone_response_ethylene,hypocotyl,1.9274777136438883,0.125
UV-B,6-12h,hormone_response_ethylene,leaf_epidermis,0.07934992424138743,0.87
UV-B,6-12h,hormone_response_ethylene,leaf_mesophyll,1.5910365182106279,0.135
UV-B,6-12h,hormone_response_ethylene,oxidative_stress,3.3650660406783897,0.02
UV-B,6-12h,hormone_response_ethylene,root_columella,2.4287578916713417,0.02
UV-B,6-12h,hormone_response_ethylene,root_cortex,3.003333829025657,0.01
UV-B,6-12h,hormone_response_ethylene,root_endodermis,1.860234574252294,0.14
UV-B,6-12h,hormone_response_ethylene,root_epidermis,0.39998658687922634,0.67
UV-B,6-12h,hormone_response_ethylene,root_lateral_root_cap,0.18046676678874565,0.825
UV-B,6-12h,hormone_response_ethylene,root_meristem,1.3191265921597781,0.245
UV-B,6-12h,hormone_response_ethylene,root_pericycle,3.7478894297077097,0.01
UV-B,6-12h,hormone_response_ethylene,root_phloem,1.433827382887086,0.275
UV-B,6-12h,hormone_response_ethylene,root_stele,1.3994546187973649,0.235
UV-B,6-12h,hormone_response_ethylene,root_xylem,1.600142444263911,0.14
UV-B,6-12h,hormone_response_ethylene,shoot_apical_meristem,1.6307648651747677,0.135
UV-B,6-12h,hormone_response_ja,cotyledon,0.4695445393674147,0.605
UV-B,6-12h,hormone_response_ja,dna_damage_response,0.40818175985356003,0.7
UV-B,6-12h,hormone_response_ja,hormone_response_aba,0.44021880762413845,0.665
UV-B,6-12h,hormone_response_ja,hormone_response_auxin,0.4597679777434301,0.685
UV-B,6-12h,hormone_response_ja,hormone_response_cytokinin,0.21957109098448002,0.825
UV-B,6-12h,hormone_response_ja,hormone_response_ethylene,0.7681142012585678,0.5
UV-B,6-12h,hormone_response_ja,hormone_response_sa,0.18801448269319995,0.86
UV-B,6-12h,hormone_response_ja,hypocotyl,0.5390102962701677,0.595
UV-B,6-12h,hormone_response_ja,leaf_epidermis,0.022175607574294025,0.98
UV-B,6-12h,hormone_response_ja,leaf_mesophyll,0.4448756728189295,0.645
UV-B,6-12h,hormone_response_ja,oxidative_stress,0.9414915698428218,0.39
UV-B,6-12h,hormone_response_ja,root_columella,0.6793073323617879,0.635
UV-B,6-12h,hormone_response_ja,root_cortex,0.8401806839305874,0.48
UV-B,6-12h,hormone_response_ja,root_endodermis,0.5201956616055535,0.595
UV-B,6-12h,hormone_response_ja,root_epidermis,0.11179520300682672,0.855
UV-B,6-12h,hormone_response_ja,root_lateral_root_cap,0.05043676040935401,0.94
UV-B,6-12h,hormone_response_ja,root_meristem,0.3688111874856164,0.765
UV-B,6-12h,hormone_response_ja,root_pericycle,1.0487353163375546,0.355
UV-B,6-12h,hormone_response_ja,root_phloem,0.40089353953096873,0.74
UV-B,6-12h,hormone_response_ja,root_stele,0.3912803683795399,0.705
UV-B,6-12h,hormone_response_ja,root_xylem,0.44742224450696116,0.63
UV-B,6-12h,hormone_response_ja,shoot_apical_meristem,0.4559884379218482,0.675
UV-B,6-12h,hormone_response_sa,cotyledon,0.4120007409539171,0.675
UV-B,6-12h,hormone_response_sa,dna_damage_response,0.3581561190200002,0.76
UV-B,6-12h,hormone_response_sa,hormone_response_aba,0.38626860900929466,0.72
UV-B,6-12h,hormone_response_sa,hormone_response_auxin,0.40342263732845995,0.715
UV-B,6-12h,hormone_response_sa,hormone_response_cytokinin,0.192659580201932,0.84
UV-B,6-12h,hormone_response_sa,hormone_response_ethylene,0.6739922793466169,0.56
UV-B,6-12h,hormone_response_sa,hormone_response_ja,0.18789960260419838,0.865
UV-B,6-12h,hormone_response_sa,hypocotyl,0.4729554386824918,0.63
UV-B,6-12h,hormone_response_sa,leaf_epidermis,0.019457497291768013,0.99
UV-B,6-12h,hormone_response_sa,leaf_mesophyll,0.3903543408442372,0.725
UV-B,6-12h,hormone_response_sa,oxidative_stress,0.8261315510063102,0.51
UV-B,6-12h,hormone_response_sa,root_columella,0.5960644042996576,0.645
UV-B,6-12h,hormone_response_sa,root_cortex,0.7372298078849806,0.58
UV-B,6-12h,hormone_response_sa,root_endodermis,0.4564453620382583,0.625
UV-B,6-12h,hormone_response_sa,root_epidermis,0.09809266388889887,0.89
UV-B,6-12h,hormone_response_sa,root_lateral_root_cap,0.04425440872512233,0.96
UV-B,6-12h,hormone_response_sa,root_meristem,0.3236105337745992,0.775
UV-B,6-12h,hormone_response_sa,root_pericycle,0.9202411456504962,0.49
UV-B,6-12h,hormone_response_sa,root_phloem,0.3517625686224639,0.755
UV-B,6-12h,hormone_response_sa,root_stele,0.34332651986670926,0.77
UV-B,6-12h,hormone_response_sa,root_xylem,0.39258925281478046,0.705
UV-B,6-12h,hormone_response_sa,shoot_apical_meristem,0.4001062709414448,0.71
UV-B,6-12h,hypocotyl,cotyledon,1.1798548653688519,0.295
UV-B,6-12h,hypocotyl,dna_damage_response,1.0257062966112467,0.385
UV-B,6-12h,hypocotyl,hormone_response_aba,1.1061911292740045,0.295
UV-B,6-12h,hypocotyl,hormone_response_auxin,1.1552999244133064,0.3
UV-B,6-12h,hypocotyl,hormone_response_cytokinin,0.5518314926831621,0.6
UV-B,6-12h,hypocotyl,hormone_response_ethylene,1.9296772605746404,0.12
UV-B,6-12h,hypocotyl,hormone_response_ja,0.5381983631672358,0.59
UV-B,6-12h,hypocotyl,hormone_response_sa,0.47253203538346744,0.63
UV-B,6-12h,hypocotyl,leaf_epidermis,0.05574047959469547,0.905
UV-B,6-12h,hypocotyl,leaf_mesophyll,1.1178864702313258,0.3
UV-B,6-12h,hypocotyl,oxidative_stress,2.3649391664180004,0.025
UV-B,6-12h,hypocotyl,root_columella,1.7066840161873862,0.19
UV-B,6-12h,hypocotyl,root_cortex,2.1106095813397516,0.065
UV-B,6-12h,hypocotyl,root_endodermis,1.307078956166532,0.255
UV-B,6-12h,hypocotyl,root_epidermis,0.2809890464271922,0.755
UV-B,6-12h,hypocotyl,root_lateral_root_cap,0.12677337848138778,0.825
UV-B,6-12h,hypocotyl,root_meristem,0.9268025801191333,0.415
UV-B,6-12h,hypocotyl,root_pericycle,2.63412625161766,0.06
UV-B,6-12h,hypocotyl,root_phloem,1.0074060998825618,0.39
UV-B,6-12h,hypocotyl,root_stele,0.9832513442441229,0.38
UV-B,6-12h,hypocotyl,root_xylem,1.1242856827059546,0.265
UV-B,6-12h,hypocotyl,shoot_apical_meristem,1.1458062927974042,0.34
UV-B,6-12h,leaf_epidermis,cotyledon,0.048590959166262465,0.91
UV-B,6-12h,leaf_epidermis,dna_damage_response,0.04223938646071312,0.96
UV-B,6-12h,leaf_epidermis,hormone_response_aba,0.045555725597993785,0.94
UV-B,6-12h,leaf_epidermis,hormone_response_auxin,0.047579299950859084,0.925
UV-B,6-12h,leaf_epidermis,hormone_response_cytokinin,0.022720066686757932,0.98
UV-B,6-12h,leaf_epidermis,hormone_response_ethylene,0.07949888251467352,0.87
UV-B,6-12h,leaf_epidermis,hormone_response_ja,0.022158471896359777,0.98
UV-B,6-12h,leaf_epidermis,hormone_response_sa,0.019454366741459343,0.995
UV-B,6-12h,leaf_epidermis,hypocotyl,0.05578141543416431,0.9
UV-B,6-12h,leaf_epidermis,leaf_mesophyll,0.046037504465827286,0.93
UV-B,6-12h,leaf_epidermis,oxidative_stress,0.09744992335498072,0.865
UV-B,6-12h,leaf_epidermis,root_columella,0.07030487643391849,0.895
UV-B,6-12h,leaf_epidermis,root_cortex,0.08695992446855932,0.885
UV-B,6-12h,leaf_epidermis,root_endodermis,0.053833565131863235,0.905
UV-B,6-12h,leaf_epidermis,root_epidermis,0.011567497856617072,0.99
UV-B,6-12h,leaf_epidermis,root_lateral_root_cap,0.005218462334190574,1.0
UV-B,6-12h,leaf_epidermis,root_meristem,0.03816483862433711,0.985
UV-B,6-12h,leaf_epidermis,root_pericycle,0.10855558548446818,0.875
UV-B,6-12h,leaf_epidermis,root_phloem,0.04148580107338222,0.975
UV-B,6-12h,leaf_epidermis,root_stele,0.04049044076423974,0.93
UV-B,6-12h,leaf_epidermis,root_xylem,0.046301272586913515,0.91
UV-B,6-12h,leaf_epidermis,shoot_apical_meristem,0.047188122216615634,0.94
UV-B,6-12h,leaf_mesophyll,cotyledon,0.9741253294768715,0.3
UV-B,6-12h,leaf_mesophyll,dna_damage_response,0.8468460866726234,0.49
UV-B,6-12h,leaf_mesophyll,hormone_response_aba,0.9133001095030562,0.375
UV-B,6-12h,leaf_mesophyll,hormone_response_auxin,0.9538487113021554,0.37
UV-B,6-12h,leaf_mesophyll,hormone_response_cytokinin,0.45558508799554653,0.655
UV-B,6-12h,leaf_mesophyll,hormone_response_ethylene,1.5933006331436583,0.135
UV-B,6-12h,leaf_mesophyll,hormone_response_ja,0.444330592528615,0.645
UV-B,6-12h,leaf_mesophyll,hormone_response_sa,0.39011451903972627,0.725
UV-B,6-12h,leaf_mesophyll,hypocotyl,1.1182008775087693,0.305
UV-B,6-12h,leaf_mesophyll,leaf_epidermis,0.04601664353231731,0.93
UV-B,6-12h,leaf_mesophyll,oxidative_stress,1.9527613631322813,0.1
UV-B,6-12h,leaf_mesophyll,root_columella,1.4091525091100423,0.225
UV-B,6-12h,leaf_mesophyll,root_cortex,1.7427211404336869,0.115
UV-B,6-12h,leaf_mesophyll,root_endodermis,1.0791779873135463,0.29
UV-B,6-12h,leaf_mesophyll,root_epidermis,0.2319755499624882,0.77
UV-B,6-12h,leaf_mesophyll,root_lateral_root_cap,0.10465924692657312,0.86
UV-B,6-12h,leaf_mesophyll,root_meristem,0.7651815859982564,0.52
UV-B,6-12h,leaf_mesophyll,root_pericycle,2.175079353848887,0.075
UV-B,6-12h,leaf_mesophyll,root_phloem,0.8317321150318996,0.52
UV-B,6-12h,leaf_mesophyll,root_stele,0.8117898482055145,0.525
UV-B,6-12h,leaf_mesophyll,root_xylem,0.9282409548386211,0.37
UV-B,6-12h,leaf_mesophyll,shoot_apical_meristem,0.9460096051725415,0.41
UV-B,6-12h,oxidative_stress,cotyledon,2.058402402951048,0.055
UV-B,6-12h,oxidative_stress,dna_damage_response,1.7895715155793799,0.15
UV-B,6-12h,oxidative_stress,hormone_response_aba,1.9299364012624622,0.105
UV-B,6-12h,oxidative_stress,hormone_response_auxin,2.015578334432087,0.095
UV-B,6-12h,oxidative_stress,hormone_response_cytokinin,0.9629515118160382,0.36
UV-B,6-12h,oxidative_stress,hormone_response_ethylene,3.3656658247748523,0.015
UV-B,6-12h,oxidative_stress,hormone_response_ja,0.9391686107296616,0.39
UV-B,6-12h,oxidative_stress,hormone_response_sa,0.8245975034894086,0.51
UV-B,6-12h,oxidative_stress,hypocotyl,2.3626653280886734,0.03
UV-B,6-12h,oxidative_stress,leaf_epidermis,0.09728470201388888,0.865
UV-B,6-12h,oxidative_stress,leaf_mesophyll,1.9503344170630752,0.1
UV-B,6-12h,oxidative_stress,root_columella,2.9769637664038404,0.02
UV-B,6-12h,oxidative_stress,root_cortex,3.681008392616418,0.01
UV-B,6-12h,oxidative_stress,root_endodermis,2.28025944081402,0.045
UV-B,6-12h,oxidative_stress,root_epidermis,0.490375566348016,0.58
UV-B,6-12h,oxidative_stress,root_lateral_root_cap,0.22125500087146432,0.795
UV-B,6-12h,oxidative_stress,root_meristem,1.617067057815338,0.14
UV-B,6-12h,oxidative_stress,root_pericycle,4.593197418850361,0.0
UV-B,6-12h,oxidative_stress,root_phloem,1.7576480826230907,0.15
UV-B,6-12h,oxidative_stress,root_stele,1.7155225663729359,0.17
UV-B,6-12h,oxidative_stress,root_xylem,1.96149305329014,0.1
UV-B,6-12h,oxidative_stress,shoot_apical_meristem,1.999022197405184,0.095
UV-B,6-12h,root_columella,cotyledon,1.4859750120499209,0.225
UV-B,6-12h,root_columella,dna_damage_response,1.2918553701406512,0.285
UV-B,6-12h,root_columella,hormone_response_aba,1.3932118627550216,0.235
UV-B,6-12h,root_columella,hormone_response_auxin,1.4550543218343914,0.22
UV-B,6-12h,root_columella,hormone_response_cytokinin,0.6950616589470978,0.645
UV-B,6-12h,root_columella,hormone_response_ethylene,2.430118962417034,0.015
UV-B,6-12h,root_columella,hormone_response_ja,0.6778903262670642,0.635
UV-B,6-12h,root_columella,hormone_response_sa,0.595185211051872,0.645
UV-B,6-12h,root_columella,hypocotyl,1.7056941682338316,0.195
UV-B,6-12h,root_columella,leaf_epidermis,0.07021252684004678,0.895
UV-B,6-12h,root_columella,leaf_mesophyll,1.4079390167096941,0.225
UV-B,6-12h,root_columella,oxidative_stress,2.9781003708888822,0.02
UV-B,6-12h,root_columella,root_cortex,2.657913558137667,0.035
UV-B,6-12h,root_columella,root_endodermis,1.6461816438130366,0.21
UV-B,6-12h,root_columella,root_epidermis,0.3539329732372112,0.785
UV-B,6-12h,root_columella,root_lateral_root_cap,0.15968608809585602,0.845
UV-B,6-12h,root_columella,root_meristem,1.1673032424944547,0.29
UV-B,6-12h,root_columella,root_pericycle,3.3169710769418375,0.02
UV-B,6-12h,root_columella,root_phloem,1.268811729019014,0.28
UV-B,6-12h,root_columella,root_stele,1.2383917460559757,0.32
UV-B,6-12h,root_columella,root_xylem,1.4159980625277884,0.24
UV-B,6-12h,root_columella,shoot_apical_meristem,1.4430992939899547,0.22
UV-B,6-12h,root_cortex,cotyledon,1.8377108275230438,0.14
UV-B,6-12h,root_cortex,dna_damage_response,1.5976807292952044,0.24
UV-B,6-12h,root_cortex,hormone_response_aba,1.7230068953628133,0.115
UV-B,6-12h,root_cortex,hormone_response_auxin,1.799474382494826,0.14
UV-B,6-12h,root_cortex,hormone_response_cytokinin,0.859660702924116,0.47
UV-B,6-12h,root_cortex,hormone_response_ethylene,3.0050157073529027,0.01
UV-B,6-12h,root_cortex,hormone_response_ja,0.8384277377922121,0.48
UV-B,6-12h,root_cortex,hormone_response_sa,0.7361419297014873,0.58
UV-B,6-12h,root_cortex,hypocotyl,2.1093849028790204,0.065
UV-B,6-12h,root_cortex,leaf_epidermis,0.08684563187446957,0.895
UV-B,6-12h,root_cortex,leaf_mesophyll,1.7412197821976665,0.125
UV-B,6-12h,root_cortex,oxidative_stress,3.6824130047460444,0.005
UV-B,6-12h,root_cortex,root_columella,2.657912992750043,0.035
UV-B,6-12h,root_cortex,root_endodermis,2.0358044016925265,0.09
UV-B,6-12h,root_cortex,root_epidermis,0.4377649129755866,0.69
UV-B,6-12h,root_cortex,root_lateral_root_cap,0.19751460241618826,0.81
UV-B,6-12h,root_cortex,root_meristem,1.4436606538992889,0.22
UV-B,6-12h,root_cortex,root_pericycle,4.101266415741602,0.01
UV-B,6-12h,root_cortex,root_phloem,1.5691779876365988,0.225
UV-B,6-12h,root_cortex,root_stele,1.5315661042592652,0.205
UV-B,6-12h,root_cortex,root_xylem,1.7511829406194908,0.14
UV-B,6-12h,root_cortex,shoot_apical_meristem,1.7846917478582718,0.17
UV-B,6-12h,root_endodermis,cotyledon,1.1387704809111199,0.265
UV-B,6-12h,root_endodermis,dna_damage_response,0.9899893988315037,0.38
UV-B,6-12h,root_endodermis,hormone_response_aba,1.0676696914758588,0.345
UV-B,6-12h,root_endodermis,hormone_response_auxin,1.1150680734017793,0.275
UV-B,6-12h,root_endodermis,hormone_response_cytokinin,0.5326094204631575,0.605
UV-B,6-12h,root_endodermis,hormone_response_ethylene,1.86250471305235,0.14
UV-B,6-12h,root_endodermis,hormone_response_ja,0.5194531588381419,0.595
UV-B,6-12h,root_endodermis,hormone_response_sa,0.45607257553702524,0.625
UV-B,6-12h,root_endodermis,hypocotyl,1.3071821107022041,0.255
UV-B,6-12h,root_endodermis,leaf_epidermis,0.053798279626058564,0.905
UV-B,6-12h,root_endodermis,leaf_mesophyll,1.0789596085759847,0.295
UV-B,6-12h,root_endodermis,oxidative_stress,2.282635003034728,0.045
UV-B,6-12h,root_endodermis,root_columella,1.647267200409595,0.185
UV-B,6-12h,root_endodermis,root_cortex,2.0371476112001337,0.085
UV-B,6-12h,root_endodermis,root_epidermis,0.2711997350855234,0.77
UV-B,6-12h,root_endodermis,root_lateral_root_cap,0.12235727434725585,0.82
UV-B,6-12h,root_endodermis,root_meristem,0.8945265557898201,0.42
UV-B,6-12h,root_endodermis,root_pericycle,2.542462529677313,0.07
UV-B,6-12h,root_endodermis,root_phloem,0.9723206095901337,0.405
UV-B,6-12h,root_endodermis,root_stele,0.9490096714516479,0.415
UV-B,6-12h,root_endodermis,root_xylem,1.0851346766431538,0.32
UV-B,6-12h,root_endodermis,shoot_apical_meristem,1.1059046884714416,0.32
UV-B,6-12h,root_epidermis,cotyledon,0.24492672020762657,0.755
UV-B,6-12h,root_epidermis,dna_damage_response,0.2129140310767667,0.785
UV-B,6-12h,root_epidermis,hormone_response_aba,0.22962863129070168,0.755
UV-B,6-12h,root_epidermis,hormone_response_auxin,0.23982753408696134,0.775
UV-B,6-12h,root_epidermis,hormone_response_cytokinin,0.1145279616163117,0.865
UV-B,6-12h,root_epidermis,hormone_response_ethylene,0.4006966199385271,0.67
UV-B,6-12h,root_epidermis,hormone_response_ja,0.111697481971625,0.86
UV-B,6-12h,root_epidermis,hormone_response_sa,0.09806689639170539,0.89
UV-B,6-12h,root_epidermis,hypocotyl,0.2811667739581487,0.755
UV-B,6-12h,root_epidermis,leaf_epidermis,0.011566319437329742,0.99
UV-B,6-12h,root_epidermis,leaf_mesophyll,0.23205708976973435,0.77
UV-B,6-12h,root_epidermis,oxidative_stress,0.4911583454789037,0.58
UV-B,6-12h,root_epidermis,root_columella,0.35436239635559313,0.785
UV-B,6-12h,root_epidermis,root_cortex,0.4382963369983701,0.69
UV-B,6-12h,root_epidermis,root_endodermis,0.2713499964824854,0.77
UV-B,6-12h,root_epidermis,root_lateral_root_cap,0.026306369750109346,0.975
UV-B,6-12h,root_epidermis,root_meristem,0.1923769602718268,0.825
UV-B,6-12h,root_epidermis,root_pericycle,0.5471199801935852,0.625
UV-B,6-12h,root_epidermis,root_phloem,0.2091149765726238,0.81
UV-B,6-12h,root_epidermis,root_stele,0.20409854811353123,0.8
UV-B,6-12h,root_epidermis,root_xylem,0.23338630585358128,0.76
UV-B,6-12h,root_epidermis,shoot_apical_meristem,0.23785592514522425,0.805
UV-B,6-12h,root_lateral_root_cap,cotyledon,0.11060707014376539,0.845
UV-B,6-12h,root_lateral_root_cap,dna_damage_response,0.0961503547122858,0.895
UV-B,6-12h,root_lateral_root_cap,hormone_response_aba,0.1036978572049293,0.835
UV-B,6-12h,root_lateral_root_cap,hormone_response_auxin,0.10830350162093981,0.855
UV-B,6-12h,root_lateral_root_cap,hormone_response_cytokinin,0.051717899746985714,0.94
UV-B,6-12h,root_lateral_root_cap,hormone_response_ethylene,0.1809585129950861,0.825
UV-B,6-12h,root_lateral_root_cap,hormone_response_ja,0.05044040097143974,0.94
UV-B,6-12h,root_lateral_root_cap,hormone_response_sa,0.04428462385368097,0.96
UV-B,6-12h,root_lateral_root_cap,hypocotyl,0.1269737291158723,0.825
UV-B,6-12h,root_lateral_root_cap,leaf_epidermis,0.005222866016965367,1.0
UV-B,6-12h,root_lateral_root_cap,leaf_mesophyll,0.1047951534821579,0.855
UV-B,6-12h,root_lateral_root_cap,oxidative_stress,0.22181840731662536,0.795
UV-B,6-12h,root_lateral_root_cap,root_columella,0.1600313986383887,0.845
UV-B,6-12h,root_lateral_root_cap,root_cortex,0.1979418803999506,0.81
UV-B,6-12h,root_lateral_root_cap,root_endodermis,0.12254099225408784,0.82
UV-B,6-12h,root_lateral_root_cap,root_epidermis,0.026331244186226756,0.975
UV-B,6-12h,root_lateral_root_cap,root_meristem,0.08687492647107707,0.9
UV-B,6-12h,root_lateral_root_cap,root_pericycle,0.24709474361748168,0.775
UV-B,6-12h,root_lateral_root_cap,root_phloem,0.09443278562229754,0.895
UV-B,6-12h,root_lateral_root_cap,root_stele,0.09216830728238605,0.89
UV-B,6-12h,root_lateral_root_cap,root_xylem,0.10539497320366822,0.845
UV-B,6-12h,root_lateral_root_cap,shoot_apical_meristem,0.10741301562653259,0.875
UV-B,6-12h,root_meristem,cotyledon,0.8077749592890269,0.44
UV-B,6-12h,root_meristem,dna_damage_response,0.702223722604563,0.575
UV-B,6-12h,root_meristem,hormone_response_aba,0.7573330950862373,0.47
UV-B,6-12h,root_meristem,hormone_response_auxin,0.7909596575562369,0.54
UV-B,6-12h,root_meristem,hormone_response_cytokinin,0.37776930838233197,0.76
UV-B,6-12h,root_meristem,hormone_response_ethylene,1.3212811497562837,0.24
UV-B,6-12h,root_meristem,hormone_response_ja,0.3684367503772303,0.76
UV-B,6-12h,root_meristem,hormone_response_sa,0.32347964492944825,0.775
UV-B,6-12h,root_meristem,hypocotyl,0.9272577721867287,0.415
UV-B,6-12h,root_meristem,leaf_epidermis,0.03815553884176657,0.99
UV-B,6-12h,root_meristem,leaf_mesophyll,0.7653422939350087,0.52
UV-B,6-12h,root_meristem,oxidative_stress,1.6194194162195787,0.14
UV-B,6-12h,root_meristem,root_columella,1.1685544804557568,0.29
UV-B,6-12h,root_meristem,root_cortex,1.445208914017768,0.215
UV-B,6-12h,root_meristem,root_endodermis,0.8948955699738123,0.42
UV-B,6-12h,root_meristem,root_epidermis,0.19234968163696997,0.83
UV-B,6-12h,root_meristem,root_lateral_root_cap,0.08678052864408092,0.905
UV-B,6-12h,root_meristem,root_pericycle,1.8038196373782018,0.14
UV-B,6-12h,root_meristem,root_phloem,0.6896900729339926,0.61
UV-B,6-12h,root_meristem,root_stele,0.6731524195647306,0.62
UV-B,6-12h,root_meristem,root_xylem,0.7697233369578641,0.485
UV-B,6-12h,root_meristem,shoot_apical_meristem,0.7844587310325553,0.555
UV-B,6-12h,root_pericycle,cotyledon,2.291948257596182,0.07
UV-B,6-12h,root_pericycle,dna_damage_response,1.9926420348334877,0.115
UV-B,6-12h,root_pericycle,hormone_response_aba,2.1489222480030747,0.105
UV-B,6-12h,root_pericycle,hormone_response_auxin,2.244273042570147,0.08
UV-B,6-12h,root_pericycle,hormone_response_cytokinin,1.0722721036948464,0.355
UV-B,6-12h,root_pericycle,hormone_response_ethylene,3.7472713900640278,0.01
UV-B,6-12h,root_pericycle,hormone_response_ja,1.0457881244624159,0.355
UV-B,6-12h,root_pericycle,hormone_response_sa,0.9182169591888841,0.495
UV-B,6-12h,root_pericycle,hypocotyl,2.6306907560382458,0.06
UV-B,6-12h,root_pericycle,leaf_epidermis,0.10833432085674494,0.875
UV-B,6-12h,root_pericycle,leaf_mesophyll,2.171630598917625,0.075
UV-B,6-12h,root_pericycle,oxidative_stress,4.5916219098739495,0.0
UV-B,6-12h,root_pericycle,root_columella,3.3145677490821757,0.025
UV-B,6-12h,root_pericycle,root_cortex,4.09829597726218,0.01
UV-B,6-12h,root_pericycle,root_endodermis,2.53894492801657,0.075
UV-B,6-12h,root_pericycle,root_epidermis,0.5460605296669863,0.625
UV-B,6-12h,root_pericycle,root_lateral_root_cap,0.24638237318396256,0.78
UV-B,6-12h,root_pericycle,root_meristem,1.8005813594013726,0.145
UV-B,6-12h,root_pericycle,root_phloem,1.9571060557737823,0.115
UV-B,6-12h,root_pericycle,root_stele,1.9102009193485328,0.19
UV-B,6-12h,root_pericycle,root_xylem,2.184055707893941,0.055
UV-B,6-12h,root_pericycle,shoot_apical_meristem,2.2258405743034912,0.07
UV-B,6-12h,root_phloem,cotyledon,0.877788464935724,0.43
UV-B,6-12h,root_phloem,dna_damage_response,0.7630882337512273,0.62
UV-B,6-12h,root_phloem,hormone_response_aba,0.8229775485095026,0.54
UV-B,6-12h,root_phloem,hormone_response_auxin,0.8595196545262239,0.52
UV-B,6-12h,root_phloem,hormone_response_cytokinin,0.41052098636256057,0.73
UV-B,6-12h,root_phloem,hormone_response_ethylene,1.43577411620034,0.275
UV-B,6-12h,root_phloem,hormone_response_ja,0.4003761335803958,0.74
UV-B,6-12h,root_phloem,hormone_response_sa,0.35152376397693175,0.755
UV-B,6-12h,root_phloem,hypocotyl,1.0076238554680812,0.38
UV-B,6-12h,root_phloem,leaf_epidermis,0.04146433067142067,0.975
UV-B,6-12h,root_phloem,leaf_mesophyll,0.8316781164040111,0.52
UV-B,6-12h,root_phloem,oxidative_stress,1.759719953656711,0.15
UV-B,6-12h,root_phloem,root_columella,1.2698224209401299,0.28
UV-B,6-12h,root_phloem,root_cortex,1.5704285335639836,0.225
UV-B,6-12h,root_phloem,root_endodermis,0.9724541654895804,0.41
UV-B,6-12h,root_phloem,root_epidermis,0.209028041819634,0.81
UV-B,6-12h,root_phloem,root_lateral_root_cap,0.09430420014359114,0.895
UV-B,6-12h,root_phloem,root_meristem,0.6895007727711173,0.61
UV-B,6-12h,root_phloem,root_pericycle,1.9600855855473573,0.115
UV-B,6-12h,root_phloem,root_stele,0.7315020357775115,0.605
UV-B,6-12h,root_phloem,root_xylem,0.8364410742076609,0.51
UV-B,6-12h,root_phloem,shoot_apical_meristem,0.852455746893676,0.565
UV-B,6-12h,root_stele,cotyledon,0.8569457224424287,0.455
UV-B,6-12h,root_stele,dna_damage_response,0.7449709755616958,0.575
UV-B,6-12h,root_stele,hormone_response_aba,0.8034347230702,0.525
UV-B,6-12h,root_stele,hormone_response_auxin,0.8391078977585973,0.515
UV-B,6-12h,root_stele,hormone_response_cytokinin,0.40077009215573606,0.74
UV-B,6-12h,root_stele,hormone_response_ethylene,1.401689397578787,0.235
UV-B,6-12h,root_stele,hormone_response_ja,0.3908687967000743,0.705
UV-B,6-12h,root_stele,hormone_response_sa,0.34317518038935224,0.77
UV-B,6-12h,root_stele,hypocotyl,0.9836985522778988,0.38
UV-B,6-12h,root_stele,leaf_epidermis,0.04047910986581116,0.93
UV-B,6-12h,root_stele,leaf_mesophyll,0.8119308169692727,0.52
UV-B,6-12h,root_stele,oxidative_stress,1.7179555912138464,0.155
UV-B,6-12h,root_stele,root_columella,1.239674166844708,0.32
UV-B,6-12h,root_stele,root_cortex,1.5331529368205101,0.2
UV-B,6-12h,root_stele,root_endodermis,0.9493666051826093,0.415
UV-B,6-12h,root_stele,root_epidermis,0.20406222073568392,0.805
UV-B,6-12h,root_stele,root_lateral_root_cap,0.09206477977495557,0.89
UV-B,6-12h,root_stele,root_meristem,0.673127982110859,0.625
UV-B,6-12h,root_stele,root_pericycle,1.91356672763755,0.18
UV-B,6-12h,root_stele,root_phloem,0.7316763528261279,0.605
UV-B,6-12h,root_stele,root_xylem,0.8165789285153021,0.515
UV-B,6-12h,root_stele,shoot_apical_meristem,0.8322114695376148,0.535
UV-B,6-12h,root_xylem,cotyledon,0.979684991706765,0.31
UV-B,6-12h,root_xylem,dna_damage_response,0.8516782421583561,0.48
UV-B,6-12h,root_xylem,hormone_response_aba,0.9185132530469524,0.355
UV-B,6-12h,root_xylem,hormone_response_auxin,0.9592939284368717,0.375
UV-B,6-12h,root_xylem,hormone_response_cytokinin,0.45818649137038153,0.655
UV-B,6-12h,root_xylem,hormone_response_ethylene,1.6023920189475547,0.14
UV-B,6-12h,root_xylem,hormone_response_ja,0.4468664686233275,0.64
UV-B,6-12h,root_xylem,hormone_response_sa,0.39234156356412453,0.705
UV-B,6-12h,root_xylem,hypocotyl,1.1245828967327098,0.265
UV-B,6-12h,root_xylem,leaf_epidermis,0.04627953469178913,0.92
UV-B,6-12h,root_xylem,leaf_mesophyll,0.9282253302674681,0.37
UV-B,6-12h,root_xylem,oxidative_stress,1.9638997509823746,0.1
UV-B,6-12h,root_xylem,root_columella,1.4171943195284675,0.24
UV-B,6-12h,root_xylem,root_cortex,1.7526627570237332,0.14
UV-B,6-12h,root_xylem,root_endodermis,1.085335932799132,0.315
UV-B,6-12h,root_xylem,root_epidermis,0.23330048353031207,0.76
UV-B,6-12h,root_xylem,root_lateral_root_cap,0.10525653572072899,0.84
UV-B,6-12h,root_xylem,root_meristem,0.7695489523660788,0.49
UV-B,6-12h,root_xylem,root_pericycle,2.1874860362350024,0.055
UV-B,6-12h,root_xylem,root_phloem,0.836481423865358,0.5
UV-B,6-12h,root_xylem,root_stele,0.8164235311687758,0.515
UV-B,6-12h,root_xylem,shoot_apical_meristem,0.9514102242658288,0.41
UV-B,6-12h,shoot_apical_meristem,cotyledon,0.9983564875450592,0.315
UV-B,6-12h,shoot_apical_meristem,dna_damage_response,0.8679096051438595,0.46
UV-B,6-12h,shoot_apical_meristem,hormone_response_aba,0.9360199460851787,0.37
UV-B,6-12h,shoot_apical_meristem,hormone_response_auxin,0.977578262376471,0.36
UV-B,6-12h,shoot_apical_meristem,hormone_response_cytokinin,0.46692157251297167,0.675
UV-B,6-12h,shoot_apical_meristem,hormone_response_ethylene,1.6329235348087994,0.13
UV-B,6-12h,shoot_apical_meristem,hormone_response_ja,0.4553845074562226,0.68
UV-B,6-12h,shoot_apical_meristem,hormone_response_sa,0.3998209905880867,0.715
UV-B,6-12h,shoot_apical_meristem,hypocotyl,1.1460150506710194,0.34
UV-B,6-12h,shoot_apical_meristem,leaf_epidermis,0.047162087327826285,0.94
UV-B,6-12h,shoot_apical_meristem,leaf_mesophyll,0.9459160112599455,0.41
UV-B,6-12h,shoot_apical_meristem,oxidative_stress,2.00131085970998,0.09
UV-B,6-12h,shoot_apical_meristem,root_columella,1.4441998322586034,0.225
UV-B,6-12h,shoot_apical_meristem,root_cortex,1.7860534430167745,0.17
UV-B,6-12h,shoot_apical_meristem,root_endodermis,1.1060190208713563,0.32
UV-B,6-12h,shoot_apical_meristem,root_epidermis,0.23774890649687402,0.805
UV-B,6-12h,shoot_apical_meristem,root_lateral_root_cap,0.10726309940242447,0.875
UV-B,6-12h,shoot_apical_meristem,root_meristem,0.7842166382706872,0.555
UV-B,6-12h,shoot_apical_meristem,root_pericycle,2.2291537087275963,0.075
UV-B,6-12h,shoot_apical_meristem,root_phloem,0.8524267340634637,0.57
UV-B,6-12h,shoot_apical_meristem,root_stele,0.8319848160982081,0.535
UV-B,6-12h,shoot_apical_meristem,root_xylem,0.9513320453261179,0.41
UV-B,30h+,cotyledon,dna_damage_response,0.9190276125855212,0.375
UV-B,30h+,cotyledon,hormone_response_aba,0.9489082153141433,0.34
UV-B,30h+,cotyledon,hormone_response_auxin,1.0028587960345852,0.315
UV-B,30h+,cotyledon,hormone_response_cytokinin,0.4626633518573611,0.635
UV-B,30h+,cotyledon,hormone_response_ethylene,1.7030946416941888,0.12
UV-B,30h+,cotyledon,hormone_response_ja,0.4802078207085237,0.595
UV-B,30h+,cotyledon,hormone_response_sa,0.42395440753271385,0.665
UV-B,30h+,cotyledon,hypocotyl,1.2102418945468276,0.295
UV-B,30h+,cotyledon,leaf_epidermis,0.04837144464323871,0.91
UV-B,30h+,cotyledon,leaf_mesophyll,0.9779375023247594,0.31
UV-B,30h+,cotyledon,oxidative_stress,2.046472378106172,0.065
UV-B,30h+,cotyledon,root_columella,1.5074991849708812,0.22
UV-B,30h+,cotyledon,root_cortex,1.8814597402322941,0.115
UV-B,30h+,cotyledon,root_endodermis,1.1671709284206484,0.265
UV-B,30h+,cotyledon,root_epidermis,0.25465264339955135,0.755
UV-B,30h+,cotyledon,root_lateral_root_cap,0.11895690642414022,0.84
UV-B,30h+,cotyledon,root_meristem,0.8231936543698907,0.415
UV-B,30h+,cotyledon,root_pericycle,2.344372166115656,0.065
UV-B,30h+,cotyledon,root_phloem,0.8908297104204421,0.425
UV-B,30h+,cotyledon,root_stele,0.8717264979239664,0.45
UV-B,30h+,cotyledon,root_xylem,0.9908464177744625,0.31
UV-B,30h+,cotyledon,shoot_apical_meristem,1.0258903015167968,0.31
UV-B,30h+,dna_damage_response,cotyledon,0.9196641669446508,0.375
UV-B,30h+,dna_damage_response,hormone_response_aba,0.8245726883070104,0.51
UV-B,30h+,dna_damage_response,hormone_response_auxin,0.871455903073882,0.525
UV-B,30h+,dna_damage_response,hormone_response_cytokinin,0.4020278591691745,0.75
UV-B,30h+,dna_damage_response,hormone_response_ethylene,1.480007846495697,0.205
UV-B,30h+,dna_damage_response,hormone_response_ja,0.417275681288133,0.695
UV-B,30h+,dna_damage_response,hormone_response_sa,0.3683921067648273,0.76
UV-B,30h+,dna_damage_response,hypocotyl,1.0516811766812877,0.375
UV-B,30h+,dna_damage_response,leaf_epidermis,0.04203077175104652,0.96
UV-B,30h+,dna_damage_response,leaf_mesophyll,0.849801539985797,0.495
UV-B,30h+,dna_damage_response,oxidative_stress,1.7784486410524885,0.145
UV-B,30h+,dna_damage_response,root_columella,1.310016661889191,0.275
UV-B,30h+,dna_damage_response,root_cortex,1.6350303996500286,0.225
UV-B,30h+,dna_damage_response,root_endodermis,1.0142529976501322,0.38
UV-B,30h+,dna_damage_response,root_epidermis,0.2212752361026633,0.775
UV-B,30h+,dna_damage_response,root_lateral_root_cap,0.10336524370220987,0.89
UV-B,30h+,dna_damage_response,root_meristem,0.7153260716808434,0.575
UV-B,30h+,dna_damage_response,root_pericycle,2.0373679943168614,0.105
UV-B,30h+,dna_damage_response,root_phloem,0.7740988408127435,0.605
UV-B,30h+,dna_damage_response,root_stele,0.7575010231921412,0.57
UV-B,30h+,dna_damage_response,root_xylem,0.8610182388347454,0.465
UV-B,30h+,dna_damage_response,shoot_apical_meristem,0.8914707093200523,0.455
UV-B,30h+,hormone_response_aba,cotyledon,0.9487521135892517,0.345
UV-B,30h+,hormone_response_aba,dna_damage_response,0.8238661271324316,0.51
UV-B,30h+,hormone_response_aba,hormone_response_auxin,0.8990227529549313,0.45
UV-B,30h+,hormone_response_aba,hormone_response_cytokinin,0.41474798890706305,0.685
UV-B,30h+,hormone_response_aba,hormone_response_ethylene,1.52680849562768,0.195
UV-B,30h+,hormone_response_aba,hormone_response_ja,0.430474945768432,0.68
UV-B,30h+,hormone_response_aba,hormone_response_sa,0.3800467802549835,0.72
UV-B,30h+,hormone_response_aba,hypocotyl,1.084943904239021,0.3
UV-B,30h+,hormone_response_aba,leaf_epidermis,0.04336106588379556,0.945
UV-B,30h+,hormone_response_aba,leaf_mesophyll,0.8766795452152091,0.405
UV-B,30h+,hormone_response_aba,oxidative_stress,1.8346729497787957,0.115
UV-B,30h+,hormone_response_aba,root_columella,1.351446020247466,0.225
UV-B,30h+,hormone_response_aba,root_cortex,1.6867244235963565,0.125
UV-B,30h+,hormone_response_aba,root_endodermis,1.046328870592693,0.34
UV-B,30h+,hormone_response_aba,root_epidermis,0.22827756942013305,0.77
UV-B,30h+,hormone_response_aba,root_lateral_root_cap,0.10663509418716334,0.84
UV-B,30h+,hormone_response_aba,root_meristem,0.7379526600857997,0.475
UV-B,30h+,hormone_response_aba,root_pericycle,2.10177355354879,0.095
UV-B,30h+,hormone_response_aba,root_phloem,0.7985893338331664,0.575
UV-B,30h+,hormone_response_aba,root_stele,0.7814621415523377,0.53
UV-B,30h+,hormone_response_aba,root_xylem,0.8882530612654529,0.385
UV-B,30h+,hormone_response_aba,shoot_apical_meristem,0.9196707095598156,0.395
UV-B,30h+,hormone_response_auxin,cotyledon,1.0027586190652056,0.315
UV-B,30h+,hormone_response_auxin,dna_damage_response,0.8707654514228108,0.525
UV-B,30h+,hormone_response_auxin,hormone_response_aba,0.8990808131100816,0.45
UV-B,30h+,hormone_response_auxin,hormone_response_cytokinin,0.4383638266215858,0.68
UV-B,30h+,hormone_response_auxin,hormone_response_ethylene,1.61369518485816,0.175
UV-B,30h+,hormone_response_auxin,hormone_response_ja,0.4549850090502412,0.675
UV-B,30h+,hormone_response_auxin,hormone_response_sa,0.40168657348469294,0.71
UV-B,30h+,hormone_response_auxin,hypocotyl,1.1466991591857798,0.3
UV-B,30h+,hormone_response_auxin,leaf_epidermis,0.045830580502642396,0.94
UV-B,30h+,hormone_response_auxin,leaf_mesophyll,0.9265848452110153,0.395
UV-B,30h+,hormone_response_auxin,oxidative_stress,1.939061546672268,0.11
UV-B,30h+,hormone_response_auxin,root_columella,1.4283606097981625,0.24
UV-B,30h+,hormone_response_auxin,root_cortex,1.7827027392359234,0.14
UV-B,30h+,hormone_response_auxin,root_endodermis,1.1058860334201586,0.28
UV-B,30h+,hormone_response_auxin,root_epidermis,0.2412771085723249,0.78
UV-B,30h+,hormone_response_auxin,root_lateral_root_cap,0.11270748899847292,0.86
UV-B,30h+,hormone_response_auxin,root_meristem,0.7799638886328014,0.56
UV-B,30h+,hormone_response_auxin,root_pericycle,2.221345091563894,0.075
UV-B,30h+,hormone_response_auxin,root_phloem,0.8440531997974606,0.555
UV-B,30h+,hormone_response_auxin,root_stele,0.8259497749978518,0.525
UV-B,30h+,hormone_response_auxin,root_xylem,0.9388175775043268,0.41
UV-B,30h+,hormone_response_auxin,shoot_apical_meristem,0.9720237439517184,0.37
UV-B,30h+,hormone_response_cytokinin,cotyledon,0.46290535649621667,0.625
UV-B,30h+,hormone_response_cytokinin,dna_damage_response,0.40195973185169825,0.75
UV-B,30h+,hormone_response_cytokinin,hormone_response_aba,0.41503321987778796,0.685
UV-B,30h+,hormone_response_cytokinin,hormone_response_auxin,0.438636887223037,0.675
UV-B,30h+,hormone_response_cytokinin,hormone_response_ethylene,0.7450498522549458,0.55
UV-B,30h+,hormone_response_cytokinin,hormone_response_ja,0.2100061275537828,0.83
UV-B,30h+,hormone_response_cytokinin,hormone_response_sa,0.1854026848254987,0.835
UV-B,30h+,hormone_response_cytokinin,hypocotyl,0.529372365341583,0.605
UV-B,30h+,hormone_response_cytokinin,leaf_epidermis,0.02115162365558647,0.99
UV-B,30h+,hormone_response_cytokinin,leaf_mesophyll,0.42773284053317434,0.675
UV-B,30h+,hormone_response_cytokinin,oxidative_stress,0.8953478950025193,0.395
UV-B,30h+,hormone_response_cytokinin,root_columella,0.659448673375489,0.655
UV-B,30h+,hormone_response_cytokinin,root_cortex,0.8231173589170596,0.515
UV-B,30h+,hormone_response_cytokinin,root_endodermis,0.5105259720484954,0.615
UV-B,30h+,hormone_response_cytokinin,root_epidermis,0.11135929442480873,0.89
UV-B,30h+,hormone_response_cytokinin,root_lateral_root_cap,0.05201751082229274,0.94
UV-B,30h+,hormone_response_cytokinin,root_meristem,0.3600356178892652,0.765
UV-B,30h+,hormone_response_cytokinin,root_pericycle,1.0257641680429026,0.365
UV-B,30h+,hormone_response_cytokinin,root_phloem,0.3896256046509035,0.75
UV-B,30h+,hormone_response_cytokinin,root_stele,0.3812674029372055,0.745
UV-B,30h+,hormone_response_cytokinin,root_xylem,0.43338094103798863,0.655
UV-B,30h+,hormone_response_cytokinin,shoot_apical_meristem,0.44871334870745905,0.7
UV-B,30h+,hormone_response_ethylene,cotyledon,1.7008069126022332,0.12
UV-B,30h+,hormone_response_ethylene,dna_damage_response,1.4769962109196182,0.21
UV-B,30h+,hormone_response_ethylene,hormone_response_aba,1.5250079718614784,0.2
UV-B,30h+,hormone_response_ethylene,hormone_response_auxin,1.6116883681188174,0.175
UV-B,30h+,hormone_response_ethylene,hormone_response_cytokinin,0.7436596116932491,0.55
UV-B,30h+,hormone_response_ethylene,hormone_response_ja,0.7718540529635783,0.5
UV-B,30h+,hormone_response_ethylene,hormone_response_sa,0.6814479821976398,0.56
UV-B,30h+,hormone_response_ethylene,hypocotyl,1.9448549702069982,0.11
UV-B,30h+,hormone_response_ethylene,leaf_epidermis,0.07775905263764078,0.87
UV-B,30h+,hormone_response_ethylene,leaf_mesophyll,1.5716467443275544,0.135
UV-B,30h+,hormone_response_ethylene,oxidative_stress,3.2878797055428364,0.025
UV-B,30h+,hormone_response_ethylene,root_columella,2.422339352996946,0.02
UV-B,30h+,hormone_response_ethylene,root_cortex,3.022912209467864,0.015
UV-B,30h+,hormone_response_ethylene,root_endodermis,1.8756614523425654,0.135
UV-B,30h+,hormone_response_ethylene,root_epidermis,0.40933971062429136,0.65
UV-B,30h+,hormone_response_ethylene,root_lateral_root_cap,0.19122328230351418,0.825
UV-B,30h+,hormone_response_ethylene,root_meristem,1.3230169164679362,0.24
UV-B,30h+,hormone_response_ethylene,root_pericycle,3.7661669835982154,0.01
UV-B,30h+,hormone_response_ethylene,root_phloem,1.4316946583961037,0.27
UV-B,30h+,hormone_response_ethylene,root_stele,1.4009984042498842,0.235
UV-B,30h+,hormone_response_ethylene,root_xylem,1.592387959180315,0.135
UV-B,30h+,hormone_response_ethylene,shoot_apical_meristem,1.6486914778575565,0.13
UV-B,30h+,hormone_response_ja,cotyledon,0.48083017937696565,0.595
UV-B,30h+,hormone_response_ja,dna_damage_response,0.41752702575793127,0.69
UV-B,30h+,hormone_response_ja,hormone_response_aba,0.4311039593293792,0.665
UV-B,30h+,hormone_response_ja,hormone_response_auxin,0.45562056432613907,0.675
UV-B,30h+,hormone_response_ja,hormone_response_cytokinin,0.210168430200546,0.825
UV-B,30h+,hormone_response_ja,hormone_response_ethylene,0.7738946807769723,0.5
UV-B,30h+,hormone_response_ja,hormone_response_sa,0.19258304512835478,0.86
UV-B,30h+,hormone_response_ja,hypocotyl,0.5498695860478312,0.585
UV-B,30h+,hormone_response_ja,leaf_epidermis,0.021970660793000214,0.98
UV-B,30h+,hormone_response_ja,leaf_mesophyll,0.444296588248251,0.625
UV-B,30h+,hormone_response_ja,oxidative_stress,0.9300121138540441,0.385
UV-B,30h+,hormone_response_ja,root_columella,0.6849801546764632,0.635
UV-B,30h+,hormone_response_ja,root_cortex,0.8549860600510759,0.47
UV-B,30h+,hormone_response_ja,root_endodermis,0.5302955726050402,0.58
UV-B,30h+,hormone_response_ja,root_epidermis,0.11567145305785968,0.865
UV-B,30h+,hormone_response_ja,root_lateral_root_cap,0.05403257104121638,0.93
UV-B,30h+,hormone_response_ja,root_meristem,0.37397810413035143,0.76
UV-B,30h+,hormone_response_ja,root_pericycle,1.0654729728955155,0.35
UV-B,30h+,hormone_response_ja,root_phloem,0.40471079851698094,0.735
UV-B,30h+,hormone_response_ja,root_stele,0.39603142328133656,0.685
UV-B,30h+,hormone_response_ja,root_xylem,0.45016224541222905,0.615
UV-B,30h+,hormone_response_ja,shoot_apical_meristem,0.466086939241749,0.655
UV-B,30h+,hormone_response_sa,cotyledon,0.4242434660919804,0.66
UV-B,30h+,hormone_response_sa,dna_damage_response,0.36838813120095093,0.76
UV-B,30h+,hormone_response_sa,hormone_response_aba,0.3803685630275675,0.72
UV-B,30h+,hormone_response_sa,hormone_response_auxin,0.40200063886857174,0.71
UV-B,30h+,hormone_response_sa,hormone_response_cytokinin,0.18543210440531022,0.835
UV-B,30h+,hormone_response_sa,hormone_response_ethylene,0.6828303213014506,0.56
UV-B,30h+,hormone_response_sa,hormone_response_ja,0.19246497916109004,0.865
UV-B,30h+,hormone_response_sa,hypocotyl,0.48516003948653097,0.63
UV-B,30h+,hormone_response_sa,leaf_epidermis,0.019384606385099833,0.99
UV-B,30h+,hormone_response_sa,leaf_mesophyll,0.3920083475078201,0.71
UV-B,30h+,hormone_response_sa,oxidative_stress,0.8205831625111368,0.51
UV-B,30h+,hormone_response_sa,root_columella,0.604375387999657,0.645
UV-B,30h+,hormone_response_sa,root_cortex,0.7543817616381104,0.56
UV-B,30h+,hormone_response_sa,root_endodermis,0.467888353892378,0.605
UV-B,30h+,hormone_response_sa,root_epidermis,0.10205680667160741,0.89
UV-B,30h+,hormone_response_sa,root_lateral_root_cap,0.04767244984632322,0.935
UV-B,30h+,hormone_response_sa,root_meristem,0.32996428498659863,0.775
UV-B,30h+,hormone_response_sa,root_pericycle,0.9401128338641753,0.455
UV-B,30h+,hormone_response_sa,root_phloem,0.35708161510945696,0.755
UV-B,30h+,hormone_response_sa,root_stele,0.34942268977351765,0.77
UV-B,30h+,hormone_response_sa,root_xylem,0.3971841977732009,0.7
UV-B,30h+,hormone_response_sa,shoot_apical_meristem,0.4112355842894292,0.695
UV-B,30h+,hypocotyl,cotyledon,1.209973861340455,0.295
UV-B,30h+,hypocotyl,dna_damage_response,1.0507203650993886,0.375
UV-B,30h+,hypocotyl,hormone_response_aba,1.0848820068515845,0.3
UV-B,30h+,hypocotyl,hormone_response_auxin,1.1465597243965522,0.31
UV-B,30h+,hypocotyl,hormone_response_cytokinin,0.5289784533801541,0.61
UV-B,30h+,hypocotyl,hormone_response_ethylene,1.9470393637205499,0.105
UV-B,30h+,hypocotyl,hormone_response_ja,0.5490360540484027,0.585
UV-B,30h+,hypocotyl,hormone_response_sa,0.4847220773778488,0.63
UV-B,30h+,hypocotyl,leaf_epidermis,0.05530631512172952,0.905
UV-B,30h+,hypocotyl,leaf_mesophyll,1.1180680751930507,0.315
UV-B,30h+,hypocotyl,oxidative_stress,2.339545021946798,0.025
UV-B,30h+,hypocotyl,root_columella,1.7234508177132901,0.17
UV-B,30h+,hypocotyl,root_cortex,2.1509253997860007,0.065
UV-B,30h+,hypocotyl,root_endodermis,1.3343996192438625,0.255
UV-B,30h+,hypocotyl,root_epidermis,0.2911571691897948,0.755
UV-B,30h+,hypocotyl,root_lateral_root_cap,0.13601027496465684,0.825
UV-B,30h+,hypocotyl,root_meristem,0.9411607327465406,0.385
UV-B,30h+,hypocotyl,root_pericycle,2.6800535840966697,0.06
UV-B,30h+,hypocotyl,root_phloem,1.0184862974068645,0.39
UV-B,30h+,hypocotyl,root_stele,0.9966455390005599,0.38
UV-B,30h+,hypocotyl,root_xylem,1.1328263906592737,0.26
UV-B,30h+,hypocotyl,shoot_apical_meristem,1.1728896853336501,0.335
UV-B,30h+,leaf_epidermis,cotyledon,0.0483970210866861,0.91
UV-B,30h+,leaf_epidermis,dna_damage_response,0.04202390814025036,0.96
UV-B,30h+,leaf_epidermis,hormone_response_aba,0.04339111477920857,0.94
UV-B,30h+,leaf_epidermis,hormone_response_auxin,0.0458593613617045,0.93
UV-B,30h+,leaf_epidermis,hormone_response_cytokinin,0.021151742720844836,0.99
UV-B,30h+,leaf_epidermis,hormone_response_ethylene,0.07790484689305649,0.87
UV-B,30h+,leaf_epidermis,hormone_response_ja,0.02195381835514882,0.98
UV-B,30h+,leaf_epidermis,hormone_response_sa,0.019381646256866898,0.995
UV-B,30h+,leaf_epidermis,hypocotyl,0.05534780008485826,0.9
UV-B,30h+,leaf_epidermis,leaf_mesophyll,0.04471900246263579,0.935
UV-B,30h+,leaf_epidermis,oxidative_stress,0.09362632150293386,0.88
UV-B,30h+,leaf_epidermis,root_columella,0.06895161622727583,0.895
UV-B,30h+,leaf_epidermis,root_cortex,0.08607055447119354,0.895
UV-B,30h+,leaf_epidermis,root_endodermis,0.05337679117686595,0.915
UV-B,30h+,leaf_epidermis,root_epidermis,0.011640967936855982,0.99
UV-B,30h+,leaf_epidermis,root_lateral_root_cap,0.00543747859869875,0.995
UV-B,30h+,leaf_epidermis,root_meristem,0.037640254957710666,0.99
UV-B,30h+,leaf_epidermis,root_pericycle,0.10727000565538404,0.885
UV-B,30h+,leaf_epidermis,root_phloem,0.04073446514108291,0.975
UV-B,30h+,leaf_epidermis,root_stele,0.039860346047834755,0.92
UV-B,30h+,leaf_epidermis,root_xylem,0.04530968630177945,0.91
UV-B,30h+,leaf_epidermis,shoot_apical_meristem,0.04691306443750204,0.945
UV-B,30h+,leaf_mesophyll,cotyledon,0.9780216939224915,0.305
UV-B,30h+,leaf_mesophyll,dna_damage_response,0.8492862895034634,0.495
UV-B,30h+,leaf_mesophyll,hormone_response_aba,0.8768994347496554,0.395
UV-B,30h+,leaf_mesophyll,hormone_response_auxin,0.9267573797750922,0.395
UV-B,30h+,leaf_mesophyll,hormone_response_cytokinin,0.42754604227124493,0.675
UV-B,30h+,leaf_mesophyll,hormone_response_ethylene,1.5738966605445004,0.135
UV-B,30h+,leaf_mesophyll,hormone_response_ja,0.44375973388920337,0.63
UV-B,30h+,leaf_mesophyll,hormone_response_sa,0.3917749450884656,0.71
UV-B,30h+,leaf_mesophyll,hypocotyl,1.118412132931926,0.3
UV-B,30h+,leaf_mesophyll,leaf_epidermis,0.044699220729709055,0.935
UV-B,30h+,leaf_mesophyll,oxidative_stress,1.8912498581706452,0.1
UV-B,30h+,leaf_mesophyll,root_columella,1.3931291521941458,0.23
UV-B,30h+,leaf_mesophyll,root_cortex,1.7387427495366516,0.115
UV-B,30h+,leaf_mesophyll,root_endodermis,1.078608315744598,0.295
UV-B,30h+,leaf_mesophyll,root_epidermis,0.23532200304568088,0.77
UV-B,30h+,leaf_mesophyll,root_lateral_root_cap,0.10992662807765946,0.855
UV-B,30h+,leaf_mesophyll,root_meristem,0.7607216801381028,0.525
UV-B,30h+,leaf_mesophyll,root_pericycle,2.1665767433113428,0.075
UV-B,30h+,leaf_mesophyll,root_phloem,0.823225766649892,0.515
UV-B,30h+,leaf_mesophyll,root_stele,0.8055725810288112,0.525
UV-B,30h+,leaf_mesophyll,root_xylem,0.9156565332601315,0.37
UV-B,30h+,leaf_mesophyll,shoot_apical_meristem,0.9480418614565181,0.395
UV-B,30h+,oxidative_stress,cotyledon,2.0441833432174237,0.065
UV-B,30h+,oxidative_stress,dna_damage_response,1.7752287818476908,0.15
UV-B,30h+,oxidative_stress,hormone_response_aba,1.8329219910489758,0.115
UV-B,30h+,oxidative_stress,hormone_response_auxin,1.9370865747526127,0.105
UV-B,30h+,oxidative_stress,hormone_response_cytokinin,0.8938784619887891,0.4
UV-B,30h+,oxidative_stress,hormone_response_ethylene,3.2886189301819817,0.02
UV-B,30h+,oxidative_stress,hormone_response_ja,0.9277685810358532,0.385
UV-B,30h+,oxidative_stress,hormone_response_sa,0.8191061980194029,0.51
UV-B,30h+,oxidative_stress,hypocotyl,2.3374464563711306,0.03
UV-B,30h+,oxidative_stress,leaf_epidermis,0.09347215362892733,0.88
UV-B,30h+,oxidative_stress,leaf_mesophyll,1.8889713030436754,0.1
UV-B,30h+,oxidative_stress,root_columella,2.911182132929132,0.02
UV-B,30h+,oxidative_stress,root_cortex,3.632750369797231,0.01
UV-B,30h+,oxidative_stress,root_endodermis,2.254303411117869,0.045
UV-B,30h+,oxidative_stress,root_epidermis,0.49204141510869626,0.58
UV-B,30h+,oxidative_stress,root_lateral_root_cap,0.22986343311484478,0.79
UV-B,30h+,oxidative_stress,root_meristem,1.5901793949556307,0.145
UV-B,30h+,oxidative_stress,root_pericycle,4.52562375328208,0.0
UV-B,30h+,oxidative_stress,root_phloem,1.7207803320229673,0.155
UV-B,30h+,oxidative_stress,root_stele,1.6838946554587322,0.175
UV-B,30h+,oxidative_stress,root_xylem,1.913894764764553,0.11
UV-B,30h+,oxidative_stress,shoot_apical_meristem,1.981553393125989,0.1
UV-B,30h+,root_columella,cotyledon,1.5063155291087849,0.225
UV-B,30h+,root_columella,dna_damage_response,1.3080816890485798,0.285
UV-B,30h+,root_columella,hormone_response_aba,1.3506067898345817,0.23
UV-B,30h+,root_columella,hormone_response_auxin,1.4273815666679817,0.24
UV-B,30h+,root_columella,hormone_response_cytokinin,0.6585862735310009,0.655
UV-B,30h+,root_columella,hormone_response_ethylene,2.423692569728303,0.015
UV-B,30h+,root_columella,hormone_response_ja,0.6835558764962161,0.635
UV-B,30h+,root_columella,hormone_response_sa,0.6034891973288541,0.645
UV-B,30h+,root_columella,hypocotyl,1.7224791541777322,0.18
UV-B,30h+,root_columella,leaf_epidermis,0.06886108006324185,0.895
UV-B,30h+,root_columella,leaf_mesophyll,1.3919151743902511,0.23
UV-B,30h+,root_columella,oxidative_stress,2.9121528868824114,0.02
UV-B,30h+,root_columella,root_cortex,2.6774269081774933,0.035
UV-B,30h+,root_columella,root_endodermis,1.6611904047783737,0.195
UV-B,30h+,root_columella,root_epidermis,0.3625053903123964,0.775
UV-B,30h+,root_columella,root_lateral_root_cap,0.16934238510451582,0.84
UV-B,30h+,root_columella,root_meristem,1.1717024567328516,0.295
UV-B,30h+,root_columella,root_pericycle,3.335870546828655,0.02
UV-B,30h+,root_columella,root_phloem,1.2679592222238818,0.285
UV-B,30h+,root_columella,root_stele,1.2407706985816496,0.32
UV-B,30h+,root_columella,root_xylem,1.4102863701414656,0.24
UV-B,30h+,root_columella,shoot_apical_meristem,1.4601560531198434,0.22
UV-B,30h+,root_cortex,cotyledon,1.8799461053800968,0.12
UV-B,30h+,root_cortex,dna_damage_response,1.6325835192468179,0.225
UV-B,30h+,root_cortex,hormone_response_aba,1.6856445483879021,0.125
UV-B,30h+,root_cortex,hormone_response_auxin,1.7814467961396865,0.14
UV-B,30h+,root_cortex,hormone_response_cytokinin,0.8220248833214545,0.52
UV-B,30h+,root_cortex,hormone_response_ethylene,3.0245424487466863,0.01
UV-B,30h+,root_cortex,hormone_response_ja,0.8531917426890003,0.47
UV-B,30h+,root_cortex,hormone_response_sa,0.7532608661205027,0.56
UV-B,30h+,root_cortex,hypocotyl,2.1496714613134116,0.065
UV-B,30h+,root_cortex,leaf_epidermis,0.08595584666347864,0.89
UV-B,30h+,root_cortex,leaf_mesophyll,1.737194075271917,0.115
UV-B,30h+,root_cortex,oxidative_stress,3.6338921434000744,0.005
UV-B,30h+,root_cortex,root_columella,2.6773756427392654,0.035
UV-B,30h+,root_cortex,root_endodermis,2.073200870345229,0.09
UV-B,30h+,root_cortex,root_epidermis,0.45248212967877455,0.67
UV-B,30h+,root_cortex,root_lateral_root_cap,0.21138064950165042,0.795
UV-B,30h+,root_cortex,root_meristem,1.4623930318695504,0.215
UV-B,30h+,root_cortex,root_pericycle,4.162412028055845,0.01
UV-B,30h+,root_cortex,root_phloem,1.582507169643339,0.215
UV-B,30h+,root_cortex,root_stele,1.5485830606856201,0.195
UV-B,30h+,root_cortex,root_xylem,1.7601166215974602,0.125
UV-B,30h+,root_cortex,shoot_apical_meristem,1.8223438443768534,0.15
UV-B,30h+,root_endodermis,cotyledon,1.1670060172507735,0.265
UV-B,30h+,root_endodermis,dna_damage_response,1.0134074827647166,0.38
UV-B,30h+,root_endodermis,hormone_response_aba,1.0463533129413094,0.345
UV-B,30h+,root_endodermis,hormone_response_auxin,1.1058405789755852,0.285
UV-B,30h+,root_endodermis,hormone_response_cytokinin,0.5101869647350656,0.605
UV-B,30h+,root_endodermis,hormone_response_ethylene,1.8779193602102746,0.135
UV-B,30h+,root_endodermis,hormone_response_ja,0.5295343583891023,0.58
UV-B,30h+,root_endodermis,hormone_response_sa,0.46750338868600966,0.605
UV-B,30h+,root_endodermis,hypocotyl,1.334506846879952,0.255
UV-B,30h+,root_endodermis,leaf_epidermis,0.05334104491888378,0.915
UV-B,30h+,root_endodermis,leaf_mesophyll,1.0783630505582122,0.29
UV-B,30h+,root_endodermis,oxidative_stress,2.2565094688749503,0.045
UV-B,30h+,root_endodermis,root_columella,1.6622613017967174,0.185
UV-B,30h+,root_endodermis,root_cortex,2.074577398219187,0.09
UV-B,30h+,root_endodermis,root_epidermis,0.28081259160729793,0.77
UV-B,30h+,root_endodermis,root_lateral_root_cap,0.13117849342196136,0.82
UV-B,30h+,root_endodermis,root_meristem,0.9077351331286981,0.41
UV-B,30h+,root_endodermis,root_pericycle,2.5849447625786723,0.08
UV-B,30h+,root_endodermis,root_phloem,0.9823119657033785,0.4
UV-B,30h+,root_endodermis,root_stele,0.9612495718915494,0.405
UV-B,30h+,root_endodermis,root_xylem,1.0925961018950907,0.315
UV-B,30h+,root_endodermis,shoot_apical_meristem,1.1312357711404122,0.31
UV-B,30h+,root_epidermis,cotyledon,0.25475924677483425,0.755
UV-B,30h+,root_epidermis,dna_damage_response,0.22121474022550983,0.775
UV-B,30h+,root_epidermis,hormone_response_aba,0.22841067324468703,0.77
UV-B,30h+,root_epidermis,hormone_response_auxin,0.24140209036429972,0.775
UV-B,30h+,root_epidermis,hormone_response_cytokinin,0.11134767043070401,0.89
UV-B,30h+,root_epidermis,hormone_response_ethylene,0.4100620432641314,0.65
UV-B,30h+,root_epidermis,hormone_response_ja,0.11557010487857654,0.87
UV-B,30h+,root_epidermis,hormone_response_sa,0.10202999591190169,0.89
UV-B,30h+,root_epidermis,hypocotyl,0.29134350541513315,0.755
UV-B,30h+,root_epidermis,leaf_epidermis,0.0116396865669949,0.99
UV-B,30h+,root_epidermis,leaf_mesophyll,0.23540024962469422,0.77
UV-B,30h+,root_epidermis,oxidative_stress,0.4927987102276219,0.58
UV-B,30h+,root_epidermis,root_columella,0.36294204533467933,0.775
UV-B,30h+,root_epidermis,root_cortex,0.4530360456124784,0.67
UV-B,30h+,root_epidermis,root_endodermis,0.2809698758554821,0.77
UV-B,30h+,root_epidermis,root_lateral_root_cap,0.028625178393741874,0.98
UV-B,30h+,root_epidermis,root_meristem,0.19814065338877082,0.82
UV-B,30h+,root_epidermis,root_pericycle,0.5645956500964476,0.625
UV-B,30h+,root_epidermis,root_phloem,0.2144268328165513,0.805
UV-B,30h+,root_epidermis,root_stele,0.20982627371569806,0.815
UV-B,30h+,root_epidermis,root_xylem,0.2385090929842717,0.76
UV-B,30h+,root_epidermis,shoot_apical_meristem,0.24694819154062897,0.8
UV-B,30h+,root_lateral_root_cap,cotyledon,0.11911925415216165,0.84
UV-B,30h+,root_lateral_root_cap,dna_damage_response,0.10343461306742387,0.885
UV-B,30h+,root_lateral_root_cap,hormone_response_aba,0.10679827695063068,0.835
UV-B,30h+,root_lateral_root_cap,hormone_response_auxin,0.11287268781614766,0.86
UV-B,30h+,root_lateral_root_cap,hormone_response_cytokinin,0.052061269819406064,0.94
UV-B,30h+,root_lateral_root_cap,hormone_response_ethylene,0.19174216454275964,0.825
UV-B,30h+,root_lateral_root_cap,hormone_response_ja,0.05403631494400724,0.93
UV-B,30h+,root_lateral_root_cap,hormone_response_sa,0.047704958664439794,0.935
UV-B,30h+,root_lateral_root_cap,hypocotyl,0.1362261311680448,0.825
UV-B,30h+,root_lateral_root_cap,leaf_epidermis,0.005442017949867551,1.0
UV-B,30h+,root_lateral_root_cap,leaf_mesophyll,0.11006719097709416,0.85
UV-B,30h+,root_lateral_root_cap,oxidative_stress,0.23043538654123222,0.79
UV-B,30h+,root_lateral_root_cap,root_columella,0.16970695270921615,0.84
UV-B,30h+,root_lateral_root_cap,root_cortex,0.2118399155729482,0.795
UV-B,30h+,root_lateral_root_cap,root_endodermis,0.13137614289551436,0.82
UV-B,30h+,root_lateral_root_cap,root_epidermis,0.028652221971895247,0.98
UV-B,30h+,root_lateral_root_cap,root_meristem,0.09264457487128828,0.895
UV-B,30h+,root_lateral_root_cap,root_pericycle,0.2640119509764914,0.775
UV-B,30h+,root_lateral_root_cap,root_phloem,0.10025861441827774,0.895
UV-B,30h+,root_lateral_root_cap,root_stele,0.09810847639559968,0.885
UV-B,30h+,root_lateral_root_cap,root_xylem,0.11152038760298562,0.825
UV-B,30h+,root_lateral_root_cap,shoot_apical_meristem,0.11546597165285252,0.86
UV-B,30h+,root_meristem,cotyledon,0.8234239862138591,0.415
UV-B,30h+,root_meristem,dna_damage_response,0.7150310236404798,0.575
UV-B,30h+,root_meristem,hormone_response_aba,0.7382807260840087,0.475
UV-B,30h+,root_meristem,hormone_response_auxin,0.7802601078409616,0.55
UV-B,30h+,root_meristem,hormone_response_cytokinin,0.35994807428099596,0.765
UV-B,30h+,root_meristem,hormone_response_ethylene,1.3251676040454656,0.24
UV-B,30h+,root_meristem,hormone_response_ja,0.37359868767802556,0.755
UV-B,30h+,root_meristem,hormone_response_sa,0.3298317368627867,0.775
UV-B,30h+,root_meristem,hypocotyl,0.9416326313940513,0.385
UV-B,30h+,root_meristem,leaf_epidermis,0.03763087864046687,0.985
UV-B,30h+,root_meristem,leaf_mesophyll,0.7608691128918832,0.525
UV-B,30h+,root_meristem,oxidative_stress,1.5924061395143152,0.145
UV-B,30h+,root_meristem,root_columella,1.1729514261820582,0.295
UV-B,30h+,root_meristem,root_cortex,1.4639803977637693,0.21
UV-B,30h+,root_meristem,root_endodermis,0.9081176057368551,0.41
UV-B,30h+,root_meristem,root_epidermis,0.19811310772857066,0.825
UV-B,30h+,root_meristem,root_lateral_root_cap,0.09254424120752651,0.9
UV-B,30h+,root_meristem,root_pericycle,1.8242653070303636,0.135
UV-B,30h+,root_meristem,root_phloem,0.6930888418055524,0.605
UV-B,30h+,root_meristem,root_stele,0.67822538767809,0.62
UV-B,30h+,root_meristem,root_xylem,0.7709133793415529,0.495
UV-B,30h+,root_meristem,shoot_apical_meristem,0.7981813216081962,0.54
UV-B,30h+,root_pericycle,cotyledon,2.34078941802204,0.065
UV-B,30h+,root_pericycle,dna_damage_response,2.0328450610724715,0.105
UV-B,30h+,root_pericycle,hormone_response_aba,2.0989059324277672,0.095
UV-B,30h+,root_pericycle,hormone_response_auxin,2.218172022463947,0.075
UV-B,30h+,root_pericycle,hormone_response_cytokinin,1.0236602484782722,0.37
UV-B,30h+,root_pericycle,hormone_response_ethylene,3.765468659627249,0.01
UV-B,30h+,root_pericycle,hormone_response_ja,1.0624658733168117,0.35
UV-B,30h+,root_pericycle,hormone_response_sa,0.9380354996574303,0.455
UV-B,30h+,root_pericycle,hypocotyl,2.6765513633715305,0.06
UV-B,30h+,root_pericycle,leaf_epidermis,0.10704940575378358,0.88
UV-B,30h+,root_pericycle,leaf_mesophyll,2.1630786428805115,0.075
UV-B,30h+,root_pericycle,oxidative_stress,4.523767952669877,0.0
UV-B,30h+,root_pericycle,root_columella,3.333390993078281,0.025
UV-B,30h+,root_pericycle,root_cortex,4.159398060923303,0.02
UV-B,30h+,root_pericycle,root_endodermis,2.5813580900104953,0.085
UV-B,30h+,root_pericycle,root_epidermis,0.5634967008534995,0.625
UV-B,30h+,root_pericycle,root_lateral_root_cap,0.2632483779439077,0.78
UV-B,30h+,root_pericycle,root_meristem,1.820966984082767,0.145
UV-B,30h+,root_pericycle,root_phloem,1.970509347193021,0.12
UV-B,30h+,root_pericycle,root_stele,1.928271866918873,0.18
UV-B,30h+,root_pericycle,root_xylem,2.1916166778830193,0.055
UV-B,30h+,root_pericycle,shoot_apical_meristem,2.2690845789807534,0.06
UV-B,30h+,root_phloem,cotyledon,0.8908379385155554,0.43
UV-B,30h+,root_phloem,dna_damage_response,0.773570316122999,0.61
UV-B,30h+,root_phloem,hormone_response_aba,0.798727846999514,0.575
UV-B,30h+,root_phloem,hormone_response_auxin,0.8441449329671532,0.555
UV-B,30h+,root_phloem,hormone_response_cytokinin,0.38942550541078164,0.755
UV-B,30h+,root_phloem,hormone_response_ethylene,1.4336333892572228,0.27
UV-B,30h+,root_phloem,hormone_response_ja,0.4041904307718869,0.735
UV-B,30h+,root_phloem,hormone_response_sa,0.35684166388255034,0.755
UV-B,30h+,root_phloem,hypocotyl,1.0187211108506606,0.38
UV-B,30h+,root_phloem,leaf_epidermis,0.040713331308590464,0.975
UV-B,30h+,root_phloem,leaf_mesophyll,0.8231623917608971,0.515
UV-B,30h+,root_phloem,oxidative_stress,1.72272236763304,0.155
UV-B,30h+,root_phloem,root_columella,1.2689669453129466,0.28
UV-B,30h+,root_phloem,root_cortex,1.5837954687418065,0.215
UV-B,30h+,root_phloem,root_endodermis,0.9824596292396763,0.405
UV-B,30h+,root_phloem,root_epidermis,0.21433917309209183,0.805
UV-B,30h+,root_phloem,root_lateral_root_cap,0.10012287233134236,0.89
UV-B,30h+,root_phloem,root_meristem,0.6929014817950924,0.605
UV-B,30h+,root_phloem,root_pericycle,1.9735427536174104,0.115
UV-B,30h+,root_phloem,root_stele,0.7337564336607196,0.61
UV-B,30h+,root_phloem,root_xylem,0.8340310008845663,0.5
UV-B,30h+,root_phloem,shoot_apical_meristem,0.863533157583609,0.56
UV-B,30h+,root_stele,cotyledon,0.8719401501110589,0.45
UV-B,30h+,root_stele,dna_damage_response,0.7571622730649794,0.575
UV-B,30h+,root_stele,hormone_response_aba,0.7817822866708847,0.525
UV-B,30h+,root_stele,hormone_response_auxin,0.8262346896635908,0.52
UV-B,30h+,root_stele,hormone_response_cytokinin,0.38116143519054013,0.75
UV-B,30h+,root_stele,hormone_response_ethylene,1.403227032629097,0.24
UV-B,30h+,root_stele,hormone_response_ja,0.3956157593557161,0.685
UV-B,30h+,root_stele,hormone_response_sa,0.34927017720048237,0.77
UV-B,30h+,root_stele,hypocotyl,0.9971106316459724,0.38
UV-B,30h+,root_stele,leaf_epidermis,0.0398490377565803,0.92
UV-B,30h+,root_stele,leaf_mesophyll,0.805700673144427,0.52
UV-B,30h+,root_stele,oxidative_stress,1.6861938913918848,0.16
UV-B,30h+,root_stele,root_columella,1.2420501429600854,0.32
UV-B,30h+,root_stele,root_cortex,1.5502101007455042,0.19
UV-B,30h+,root_stele,root_endodermis,0.9616211045633921,0.405
UV-B,30h+,root_stele,root_epidermis,0.20978983961934186,0.815
UV-B,30h+,root_stele,root_lateral_root_cap,0.09799878417004312,0.89
UV-B,30h+,root_stele,root_meristem,0.6782018336447381,0.62
UV-B,30h+,root_stele,root_pericycle,1.9316973174947234,0.175
UV-B,30h+,root_stele,root_phloem,0.7339293995266069,0.61
UV-B,30h+,root_stele,root_xylem,0.8163370187796287,0.51
UV-B,30h+,root_stele,shoot_apical_meristem,0.8452115110773021,0.515
UV-B,30h+,root_xylem,cotyledon,0.990906897468694,0.31
UV-B,30h+,root_xylem,dna_damage_response,0.8604747382959209,0.47
UV-B,30h+,root_xylem,hormone_response_aba,0.8884534120848024,0.38
UV-B,30h+,root_xylem,hormone_response_auxin,0.9389686996312141,0.405
UV-B,30h+,root_xylem,hormone_response_cytokinin,0.43318090988550295,0.655
UV-B,30h+,root_xylem,hormone_response_ethylene,1.5946269933207542,0.13
UV-B,30h+,root_xylem,hormone_response_ja,0.44960695550050706,0.625
UV-B,30h+,root_xylem,hormone_response_sa,0.3969378546039905,0.7
UV-B,30h+,root_xylem,hypocotyl,1.133146463681725,0.26
UV-B,30h+,root_xylem,leaf_epidermis,0.045288527209716344,0.915
UV-B,30h+,root_xylem,leaf_mesophyll,0.9156335427859535,0.38
UV-B,30h+,root_xylem,oxidative_stress,1.9161542451220377,0.11
UV-B,30h+,root_xylem,root_columella,1.4114805995959865,0.24
UV-B,30h+,root_xylem,root_cortex,1.7616408381289155,0.125
UV-B,30h+,root_xylem,root_endodermis,1.0928170479742585,0.31
UV-B,30h+,root_xylem,root_epidermis,0.23842393958647262,0.76
UV-B,30h+,root_xylem,root_lateral_root_cap,0.11137519019381183,0.825
UV-B,30h+,root_xylem,root_meristem,0.7707448399482572,0.5
UV-B,30h+,root_xylem,root_pericycle,2.1951044285425714,0.055
UV-B,30h+,root_xylem,root_phloem,0.8340743911001839,0.49
UV-B,30h+,root_xylem,root_stele,0.8161868584377685,0.51
UV-B,30h+,root_xylem,shoot_apical_meristem,0.960533635019179,0.4
UV-B,30h+,shoot_apical_meristem,cotyledon,1.0258500324632718,0.31
UV-B,30h+,shoot_apical_meristem,dna_damage_response,0.8908187444322458,0.455
UV-B,30h+,shoot_apical_meristem,hormone_response_aba,0.9197857390530393,0.39
UV-B,30h+,shoot_apical_meristem,hormone_response_auxin,0.9720824142298533,0.375
UV-B,30h+,shoot_apical_meristem,hormone_response_cytokinin,0.4484611378346131,0.7
UV-B,30h+,shoot_apical_meristem,hormone_response_ethylene,1.650844136603127,0.13
UV-B,30h+,shoot_apical_meristem,hormone_response_ja,0.4654651688676132,0.655
UV-B,30h+,shoot_apical_meristem,hormone_response_sa,0.4109392694854766,0.7
UV-B,30h+,shoot_apical_meristem,hypocotyl,1.1731033218663636,0.335
UV-B,30h+,shoot_apical_meristem,leaf_epidermis,0.04688644393223697,0.945
UV-B,30h+,shoot_apical_meristem,leaf_mesophyll,0.9479229358596338,0.395
UV-B,30h+,shoot_apical_meristem,oxidative_stress,1.9836939169566041,0.095
UV-B,30h+,shoot_apical_meristem,root_columella,1.461245853624775,0.23
UV-B,30h+,shoot_apical_meristem,root_cortex,1.8237391589604446,0.145
UV-B,30h+,shoot_apical_meristem,root_endodermis,1.1313510433679237,0.315
UV-B,30h+,shoot_apical_meristem,root_epidermis,0.24683522588920057,0.8
UV-B,30h+,shoot_apical_meristem,root_lateral_root_cap,0.1153040421802236,0.86
UV-B,30h+,shoot_apical_meristem,root_meristem,0.7979267754063658,0.54
UV-B,30h+,shoot_apical_meristem,root_pericycle,2.2724677716974266,0.065
UV-B,30h+,shoot_apical_meristem,root_phloem,0.8634912992015524,0.565
UV-B,30h+,shoot_apical_meristem,root_stele,0.8449712844468152,0.515
UV-B,30h+,shoot_apical_meristem,root_xylem,0.9604372007502369,0.4
