Time,Source,Target,Strength
0-0.5h,cotyledon,cotyledon,1798.3890596342117
0-0.5h,cotyledon,dna_damage_response,1916.1347124325937
0-0.5h,cotyledon,hormone_response_aba,2106.5703475390733
0-0.5h,cotyledon,hormone_response_auxin,1691.9655983354573
0-0.5h,cotyledon,hormone_response_cytokinin,1387.069516188007
0-0.5h,cotyledon,hormone_response_ethylene,1991.6346628694112
0-0.5h,cotyledon,hormone_response_ja,1806.845949279248
0-0.5h,cotyledon,hormone_response_sa,2080.7397426194084
0-0.5h,cotyledon,hypocotyl,2140.7872631570426
0-0.5h,cotyledon,leaf_epidermis,293.7115040018418
0-0.5h,cotyledon,leaf_mesophyll,2500.5790172634966
0-0.5h,cotyledon,leaf_vasculature,244.49067261716175
0-0.5h,cotyledon,oxidative_stress,2316.6281058332156
0-0.5h,cotyledon,root_columella,1974.478507884802
0-0.5h,cotyledon,root_cortex,2162.922133435727
0-0.5h,cotyledon,root_endodermis,2215.3762642123
0-0.5h,cotyledon,root_epidermis,1124.7734371267386
0-0.5h,cotyledon,root_lateral_root_cap,0.0
0-0.5h,cotyledon,root_meristem,1612.3948089088885
0-0.5h,cotyledon,root_pericycle,2291.393252346374
0-0.5h,cotyledon,root_phloem,1407.0115631995861
0-0.5h,cotyledon,root_stele,1156.8494765454534
0-0.5h,cotyledon,root_xylem,1681.7138224260962
0-0.5h,cotyledon,shoot_apical_meristem,1617.63438059278
0-0.5h,dna_damage_response,cotyledon,1913.6962991471637
0-0.5h,dna_damage_response,dna_damage_response,2032.9805217907935
0-0.5h,dna_damage_response,hormone_response_aba,2223.9161495513017
0-0.5h,dna_damage_response,hormone_response_auxin,1805.0540182874245
0-0.5h,dna_damage_response,hormone_response_cytokinin,1492.4194852597623
0-0.5h,dna_damage_response,hormone_response_ethylene,2108.546250341097
0-0.5h,dna_damage_response,hormone_response_ja,1921.6638938188214
0-0.5h,dna_damage_response,hormone_response_sa,2198.87685157857
0-0.5h,dna_damage_response,hypocotyl,2258.2675480936236
0-0.5h,dna_damage_response,leaf_epidermis,328.03320018248695
0-0.5h,dna_damage_response,leaf_mesophyll,2618.0752581951665
0-0.5h,dna_damage_response,leaf_vasculature,273.7301880378243
0-0.5h,dna_damage_response,oxidative_stress,2433.6502820876826
0-0.5h,dna_damage_response,root_columella,2091.3438131995904
0-0.5h,dna_damage_response,root_cortex,2281.3929918458207
0-0.5h,dna_damage_response,root_endodermis,2333.2164196865297
0-0.5h,dna_damage_response,root_epidermis,1219.6465394446307
0-0.5h,dna_damage_response,root_lateral_root_cap,0.0
0-0.5h,dna_damage_response,root_meristem,1724.3621404609457
0-0.5h,dna_damage_response,root_pericycle,2409.5573894416025
0-0.5h,dna_damage_response,root_phloem,1513.2245990082254
0-0.5h,dna_damage_response,root_stele,1253.018291382678
0-0.5h,dna_damage_response,root_xylem,1794.9749899136011
0-0.5h,dna_damage_response,shoot_apical_meristem,1729.4088088019905
0-0.5h,hormone_response_aba,cotyledon,2105.188991672774
0-0.5h,hormone_response_aba,dna_damage_response,2221.8779176119365
0-0.5h,hormone_response_aba,hormone_response_aba,2406.1055993047053
0-0.5h,hormone_response_aba,hormone_response_auxin,1996.7778469386735
0-0.5h,hormone_response_aba,hormone_response_cytokinin,1682.0973859047124
0-0.5h,hormone_response_aba,hormone_response_ethylene,2294.87768800624
0-0.5h,hormone_response_aba,hormone_response_ja,2111.610264712666
0-0.5h,hormone_response_aba,hormone_response_sa,2383.3572117480658
0-0.5h,hormone_response_aba,hypocotyl,2439.363367776747
0-0.5h,hormone_response_aba,leaf_epidermis,401.8106420998098
0-0.5h,hormone_response_aba,leaf_mesophyll,2782.6796181123073
0-0.5h,hormone_response_aba,leaf_vasculature,336.0385176163487
0-0.5h,hormone_response_aba,oxidative_stress,2607.101872855416
0-0.5h,hormone_response_aba,root_columella,2278.060496209359
0-0.5h,hormone_response_aba,root_cortex,2462.868076068355
0-0.5h,hormone_response_aba,root_endodermis,2511.8977045127717
0-0.5h,hormone_response_aba,root_epidermis,1398.9862080431296
0-0.5h,hormone_response_aba,root_lateral_root_cap,0.0
0-0.5h,hormone_response_aba,root_meristem,1917.246730339078
0-0.5h,hormone_response_aba,root_pericycle,2585.2100759495074
0-0.5h,hormone_response_aba,root_phloem,1703.5250392462456
0-0.5h,hormone_response_aba,root_stele,1433.6736011723117
0-0.5h,hormone_response_aba,root_xylem,1987.2695558194455
0-0.5h,hormone_response_aba,shoot_apical_meristem,1921.6390258225433
0-0.5h,hormone_response_auxin,cotyledon,1692.847915949856
0-0.5h,hormone_response_auxin,dna_damage_response,1811.0571782847683
0-0.5h,hormone_response_auxin,hormone_response_aba,2004.5495251610769
0-0.5h,hormone_response_auxin,hormone_response_auxin,1586.6937859708098
0-0.5h,hormone_response_auxin,hormone_response_cytokinin,1285.778627540525
0-0.5h,hormone_response_auxin,hormone_response_ethylene,1887.5561082089787
0-0.5h,hormone_response_auxin,hormone_response_ja,1701.6105113188826
0-0.5h,hormone_response_auxin,hormone_response_sa,1977.6072211338403
0-0.5h,hormone_response_auxin,hypocotyl,2039.3757747082363
0-0.5h,hormone_response_auxin,leaf_epidermis,259.51472511142543
0-0.5h,hormone_response_auxin,leaf_mesophyll,2410.8922112438163
0-0.5h,hormone_response_auxin,leaf_vasculature,215.8710716381406
0-0.5h,hormone_response_auxin,oxidative_stress,2220.123839250606
0-0.5h,hormone_response_auxin,root_columella,1870.1586067570488
0-0.5h,hormone_response_auxin,root_cortex,2061.291245146994
0-0.5h,hormone_response_auxin,root_endodermis,2115.5810837075587
0-0.5h,hormone_response_auxin,root_epidermis,1031.4497387308359
0-0.5h,hormone_response_auxin,root_lateral_root_cap,0.0
0-0.5h,hormone_response_auxin,root_meristem,1507.414478364637
0-0.5h,hormone_response_auxin,root_pericycle,2193.5011799731005
0-0.5h,hormone_response_auxin,root_phloem,1305.1757732669362
0-0.5h,hormone_response_auxin,root_stele,1062.4446861429753
0-0.5h,hormone_response_auxin,root_xylem,1576.3428153082045
0-0.5h,hormone_response_auxin,shoot_apical_meristem,1512.7516579446124
0-0.5h,hormone_response_cytokinin,cotyledon,1422.559440741511
0-0.5h,hormone_response_cytokinin,dna_damage_response,1536.844346668904
0-0.5h,hormone_response_cytokinin,hormone_response_aba,1729.8084951446867
0-0.5h,hormone_response_cytokinin,hormone_response_auxin,1321.4411499785433
0-0.5h,hormone_response_cytokinin,hormone_response_cytokinin,1041.4325039838166
0-0.5h,hormone_response_cytokinin,hormone_response_ethylene,1612.9237161767455
0-0.5h,hormone_response_cytokinin,hormone_response_ja,1431.6312009736455
0-0.5h,hormone_response_cytokinin,hormone_response_sa,1701.3857341957873
0-0.5h,hormone_response_cytokinin,hypocotyl,1764.8695694088694
0-0.5h,hormone_response_cytokinin,leaf_epidermis,187.11843754031506
0-0.5h,hormone_response_cytokinin,leaf_mesophyll,2149.093807330802
0-0.5h,hormone_response_cytokinin,leaf_vasculature,155.49800965911135
0-0.5h,hormone_response_cytokinin,oxidative_stress,1950.4365267878493
0-0.5h,hormone_response_cytokinin,root_columella,1595.416465431618
0-0.5h,hormone_response_cytokinin,root_cortex,1785.332845272515
0-0.5h,hormone_response_cytokinin,root_endodermis,1842.004796350914
0-0.5h,hormone_response_cytokinin,root_epidermis,814.2817213717877
0-0.5h,hormone_response_cytokinin,root_lateral_root_cap,0.0
0-0.5h,hormone_response_cytokinin,root_meristem,1245.9154079823545
0-0.5h,hormone_response_cytokinin,root_pericycle,1921.3383690968124
0-0.5h,hormone_response_cytokinin,root_phloem,1058.7895723874583
0-0.5h,hormone_response_cytokinin,root_stele,841.6215106530957
0-0.5h,hormone_response_cytokinin,root_xylem,1311.0804153722809
0-0.5h,hormone_response_cytokinin,shoot_apical_meristem,1251.2186438260233
0-0.5h,hormone_response_ethylene,cotyledon,1981.8914407064428
0-0.5h,hormone_response_ethylene,dna_damage_response,2099.7479666057557
0-0.5h,hormone_response_ethylene,hormone_response_aba,2287.417367288505
0-0.5h,hormone_response_ethylene,hormone_response_auxin,1873.722358565594
0-0.5h,hormone_response_ethylene,hormone_response_cytokinin,1561.2561498860525
0-0.5h,hormone_response_ethylene,hormone_response_ethylene,2174.116169379239
0-0.5h,hormone_response_ethylene,hormone_response_ja,1989.3087026128485
0-0.5h,hormone_response_ethylene,hormone_response_sa,2263.249294299251
0-0.5h,hormone_response_ethylene,hypocotyl,2321.1857754425655
0-0.5h,hormone_response_ethylene,leaf_epidermis,355.27461087404066
0-0.5h,hormone_response_ethylene,leaf_mesophyll,2672.961672699252
0-0.5h,hormone_response_ethylene,leaf_vasculature,296.46278965195154
0-0.5h,hormone_response_ethylene,oxidative_stress,2492.9065989306537
0-0.5h,hormone_response_ethylene,root_columella,2157.129564943114
0-0.5h,hormone_response_ethylene,root_cortex,2344.2233155554663
0-0.5h,hormone_response_ethylene,root_endodermis,2394.828025100441
0-0.5h,hormone_response_ethylene,root_epidermis,1285.34981353992
0-0.5h,hormone_response_ethylene,root_lateral_root_cap,0.0
0-0.5h,hormone_response_ethylene,root_meristem,1793.6846117691705
0-0.5h,hormone_response_ethylene,root_pericycle,2469.5756814691654
0-0.5h,hormone_response_ethylene,root_phloem,1582.222231479305
0-0.5h,hormone_response_ethylene,root_stele,1319.1259160588565
0-0.5h,hormone_response_ethylene,root_xylem,1863.8587640222618
0-0.5h,hormone_response_ethylene,shoot_apical_meristem,1798.5035210950796
0-0.5h,hormone_response_ja,cotyledon,1795.4498393355204
0-0.5h,hormone_response_ja,dna_damage_response,1914.046265972614
0-0.5h,hormone_response_ja,hormone_response_aba,2106.234594282421
0-0.5h,hormone_response_ja,hormone_response_auxin,1688.0262679305745
0-0.5h,hormone_response_ja,hormone_response_cytokinin,1381.118555270515
0-0.5h,hormone_response_ja,hormone_response_ethylene,1990.1756475505215
0-0.5h,hormone_response_ja,hormone_response_ja,1803.7607999717939
0-0.5h,hormone_response_ja,hormone_response_sa,2080.142989582638
0-0.5h,hormone_response_ja,hypocotyl,2140.796806004561
0-0.5h,hormone_response_ja,leaf_epidermis,290.48022054421983
0-0.5h,hormone_response_ja,leaf_mesophyll,2505.787645122708
0-0.5h,hormone_response_ja,leaf_vasculature,242.23060598838603
0-0.5h,hormone_response_ja,oxidative_stress,2318.669468176405
0-0.5h,hormone_response_ja,root_columella,1972.8392903854776
0-0.5h,hormone_response_ja,root_cortex,2163.001784184734
0-0.5h,hormone_response_ja,root_endodermis,2216.3178975211267
0-0.5h,hormone_response_ja,root_epidermis,1117.7488360794976
0-0.5h,hormone_response_ja,root_lateral_root_cap,0.0
0-0.5h,hormone_response_ja,root_meristem,1607.9879675132347
0-0.5h,hormone_response_ja,root_pericycle,2293.131813686563
0-0.5h,hormone_response_ja,root_phloem,1401.1991730550103
0-0.5h,hormone_response_ja,root_stele,1149.9183010221311
0-0.5h,hormone_response_ja,root_xylem,1677.7785833051432
0-0.5h,hormone_response_ja,shoot_apical_meristem,1613.1860288914536
0-0.5h,hormone_response_sa,cotyledon,2085.784764775936
0-0.5h,hormone_response_sa,dna_damage_response,2203.466732295576
0-0.5h,hormone_response_sa,hormone_response_aba,2389.035650842922
0-0.5h,hormone_response_sa,hormone_response_auxin,1977.0203611015042
0-0.5h,hormone_response_sa,hormone_response_cytokinin,1661.4156619475168
0-0.5h,hormone_response_sa,hormone_response_ethylene,2276.8929104294725
0-0.5h,hormone_response_sa,hormone_response_ja,2092.5399089341613
0-0.5h,hormone_response_sa,hormone_response_sa,2366.0916207984524
0-0.5h,hormone_response_sa,hypocotyl,2422.516605812839
0-0.5h,hormone_response_sa,leaf_epidermis,392.11738075379793
0-0.5h,hormone_response_sa,leaf_mesophyll,2767.6931487358434
0-0.5h,hormone_response_sa,leaf_vasculature,327.72483504938054
0-0.5h,hormone_response_sa,oxidative_stress,2591.2971894620932
0-0.5h,hormone_response_sa,root_columella,2260.051662289037
0-0.5h,hormone_response_sa,root_cortex,2446.30594891457
0-0.5h,hormone_response_sa,root_endodermis,2495.4586993680973
0-0.5h,hormone_response_sa,root_epidermis,1378.5993408488418
0-0.5h,hormone_response_sa,root_lateral_root_cap,0.0
0-0.5h,hormone_response_sa,root_meristem,1897.0121222706648
0-0.5h,hormone_response_sa,root_pericycle,2569.3806319682703
0-0.5h,hormone_response_sa,root_phloem,1682.9066683873416
0-0.5h,hormone_response_sa,root_stele,1413.2561906533886
0-0.5h,hormone_response_sa,root_xylem,1967.441955271171
0-0.5h,hormone_response_sa,shoot_apical_meristem,1901.5609060563581
0-0.5h,hypocotyl,cotyledon,2140.212873962195
0-0.5h,hypocotyl,dna_damage_response,2256.272061845002
0-0.5h,hypocotyl,hormone_response_aba,2438.927459840075
0-0.5h,hypocotyl,hormone_response_auxin,2032.0241533983335
0-0.5h,hypocotyl,hormone_response_cytokinin,1717.5125269352534
0-0.5h,hypocotyl,hormone_response_ethylene,2328.6426892227355
0-0.5h,hypocotyl,hormone_response_ja,2146.3198876486135
0-0.5h,hypocotyl,hormone_response_sa,2416.702616082958
0-0.5h,hypocotyl,hypocotyl,2471.928286873315
0-0.5h,hypocotyl,leaf_epidermis,416.2909164745529
0-0.5h,hypocotyl,leaf_mesophyll,2811.2443709041395
0-0.5h,hypocotyl,leaf_vasculature,348.20803924540985
0-0.5h,hypocotyl,oxidative_stress,2637.8503795319466
0-0.5h,hypocotyl,root_columella,2311.9284439701864
0-0.5h,hypocotyl,root_cortex,2495.543525328268
0-0.5h,hypocotyl,root_endodermis,2543.8801423445984
0-0.5h,hypocotyl,root_epidermis,1432.8708576018842
0-0.5h,hypocotyl,root_lateral_root_cap,0.0
0-0.5h,hypocotyl,root_meristem,1952.8559292739192
0-0.5h,hypocotyl,root_pericycle,2616.5094545944307
0-0.5h,hypocotyl,root_phloem,1739.0294986801991
0-0.5h,hypocotyl,root_stele,1467.746008336728
0-0.5h,hypocotyl,root_xylem,2022.662159374575
0-0.5h,hypocotyl,shoot_apical_meristem,1957.1174671434949
0-0.5h,leaf_epidermis,cotyledon,358.21639300949374
0-0.5h,leaf_epidermis,dna_damage_response,410.41114978555703
0-0.5h,leaf_epidermis,hormone_response_aba,508.0052934695729
0-0.5h,leaf_epidermis,hormone_response_auxin,316.8885191675169
0-0.5h,leaf_epidermis,hormone_response_cytokinin,215.34922865545917
0-0.5h,leaf_epidermis,hormone_response_ethylene,447.25407718250335
0-0.5h,leaf_epidermis,hormone_response_ja,364.3602931653029
0-0.5h,leaf_epidermis,hormone_response_sa,491.04613715137924
0-0.5h,leaf_epidermis,hypocotyl,527.1113354197178
0-0.5h,leaf_epidermis,leaf_epidermis,22.744178335233293
0-0.5h,leaf_epidermis,leaf_mesophyll,770.0363782591804
0-0.5h,leaf_epidermis,leaf_vasculature,18.695657879985752
0-0.5h,leaf_epidermis,oxidative_stress,638.8363149359782
0-0.5h,leaf_epidermis,root_columella,438.7201162628695
0-0.5h,leaf_epidermis,root_cortex,536.2053726666903
0-0.5h,leaf_epidermis,root_endodermis,569.8325717032727
0-0.5h,leaf_epidermis,root_epidermis,148.37886181623628
0-0.5h,leaf_epidermis,root_lateral_root_cap,0.0
0-0.5h,leaf_epidermis,root_meristem,286.29460246704707
0-0.5h,leaf_epidermis,root_pericycle,616.3842138466691
0-0.5h,leaf_epidermis,root_phloem,221.22593857273588
0-0.5h,leaf_epidermis,root_stele,155.6829736300682
0-0.5h,leaf_epidermis,root_xylem,311.93669811633356
0-0.5h,leaf_epidermis,shoot_apical_meristem,289.22552594322497
0-0.5h,leaf_mesophyll,cotyledon,2533.7303398419103
0-0.5h,leaf_mesophyll,dna_damage_response,2636.917142781415
0-0.5h,leaf_mesophyll,hormone_response_aba,2796.4689910177062
0-0.5h,leaf_mesophyll,hormone_response_auxin,2432.256210418502
0-0.5h,leaf_mesophyll,hormone_response_cytokinin,2135.585295763238
0-0.5h,leaf_mesophyll,hormone_response_ethylene,2700.576420965512
0-0.5h,leaf_mesophyll,hormone_response_ja,2534.493340428878
0-0.5h,leaf_mesophyll,hormone_response_sa,2780.6630105950826
0-0.5h,leaf_mesophyll,hypocotyl,2826.0425080515065
0-0.5h,leaf_mesophyll,leaf_epidermis,620.2780841258966
0-0.5h,leaf_mesophyll,leaf_mesophyll,3115.1377770404033
0-0.5h,leaf_mesophyll,leaf_vasculature,523.8347905842701
0-0.5h,leaf_mesophyll,oxidative_stress,2968.973693886098
0-0.5h,leaf_mesophyll,root_columella,2684.775840652488
0-0.5h,leaf_mesophyll,root_cortex,2848.9626108667444
0-0.5h,leaf_mesophyll,root_endodermis,2890.282542852164
0-0.5h,leaf_mesophyll,root_epidermis,1846.4272313523525
0-0.5h,leaf_mesophyll,root_lateral_root_cap,0.0
0-0.5h,leaf_mesophyll,root_meristem,2361.7409797223786
0-0.5h,leaf_mesophyll,root_pericycle,2952.813741947399
0-0.5h,leaf_mesophyll,root_phloem,2156.188093282825
0-0.5h,leaf_mesophyll,root_stele,1881.6583718325783
0-0.5h,leaf_mesophyll,root_xylem,2425.2461322904533
0-0.5h,leaf_mesophyll,shoot_apical_meristem,2363.2532435390935
0-0.5h,leaf_vasculature,cotyledon,287.16267466096735
0-0.5h,leaf_vasculature,dna_damage_response,330.9191345157803
0-0.5h,leaf_vasculature,hormone_response_aba,412.8534380143752
0-0.5h,leaf_vasculature,hormone_response_auxin,253.58195056147943
0-0.5h,leaf_vasculature,hormone_response_cytokinin,171.46523223140485
0-0.5h,leaf_vasculature,hormone_response_ethylene,361.43968296185693
0-0.5h,leaf_vasculature,hormone_response_ja,293.08378315726634
0-0.5h,leaf_vasculature,hormone_response_sa,398.2841848135202
0-0.5h,leaf_vasculature,hypocotyl,428.96472151808035
0-0.5h,leaf_vasculature,leaf_epidermis,18.10817912309501
0-0.5h,leaf_vasculature,leaf_mesophyll,640.3634946780621
0-0.5h,leaf_vasculature,leaf_vasculature,15.013244241342992
0-0.5h,leaf_vasculature,oxidative_stress,525.3996077366876
0-0.5h,leaf_vasculature,root_columella,354.5174905226421
0-0.5h,leaf_vasculature,root_cortex,436.9335132232901
0-0.5h,leaf_vasculature,root_endodermis,465.0944996837747
0-0.5h,leaf_vasculature,root_epidermis,118.04184424516346
0-0.5h,leaf_vasculature,root_lateral_root_cap,0.0
0-0.5h,leaf_vasculature,root_meristem,228.47611754152712
0-0.5h,leaf_vasculature,root_pericycle,505.49930737171144
0-0.5h,leaf_vasculature,root_phloem,176.34953514808663
0-0.5h,leaf_vasculature,root_stele,123.72939332417064
0-0.5h,leaf_vasculature,root_xylem,249.48043596708206
0-0.5h,leaf_vasculature,shoot_apical_meristem,231.1576102776636
0-0.5h,oxidative_stress,cotyledon,2323.453520837377
0-0.5h,oxidative_stress,dna_damage_response,2435.4271316616755
0-0.5h,oxidative_stress,hormone_response_aba,2610.429511904302
0-0.5h,oxidative_stress,hormone_response_auxin,2216.559397039246
0-0.5h,oxidative_stress,hormone_response_cytokinin,1905.0812135756012
0-0.5h,oxidative_stress,hormone_response_ethylene,2504.8751437538776
0-0.5h,oxidative_stress,hormone_response_ja,2327.4438644629076
0-0.5h,oxidative_stress,hormone_response_sa,2590.592194714602
0-0.5h,oxidative_stress,hypocotyl,2642.314578125127
0-0.5h,oxidative_stress,leaf_epidermis,501.10130461271945
0-0.5h,oxidative_stress,leaf_mesophyll,2964.8103441057965
0-0.5h,oxidative_stress,leaf_vasculature,420.8512234581768
0-0.5h,oxidative_stress,oxidative_stress,2800.5133745037083
0-0.5h,oxidative_stress,root_columella,2488.4481203715436
0-0.5h,oxidative_stress,root_cortex,2665.973232868137
0-0.5h,oxidative_stress,root_endodermis,2711.8569067797034
0-0.5h,oxidative_stress,root_epidermis,1614.791375376325
0-0.5h,oxidative_stress,root_lateral_root_cap,0.0
0-0.5h,oxidative_stress,root_meristem,2139.8933264261145
0-0.5h,oxidative_stress,root_pericycle,2781.161081902889
0-0.5h,oxidative_stress,root_phloem,1926.6576403124539
0-0.5h,oxidative_stress,root_stele,1650.2489363200757
0-0.5h,oxidative_stress,root_xylem,2207.963996128194
0-0.5h,oxidative_stress,shoot_apical_meristem,2143.156958211916
0-0.5h,root_columella,cotyledon,1969.2271665180701
0-0.5h,root_columella,dna_damage_response,2087.8528801651546
0-0.5h,root_columella,hormone_response_aba,2276.8478335730933
0-0.5h,root_columella,hormone_response_auxin,1860.6225159076002
0-0.5h,root_columella,hormone_response_cytokinin,1547.0394453772162
0-0.5h,root_columella,hormone_response_ethylene,2162.697252464868
0-0.5h,root_columella,hormone_response_ja,1976.8435529147791
0-0.5h,root_columella,hormone_response_sa,2252.4216559543956
0-0.5h,root_columella,hypocotyl,2310.8567309968666
0-0.5h,root_columella,leaf_epidermis,348.61931099993353
0-0.5h,root_columella,leaf_mesophyll,2665.6817211833823
0-0.5h,root_columella,leaf_vasculature,291.0372972323977
0-0.5h,root_columella,oxidative_stress,2483.943069518111
0-0.5h,root_columella,root_columella,2145.6168151256215
0-0.5h,root_columella,root_cortex,2334.006459040014
0-0.5h,root_columella,root_endodermis,2385.044276476071
0-0.5h,root_columella,root_epidermis,1270.9690522896908
0-0.5h,root_columella,root_lateral_root_cap,0.0
0-0.5h,root_columella,root_meristem,1780.1668829247499
0-0.5h,root_columella,root_pericycle,2460.4294818030066
0-0.5h,root_columella,root_phloem,1568.0805402632507
0-0.5h,root_columella,root_stele,1304.7714854183232
0-0.5h,root_columella,root_xylem,1850.6935259185157
0-0.5h,root_columella,shoot_apical_meristem,1785.0653312491672
0-0.5h,root_cortex,cotyledon,2173.995031496998
0-0.5h,root_cortex,dna_damage_response,2290.2455973979386
0-0.5h,root_cortex,hormone_response_aba,2472.3740705279097
0-0.5h,root_cortex,hormone_response_auxin,2065.3597975535245
0-0.5h,root_cortex,hormone_response_cytokinin,1749.360878956805
0-0.5h,root_cortex,hormone_response_ethylene,2362.3375241068884
0-0.5h,root_cortex,hormone_response_ja,2179.7392915218215
0-0.5h,root_cortex,hormone_response_sa,2450.703067371266
0-0.5h,root_cortex,hypocotyl,2505.338287115283
0-0.5h,root_cortex,leaf_epidermis,427.57886663638453
0-0.5h,root_cortex,leaf_mesophyll,2841.2419104399455
0-0.5h,root_cortex,leaf_vasculature,358.0633310810848
0-0.5h,root_cortex,oxidative_stress,2670.044970091656
0-0.5h,root_cortex,root_columella,2345.641812491078
0-0.5h,root_cortex,root_cortex,2529.2703065253754
0-0.5h,root_cortex,root_endodermis,2577.0972479478155
0-0.5h,root_cortex,root_epidermis,1462.1061017263632
0-0.5h,root_cortex,root_lateral_root_cap,0.0
0-0.5h,root_cortex,root_meristem,1986.1260779864342
0-0.5h,root_cortex,root_pericycle,2649.3235179968374
0-0.5h,root_cortex,root_phloem,1771.094428274741
0-0.5h,root_cortex,root_stele,1497.3298519491423
0-0.5h,root_cortex,root_xylem,2056.1539379251913
0-0.5h,root_cortex,shoot_apical_meristem,1990.2590740172818
0-0.5h,root_endodermis,cotyledon,2216.2203362859264
0-0.5h,root_endodermis,dna_damage_response,2330.282108460982
0-0.5h,root_endodermis,hormone_response_aba,2508.860142532808
0-0.5h,root_endodermis,hormone_response_auxin,2109.001973725779
0-0.5h,root_endodermis,hormone_response_cytokinin,1796.361503597725
0-0.5h,root_endodermis,hormone_response_ethylene,2401.0507881860335
0-0.5h,root_endodermis,hormone_response_ja,2221.5614501870477
0-0.5h,root_endodermis,hormone_response_sa,2487.794132554202
0-0.5h,root_endodermis,hypocotyl,2541.2038482136363
0-0.5h,root_endodermis,leaf_epidermis,451.1664784780085
0-0.5h,root_endodermis,leaf_mesophyll,2871.383820923683
0-0.5h,root_endodermis,leaf_vasculature,377.66969643699747
0-0.5h,root_endodermis,oxidative_stress,2702.9276657716327
0-0.5h,root_endodermis,root_columella,2384.5845296253538
0-0.5h,root_endodermis,root_cortex,2564.880297688883
0-0.5h,root_endodermis,root_endodermis,2611.7055442654055
0-0.5h,root_endodermis,root_epidermis,1509.5770182374729
0-0.5h,root_endodermis,root_lateral_root_cap,0.0
0-0.5h,root_endodermis,root_meristem,2031.0339292073725
0-0.5h,root_endodermis,root_pericycle,2682.627463467209
0-0.5h,root_endodermis,root_phloem,1817.9195211166636
0-0.5h,root_endodermis,root_stele,1544.7013181087425
0-0.5h,root_endodermis,root_xylem,2099.9744777361084
0-0.5h,root_endodermis,shoot_apical_meristem,2034.9391029144538
0-0.5h,root_epidermis,cotyledon,1199.539789220889
0-0.5h,root_epidermis,dna_damage_response,1306.9415814869215
0-0.5h,root_epidermis,hormone_response_aba,1492.568896987501
0-0.5h,root_epidermis,hormone_response_auxin,1105.545716198348
0-0.5h,root_epidermis,hormone_response_cytokinin,850.8417678998442
0-0.5h,root_epidermis,hormone_response_ethylene,1379.8690491484542
0-0.5h,root_epidermis,hormone_response_ja,1208.404857495039
0-0.5h,root_epidermis,hormone_response_sa,1464.1521473631296
0-0.5h,root_epidermis,hypocotyl,1526.674890340972
0-0.5h,root_epidermis,leaf_epidermis,138.92352489542927
0-0.5h,root_epidermis,leaf_mesophyll,1909.5314195550138
0-0.5h,root_epidermis,leaf_vasculature,115.46025863113742
0-0.5h,root_epidermis,oxidative_stress,1710.1500537069348
0-0.5h,root_epidermis,root_columella,1362.8806504000922
0-0.5h,root_epidermis,root_cortex,1545.2803402794975
0-0.5h,root_epidermis,root_endodermis,1602.1187928187053
0-0.5h,root_epidermis,root_epidermis,651.1523756196194
0-0.5h,root_epidermis,root_lateral_root_cap,0.0
0-0.5h,root_epidermis,root_meristem,1035.6307442509274
0-0.5h,root_epidermis,root_pericycle,1679.8944397770636
0-0.5h,root_epidermis,root_phloem,866.304920464778
0-0.5h,root_epidermis,root_stele,674.7476062150961
0-0.5h,root_epidermis,root_xylem,1095.6524076143448
0-0.5h,root_epidermis,shoot_apical_meristem,1040.6641101328473
0-0.5h,root_lateral_root_cap,cotyledon,0.0
0-0.5h,root_lateral_root_cap,dna_damage_response,0.0
0-0.5h,root_lateral_root_cap,hormone_response_aba,0.0
0-0.5h,root_lateral_root_cap,hormone_response_auxin,0.0
0-0.5h,root_lateral_root_cap,hormone_response_cytokinin,0.0
0-0.5h,root_lateral_root_cap,hormone_response_ethylene,0.0
0-0.5h,root_lateral_root_cap,hormone_response_ja,0.0
0-0.5h,root_lateral_root_cap,hormone_response_sa,0.0
0-0.5h,root_lateral_root_cap,hypocotyl,0.0
0-0.5h,root_lateral_root_cap,leaf_epidermis,0.0
0-0.5h,root_lateral_root_cap,leaf_mesophyll,0.0
0-0.5h,root_lateral_root_cap,leaf_vasculature,0.0
0-0.5h,root_lateral_root_cap,oxidative_stress,0.0
0-0.5h,root_lateral_root_cap,root_columella,0.0
0-0.5h,root_lateral_root_cap,root_cortex,0.0
0-0.5h,root_lateral_root_cap,root_endodermis,0.0
0-0.5h,root_lateral_root_cap,root_epidermis,0.0
0-0.5h,root_lateral_root_cap,root_lateral_root_cap,0.0
0-0.5h,root_lateral_root_cap,root_meristem,0.0
0-0.5h,root_lateral_root_cap,root_pericycle,0.0
0-0.5h,root_lateral_root_cap,root_phloem,0.0
0-0.5h,root_lateral_root_cap,root_stele,0.0
0-0.5h,root_lateral_root_cap,root_xylem,0.0
0-0.5h,root_lateral_root_cap,shoot_apical_meristem,0.0
0-0.5h,root_meristem,cotyledon,1627.6667874978461
0-0.5h,root_meristem,dna_damage_response,1745.567608317953
0-0.5h,root_meristem,hormone_response_aba,1939.803434113454
0-0.5h,root_meristem,hormone_response_auxin,1522.4279362941506
0-0.5h,root_meristem,hormone_response_cytokinin,1225.523653491647
0-0.5h,root_meristem,hormone_response_ethylene,1822.265926996653
0-0.5h,root_meristem,hormone_response_ja,1636.7138982316008
0-0.5h,root_meristem,hormone_response_sa,1912.3817241648735
0-0.5h,root_meristem,hypocotyl,1974.8312208728314
0-0.5h,root_meristem,leaf_epidermis,240.12399441800363
0-0.5h,root_meristem,leaf_mesophyll,2350.9570846644647
0-0.5h,root_meristem,leaf_vasculature,199.58424959988582
0-0.5h,root_meristem,oxidative_stress,2157.4673577372178
0-0.5h,root_meristem,root_columella,1804.8159822649209
0-0.5h,root_meristem,root_cortex,1996.6306576856634
0-0.5h,root_meristem,root_endodermis,2051.549954652632
0-0.5h,root_meristem,root_epidermis,977.0572946340676
0-0.5h,root_meristem,root_lateral_root_cap,0.0
0-0.5h,root_meristem,root_meristem,1443.6930067512963
0-0.5h,root_meristem,root_pericycle,2130.2730075130376
0-0.5h,root_meristem,root_phloem,1244.4961459722726
0-0.5h,root_meristem,root_stele,1007.2745520401972
0-0.5h,root_meristem,root_xylem,1512.0240537742889
0-0.5h,root_meristem,shoot_apical_meristem,1449.1114491686312
0-0.5h,root_pericycle,cotyledon,2307.115120302565
0-0.5h,root_pericycle,dna_damage_response,2419.6187707678796
0-0.5h,root_pericycle,hormone_response_aba,2594.751041713632
0-0.5h,root_pericycle,hormone_response_auxin,2200.1476941471706
0-0.5h,root_pericycle,hormone_response_cytokinin,1888.0467597253441
0-0.5h,root_pericycle,hormone_response_ethylene,2489.0217775241294
0-0.5h,root_pericycle,hormone_response_ja,2311.290050267239
0-0.5h,root_pericycle,hormone_response_sa,2575.0078525000345
0-0.5h,root_pericycle,hypocotyl,2626.6289532240094
0-0.5h,root_pericycle,leaf_epidermis,490.5938940626887
0-0.5h,root_pericycle,leaf_mesophyll,2947.711380454993
0-0.5h,root_pericycle,leaf_vasculature,411.6124023714037
0-0.5h,root_pericycle,oxidative_stress,2784.430357077902
0-0.5h,root_pericycle,root_columella,2472.6697311530384
0-0.5h,root_pericycle,root_cortex,2650.440981295873
0-0.5h,root_pericycle,root_endodermis,2696.038594334563
0-0.5h,root_pericycle,root_epidermis,1597.5209191312933
0-0.5h,root_pericycle,root_lateral_root_cap,0.0
0-0.5h,root_pericycle,root_meristem,2123.2385791155084
0-0.5h,root_pericycle,root_pericycle,2765.284711506903
0-0.5h,root_pericycle,root_phloem,1909.7292386024362
0-0.5h,root_pericycle,root_stele,1633.0745545492641
0-0.5h,root_pericycle,root_xylem,2191.58342617737
0-0.5h,root_pericycle,shoot_apical_meristem,2126.613472121688
0-0.5h,root_phloem,cotyledon,1439.2109100538516
0-0.5h,root_phloem,dna_damage_response,1554.228569210897
0-0.5h,root_phloem,hormone_response_aba,1747.9899655826023
0-0.5h,root_phloem,hormone_response_auxin,1337.4458260687454
0-0.5h,root_phloem,hormone_response_cytokinin,1055.3772440970165
0-0.5h,root_phloem,hormone_response_ethylene,1630.6030262072766
0-0.5h,root_phloem,hormone_response_ja,1448.348094938888
0-0.5h,root_phloem,hormone_response_sa,1719.5545247746718
0-0.5h,root_phloem,hypocotyl,1783.1855860483186
0-0.5h,root_phloem,leaf_epidermis,190.99834767120385
0-0.5h,root_phloem,leaf_mesophyll,2168.4890755464244
0-0.5h,root_phloem,leaf_vasculature,158.881619758929
0-0.5h,root_phloem,oxidative_stress,1969.232523474234
0-0.5h,root_phloem,root_columella,1613.0501141117609
0-0.5h,root_phloem,root_cortex,1803.845688621764
0-0.5h,root_phloem,root_endodermis,1860.5992635361604
0-0.5h,root_phloem,root_epidermis,826.3082178587281
0-0.5h,root_phloem,root_lateral_root_cap,0.0
0-0.5h,root_phloem,root_meristem,1261.4563298945018
0-0.5h,root_phloem,root_pericycle,1940.2145394688582
0-0.5h,root_phloem,root_phloem,1072.949047414811
0-0.5h,root_phloem,root_stele,853.8788396636274
0-0.5h,root_phloem,root_xylem,1327.0736897141794
0-0.5h,root_phloem,shoot_apical_meristem,1266.7888072079882
0-0.5h,root_stele,cotyledon,1224.5496384347935
0-0.5h,root_stele,dna_damage_response,1332.811788807357
0-0.5h,root_stele,hormone_response_aba,1519.4489178507831
0-0.5h,root_stele,hormone_response_auxin,1129.675667039219
0-0.5h,root_stele,hormone_response_cytokinin,871.7857173833343
0-0.5h,root_stele,hormone_response_ethylene,1406.1501964217439
0-0.5h,root_stele,hormone_response_ja,1233.4271769377983
0-0.5h,root_stele,hormone_response_sa,1491.0102583658002
0-0.5h,root_stele,hypocotyl,1553.6836216033953
0-0.5h,root_stele,leaf_epidermis,143.54048596920725
0-0.5h,root_stele,leaf_mesophyll,1937.3667220362488
0-0.5h,root_stele,leaf_vasculature,119.1471825193946
0-0.5h,root_stele,oxidative_stress,1737.6474579810247
0-0.5h,root_stele,root_columella,1389.0968440142806
0-0.5h,root_stele,root_cortex,1572.5737868151846
0-0.5h,root_stele,root_endodermis,1629.4007878522004
0-0.5h,root_stele,root_epidermis,668.6852149161186
0-0.5h,root_stele,root_lateral_root_cap,0.0
0-0.5h,root_stele,root_meristem,1059.0552767867784
0-0.5h,root_stele,root_pericycle,1707.4958472298415
0-0.5h,root_stele,root_phloem,887.4618790982541
0-0.5h,root_stele,root_stele,692.8011442147289
0-0.5h,root_stele,root_xylem,1119.7222194605088
0-0.5h,root_stele,shoot_apical_meristem,1064.1228481608136
0-0.5h,root_xylem,cotyledon,1690.515913695511
0-0.5h,root_xylem,dna_damage_response,1809.1424452480808
0-0.5h,root_xylem,hormone_response_aba,2003.2736442398755
0-0.5h,root_xylem,hormone_response_auxin,1584.1709835117201
0-0.5h,root_xylem,hormone_response_cytokinin,1282.6965161192425
0-0.5h,root_xylem,hormone_response_ethylene,1885.8490411856105
0-0.5h,root_xylem,hormone_response_ja,1699.3982643245279
0-0.5h,root_xylem,hormone_response_sa,1976.2436889967014
0-0.5h,root_xylem,hypocotyl,2038.2259978259651
0-0.5h,root_xylem,leaf_epidermis,257.86861084795896
0-0.5h,root_xylem,leaf_mesophyll,2411.5564866868067
0-0.5h,root_xylem,leaf_vasculature,214.51576289977402
0-0.5h,root_xylem,oxidative_stress,2219.685723913895
0-0.5h,root_xylem,root_columella,1868.4160393994352
0-0.5h,root_xylem,root_cortex,2060.316723973087
0-0.5h,root_xylem,root_endodermis,2114.7025460876366
0-0.5h,root_xylem,root_epidermis,1028.1688543704006
0-0.5h,root_xylem,root_lateral_root_cap,0.0
0-0.5h,root_xylem,root_meristem,1504.6960539892646
0-0.5h,root_xylem,root_pericycle,2193.053249711065
0-0.5h,root_xylem,root_phloem,1302.129606680486
0-0.5h,root_xylem,root_stele,1059.1866089915445
0-0.5h,root_xylem,root_xylem,1573.7875374456116
0-0.5h,root_xylem,shoot_apical_meristem,1510.062410525641
0-0.5h,shoot_apical_meristem,cotyledon,1627.9177941974335
0-0.5h,shoot_apical_meristem,dna_damage_response,1745.9833879957037
0-0.5h,shoot_apical_meristem,hormone_response_aba,1940.5870587686184
0-0.5h,shoot_apical_meristem,hormone_response_auxin,1522.4110716524635
0-0.5h,shoot_apical_meristem,hormone_response_cytokinin,1224.9240270273858
0-0.5h,shoot_apical_meristem,hormone_response_ethylene,1822.8511807228329
0-0.5h,shoot_apical_meristem,hormone_response_ja,1636.9019179822965
0-0.5h,shoot_apical_meristem,hormone_response_sa,1913.0965614056186
0-0.5h,shoot_apical_meristem,hypocotyl,1975.6793341386035
0-0.5h,shoot_apical_meristem,leaf_epidermis,240.089167727325
0-0.5h,shoot_apical_meristem,leaf_mesophyll,2352.475693787202
0-0.5h,shoot_apical_meristem,leaf_vasculature,199.7369480830427
0-0.5h,shoot_apical_meristem,oxidative_stress,2158.638459093193
0-0.5h,shoot_apical_meristem,root_columella,1805.3445756199917
0-0.5h,shoot_apical_meristem,root_cortex,1997.4041833118292
0-0.5h,shoot_apical_meristem,root_endodermis,2052.548125438179
0-0.5h,shoot_apical_meristem,root_epidermis,976.2088658286445
0-0.5h,shoot_apical_meristem,root_lateral_root_cap,0.0
0-0.5h,shoot_apical_meristem,root_meristem,1443.5496619642738
0-0.5h,shoot_apical_meristem,root_pericycle,2131.3208666876
0-0.5h,shoot_apical_meristem,root_phloem,1243.9287790266158
0-0.5h,shoot_apical_meristem,root_stele,1006.4450824019283
0-0.5h,shoot_apical_meristem,root_xylem,1511.9909251517531
0-0.5h,shoot_apical_meristem,shoot_apical_meristem,1448.940214399855
0.5-2h,cotyledon,cotyledon,2391.3672248117896
0.5-2h,cotyledon,dna_damage_response,2193.1331959746003
0.5-2h,cotyledon,hormone_response_aba,2415.3729454776662
0.5-2h,cotyledon,hormone_response_auxin,2035.9664936378754
0.5-2h,cotyledon,hormone_response_cytokinin,1954.5055740091143
0.5-2h,cotyledon,hormone_response_ethylene,2348.6709495322802
0.5-2h,cotyledon,hormone_response_ja,1763.9720250210987
0.5-2h,cotyledon,hormone_response_sa,2375.0296947665
0.5-2h,cotyledon,hypocotyl,2437.6692284611004
0.5-2h,cotyledon,leaf_epidermis,703.7688424562859
0.5-2h,cotyledon,leaf_mesophyll,2747.817377721308
0.5-2h,cotyledon,leaf_vasculature,728.4781029952592
0.5-2h,cotyledon,oxidative_stress,2624.595458088525
0.5-2h,cotyledon,root_columella,2239.290413345502
0.5-2h,cotyledon,root_cortex,2442.221866476717
0.5-2h,cotyledon,root_endodermis,2521.173035890691
0.5-2h,cotyledon,root_epidermis,1437.6031871669104
0.5-2h,cotyledon,root_lateral_root_cap,0.0
0.5-2h,cotyledon,root_meristem,2144.8546036943294
0.5-2h,cotyledon,root_pericycle,2556.2504335018184
0.5-2h,cotyledon,root_phloem,1866.3645455846627
0.5-2h,cotyledon,root_stele,1444.7162918972383
0.5-2h,cotyledon,root_xylem,1982.041740785116
0.5-2h,cotyledon,shoot_apical_meristem,1861.8798786215846
0.5-2h,dna_damage_response,cotyledon,2204.7257363189615
0.5-2h,dna_damage_response,dna_damage_response,1995.7102951173265
0.5-2h,dna_damage_response,hormone_response_aba,2230.336958407847
0.5-2h,dna_damage_response,hormone_response_auxin,1834.1919129755
0.5-2h,dna_damage_response,hormone_response_cytokinin,1750.04845993157
0.5-2h,dna_damage_response,hormone_response_ethylene,2159.237450112047
0.5-2h,dna_damage_response,hormone_response_ja,1560.9556226549853
0.5-2h,dna_damage_response,hormone_response_sa,2186.0814244873263
0.5-2h,dna_damage_response,hypocotyl,2253.791388667885
0.5-2h,dna_damage_response,leaf_epidermis,576.9253658064674
0.5-2h,dna_damage_response,leaf_mesophyll,2588.021979516512
0.5-2h,dna_damage_response,leaf_vasculature,599.959840109494
0.5-2h,dna_damage_response,oxidative_stress,2454.2191221469225
0.5-2h,dna_damage_response,root_columella,2044.3536774150707
0.5-2h,dna_damage_response,root_cortex,2257.4320651087173
0.5-2h,dna_damage_response,root_endodermis,2342.3452757657847
0.5-2h,dna_damage_response,root_epidermis,1241.7973982014164
0.5-2h,dna_damage_response,root_lateral_root_cap,0.0
0.5-2h,dna_damage_response,root_meristem,1945.0131569393163
0.5-2h,dna_damage_response,root_pericycle,2379.815548949449
0.5-2h,dna_damage_response,root_phloem,1661.4096755048538
0.5-2h,dna_damage_response,root_stele,1249.070988181085
0.5-2h,dna_damage_response,root_xylem,1778.8141350437322
0.5-2h,dna_damage_response,shoot_apical_meristem,1657.7345038750045
0.5-2h,hormone_response_aba,cotyledon,2428.474914870239
0.5-2h,hormone_response_aba,dna_damage_response,2228.1992149440316
0.5-2h,hormone_response_aba,hormone_response_aba,2452.959328456573
0.5-2h,hormone_response_aba,hormone_response_auxin,2069.066508985317
0.5-2h,hormone_response_aba,hormone_response_cytokinin,1987.2005692485643
0.5-2h,hormone_response_aba,hormone_response_ethylene,2385.275932806081
0.5-2h,hormone_response_aba,hormone_response_ja,1794.1359401178038
0.5-2h,hormone_response_aba,hormone_response_sa,2412.4404147669593
0.5-2h,hormone_response_aba,hypocotyl,2475.6076689223955
0.5-2h,hormone_response_aba,leaf_epidermis,718.9070187015419
0.5-2h,hormone_response_aba,leaf_mesophyll,2791.2714790253153
0.5-2h,hormone_response_aba,leaf_vasculature,744.3311442302189
0.5-2h,hormone_response_aba,oxidative_stress,2665.369323411574
0.5-2h,hormone_response_aba,root_columella,2274.643128334329
0.5-2h,hormone_response_aba,root_cortex,2480.697722245264
0.5-2h,hormone_response_aba,root_endodermis,2560.485044941719
0.5-2h,hormone_response_aba,root_epidermis,1464.3364126873548
0.5-2h,hormone_response_aba,root_lateral_root_cap,0.0
0.5-2h,hormone_response_aba,root_meristem,2179.3893447924233
0.5-2h,hormone_response_aba,root_pericycle,2596.393056123366
0.5-2h,hormone_response_aba,root_phloem,1898.1393940906116
0.5-2h,hormone_response_aba,root_stele,1471.4668286924673
0.5-2h,hormone_response_aba,root_xylem,2014.7860185062932
0.5-2h,hormone_response_aba,shoot_apical_meristem,1893.277752151539
0.5-2h,hormone_response_auxin,cotyledon,2047.3175850323782
0.5-2h,hormone_response_auxin,dna_damage_response,1836.5326697049436
0.5-2h,hormone_response_auxin,hormone_response_aba,2073.1131175145797
0.5-2h,hormone_response_auxin,hormone_response_auxin,1676.9596708514553
0.5-2h,hormone_response_auxin,hormone_response_cytokinin,1593.4086747898564
0.5-2h,hormone_response_auxin,hormone_response_ethylene,2001.1411843065348
0.5-2h,hormone_response_auxin,hormone_response_ja,1410.589757126189
0.5-2h,hormone_response_auxin,hormone_response_sa,2027.2082219526749
0.5-2h,hormone_response_auxin,hypocotyl,2096.715257996404
0.5-2h,hormone_response_auxin,leaf_epidermis,497.3014250661574
0.5-2h,hormone_response_auxin,leaf_mesophyll,2438.003469901418
0.5-2h,hormone_response_auxin,leaf_vasculature,518.2834992143812
0.5-2h,hormone_response_auxin,oxidative_stress,2301.390971937694
0.5-2h,hormone_response_auxin,root_columella,1885.5497826365443
0.5-2h,hormone_response_auxin,root_cortex,2099.119760355331
0.5-2h,hormone_response_auxin,root_endodermis,2186.352418300069
0.5-2h,hormone_response_auxin,root_epidermis,1104.886056404778
0.5-2h,hormone_response_auxin,root_lateral_root_cap,0.0
0.5-2h,hormone_response_auxin,root_meristem,1785.8732610618515
0.5-2h,hormone_response_auxin,root_pericycle,2224.0212108267524
0.5-2h,hormone_response_auxin,root_phloem,1506.8544059794265
0.5-2h,hormone_response_auxin,root_stele,1112.0239425601155
0.5-2h,hormone_response_auxin,root_xylem,1622.1178507303846
0.5-2h,hormone_response_auxin,shoot_apical_meristem,1503.9184056251643
0.5-2h,hormone_response_cytokinin,cotyledon,1980.4179600374378
0.5-2h,hormone_response_cytokinin,dna_damage_response,1767.72564304408
0.5-2h,hormone_response_cytokinin,hormone_response_aba,2006.5527880312052
0.5-2h,hormone_response_cytokinin,hormone_response_auxin,1608.2834764132508
0.5-2h,hormone_response_cytokinin,hormone_response_cytokinin,1524.6722113795931
0.5-2h,hormone_response_cytokinin,hormone_response_ethylene,1933.7127070717768
0.5-2h,hormone_response_cytokinin,hormone_response_ja,1343.990184955674
0.5-2h,hormone_response_cytokinin,hormone_response_sa,1959.719435750182
0.5-2h,hormone_response_cytokinin,hypocotyl,2030.4243177896121
0.5-2h,hormone_response_cytokinin,leaf_epidermis,461.23484030436896
0.5-2h,hormone_response_cytokinin,leaf_mesophyll,2377.903493683392
0.5-2h,hormone_response_cytokinin,leaf_vasculature,481.9462171670612
0.5-2h,hormone_response_cytokinin,oxidative_stress,2238.4819725863426
0.5-2h,hormone_response_cytokinin,root_columella,1817.1175404057553
0.5-2h,hormone_response_cytokinin,root_cortex,2032.4957187072614
0.5-2h,hormone_response_cytokinin,root_endodermis,2121.2421318116894
0.5-2h,hormone_response_cytokinin,root_epidermis,1043.6508232077267
0.5-2h,hormone_response_cytokinin,root_lateral_root_cap,0.0
0.5-2h,hormone_response_cytokinin,root_meristem,1716.826652044814
0.5-2h,hormone_response_cytokinin,root_pericycle,2159.476571267323
0.5-2h,hormone_response_cytokinin,root_phloem,1438.7329285763058
0.5-2h,hormone_response_cytokinin,root_stele,1050.7192124733265
0.5-2h,hormone_response_cytokinin,root_xylem,1553.4451196381644
0.5-2h,hormone_response_cytokinin,shoot_apical_meristem,1436.09320644961
0.5-2h,hormone_response_ethylene,cotyledon,2351.908947225728
0.5-2h,hormone_response_ethylene,dna_damage_response,2149.2659548819797
0.5-2h,hormone_response_ethylene,hormone_response_aba,2376.6286106690677
0.5-2h,hormone_response_ethylene,hormone_response_auxin,1989.7035171167936
0.5-2h,hormone_response_ethylene,hormone_response_cytokinin,1907.1457647074283
0.5-2h,hormone_response_ethylene,hormone_response_ethylene,2308.075314235752
0.5-2h,hormone_response_ethylene,hormone_response_ja,1715.7816756580712
0.5-2h,hormone_response_ethylene,hormone_response_sa,2334.940620923214
0.5-2h,hormone_response_ethylene,hypocotyl,2399.443215491031
0.5-2h,hormone_response_ethylene,leaf_epidermis,671.2479984597456
0.5-2h,hormone_response_ethylene,leaf_mesophyll,2719.8900775389975
0.5-2h,hormone_response_ethylene,leaf_vasculature,695.5543174838434
0.5-2h,hormone_response_ethylene,oxidative_stress,2591.966004696834
0.5-2h,hormone_response_ethylene,root_columella,2196.377112324172
0.5-2h,hormone_response_ethylene,root_cortex,2403.963750039973
0.5-2h,hormone_response_ethylene,root_endodermis,2485.1537095498506
0.5-2h,hormone_response_ethylene,root_epidermis,1389.7554353062174
0.5-2h,hormone_response_ethylene,root_lateral_root_cap,0.0
0.5-2h,hormone_response_ethylene,root_meristem,2099.931211347158
0.5-2h,hormone_response_ethylene,root_pericycle,2521.3842412483095
0.5-2h,hormone_response_ethylene,root_phloem,1818.378676573371
0.5-2h,hormone_response_ethylene,root_stele,1396.92391872196
0.5-2h,hormone_response_ethylene,root_xylem,1935.119832720731
0.5-2h,hormone_response_ethylene,shoot_apical_meristem,1813.9628400173958
0.5-2h,hormone_response_ja,cotyledon,1785.1877665063219
0.5-2h,hormone_response_ja,dna_damage_response,1574.109551423725
0.5-2h,hormone_response_ja,hormone_response_aba,1810.8457384556177
0.5-2h,hormone_response_ja,hormone_response_auxin,1419.885067430153
0.5-2h,hormone_response_ja,hormone_response_cytokinin,1338.8151480206513
0.5-2h,hormone_response_ja,hormone_response_ethylene,1738.281448168233
0.5-2h,hormone_response_ja,hormone_response_ja,1168.4400614227525
0.5-2h,hormone_response_ja,hormone_response_sa,1763.1289853699993
0.5-2h,hormone_response_ja,hypocotyl,1834.6128557990307
0.5-2h,hormone_response_ja,leaf_epidermis,377.84511342683226
0.5-2h,hormone_response_ja,leaf_mesophyll,2186.5381102355595
0.5-2h,hormone_response_ja,leaf_vasculature,396.92252920004023
0.5-2h,hormone_response_ja,oxidative_stress,2045.0520170811085
0.5-2h,hormone_response_ja,root_columella,1622.8314653177576
0.5-2h,hormone_response_ja,root_cortex,1835.225762715569
0.5-2h,hormone_response_ja,root_endodermis,1925.702694596836
0.5-2h,hormone_response_ja,root_epidermis,889.0090405481676
0.5-2h,hormone_response_ja,root_lateral_root_cap,0.0
0.5-2h,hormone_response_ja,root_meristem,1524.414114013082
0.5-2h,hormone_response_ja,root_pericycle,1963.555087249661
0.5-2h,hormone_response_ja,root_phloem,1256.8954175423044
0.5-2h,hormone_response_ja,root_stele,895.6789955005257
0.5-2h,hormone_response_ja,root_xylem,1366.8103863037722
0.5-2h,hormone_response_ja,shoot_apical_meristem,1254.9427747371699
0.5-2h,hormone_response_sa,cotyledon,2392.459984847519
0.5-2h,hormone_response_sa,dna_damage_response,2190.1165996688214
0.5-2h,hormone_response_sa,hormone_response_aba,2417.415528228763
0.5-2h,hormone_response_sa,hormone_response_auxin,2029.7032169921645
0.5-2h,hormone_response_sa,hormone_response_cytokinin,1947.0729170413574
0.5-2h,hormone_response_sa,hormone_response_ethylene,2348.830100967406
0.5-2h,hormone_response_sa,hormone_response_ja,1753.899915869512
0.5-2h,hormone_response_sa,hormone_response_sa,2376.2362444484347
0.5-2h,hormone_response_sa,hypocotyl,2440.274213550458
0.5-2h,hormone_response_sa,leaf_epidermis,691.6528754326785
0.5-2h,hormone_response_sa,leaf_mesophyll,2759.249769639662
0.5-2h,hormone_response_sa,leaf_vasculature,716.6879013463873
0.5-2h,hormone_response_sa,oxidative_stress,2632.0575740172826
0.5-2h,hormone_response_sa,root_columella,2237.10389021973
0.5-2h,hormone_response_sa,root_cortex,2445.388263682812
0.5-2h,hormone_response_sa,root_endodermis,2525.9410678614377
0.5-2h,hormone_response_sa,root_epidermis,1424.567959165375
0.5-2h,hormone_response_sa,root_lateral_root_cap,0.0
0.5-2h,hormone_response_sa,root_meristem,2140.629404387244
0.5-2h,hormone_response_sa,root_pericycle,2562.3502457973646
0.5-2h,hormone_response_sa,root_phloem,1857.7295138296306
0.5-2h,hormone_response_sa,root_stele,1431.7783346413917
0.5-2h,hormone_response_sa,root_xylem,1975.0036970802669
0.5-2h,hormone_response_sa,shoot_apical_meristem,1853.0113289552123
0.5-2h,hypocotyl,cotyledon,2450.445148253762
0.5-2h,hypocotyl,dna_damage_response,2251.509923523943
0.5-2h,hypocotyl,hormone_response_aba,2474.8297745915856
0.5-2h,hypocotyl,hormone_response_auxin,2092.8458505762064
0.5-2h,hypocotyl,hormone_response_cytokinin,2011.38935837547
0.5-2h,hypocotyl,hormone_response_ethylene,2407.617839129824
0.5-2h,hypocotyl,hormone_response_ja,1818.1375573418375
0.5-2h,hypocotyl,hormone_response_sa,2434.8283533378594
0.5-2h,hypocotyl,hypocotyl,2497.353974504157
0.5-2h,hypocotyl,leaf_epidermis,734.350634622499
0.5-2h,hypocotyl,leaf_mesophyll,2810.1874861001893
0.5-2h,hypocotyl,leaf_vasculature,759.9810800772208
0.5-2h,hypocotyl,oxidative_stress,2685.5052885932596
0.5-2h,hypocotyl,root_columella,2297.62404538634
0.5-2h,hypocotyl,root_cortex,2502.6600680550014
0.5-2h,hypocotyl,root_endodermis,2581.663050540527
0.5-2h,hypocotyl,root_epidermis,1487.7105898394022
0.5-2h,hypocotyl,root_lateral_root_cap,0.0
0.5-2h,hypocotyl,root_meristem,2202.9585514196933
0.5-2h,hypocotyl,root_pericycle,2617.365739506193
0.5-2h,hypocotyl,root_phloem,1922.4218046427663
0.5-2h,hypocotyl,root_stele,1494.807855508615
0.5-2h,hypocotyl,root_xylem,2038.7847306859355
0.5-2h,hypocotyl,shoot_apical_meristem,1917.40813642994
0.5-2h,leaf_epidermis,cotyledon,819.8326754672753
0.5-2h,leaf_epidermis,dna_damage_response,672.1936158073605
0.5-2h,leaf_epidermis,hormone_response_aba,838.696444018409
0.5-2h,leaf_epidermis,hormone_response_auxin,574.9973411883993
0.5-2h,leaf_epidermis,hormone_response_cytokinin,525.5204568280693
0.5-2h,leaf_epidermis,hormone_response_ethylene,785.6747231680798
0.5-2h,leaf_epidermis,hormone_response_ja,433.0150563494148
0.5-2h,leaf_epidermis,hormone_response_sa,801.3814958397564
0.5-2h,leaf_epidermis,hypocotyl,856.3770229850102
0.5-2h,leaf_epidermis,leaf_epidermis,100.74039867700782
0.5-2h,leaf_epidermis,leaf_mesophyll,1144.5756964263348
0.5-2h,leaf_epidermis,leaf_vasculature,108.96758397933559
0.5-2h,leaf_epidermis,oxidative_stress,1025.5981008038948
0.5-2h,leaf_epidermis,root_columella,704.9526398770926
0.5-2h,leaf_epidermis,root_cortex,853.5550559775002
0.5-2h,leaf_epidermis,root_endodermis,925.7273330010537
0.5-2h,leaf_epidermis,root_epidermis,293.44849373232967
0.5-2h,leaf_epidermis,root_lateral_root_cap,0.0
0.5-2h,leaf_epidermis,root_meristem,638.9853408655773
0.5-2h,leaf_epidermis,root_pericycle,954.0599770558039
0.5-2h,leaf_epidermis,root_phloem,479.0620125870502
0.5-2h,leaf_epidermis,root_stele,296.5043492617311
0.5-2h,leaf_epidermis,root_xylem,542.2161417361788
0.5-2h,leaf_epidermis,shoot_apical_meristem,478.46747919821337
0.5-2h,leaf_mesophyll,cotyledon,2781.124194198251
0.5-2h,leaf_mesophyll,dna_damage_response,2606.5803996299437
0.5-2h,leaf_mesophyll,hormone_response_aba,2803.6348788605364
0.5-2h,leaf_mesophyll,hormone_response_auxin,2460.8053917390907
0.5-2h,leaf_mesophyll,hormone_response_cytokinin,2388.9646793278685
0.5-2h,leaf_mesophyll,hormone_response_ethylene,2745.2835788759726
0.5-2h,leaf_mesophyll,hormone_response_ja,2198.756147021526
0.5-2h,leaf_mesophyll,hormone_response_sa,2771.8361583282176
0.5-2h,leaf_mesophyll,hypocotyl,2824.2234489391976
0.5-2h,leaf_mesophyll,leaf_epidermis,1011.9157094047446
0.5-2h,leaf_mesophyll,leaf_mesophyll,3093.494735710798
0.5-2h,leaf_mesophyll,leaf_vasculature,1042.7306606276982
0.5-2h,leaf_mesophyll,oxidative_stress,2987.87717946443
0.5-2h,leaf_mesophyll,root_columella,2646.5097070043744
0.5-2h,leaf_mesophyll,root_cortex,2831.1278431104793
0.5-2h,leaf_mesophyll,root_endodermis,2899.547426799222
0.5-2h,leaf_mesophyll,root_epidermis,1873.233127902691
0.5-2h,leaf_mesophyll,root_lateral_root_cap,0.0
0.5-2h,leaf_mesophyll,root_meristem,2564.484579721534
0.5-2h,leaf_mesophyll,root_pericycle,2930.7257608981263
0.5-2h,leaf_mesophyll,root_phloem,2304.1720875542833
0.5-2h,leaf_mesophyll,root_stele,1879.3207720656162
0.5-2h,leaf_mesophyll,root_xylem,2412.2473759747904
0.5-2h,leaf_mesophyll,shoot_apical_meristem,2297.083537403101
0.5-2h,leaf_vasculature,cotyledon,815.9592144634519
0.5-2h,leaf_vasculature,dna_damage_response,669.8749615801368
0.5-2h,leaf_vasculature,hormone_response_aba,835.0060379659388
0.5-2h,leaf_vasculature,hormone_response_auxin,573.3522925969254
0.5-2h,leaf_vasculature,hormone_response_cytokinin,524.6992734464802
0.5-2h,leaf_vasculature,hormone_response_ethylene,782.1730153875342
0.5-2h,leaf_vasculature,hormone_response_ja,433.8112863978213
0.5-2h,leaf_vasculature,hormone_response_sa,797.8172295175575
0.5-2h,leaf_vasculature,hypocotyl,852.4788238304876
0.5-2h,leaf_vasculature,leaf_epidermis,103.51853290382529
0.5-2h,leaf_vasculature,leaf_mesophyll,1139.1592745336702
0.5-2h,leaf_vasculature,leaf_vasculature,112.42147208880645
0.5-2h,leaf_vasculature,oxidative_stress,1021.0042610526656
0.5-2h,leaf_vasculature,root_columella,702.2423377803647
0.5-2h,leaf_vasculature,root_cortex,849.8136959115601
0.5-2h,leaf_vasculature,root_endodermis,921.2599305438376
0.5-2h,leaf_vasculature,root_epidermis,295.74824085472244
0.5-2h,leaf_vasculature,root_lateral_root_cap,0.0
0.5-2h,leaf_vasculature,root_meristem,636.589689057916
0.5-2h,leaf_vasculature,root_pericycle,949.5822897967074
0.5-2h,leaf_vasculature,root_phloem,479.05883165230597
0.5-2h,leaf_vasculature,root_stele,298.55334514277416
0.5-2h,leaf_vasculature,root_xylem,540.9415516009999
0.5-2h,leaf_vasculature,shoot_apical_meristem,478.1870992889886
0.5-2h,oxidative_stress,cotyledon,2647.2922680540714
0.5-2h,oxidative_stress,dna_damage_response,2458.4944769503154
0.5-2h,oxidative_stress,hormone_response_aba,2670.659569732699
0.5-2h,oxidative_stress,hormone_response_auxin,2304.5845775970934
0.5-2h,oxidative_stress,hormone_response_cytokinin,2227.0398274234867
0.5-2h,oxidative_stress,hormone_response_ethylene,2607.226874623545
0.5-2h,oxidative_stress,hormone_response_ja,2033.0947888345695
0.5-2h,oxidative_stress,hormone_response_sa,2634.4176431797487
0.5-2h,oxidative_stress,hypocotyl,2692.381899535452
0.5-2h,oxidative_stress,leaf_epidermis,883.1432927496534
0.5-2h,oxidative_stress,leaf_mesophyll,2986.5087752403583
0.5-2h,oxidative_stress,leaf_vasculature,911.3899605867804
0.5-2h,oxidative_stress,oxidative_stress,2869.9846677434684
0.5-2h,oxidative_stress,root_columella,2501.9285722494174
0.5-2h,oxidative_stress,root_cortex,2698.649384127495
0.5-2h,oxidative_stress,root_endodermis,2773.000003889331
0.5-2h,oxidative_stress,root_epidermis,1700.617391192275
0.5-2h,oxidative_stress,root_lateral_root_cap,0.0
0.5-2h,oxidative_stress,root_meristem,2412.627127232093
0.5-2h,oxidative_stress,root_pericycle,2806.830836981084
0.5-2h,oxidative_stress,root_phloem,2139.1734874991043
0.5-2h,oxidative_stress,root_stele,1707.2357615711817
0.5-2h,oxidative_stress,root_xylem,2252.5938574227152
0.5-2h,oxidative_stress,shoot_apical_meristem,2133.000619387688
0.5-2h,root_columella,cotyledon,2248.0643975002076
0.5-2h,root_columella,dna_damage_response,2040.7296189507817
0.5-2h,root_columella,hormone_response_aba,2273.4200598545312
0.5-2h,root_columella,hormone_response_auxin,1879.6008436527757
0.5-2h,root_columella,hormone_response_cytokinin,1795.788232533989
0.5-2h,root_columella,hormone_response_ethylene,2203.0183823936445
0.5-2h,root_columella,hormone_response_ja,1605.8236117716303
0.5-2h,root_columella,hormone_response_sa,2229.8447405701595
0.5-2h,root_columella,hypocotyl,2296.690798082864
0.5-2h,root_columella,leaf_epidermis,603.332556802875
0.5-2h,root_columella,leaf_mesophyll,2627.0546444702954
0.5-2h,root_columella,leaf_vasculature,626.7109345504944
0.5-2h,root_columella,oxidative_stress,2494.918580644899
0.5-2h,root_columella,root_columella,2088.982597501453
0.5-2h,root_columella,root_cortex,2300.5261424415908
0.5-2h,root_columella,root_endodermis,2384.444529880219
0.5-2h,root_columella,root_epidermis,1284.1584116162076
0.5-2h,root_columella,root_lateral_root_cap,0.0
0.5-2h,root_columella,root_meristem,1990.3587239861397
0.5-2h,root_columella,root_pericycle,2421.5402312512897
0.5-2h,root_columella,root_phloem,1707.015811208706
0.5-2h,root_columella,root_stele,1291.4225812289853
0.5-2h,root_columella,root_xylem,1824.3827451274617
0.5-2h,root_columella,shoot_apical_meristem,1703.1241796695772
0.5-2h,root_cortex,cotyledon,2464.930022976694
0.5-2h,root_cortex,dna_damage_response,2265.803563461213
0.5-2h,root_cortex,hormone_response_aba,2489.536588438006
0.5-2h,root_cortex,hormone_response_auxin,2106.270361039432
0.5-2h,root_cortex,hormone_response_cytokinin,2024.631196278021
0.5-2h,root_cortex,hormone_response_ethylene,2422.1878402867624
0.5-2h,root_cortex,hormone_response_ja,1830.0749155980482
0.5-2h,root_cortex,hormone_response_sa,2449.803828217013
0.5-2h,root_cortex,hypocotyl,2512.1418971485045
0.5-2h,root_cortex,leaf_epidermis,738.9814632646163
0.5-2h,root_cortex,leaf_mesophyll,2823.641485665039
0.5-2h,root_cortex,leaf_vasculature,765.1842683022786
0.5-2h,root_cortex,oxidative_stress,2699.84935675507
0.5-2h,root_cortex,root_columella,2311.9279671041877
0.5-2h,root_cortex,root_cortex,2517.7384943903126
0.5-2h,root_cortex,root_endodermis,2596.5040004071784
0.5-2h,root_cortex,root_epidermis,1497.7140476942825
0.5-2h,root_cortex,root_lateral_root_cap,0.0
0.5-2h,root_cortex,root_meristem,2217.054329532052
0.5-2h,root_cortex,root_pericycle,2632.246911191206
0.5-2h,root_cortex,root_phloem,1935.1753105734242
0.5-2h,root_cortex,root_stele,1504.8797282923342
0.5-2h,root_cortex,root_xylem,2052.069698117596
0.5-2h,root_cortex,shoot_apical_meristem,1929.9795490424349
0.5-2h,root_endodermis,cotyledon,2533.18603737335
0.5-2h,root_endodermis,dna_damage_response,2339.603752960134
0.5-2h,root_endodermis,hormone_response_aba,2557.110706256891
0.5-2h,root_endodermis,hormone_response_auxin,2183.4357904076487
0.5-2h,root_endodermis,hormone_response_cytokinin,2103.847049924945
0.5-2h,root_endodermis,hormone_response_ethylene,2491.8004025955042
0.5-2h,root_endodermis,hormone_response_ja,1910.7754842819213
0.5-2h,root_endodermis,hormone_response_sa,2518.976382288947
0.5-2h,root_endodermis,hypocotyl,2579.160490159186
0.5-2h,root_endodermis,leaf_epidermis,797.7805981580035
0.5-2h,root_endodermis,leaf_mesophyll,2882.1760911130173
0.5-2h,root_endodermis,leaf_vasculature,824.3140372738285
0.5-2h,root_endodermis,oxidative_stress,2761.733775841023
0.5-2h,root_endodermis,root_columella,2384.3702141277986
0.5-2h,root_endodermis,root_cortex,2585.0375140130623
0.5-2h,root_endodermis,root_endodermis,2661.4026021998125
0.5-2h,root_endodermis,root_epidermis,1579.5323577160677
0.5-2h,root_endodermis,root_lateral_root_cap,0.0
0.5-2h,root_endodermis,root_meristem,2292.304868202774
0.5-2h,root_endodermis,root_pericycle,2696.2168965645287
0.5-2h,root_endodermis,root_phloem,2015.583550650271
0.5-2h,root_endodermis,root_stele,1586.4437279426113
0.5-2h,root_endodermis,root_xylem,2130.3987456978098
0.5-2h,root_endodermis,shoot_apical_meristem,2010.0843841798192
0.5-2h,root_epidermis,cotyledon,1527.7467135234142
0.5-2h,root_epidermis,dna_damage_response,1323.4143357597325
0.5-2h,root_epidermis,hormone_response_aba,1552.739408531254
0.5-2h,root_epidermis,hormone_response_auxin,1178.8360316494338
0.5-2h,root_epidermis,hormone_response_cytokinin,1103.2277202678322
0.5-2h,root_epidermis,hormone_response_ethylene,1481.8140188191114
0.5-2h,root_epidermis,hormone_response_ja,948.988326333521
0.5-2h,root_epidermis,hormone_response_sa,1504.9636154947195
0.5-2h,root_epidermis,hypocotyl,1576.0615685255361
0.5-2h,root_epidermis,leaf_epidermis,281.40515343184376
0.5-2h,root_epidermis,leaf_mesophyll,1930.935648008483
0.5-2h,root_epidermis,leaf_vasculature,298.0914539278343
0.5-2h,root_epidermis,oxidative_stress,1786.941902322604
0.5-2h,root_epidermis,root_columella,1370.0699208511257
0.5-2h,root_epidermis,root_cortex,1575.2190328232045
0.5-2h,root_epidermis,root_endodermis,1666.1647694607032
0.5-2h,root_epidermis,root_epidermis,701.987055567041
0.5-2h,root_epidermis,root_lateral_root_cap,0.0
0.5-2h,root_epidermis,root_meristem,1276.2052568970194
0.5-2h,root_epidermis,root_pericycle,1703.426772296196
0.5-2h,root_epidermis,root_phloem,1028.2067050011397
0.5-2h,root_epidermis,root_stele,707.743723287032
0.5-2h,root_epidermis,root_xylem,1129.221320419366
0.5-2h,root_epidermis,shoot_apical_meristem,1026.7437164779203
0.5-2h,root_lateral_root_cap,cotyledon,0.0
0.5-2h,root_lateral_root_cap,dna_damage_response,0.0
0.5-2h,root_lateral_root_cap,hormone_response_aba,0.0
0.5-2h,root_lateral_root_cap,hormone_response_auxin,0.0
0.5-2h,root_lateral_root_cap,hormone_response_cytokinin,0.0
0.5-2h,root_lateral_root_cap,hormone_response_ethylene,0.0
0.5-2h,root_lateral_root_cap,hormone_response_ja,0.0
0.5-2h,root_lateral_root_cap,hormone_response_sa,0.0
0.5-2h,root_lateral_root_cap,hypocotyl,0.0
0.5-2h,root_lateral_root_cap,leaf_epidermis,0.0
0.5-2h,root_lateral_root_cap,leaf_mesophyll,0.0
0.5-2h,root_lateral_root_cap,leaf_vasculature,0.0
0.5-2h,root_lateral_root_cap,oxidative_stress,0.0
0.5-2h,root_lateral_root_cap,root_columella,0.0
0.5-2h,root_lateral_root_cap,root_cortex,0.0
0.5-2h,root_lateral_root_cap,root_endodermis,0.0
0.5-2h,root_lateral_root_cap,root_epidermis,0.0
0.5-2h,root_lateral_root_cap,root_lateral_root_cap,0.0
0.5-2h,root_lateral_root_cap,root_meristem,0.0
0.5-2h,root_lateral_root_cap,root_pericycle,0.0
0.5-2h,root_lateral_root_cap,root_phloem,0.0
0.5-2h,root_lateral_root_cap,root_stele,0.0
0.5-2h,root_lateral_root_cap,root_xylem,0.0
0.5-2h,root_lateral_root_cap,shoot_apical_meristem,0.0
0.5-2h,root_meristem,cotyledon,2157.175880514165
0.5-2h,root_meristem,dna_damage_response,1948.00360817249
0.5-2h,root_meristem,hormone_response_aba,2182.879715070132
0.5-2h,root_meristem,hormone_response_auxin,1787.2401080182854
0.5-2h,root_meristem,hormone_response_cytokinin,1703.3348066046806
0.5-2h,root_meristem,hormone_response_ethylene,2111.6174527599474
0.5-2h,root_meristem,hormone_response_ja,1516.4140425375529
0.5-2h,root_meristem,hormone_response_sa,2138.2096415527703
0.5-2h,root_meristem,hypocotyl,2206.3293450074734
0.5-2h,root_meristem,leaf_epidermis,553.3159809916455
0.5-2h,root_meristem,leaf_mesophyll,2541.7265241976174
0.5-2h,root_meristem,leaf_vasculature,575.4799241953142
0.5-2h,root_meristem,oxidative_stress,2407.533998587622
0.5-2h,root_meristem,root_columella,1996.717485037689
0.5-2h,root_meristem,root_cortex,2209.696773703251
0.5-2h,root_meristem,root_endodermis,2294.981327621124
0.5-2h,root_meristem,root_epidermis,1201.4722410493207
0.5-2h,root_meristem,root_lateral_root_cap,0.0
0.5-2h,root_meristem,root_meristem,1897.3200057026706
0.5-2h,root_meristem,root_pericycle,2332.5030097928698
0.5-2h,root_meristem,root_phloem,1615.4488540372754
0.5-2h,root_meristem,root_stele,1208.7006837398126
0.5-2h,root_meristem,root_xylem,1732.0673723294567
0.5-2h,root_meristem,shoot_apical_meristem,1612.0084543125088
0.5-2h,root_pericycle,cotyledon,2581.040173831614
0.5-2h,root_pericycle,dna_damage_response,2389.2111540000747
0.5-2h,root_pericycle,hormone_response_aba,2604.9180393931333
0.5-2h,root_pericycle,hormone_response_auxin,2233.2519718934086
0.5-2h,root_pericycle,hormone_response_cytokinin,2154.318856540042
0.5-2h,root_pericycle,hormone_response_ethylene,2540.2370434452505
0.5-2h,root_pericycle,hormone_response_ja,1959.9627031978869
0.5-2h,root_pericycle,hormone_response_sa,2567.6891751233325
0.5-2h,root_pericycle,hypocotyl,2626.8859587313095
0.5-2h,root_pericycle,leaf_epidermis,828.5286453326469
0.5-2h,root_pericycle,leaf_mesophyll,2925.4273280587136
0.5-2h,root_pericycle,leaf_vasculature,856.037038024152
0.5-2h,root_pericycle,oxidative_stress,2807.1708714420956
0.5-2h,root_pericycle,root_columella,2433.4726718392285
0.5-2h,root_pericycle,root_cortex,2633.081939944513
0.5-2h,root_pericycle,root_endodermis,2708.493490453595
0.5-2h,root_pericycle,root_epidermis,1626.802342287609
0.5-2h,root_pericycle,root_lateral_root_cap,0.0
0.5-2h,root_pericycle,root_meristem,2342.30543603051
0.5-2h,root_pericycle,root_pericycle,2742.9211076858137
0.5-2h,root_pericycle,root_phloem,2065.847400454831
0.5-2h,root_pericycle,root_stele,1633.6692760900035
0.5-2h,root_pericycle,root_xylem,2180.52801415769
0.5-2h,root_pericycle,shoot_apical_meristem,2059.9501043360597
0.5-2h,root_phloem,cotyledon,1899.8723996873355
0.5-2h,root_phloem,dna_damage_response,1686.518643694031
0.5-2h,root_phloem,hormone_response_aba,1926.0833051672512
0.5-2h,root_phloem,hormone_response_auxin,1528.3477416594285
0.5-2h,root_phloem,hormone_response_cytokinin,1445.4000882913037
0.5-2h,root_phloem,hormone_response_ethylene,1852.805121566641
0.5-2h,root_phloem,hormone_response_ja,1268.3015929485525
0.5-2h,root_phloem,hormone_response_sa,1878.525464616786
0.5-2h,root_phloem,hypocotyl,1950.0839867501315
0.5-2h,root_phloem,leaf_epidermis,423.7605013030516
0.5-2h,root_phloem,leaf_mesophyll,2302.542114476
0.5-2h,root_phloem,leaf_vasculature,443.95349696132064
0.5-2h,root_phloem,oxidative_stress,2160.773619343454
0.5-2h,root_phloem,root_columella,1735.9290826832444
0.5-2h,root_phloem,root_cortex,1951.6083408517773
0.5-2h,root_phloem,root_endodermis,2041.6843811902438
0.5-2h,root_phloem,root_epidermis,976.0049780941904
0.5-2h,root_phloem,root_lateral_root_cap,0.0
0.5-2h,root_phloem,root_meristem,1635.7830290507438
0.5-2h,root_phloem,root_pericycle,2080.149268643974
0.5-2h,root_phloem,root_phloem,1360.7891536275413
0.5-2h,root_phloem,root_stele,982.9163788831042
0.5-2h,root_phloem,root_xylem,1473.9871690823395
0.5-2h,root_phloem,shoot_apical_meristem,1358.4083655974548
0.5-2h,root_stele,cotyledon,1530.7323661061123
0.5-2h,root_stele,dna_damage_response,1326.4189953522387
0.5-2h,root_stele,hormone_response_aba,1555.7455102154463
0.5-2h,root_stele,hormone_response_auxin,1181.7862395235077
0.5-2h,root_stele,hormone_response_cytokinin,1106.1191091528751
0.5-2h,root_stele,hormone_response_ethylene,1484.79661659398
0.5-2h,root_stele,hormone_response_ja,951.6577605749571
0.5-2h,root_stele,hormone_response_sa,1508.0002737334485
0.5-2h,root_stele,hypocotyl,1579.0512600090128
0.5-2h,root_stele,leaf_epidermis,282.1696699773315
0.5-2h,root_stele,leaf_mesophyll,1934.0376273161378
0.5-2h,root_stele,leaf_vasculature,298.6180790590293
0.5-2h,root_stele,oxidative_stress,1789.9617393468054
0.5-2h,root_stele,root_columella,1373.0743105957915
0.5-2h,root_stele,root_cortex,1578.2896638129673
0.5-2h,root_stele,root_endodermis,1669.1504213786623
0.5-2h,root_stele,root_epidermis,704.1042720931532
0.5-2h,root_stele,root_lateral_root_cap,0.0
0.5-2h,root_stele,root_meristem,1279.1949246039735
0.5-2h,root_stele,root_pericycle,1706.4587552177431
0.5-2h,root_stele,root_phloem,1031.007210849595
0.5-2h,root_stele,root_stele,709.9391895019475
0.5-2h,root_stele,root_xylem,1132.1514836233205
0.5-2h,root_stele,shoot_apical_meristem,1029.5727715823605
0.5-2h,root_xylem,cotyledon,2004.1028159978869
0.5-2h,root_xylem,dna_damage_response,1792.2647091672977
0.5-2h,root_xylem,hormone_response_aba,2030.1425573104195
0.5-2h,root_xylem,hormone_response_auxin,1632.810107984181
0.5-2h,root_xylem,hormone_response_cytokinin,1549.2730081993257
0.5-2h,root_xylem,hormone_response_ethylene,1957.6253848297154
0.5-2h,root_xylem,hormone_response_ja,1367.8630758565832
0.5-2h,root_xylem,hormone_response_sa,1983.6728079050042
0.5-2h,root_xylem,hypocotyl,2053.8894056715867
0.5-2h,root_xylem,leaf_epidermis,474.17751303513114
0.5-2h,root_xylem,leaf_mesophyll,2399.1202259103493
0.5-2h,root_xylem,leaf_vasculature,494.8153443346718
0.5-2h,root_xylem,oxidative_stress,2260.6539654048215
0.5-2h,root_xylem,root_columella,1841.4821759091224
0.5-2h,root_xylem,root_cortex,2056.1136342617024
0.5-2h,root_xylem,root_endodermis,2144.2220339744704
0.5-2h,root_xylem,root_epidermis,1065.6179036941223
0.5-2h,root_xylem,root_lateral_root_cap,0.0
0.5-2h,root_xylem,root_meristem,1741.4490932412436
0.5-2h,root_xylem,root_pericycle,2182.2658006520005
0.5-2h,root_xylem,root_phloem,1463.1568063481318
0.5-2h,root_xylem,root_stele,1072.7308039849418
0.5-2h,root_xylem,root_xylem,1578.0128099659341
0.5-2h,root_xylem,shoot_apical_meristem,1460.3921916218496
0.5-2h,shoot_apical_meristem,cotyledon,1890.3230752934758
0.5-2h,shoot_apical_meristem,dna_damage_response,1677.9650958466136
0.5-2h,shoot_apical_meristem,hormone_response_aba,1916.3583602981246
0.5-2h,shoot_apical_meristem,hormone_response_auxin,1520.6184711927406
0.5-2h,shoot_apical_meristem,hormone_response_cytokinin,1438.070758561322
0.5-2h,shoot_apical_meristem,hormone_response_ethylene,1843.4455843763947
0.5-2h,shoot_apical_meristem,hormone_response_ja,1261.8980096076803
0.5-2h,shoot_apical_meristem,hormone_response_sa,1868.9707767816558
0.5-2h,shoot_apical_meristem,hypocotyl,1940.215747799143
0.5-2h,shoot_apical_meristem,leaf_epidermis,421.56934689485576
0.5-2h,shoot_apical_meristem,leaf_mesophyll,2290.682916411272
0.5-2h,shoot_apical_meristem,leaf_vasculature,441.2944339618217
0.5-2h,shoot_apical_meristem,oxidative_stress,2149.899229888154
0.5-2h,shoot_apical_meristem,root_columella,1727.1490120862477
0.5-2h,shoot_apical_meristem,root_cortex,1941.6145791469676
0.5-2h,shoot_apical_meristem,root_endodermis,2031.3295892581639
0.5-2h,shoot_apical_meristem,root_epidermis,970.971501442395
0.5-2h,shoot_apical_meristem,root_lateral_root_cap,0.0
0.5-2h,shoot_apical_meristem,root_meristem,1627.490291716667
0.5-2h,shoot_apical_meristem,root_pericycle,2069.502723967495
0.5-2h,shoot_apical_meristem,root_phloem,1353.8722763485448
0.5-2h,shoot_apical_meristem,root_stele,977.8847306770073
0.5-2h,shoot_apical_meristem,root_xylem,1466.52382535479
0.5-2h,shoot_apical_meristem,shoot_apical_meristem,1351.5397506302545
2-6h,cotyledon,cotyledon,1847.65081943245
2-6h,cotyledon,dna_damage_response,1937.3612623609026
2-6h,cotyledon,hormone_response_aba,2152.6839945283327
2-6h,cotyledon,hormone_response_auxin,1776.509454126002
2-6h,cotyledon,hormone_response_cytokinin,1433.8722390878381
2-6h,cotyledon,hormone_response_ethylene,2096.0171815453928
2-6h,cotyledon,hormone_response_ja,1296.915380385571
2-6h,cotyledon,hormone_response_sa,2118.7333368623654
2-6h,cotyledon,hypocotyl,2150.8986994310562
2-6h,cotyledon,leaf_epidermis,264.29214186736937
2-6h,cotyledon,leaf_mesophyll,2432.594643857529
2-6h,cotyledon,leaf_vasculature,1348.2141927433015
2-6h,cotyledon,oxidative_stress,2543.1036428112734
2-6h,cotyledon,root_columella,1932.156300078926
2-6h,cotyledon,root_cortex,2084.7193548434507
2-6h,cotyledon,root_endodermis,2154.616490886169
2-6h,cotyledon,root_epidermis,1015.608000122314
2-6h,cotyledon,root_lateral_root_cap,140.8054599942684
2-6h,cotyledon,root_meristem,1574.3586197055572
2-6h,cotyledon,root_pericycle,2282.595739808075
2-6h,cotyledon,root_phloem,1521.4326313710137
2-6h,cotyledon,root_stele,954.3774288252207
2-6h,cotyledon,root_xylem,1710.3372796946278
2-6h,cotyledon,shoot_apical_meristem,1635.1806733766275
2-6h,dna_damage_response,cotyledon,1936.934736745447
2-6h,dna_damage_response,dna_damage_response,2027.8308286597241
2-6h,dna_damage_response,hormone_response_aba,2244.300725062169
2-6h,dna_damage_response,hormone_response_auxin,1864.4529136491703
2-6h,dna_damage_response,hormone_response_cytokinin,1514.8958010785104
2-6h,dna_damage_response,hormone_response_ethylene,2187.28401848357
2-6h,dna_damage_response,hormone_response_ja,1373.2536624047982
2-6h,dna_damage_response,hormone_response_sa,2210.8742122623107
2-6h,dna_damage_response,hypocotyl,2242.600037612212
2-6h,dna_damage_response,leaf_epidermis,287.2659176255516
2-6h,dna_damage_response,leaf_mesophyll,2526.2023418471886
2-6h,dna_damage_response,leaf_vasculature,1425.534386312991
2-6h,dna_damage_response,oxidative_stress,2636.022255059303
2-6h,dna_damage_response,root_columella,2022.2542439128708
2-6h,dna_damage_response,root_cortex,2176.8790715038504
2-6h,dna_damage_response,root_endodermis,2246.645177160776
2-6h,dna_damage_response,root_epidermis,1082.210993594191
2-6h,dna_damage_response,root_lateral_root_cap,153.55478392027092
2-6h,dna_damage_response,root_meristem,1658.8793929950689
2-6h,dna_damage_response,root_pericycle,2375.504801653418
2-6h,dna_damage_response,root_phloem,1604.9406229219594
2-6h,dna_damage_response,root_stele,1018.1401907813537
2-6h,dna_damage_response,root_xylem,1797.488304685036
2-6h,dna_damage_response,shoot_apical_meristem,1720.8034032521289
2-6h,hormone_response_aba,cotyledon,2154.163246591719
2-6h,hormone_response_aba,dna_damage_response,2242.635881142633
2-6h,hormone_response_aba,hormone_response_aba,2450.3366377042435
2-6h,hormone_response_aba,hormone_response_auxin,2081.90401700871
2-6h,hormone_response_aba,hormone_response_cytokinin,1731.550181535169
2-6h,hormone_response_aba,hormone_response_ethylene,2395.962304911044
2-6h,hormone_response_aba,hormone_response_ja,1583.4541674404954
2-6h,hormone_response_aba,hormone_response_sa,2419.942030230773
2-6h,hormone_response_aba,hypocotyl,2449.0135827787767
2-6h,hormone_response_aba,leaf_epidermis,363.1760032711993
2-6h,hormone_response_aba,leaf_mesophyll,2718.729493110899
2-6h,hormone_response_aba,leaf_vasculature,1635.927320208494
2-6h,hormone_response_aba,oxidative_stress,2822.865814279164
2-6h,hormone_response_aba,root_columella,2236.624605446178
2-6h,hormone_response_aba,root_cortex,2387.6627214048476
2-6h,hormone_response_aba,root_endodermis,2453.6503211931463
2-6h,hormone_response_aba,root_epidermis,1276.8398256782132
2-6h,hormone_response_aba,root_lateral_root_cap,196.86767334695307
2-6h,hormone_response_aba,root_meristem,1877.8703606066404
2-6h,hormone_response_aba,root_pericycle,2576.8162179512287
2-6h,hormone_response_aba,root_phloem,1823.5874384202614
2-6h,hormone_response_aba,root_stele,1206.7505913559794
2-6h,hormone_response_aba,root_xylem,2016.166018665266
2-6h,hormone_response_aba,shoot_apical_meristem,1939.4547992439225
2-6h,hormone_response_auxin,cotyledon,1776.0034006147566
2-6h,hormone_response_auxin,dna_damage_response,1866.366593554798
2-6h,hormone_response_auxin,hormone_response_aba,2085.068461678352
2-6h,hormone_response_auxin,hormone_response_auxin,1704.5891400811017
2-6h,hormone_response_auxin,hormone_response_cytokinin,1363.2541067096374
2-6h,hormone_response_auxin,hormone_response_ethylene,2027.2513716528497
2-6h,hormone_response_auxin,hormone_response_ja,1228.6461929806335
2-6h,hormone_response_auxin,hormone_response_sa,2050.040992005594
2-6h,hormone_response_auxin,hypocotyl,2083.1383411104453
2-6h,hormone_response_auxin,leaf_epidermis,242.23380409103856
2-6h,hormone_response_auxin,leaf_mesophyll,2372.0031176792477
2-6h,hormone_response_auxin,leaf_vasculature,1279.7252047306092
2-6h,hormone_response_auxin,oxidative_stress,2485.6976248134456
2-6h,hormone_response_auxin,root_columella,1861.1700771173487
2-6h,hormone_response_auxin,root_cortex,2015.2911345930331
2-6h,hormone_response_auxin,root_endodermis,2086.796710678312
2-6h,hormone_response_auxin,root_epidermis,953.7936100436298
2-6h,hormone_response_auxin,root_lateral_root_cap,128.1381459229033
2-6h,hormone_response_auxin,root_meristem,1502.5407102927122
2-6h,hormone_response_auxin,root_pericycle,2217.4292070631736
2-6h,hormone_response_auxin,root_phloem,1449.9027555138584
2-6h,hormone_response_auxin,root_stele,894.7525993087894
2-6h,hormone_response_auxin,root_xylem,1638.2287584630933
2-6h,hormone_response_auxin,shoot_apical_meristem,1563.1823459538084
2-6h,hormone_response_cytokinin,cotyledon,1469.018883209414
2-6h,hormone_response_cytokinin,dna_damage_response,1556.578178094026
2-6h,hormone_response_cytokinin,hormone_response_aba,1776.1746993728786
2-6h,hormone_response_cytokinin,hormone_response_auxin,1400.7227041421506
2-6h,hormone_response_cytokinin,hormone_response_cytokinin,1082.0438576062288
2-6h,hormone_response_cytokinin,hormone_response_ethylene,1717.5802393663578
2-6h,hormone_response_cytokinin,hormone_response_ja,962.7135003163386
2-6h,hormone_response_cytokinin,hormone_response_sa,1739.017829467748
2-6h,hormone_response_cytokinin,hypocotyl,1773.9843760893316
2-6h,hormone_response_cytokinin,leaf_epidermis,167.14683067973667
2-6h,hormone_response_cytokinin,leaf_mesophyll,2072.711017932737
2-6h,hormone_response_cytokinin,leaf_vasculature,1010.7042136598428
2-6h,hormone_response_cytokinin,oxidative_stress,2193.765932059357
2-6h,hormone_response_cytokinin,root_columella,1551.9021882587726
2-6h,hormone_response_cytokinin,root_cortex,1703.2097555961145
2-6h,hormone_response_cytokinin,root_endodermis,1777.2071039583086
2-6h,hormone_response_cytokinin,root_epidermis,723.5111307226616
2-6h,hormone_response_cytokinin,root_lateral_root_cap,86.79291685768538
2-6h,hormone_response_cytokinin,root_meristem,1209.6890480381903
2-6h,hormone_response_cytokinin,root_pericycle,1910.55371934791
2-6h,hormone_response_cytokinin,root_phloem,1160.645863441825
2-6h,hormone_response_cytokinin,root_stele,674.3660667098701
2-6h,hormone_response_cytokinin,root_xylem,1336.9359560182838
2-6h,hormone_response_cytokinin,shoot_apical_meristem,1266.4217780368435
2-6h,hormone_response_ethylene,cotyledon,2088.809155387047
2-6h,hormone_response_ethylene,dna_damage_response,2177.7622637568948
2-6h,hormone_response_ethylene,hormone_response_aba,2387.362675989556
2-6h,hormone_response_ethylene,hormone_response_auxin,2016.6875745281527
2-6h,hormone_response_ethylene,hormone_response_cytokinin,1667.169740696866
2-6h,hormone_response_ethylene,hormone_response_ethylene,2332.4406932889124
2-6h,hormone_response_ethylene,hormone_response_ja,1521.2670668186709
2-6h,hormone_response_ethylene,hormone_response_sa,2356.121285735914
2-6h,hormone_response_ethylene,hypocotyl,2385.922656861072
2-6h,hormone_response_ethylene,leaf_epidermis,340.6740987109258
2-6h,hormone_response_ethylene,leaf_mesophyll,2658.493073958325
2-6h,hormone_response_ethylene,leaf_vasculature,1573.6070851353447
2-6h,hormone_response_ethylene,oxidative_stress,2763.9975856009646
2-6h,hormone_response_ethylene,root_columella,2171.9480204908746
2-6h,hormone_response_ethylene,root_cortex,2323.458569315398
2-6h,hormone_response_ethylene,root_endodermis,2390.3252429570357
2-6h,hormone_response_ethylene,root_epidermis,1219.4719120851069
2-6h,hormone_response_ethylene,root_lateral_root_cap,183.91235396754436
2-6h,hormone_response_ethylene,root_meristem,1812.5620031719304
2-6h,hormone_response_ethylene,root_pericycle,2514.615027081586
2-6h,hormone_response_ethylene,root_phloem,1758.4761165891546
2-6h,hormone_response_ethylene,root_stele,1151.2019433241767
2-6h,hormone_response_ethylene,root_xylem,1950.6996357503851
2-6h,hormone_response_ethylene,shoot_apical_meristem,1874.17224106585
2-6h,hormone_response_ja,cotyledon,1320.7650138184495
2-6h,hormone_response_ja,dna_damage_response,1405.096177262429
2-6h,hormone_response_ja,hormone_response_aba,1619.7868364662272
2-6h,hormone_response_ja,hormone_response_auxin,1255.3429751542662
2-6h,hormone_response_ja,hormone_response_cytokinin,953.5482358087991
2-6h,hormone_response_ja,hormone_response_ethylene,1562.2862638592892
2-6h,hormone_response_ja,hormone_response_ja,843.6249729308345
2-6h,hormone_response_ja,hormone_response_sa,1582.629937164029
2-6h,hormone_response_ja,hypocotyl,1617.5674590124731
2-6h,hormone_response_ja,leaf_epidermis,138.59613457787214
2-6h,hormone_response_ja,leaf_mesophyll,1913.582642216909
2-6h,hormone_response_ja,leaf_vasculature,889.3151464283055
2-6h,hormone_response_ja,oxidative_stress,2036.5315755417266
2-6h,hormone_response_ja,root_columella,1400.714903542535
2-6h,hormone_response_ja,root_cortex,1547.1810303659374
2-6h,hormone_response_ja,root_endodermis,1620.6190652481996
2-6h,hormone_response_ja,root_epidermis,624.2384983573667
2-6h,hormone_response_ja,root_lateral_root_cap,71.16780888578594
2-6h,hormone_response_ja,root_meristem,1073.3881996916045
2-6h,hormone_response_ja,root_pericycle,1751.9092556936864
2-6h,hormone_response_ja,root_phloem,1027.1619692511497
2-6h,hormone_response_ja,root_stele,580.1556779066532
2-6h,hormone_response_ja,root_xylem,1194.1634140151157
2-6h,hormone_response_ja,shoot_apical_meristem,1127.2335214378359
2-6h,hormone_response_sa,cotyledon,2125.8578311364477
2-6h,hormone_response_sa,dna_damage_response,2215.2749386082555
2-6h,hormone_response_sa,hormone_response_aba,2424.8585177671735
2-6h,hormone_response_sa,hormone_response_auxin,2053.367022247542
2-6h,hormone_response_sa,hormone_response_cytokinin,1701.6974270264802
2-6h,hormone_response_sa,hormone_response_ethylene,2369.876215309312
2-6h,hormone_response_sa,hormone_response_ja,1554.0315107995223
2-6h,hormone_response_sa,hormone_response_sa,2394.086434190986
2-6h,hormone_response_sa,hypocotyl,2423.4861259283834
2-6h,hormone_response_sa,leaf_epidermis,350.8696018599568
2-6h,hormone_response_sa,leaf_mesophyll,2695.4743619540563
2-6h,hormone_response_sa,leaf_vasculature,1606.844847638347
2-6h,hormone_response_sa,oxidative_stress,2799.916381825614
2-6h,hormone_response_sa,root_columella,2209.2418567277628
2-6h,hormone_response_sa,root_cortex,2361.5953366976833
2-6h,hormone_response_sa,root_endodermis,2428.02169708754
2-6h,hormone_response_sa,root_epidermis,1248.5955391756333
2-6h,hormone_response_sa,root_lateral_root_cap,189.84499761000092
2-6h,hormone_response_sa,root_meristem,1848.2170705571023
2-6h,hormone_response_sa,root_pericycle,2552.3972146074593
2-6h,hormone_response_sa,root_phloem,1793.8823043261584
2-6h,hormone_response_sa,root_stele,1179.1894617624425
2-6h,hormone_response_sa,root_xylem,1987.2121899777503
2-6h,hormone_response_sa,shoot_apical_meristem,1910.180977355399
2-6h,hypocotyl,cotyledon,2151.819112658499
2-6h,hypocotyl,dna_damage_response,2240.322170018648
2-6h,hypocotyl,hormone_response_aba,2447.860238072962
2-6h,hypocotyl,hormone_response_auxin,2079.626254487298
2-6h,hypocotyl,hormone_response_cytokinin,1729.3705849707226
2-6h,hypocotyl,hormone_response_ethylene,2393.5212183566045
2-6h,hypocotyl,hormone_response_ja,1581.3387316929807
2-6h,hypocotyl,hormone_response_sa,2417.5173630511144
2-6h,hypocotyl,hypocotyl,2446.536245131898
2-6h,hypocotyl,leaf_epidermis,362.13696310920625
2-6h,hypocotyl,leaf_mesophyll,2715.83167553711
2-6h,hypocotyl,leaf_vasculature,1633.8902498754258
2-6h,hypocotyl,oxidative_stress,2819.5914503376375
2-6h,hypocotyl,root_columella,2234.308443998682
2-6h,hypocotyl,root_cortex,2385.2984019758883
2-6h,hypocotyl,root_endodermis,2451.15416837967
2-6h,hypocotyl,root_epidermis,1274.838316594556
2-6h,hypocotyl,root_lateral_root_cap,196.25648416560674
2-6h,hypocotyl,root_meristem,1875.6243028678477
2-6h,hypocotyl,root_pericycle,2574.199681479078
2-6h,hypocotyl,root_phloem,1821.3973214676887
2-6h,hypocotyl,root_stele,1204.7968353374783
2-6h,hypocotyl,root_xylem,2013.9121349678276
2-6h,hypocotyl,shoot_apical_meristem,1937.2258581600986
2-6h,leaf_epidermis,cotyledon,326.67288669617426
2-6h,leaf_epidermis,dna_damage_response,363.57599947264987
2-6h,leaf_epidermis,hormone_response_aba,466.3707548822377
2-6h,leaf_epidermis,hormone_response_auxin,300.9875979794174
2-6h,leaf_epidermis,hormone_response_cytokinin,194.4280662565112
2-6h,leaf_epidermis,hormone_response_ethylene,437.10797951157633
2-6h,leaf_epidermis,hormone_response_ja,163.7234282319507
2-6h,leaf_epidermis,hormone_response_sa,445.9324735229213
2-6h,leaf_epidermis,hypocotyl,465.0679919890029
2-6h,leaf_epidermis,leaf_epidermis,16.287663176341564
2-6h,leaf_epidermis,leaf_mesophyll,632.6364114680061
2-6h,leaf_epidermis,leaf_vasculature,180.49535192582448
2-6h,leaf_epidermis,oxidative_stress,718.3746181883373
2-6h,leaf_epidermis,root_columella,361.6974785773504
2-6h,leaf_epidermis,root_cortex,428.4275980448941
2-6h,leaf_epidermis,root_endodermis,465.30905703701586
2-6h,leaf_epidermis,root_epidermis,105.39242589863902
2-6h,leaf_epidermis,root_lateral_root_cap,7.55513393717747
2-6h,leaf_epidermis,root_meristem,233.09149409196044
2-6h,leaf_epidermis,root_pericycle,535.763787700582
2-6h,leaf_epidermis,root_phloem,218.18114402732692
2-6h,leaf_epidermis,root_stele,95.43616002607463
2-6h,leaf_epidermis,root_xylem,276.718741612793
2-6h,leaf_epidermis,shoot_apical_meristem,252.7030860040918
2-6h,leaf_mesophyll,cotyledon,2462.133967907906
2-6h,leaf_mesophyll,dna_damage_response,2543.4001236972645
2-6h,leaf_mesophyll,hormone_response_aba,2731.0729579400313
2-6h,leaf_mesophyll,hormone_response_auxin,2392.675324939757
2-6h,leaf_mesophyll,hormone_response_cytokinin,2056.332771421127
2-6h,leaf_mesophyll,hormone_response_ethylene,2682.65886564838
2-6h,leaf_mesophyll,hormone_response_ja,1902.2909432464432
2-6h,leaf_mesophyll,hormone_response_sa,2706.6445629265477
2-6h,leaf_mesophyll,hypocotyl,2730.568344760885
2-6h,leaf_mesophyll,leaf_epidermis,499.0429201367651
2-6h,leaf_mesophyll,leaf_mesophyll,2969.9834196647544
2-6h,leaf_mesophyll,leaf_vasculature,1953.3353401335469
2-6h,leaf_mesophyll,oxidative_stress,3063.1044269843633
2-6h,leaf_mesophyll,root_columella,2536.646855870456
2-6h,leaf_mesophyll,root_cortex,2677.5335642876007
2-6h,leaf_mesophyll,root_endodermis,2736.395521427527
2-6h,leaf_mesophyll,root_epidermis,1584.8388275675916
2-6h,leaf_mesophyll,root_lateral_root_cap,276.9960792480369
2-6h,leaf_mesophyll,root_meristem,2199.9705144065188
2-6h,leaf_mesophyll,root_pericycle,2846.72748309733
2-6h,leaf_mesophyll,root_phloem,2147.1277227292912
2-6h,leaf_mesophyll,root_stele,1507.5151939125608
2-6h,leaf_mesophyll,root_xylem,2331.8390461820013
2-6h,leaf_mesophyll,shoot_apical_meristem,2257.780339356159
2-6h,leaf_vasculature,cotyledon,1346.8224500335634
2-6h,leaf_vasculature,dna_damage_response,1430.8764067731265
2-6h,leaf_vasculature,hormone_response_aba,1644.7725695791328
2-6h,leaf_vasculature,hormone_response_auxin,1281.2056488619176
2-6h,leaf_vasculature,hormone_response_cytokinin,978.609056551091
2-6h,leaf_vasculature,hormone_response_ethylene,1587.6570159185885
2-6h,leaf_vasculature,hormone_response_ja,867.9738768370868
2-6h,leaf_vasculature,hormone_response_sa,1607.9439514713135
2-6h,leaf_vasculature,hypocotyl,1642.629746631184
2-6h,leaf_vasculature,leaf_epidermis,147.15730588829334
2-6h,leaf_vasculature,leaf_mesophyll,1936.2332895071254
2-6h,leaf_vasculature,leaf_vasculature,914.0288342514821
2-6h,leaf_vasculature,oxidative_stress,2058.0472632951255
2-6h,leaf_vasculature,root_columella,1426.4822751519314
2-6h,leaf_vasculature,root_cortex,1572.592507380791
2-6h,leaf_vasculature,root_endodermis,1645.7818829325088
2-6h,leaf_vasculature,root_epidermis,646.2101114960919
2-6h,leaf_vasculature,root_lateral_root_cap,76.34217691726501
2-6h,leaf_vasculature,root_meristem,1098.9789011710725
2-6h,leaf_vasculature,root_pericycle,1776.16015429344
2-6h,leaf_vasculature,root_phloem,1052.5840183093603
2-6h,leaf_vasculature,root_stele,601.2793391374022
2-6h,leaf_vasculature,root_xylem,1219.964732092631
2-6h,leaf_vasculature,shoot_apical_meristem,1152.8721752307065
2-6h,oxidative_stress,cotyledon,2574.237075539687
2-6h,oxidative_stress,dna_damage_response,2653.2621983263357
2-6h,oxidative_stress,hormone_response_aba,2836.099912125228
2-6h,oxidative_stress,hormone_response_auxin,2505.8198675408694
2-6h,oxidative_stress,hormone_response_cytokinin,2174.9282969559076
2-6h,oxidative_stress,hormone_response_ethylene,2789.1606520405558
2-6h,oxidative_stress,hormone_response_ja,2020.0707955592625
2-6h,oxidative_stress,hormone_response_sa,2812.965380459663
2-6h,oxidative_stress,hypocotyl,2835.7341080167334
2-6h,oxidative_stress,leaf_epidermis,558.6707187749408
2-6h,oxidative_stress,leaf_mesophyll,3069.282720637319
2-6h,oxidative_stress,leaf_vasculature,2070.3513501939515
2-6h,oxidative_stress,oxidative_stress,3159.923743487552
2-6h,oxidative_stress,root_columella,2646.4542114927867
2-6h,oxidative_stress,root_cortex,2784.509498379071
2-6h,oxidative_stress,root_endodermis,2841.888819641674
2-6h,oxidative_stress,root_epidermis,1701.5991176237678
2-6h,oxidative_stress,root_lateral_root_cap,313.0877206419797
2-6h,oxidative_stress,root_meristem,2316.9087856304927
2-6h,oxidative_stress,root_pericycle,2949.4387170313857
2-6h,oxidative_stress,root_phloem,2264.672640901842
2-6h,oxidative_stress,root_stele,1622.3001527671777
2-6h,oxidative_stress,root_xylem,2446.330074651139
2-6h,oxidative_stress,shoot_apical_meristem,2373.4192539834494
2-6h,root_columella,cotyledon,1929.2407008862588
2-6h,root_columella,dna_damage_response,2019.991568562335
2-6h,root_columella,hormone_response_aba,2236.2648566360954
2-6h,root_columella,hormone_response_auxin,1856.9057189140158
2-6h,root_columella,hormone_response_cytokinin,1508.0417831460943
2-6h,root_columella,hormone_response_ethylene,2179.312857604717
2-6h,root_columella,hormone_response_ja,1366.8599127542732
2-6h,root_columella,hormone_response_sa,2202.7519678364474
2-6h,root_columella,hypocotyl,2234.546860700551
2-6h,root_columella,leaf_epidermis,285.5864150840579
2-6h,root_columella,leaf_mesophyll,2517.8839316503395
2-6h,root_columella,leaf_vasculature,1419.0042396788112
2-6h,root_columella,oxidative_stress,2627.9701751135844
2-6h,root_columella,root_columella,2014.4610657028834
2-6h,root_columella,root_cortex,2168.7364296556416
2-6h,root_columella,root_endodermis,2238.551340436141
2-6h,root_columella,root_epidermis,1076.7074486574838
2-6h,root_columella,root_lateral_root_cap,152.5552813331037
2-6h,root_columella,root_meristem,1651.6976249726274
2-6h,root_columella,root_pericycle,2367.2321587132324
2-6h,root_columella,root_phloem,1597.873921101031
2-6h,root_columella,root_stele,1012.899733648161
2-6h,root_columella,root_xylem,1790.036648629689
2-6h,root_columella,shoot_apical_meristem,1713.5146227450866
2-6h,root_cortex,cotyledon,2096.2764155972127
2-6h,root_cortex,dna_damage_response,2186.3895056935858
2-6h,root_cortex,hormone_response_aba,2397.8611951029957
2-6h,root_cortex,hormone_response_auxin,2023.4964292713755
2-6h,root_cortex,hormone_response_cytokinin,1670.7026712745167
2-6h,root_cortex,hormone_response_ethylene,2342.32908143032
2-6h,root_cortex,hormone_response_ja,1523.5277161298595
2-6h,root_cortex,hormone_response_sa,2366.6544218850627
2-6h,root_cortex,hypocotyl,2396.4530032397793
2-6h,root_cortex,leaf_epidermis,338.8337154070876
2-6h,root_cortex,leaf_mesophyll,2670.8921605519154
2-6h,root_cortex,leaf_vasculature,1576.4322813390547
2-6h,root_cortex,oxidative_stress,2776.0774419431523
2-6h,root_cortex,root_columella,2180.359136989642
2-6h,root_cortex,root_cortex,2333.8235857789314
2-6h,root_cortex,root_endodermis,2400.9500040319194
2-6h,root_cortex,root_epidermis,1219.5368705678875
2-6h,root_cortex,root_lateral_root_cap,183.03301900221555
2-6h,root_cortex,root_meristem,1817.3925057345957
2-6h,root_cortex,root_pericycle,2526.466294271748
2-6h,root_cortex,root_phloem,1762.9429924966018
2-6h,root_cortex,root_stele,1150.876073982144
2-6h,root_cortex,root_xylem,1956.9551714102886
2-6h,root_cortex,shoot_apical_meristem,1879.6361278291272
2-6h,root_endodermis,cotyledon,2154.7634038122965
2-6h,root_endodermis,dna_damage_response,2242.945511860629
2-6h,root_endodermis,hormone_response_aba,2449.416645991409
2-6h,root_endodermis,hormone_response_auxin,2082.910529500082
2-6h,root_endodermis,hormone_response_cytokinin,1733.7862351716878
2-6h,root_endodermis,hormone_response_ethylene,2395.3610830161138
2-6h,root_endodermis,hormone_response_ja,1586.0513184778385
2-6h,root_endodermis,hormone_response_sa,2419.2759790536516
2-6h,root_endodermis,hypocotyl,2448.095804109729
2-6h,root_endodermis,leaf_epidermis,364.45362980084946
2-6h,root_endodermis,leaf_mesophyll,2715.7521436963375
2-6h,root_endodermis,leaf_vasculature,1638.5626741900949
2-6h,root_endodermis,oxidative_stress,2818.795931043849
2-6h,root_endodermis,root_columella,2236.953480914642
2-6h,root_endodermis,root_cortex,2387.2859951057912
2-6h,root_endodermis,root_endodermis,2452.661334407695
2-6h,root_endodermis,root_epidermis,1279.8796167989256
2-6h,root_endodermis,root_lateral_root_cap,197.56109381464555
2-6h,root_endodermis,root_meristem,1879.6180761943704
2-6h,root_endodermis,root_pericycle,2575.0590847911767
2-6h,root_endodermis,root_phloem,1825.5689197974323
2-6h,root_endodermis,root_stele,1209.8297418864252
2-6h,root_endodermis,root_xylem,2017.4400920746396
2-6h,root_endodermis,shoot_apical_meristem,1941.0378449854943
2-6h,root_epidermis,cotyledon,1107.2323411918317
2-6h,root_epidermis,dna_damage_response,1185.5879877797881
2-6h,root_epidermis,hormone_response_aba,1389.7927617829548
2-6h,root_epidermis,hormone_response_auxin,1046.8253687740523
2-6h,root_epidermis,hormone_response_cytokinin,774.4920202868674
2-6h,root_epidermis,hormone_response_ethylene,1334.6758521414172
2-6h,root_epidermis,hormone_response_ja,678.4917733580946
2-6h,root_epidermis,hormone_response_sa,1353.3534028355803
2-6h,root_epidermis,hypocotyl,1387.6083239420448
2-6h,root_epidermis,leaf_epidermis,101.29621823576062
2-6h,root_epidermis,leaf_mesophyll,1677.34738279324
2-6h,root_epidermis,leaf_vasculature,720.4252596767092
2-6h,root_epidermis,oxidative_stress,1801.2863455835136
2-6h,root_epidermis,root_columella,1181.5276412439787
2-6h,root_epidermis,root_cortex,1319.0279908982245
2-6h,root_epidermis,root_endodermis,1390.3513511183287
2-6h,root_epidermis,root_epidermis,490.27331486010667
2-6h,root_epidermis,root_lateral_root_cap,51.3359226451352
2-6h,root_epidermis,root_meristem,881.1336095774069
2-6h,root_epidermis,root_pericycle,1517.3020327225872
2-6h,root_epidermis,root_phloem,839.7882082529383
2-6h,root_epidermis,root_stele,453.2661791440905
2-6h,root_epidermis,root_xylem,990.4894786571114
2-6h,root_epidermis,shoot_apical_meristem,929.7694655884885
2-6h,root_lateral_root_cap,cotyledon,193.07794948402497
2-6h,root_lateral_root_cap,dna_damage_response,216.91409405735914
2-6h,root_lateral_root_cap,hormone_response_aba,284.0874723990222
2-6h,root_lateral_root_cap,hormone_response_auxin,177.12376591192347
2-6h,root_lateral_root_cap,hormone_response_cytokinin,111.8077851542231
2-6h,root_lateral_root_cap,hormone_response_ethylene,264.5514313322891
2-6h,root_lateral_root_cap,hormone_response_ja,93.79497314992437
2-6h,root_lateral_root_cap,hormone_response_sa,270.2737108647053
2-6h,root_lateral_root_cap,hypocotyl,283.1076897721656
2-6h,root_lateral_root_cap,leaf_epidermis,8.859056146663198
2-6h,root_lateral_root_cap,leaf_mesophyll,398.4837123867307
2-6h,root_lateral_root_cap,leaf_vasculature,104.34390837525675
2-6h,root_lateral_root_cap,oxidative_stress,460.42369821314423
2-6h,root_lateral_root_cap,root_columella,215.66631500021663
2-6h,root_lateral_root_cap,root_cortex,258.8690589761619
2-6h,root_lateral_root_cap,root_endodermis,282.9212017023545
2-6h,root_lateral_root_cap,root_epidermis,59.192158997707054
2-6h,root_lateral_root_cap,root_lateral_root_cap,4.103864843445062
2-6h,root_lateral_root_cap,root_meristem,135.04990749117027
2-6h,root_lateral_root_cap,root_pericycle,330.6895228759179
2-6h,root_lateral_root_cap,root_phloem,126.23480771823498
2-6h,root_lateral_root_cap,root_stele,53.38469286229164
2-6h,root_lateral_root_cap,root_xylem,161.92742605468092
2-6h,root_lateral_root_cap,shoot_apical_meristem,147.2333747756618
2-6h,root_meristem,cotyledon,1596.5910283556416
2-6h,root_meristem,dna_damage_response,1685.8848309563255
2-6h,root_meristem,hormone_response_aba,1906.1713682205745
2-6h,root_meristem,hormone_response_auxin,1526.777123718818
2-6h,root_meristem,hormone_response_cytokinin,1197.2067670427268
2-6h,root_meristem,hormone_response_ethylene,1847.5743792261978
2-6h,root_meristem,hormone_response_ja,1071.0934259592
2-6h,root_meristem,hormone_response_sa,1869.7120568510868
2-6h,root_meristem,hypocotyl,1904.0525497901156
2-6h,root_meristem,leaf_epidermis,196.0234726254613
2-6h,root_meristem,leaf_mesophyll,2199.8867269333778
2-6h,root_meristem,leaf_vasculature,1120.5718344966742
2-6h,root_meristem,oxidative_stress,2317.8408625365464
2-6h,root_meristem,root_columella,1680.9902740243256
2-6h,root_meristem,root_cortex,1834.2529945173235
2-6h,root_meristem,root_endodermis,1907.4103782005432
2-6h,root_meristem,root_epidermis,816.1452625291693
2-6h,root_meristem,root_lateral_root_cap,102.56444993667752
2-6h,root_meristem,root_meristem,1330.212833085341
2-6h,root_meristem,root_pericycle,2040.2790519160615
2-6h,root_meristem,root_phloem,1279.4989611026015
2-6h,root_meristem,root_stele,762.8220318261408
2-6h,root_meristem,root_xylem,1461.6157652397126
2-6h,root_meristem,shoot_apical_meristem,1388.9015802795052
2-6h,root_pericycle,cotyledon,2298.5723693566115
2-6h,root_pericycle,dna_damage_response,2384.854545217814
2-6h,root_pericycle,hormone_response_aba,2585.198052047991
2-6h,root_pericycle,hormone_response_auxin,2226.928231527728
2-6h,root_pericycle,hormone_response_cytokinin,1879.2178959000016
2-6h,root_pericycle,hormone_response_ethylene,2532.9494936366727
2-6h,root_pericycle,hormone_response_ja,1727.4351444107863
2-6h,root_pericycle,hormone_response_sa,2557.333071886778
2-6h,root_pericycle,hypocotyl,2584.2039521129723
2-6h,root_pericycle,leaf_epidermis,419.73991753315465
2-6h,root_pericycle,leaf_mesophyll,2842.0096913081966
2-6h,root_pericycle,leaf_vasculature,1779.9785703829928
2-6h,root_pericycle,oxidative_stress,2941.153931924415
2-6h,root_pericycle,root_columella,2378.4106529474684
2-6h,root_pericycle,root_cortex,2526.412224785375
2-6h,root_pericycle,root_endodermis,2589.3348574896486
2-6h,root_pericycle,root_epidermis,1413.0154834988912
2-6h,root_pericycle,root_lateral_root_cap,229.79082164477902
2-6h,root_pericycle,root_meristem,2025.7859483239934
2-6h,root_pericycle,root_pericycle,2707.771909244308
2-6h,root_pericycle,root_phloem,1971.786629923542
2-6h,root_pericycle,root_stele,1339.242554896269
2-6h,root_pericycle,root_xylem,2162.7039429862007
2-6h,root_pericycle,shoot_apical_meristem,2086.484199023438
2-6h,root_phloem,cotyledon,1547.7431477075556
2-6h,root_phloem,dna_damage_response,1636.8778064750795
2-6h,root_phloem,hormone_response_aba,1858.2480589715149
2-6h,root_phloem,hormone_response_auxin,1478.1321955803257
2-6h,root_phloem,hormone_response_cytokinin,1151.2411421762763
2-6h,root_phloem,hormone_response_ethylene,1799.284328841184
2-6h,root_phloem,hormone_response_ja,1027.4500494290203
2-6h,root_phloem,hormone_response_sa,1821.290698649512
2-6h,root_phloem,hypocotyl,1856.0987343514844
2-6h,root_phloem,leaf_epidermis,184.1155000764613
2-6h,root_phloem,leaf_mesophyll,2155.127621239484
2-6h,root_phloem,leaf_vasculature,1076.507137433685
2-6h,root_phloem,oxidative_stress,2275.029505887653
2-6h,root_phloem,root_columella,1632.0299531715732
2-6h,root_phloem,root_cortex,1785.4550579873946
2-6h,root_phloem,root_endodermis,1859.4381990454408
2-6h,root_phloem,root_epidermis,778.2298870148585
2-6h,root_phloem,root_lateral_root_cap,96.0766890469916
2-6h,root_phloem,root_meristem,1282.7417721187512
2-6h,root_phloem,root_pericycle,1993.359082803103
2-6h,root_phloem,root_phloem,1232.451644397472
2-6h,root_phloem,root_stele,726.4912407285398
2-6h,root_phloem,root_xylem,1413.165580336124
2-6h,root_phloem,shoot_apical_meristem,1340.9330890586018
2-6h,root_stele,cotyledon,1048.1723012194566
2-6h,root_stele,dna_damage_response,1124.4428259278407
2-6h,root_stele,hormone_response_aba,1324.3346076923895
2-6h,root_stele,hormone_response_auxin,989.5178930903539
2-6h,root_stele,hormone_response_cytokinin,726.4055755315416
2-6h,root_stele,hormone_response_ethylene,1270.2565196762355
2-6h,root_stele,hormone_response_ja,634.57835287729
2-6h,root_stele,hormone_response_sa,1288.3906315047675
2-6h,root_stele,hypocotyl,1322.1729875577419
2-6h,root_stele,leaf_epidermis,91.99095907572702
2-6h,root_stele,leaf_mesophyll,1608.025260862216
2-6h,root_stele,leaf_vasculature,675.0966965197885
2-6h,root_stele,oxidative_stress,1731.6626886570252
2-6h,root_stele,root_columella,1120.5033873563177
2-6h,root_stele,root_cortex,1254.676181301152
2-6h,root_stele,root_endodermis,1324.8029768356173
2-6h,root_stele,root_epidermis,455.138739424231
2-6h,root_stele,root_lateral_root_cap,46.29569493957757
2-6h,root_stele,root_meristem,829.0819299695382
2-6h,root_stele,root_pericycle,1449.6469602715633
2-6h,root_stele,root_phloem,789.2084672168788
2-6h,root_stele,root_stele,420.19006841767055
2-6h,root_stele,root_xylem,934.8151156852102
2-6h,root_stele,shoot_apical_meristem,876.1016086736395
2-6h,root_xylem,cotyledon,1720.7367422506873
2-6h,root_xylem,dna_damage_response,1811.2106573765277
2-6h,root_xylem,hormone_response_aba,2031.33668955306
2-6h,root_xylem,hormone_response_auxin,1649.5838023644287
2-6h,root_xylem,hormone_response_cytokinin,1310.6087343990246
2-6h,root_xylem,hormone_response_ethylene,1972.9975325061296
2-6h,root_xylem,hormone_response_ja,1178.2610637634668
2-6h,root_xylem,hormone_response_sa,1995.7174066600417
2-6h,root_xylem,hypocotyl,2029.330592584637
2-6h,root_xylem,leaf_epidermis,226.59093529023272
2-6h,root_xylem,leaf_mesophyll,2321.7402741885085
2-6h,root_xylem,leaf_vasculature,1229.0063827217546
2-6h,root_xylem,oxidative_stress,2436.9824606271777
2-6h,root_xylem,root_columella,1806.0794314911361
2-6h,root_xylem,root_cortex,1960.628914354134
2-6h,root_xylem,root_endodermis,2032.8842220729316
2-6h,root_xylem,root_epidermis,908.969068913415
2-6h,root_xylem,root_lateral_root_cap,119.43194569057158
2-6h,root_xylem,root_meristem,1448.4428304638532
2-6h,root_xylem,root_pericycle,2164.837714099465
2-6h,root_xylem,root_phloem,1396.2083936682875
2-6h,root_xylem,root_stele,851.6517036804513
2-6h,root_xylem,root_xylem,1583.3273777175932
2-6h,root_xylem,shoot_apical_meristem,1508.7167975077957
2-6h,shoot_apical_meristem,cotyledon,1647.8031095126255
2-6h,shoot_apical_meristem,dna_damage_response,1737.7673358637123
2-6h,shoot_apical_meristem,hormone_response_aba,1958.5420563696248
2-6h,shoot_apical_meristem,hormone_response_auxin,1577.2298691148644
2-6h,shoot_apical_meristem,hormone_response_cytokinin,1242.980416706159
2-6h,shoot_apical_meristem,hormone_response_ethylene,1899.925939862625
2-6h,shoot_apical_meristem,hormone_response_ja,1114.1452282941902
2-6h,shoot_apical_meristem,hormone_response_sa,1922.318146520382
2-6h,shoot_apical_meristem,hypocotyl,1956.4682359070978
2-6h,shoot_apical_meristem,leaf_epidermis,208.21992171001628
2-6h,shoot_apical_meristem,leaf_mesophyll,2251.402205325685
2-6h,shoot_apical_meristem,leaf_vasculature,1164.19418469677
2-6h,shoot_apical_meristem,oxidative_stress,2368.6053225246283
2-6h,shoot_apical_meristem,root_columella,1732.770084120027
2-6h,shoot_apical_meristem,root_cortex,1886.8902984974293
2-6h,shoot_apical_meristem,root_endodermis,1959.9244316332451
2-6h,shoot_apical_meristem,root_epidermis,853.0440050407115
2-6h,shoot_apical_meristem,root_lateral_root_cap,109.27604171207585
2-6h,shoot_apical_meristem,root_meristem,1378.2971404659831
2-6h,shoot_apical_meristem,root_pericycle,2092.6421840870726
2-6h,shoot_apical_meristem,root_phloem,1326.8092080451481
2-6h,shoot_apical_meristem,root_stele,798.0812087280227
2-6h,shoot_apical_meristem,root_xylem,1511.4480356932124
2-6h,shoot_apical_meristem,shoot_apical_meristem,1437.765423826553
6-12h,cotyledon,cotyledon,2159.2052766316997
6-12h,cotyledon,dna_damage_response,2079.2784703968264
6-12h,cotyledon,hormone_response_aba,2186.0239013514124
6-12h,cotyledon,hormone_response_auxin,1888.3471464580018
6-12h,cotyledon,hormone_response_cytokinin,1635.1525208438934
6-12h,cotyledon,hormone_response_ethylene,2092.4196020289646
6-12h,cotyledon,hormone_response_ja,1351.0595961107308
6-12h,cotyledon,hormone_response_sa,2248.4693294286444
6-12h,cotyledon,hypocotyl,2304.2862755049923
6-12h,cotyledon,leaf_epidermis,449.99409971681524
6-12h,cotyledon,leaf_mesophyll,2657.890287373893
6-12h,cotyledon,leaf_vasculature,517.7484843401262
6-12h,cotyledon,oxidative_stress,2543.31869377016
6-12h,cotyledon,root_columella,2163.9921439324153
6-12h,cotyledon,root_cortex,2319.7764094652653
6-12h,cotyledon,root_endodermis,2253.13516407657
6-12h,cotyledon,root_epidermis,1203.938450362578
6-12h,cotyledon,root_lateral_root_cap,0.0
6-12h,cotyledon,root_meristem,1641.591592190795
6-12h,cotyledon,root_pericycle,2437.5538573847493
6-12h,cotyledon,root_phloem,1690.2755019876379
6-12h,cotyledon,root_stele,1345.4340000838993
6-12h,cotyledon,root_xylem,1868.2741289596127
6-12h,cotyledon,shoot_apical_meristem,1760.6111322096579
6-12h,dna_damage_response,cotyledon,2088.210655536962
6-12h,dna_damage_response,dna_damage_response,2006.311826660274
6-12h,dna_damage_response,hormone_response_aba,2115.932407446776
6-12h,dna_damage_response,hormone_response_auxin,1812.0537083956847
6-12h,dna_damage_response,hormone_response_cytokinin,1556.8624826856135
6-12h,dna_damage_response,hormone_response_ethylene,2019.7741581798687
6-12h,dna_damage_response,hormone_response_ja,1275.114041594058
6-12h,dna_damage_response,hormone_response_sa,2179.8948754158428
6-12h,dna_damage_response,hypocotyl,2237.8798959859973
6-12h,dna_damage_response,leaf_epidermis,411.51905440260595
6-12h,dna_damage_response,leaf_mesophyll,2606.8499629492912
6-12h,dna_damage_response,leaf_vasculature,475.80568032980455
6-12h,dna_damage_response,oxidative_stress,2486.2192580613123
6-12h,dna_damage_response,root_columella,2093.2653739454513
6-12h,dna_damage_response,root_cortex,2253.592739556017
6-12h,dna_damage_response,root_endodermis,2184.8297500947097
6-12h,dna_damage_response,root_epidermis,1130.0643816219967
6-12h,dna_damage_response,root_lateral_root_cap,0.0
6-12h,dna_damage_response,root_meristem,1563.3621265550755
6-12h,dna_damage_response,root_pericycle,2375.973308122715
6-12h,dna_damage_response,root_phloem,1612.0849531183094
6-12h,dna_damage_response,root_stele,1269.1226239781586
6-12h,dna_damage_response,root_xylem,1791.6338363758746
6-12h,dna_damage_response,shoot_apical_meristem,1682.961785361987
6-12h,hormone_response_aba,cotyledon,2193.7543921473884
6-12h,hormone_response_aba,dna_damage_response,2113.1565846919443
6-12h,hormone_response_aba,hormone_response_aba,2220.8276151602568
6-12h,hormone_response_aba,hormone_response_auxin,1920.045580206192
6-12h,hormone_response_aba,hormone_response_cytokinin,1664.3284742446788
6-12h,hormone_response_aba,hormone_response_ethylene,2126.2047724291265
6-12h,hormone_response_aba,hormone_response_ja,1376.1873005595519
6-12h,hormone_response_aba,hormone_response_sa,2284.21779248229
6-12h,hormone_response_aba,hypocotyl,2340.3702866483263
6-12h,hormone_response_aba,leaf_epidermis,460.4238115951687
6-12h,hormone_response_aba,leaf_mesophyll,2699.6827468733286
6-12h,hormone_response_aba,leaf_vasculature,529.780210579872
6-12h,hormone_response_aba,oxidative_stress,2582.5192028396013
6-12h,hormone_response_aba,root_columella,2198.5080369437965
6-12h,hormone_response_aba,root_cortex,2356.4371891633195
6-12h,hormone_response_aba,root_endodermis,2288.8037902366223
6-12h,hormone_response_aba,root_epidermis,1227.3143864599356
6-12h,hormone_response_aba,root_lateral_root_cap,0.0
6-12h,hormone_response_aba,root_meristem,1670.7561846701194
6-12h,hormone_response_aba,root_pericycle,2475.6827696066925
6-12h,hormone_response_aba,root_phloem,1720.167728023578
6-12h,hormone_response_aba,root_stele,1370.8317065173326
6-12h,hormone_response_aba,root_xylem,1899.9417419880515
6-12h,hormone_response_aba,shoot_apical_meristem,1791.0438178296417
6-12h,hormone_response_auxin,cotyledon,1898.812583233866
6-12h,hormone_response_auxin,dna_damage_response,1816.3138884787268
6-12h,hormone_response_auxin,hormone_response_aba,1926.7417304146672
6-12h,hormone_response_auxin,hormone_response_auxin,1624.830855916968
6-12h,hormone_response_auxin,hormone_response_cytokinin,1376.656307200858
6-12h,hormone_response_auxin,hormone_response_ethylene,1830.2945074641411
6-12h,hormone_response_auxin,hormone_response_ja,1111.2247345442538
6-12h,hormone_response_auxin,hormone_response_sa,1990.2337857200666
6-12h,hormone_response_auxin,hypocotyl,2050.15273656814
6-12h,hormone_response_auxin,leaf_epidermis,339.7333477751175
6-12h,hormone_response_auxin,leaf_mesophyll,2428.9120836666075
6-12h,hormone_response_auxin,leaf_vasculature,395.43049184330386
6-12h,hormone_response_auxin,oxidative_stress,2304.9006723679704
6-12h,hormone_response_auxin,root_columella,1903.942676489641
6-12h,hormone_response_auxin,root_cortex,2064.645037879258
6-12h,hormone_response_auxin,root_endodermis,1995.8030239917923
6-12h,hormone_response_auxin,root_epidermis,975.2825632812614
6-12h,hormone_response_auxin,root_lateral_root_cap,0.0
6-12h,hormone_response_auxin,root_meristem,1383.127917613442
6-12h,hormone_response_auxin,root_pericycle,2190.0700330356285
6-12h,hormone_response_auxin,root_phloem,1429.4728789768767
6-12h,hormone_response_auxin,root_stele,1104.403267191311
6-12h,hormone_response_auxin,root_xylem,1604.3784868703908
6-12h,hormone_response_auxin,shoot_apical_meristem,1498.6420056156562
6-12h,hormone_response_cytokinin,cotyledon,1675.2181634051014
6-12h,hormone_response_cytokinin,dna_damage_response,1592.7683665298248
6-12h,hormone_response_cytokinin,hormone_response_aba,1703.046869036126
6-12h,hormone_response_cytokinin,hormone_response_auxin,1406.4559491391772
6-12h,hormone_response_cytokinin,hormone_response_cytokinin,1169.522619413864
6-12h,hormone_response_cytokinin,hormone_response_ethylene,1607.175463224999
6-12h,hormone_response_cytokinin,hormone_response_ja,925.6439740311155
6-12h,hormone_response_cytokinin,hormone_response_sa,1765.8886090021622
6-12h,hormone_response_cytokinin,hypocotyl,1827.5555614542934
6-12h,hormone_response_cytokinin,leaf_epidermis,263.3803684572169
6-12h,hormone_response_cytokinin,leaf_mesophyll,2218.8945749011996
6-12h,hormone_response_cytokinin,leaf_vasculature,310.18653251915157
6-12h,hormone_response_cytokinin,oxidative_stress,2089.7742937330745
6-12h,hormone_response_cytokinin,root_columella,1680.207056138485
6-12h,hormone_response_cytokinin,root_cortex,1840.841231216088
6-12h,hormone_response_cytokinin,root_endodermis,1772.1449517796673
6-12h,hormone_response_cytokinin,root_epidermis,802.0362685528405
6-12h,hormone_response_cytokinin,root_lateral_root_cap,0.0
6-12h,hormone_response_cytokinin,root_meristem,1175.8021625544045
6-12h,hormone_response_cytokinin,root_pericycle,1969.7337939803542
6-12h,hormone_response_cytokinin,root_phloem,1218.9384109633677
6-12h,hormone_response_cytokinin,root_stele,918.1520458537385
6-12h,hormone_response_cytokinin,root_xylem,1386.2514871667433
6-12h,hormone_response_cytokinin,shoot_apical_meristem,1285.095914155507
6-12h,hormone_response_ethylene,cotyledon,2093.9401995429635
6-12h,hormone_response_ethylene,dna_damage_response,2012.5968155715025
6-12h,hormone_response_ethylene,hormone_response_aba,2121.3830010848546
6-12h,hormone_response_ethylene,hormone_response_auxin,1819.6638381795165
6-12h,hormone_response_ethylene,hormone_response_cytokinin,1565.873956547203
6-12h,hormone_response_ethylene,hormone_response_ethylene,2025.9968740709273
6-12h,hormone_response_ethylene,hormone_response_ja,1284.9468087088424
6-12h,hormone_response_ethylene,hormone_response_sa,2184.802534185685
6-12h,hormone_response_ethylene,hypocotyl,2242.3062469428114
6-12h,hormone_response_ethylene,leaf_epidermis,417.6304723604222
6-12h,hormone_response_ethylene,leaf_mesophyll,2607.761496301965
6-12h,hormone_response_ethylene,leaf_vasculature,482.10021651655813
6-12h,hormone_response_ethylene,oxidative_stress,2488.5116956744937
6-12h,hormone_response_ethylene,root_columella,2098.9047095053493
6-12h,hormone_response_ethylene,root_cortex,2257.8153245089325
6-12h,hormone_response_ethylene,root_endodermis,2189.7188575724836
6-12h,hormone_response_ethylene,root_epidermis,1140.1129117065793
6-12h,hormone_response_ethylene,root_lateral_root_cap,0.0
6-12h,hormone_response_ethylene,root_meristem,1572.3367453560215
6-12h,hormone_response_ethylene,root_pericycle,2379.0815848358866
6-12h,hormone_response_ethylene,root_phloem,1620.8215691123478
6-12h,hormone_response_ethylene,root_stele,1279.0128197979027
6-12h,hormone_response_ethylene,root_xylem,1799.3731010180993
6-12h,hormone_response_ethylene,shoot_apical_meristem,1691.3244168485364
6-12h,hormone_response_ja,cotyledon,1393.6623656135503
6-12h,hormone_response_ja,dna_damage_response,1315.092165986352
6-12h,hormone_response_ja,hormone_response_aba,1419.953647195067
6-12h,hormone_response_ja,hormone_response_auxin,1142.6833299671737
6-12h,hormone_response_ja,hormone_response_cytokinin,928.5320009840281
6-12h,hormone_response_ja,hormone_response_ethylene,1329.1603218339933
6-12h,hormone_response_ja,hormone_response_ja,718.2198327515005
6-12h,hormone_response_ja,hormone_response_sa,1479.298029494975
6-12h,hormone_response_ja,hypocotyl,1540.0174089861905
6-12h,hormone_response_ja,leaf_epidermis,188.34160852426365
6-12h,hormone_response_ja,leaf_mesophyll,1929.4182551454198
6-12h,hormone_response_ja,leaf_vasculature,224.99162709662286
6-12h,hormone_response_ja,oxidative_stress,1799.8750500892436
6-12h,hormone_response_ja,root_columella,1398.1203121312315
6-12h,hormone_response_ja,root_cortex,1551.1911557268531
6-12h,hormone_response_ja,root_endodermis,1486.0668750378
6-12h,hormone_response_ja,root_epidermis,612.4123747574142
6-12h,hormone_response_ja,root_lateral_root_cap,0.0
6-12h,hormone_response_ja,root_meristem,934.1886668933319
6-12h,hormone_response_ja,root_pericycle,1678.3676198977678
6-12h,hormone_response_ja,root_phloem,972.390063603616
6-12h,hormone_response_ja,root_stele,710.0476582713654
6-12h,hormone_response_ja,root_xylem,1123.7404844414918
6-12h,hormone_response_ja,shoot_apical_meristem,1032.1099485907762
6-12h,hormone_response_sa,cotyledon,2263.9803243144524
6-12h,hormone_response_sa,dna_damage_response,2184.194382210359
6-12h,hormone_response_sa,hormone_response_aba,2290.9222674676566
6-12h,hormone_response_sa,hormone_response_auxin,1991.0575861817874
6-12h,hormone_response_sa,hormone_response_cytokinin,1734.5267241109764
6-12h,hormone_response_sa,hormone_response_ethylene,2196.8615959980975
6-12h,hormone_response_sa,hormone_response_ja,1441.7998790472848
6-12h,hormone_response_sa,hormone_response_sa,2354.3872016261766
6-12h,hormone_response_sa,hypocotyl,2409.3936540395766
6-12h,hormone_response_sa,leaf_epidermis,492.09255904393234
6-12h,hormone_response_sa,leaf_mesophyll,2762.9993825016427
6-12h,hormone_response_sa,leaf_vasculature,564.8425078744073
6-12h,hormone_response_sa,oxidative_stress,2648.0543775024325
6-12h,hormone_response_sa,root_columella,2268.722570119685
6-12h,hormone_response_sa,root_cortex,2426.0785748151593
6-12h,hormone_response_sa,root_endodermis,2358.5982970242108
6-12h,hormone_response_sa,root_epidermis,1290.4411770368922
6-12h,hormone_response_sa,root_lateral_root_cap,0.0
6-12h,hormone_response_sa,root_meristem,1740.8231347498142
6-12h,hormone_response_sa,root_pericycle,2543.5757613400556
6-12h,hormone_response_sa,root_phloem,1790.921361079617
6-12h,hormone_response_sa,root_stele,1436.927820048243
6-12h,hormone_response_sa,root_xylem,1971.168248978506
6-12h,hormone_response_sa,shoot_apical_meristem,1861.8348061116171
6-12h,hypocotyl,cotyledon,2314.212340697365
6-12h,hypocotyl,dna_damage_response,2235.375337337893
6-12h,hypocotyl,hormone_response_aba,2340.5482903685406
6-12h,hypocotyl,hormone_response_auxin,2044.0534166753523
6-12h,hypocotyl,hormone_response_cytokinin,1788.8347894090882
6-12h,hypocotyl,hormone_response_ethylene,2247.8482989138492
6-12h,hypocotyl,hormone_response_ja,1494.2428223658826
6-12h,hypocotyl,hormone_response_sa,2403.3512520698564
6-12h,hypocotyl,hypocotyl,2457.2222317536025
6-12h,hypocotyl,leaf_epidermis,520.0829073937467
6-12h,hypocotyl,leaf_mesophyll,2804.990228160857
6-12h,hypocotyl,leaf_vasculature,595.4850205358518
6-12h,hypocotyl,oxidative_stress,2692.0028606168084
6-12h,hypocotyl,root_columella,2318.621506838629
6-12h,hypocotyl,root_cortex,2473.849005431968
6-12h,hypocotyl,root_endodermis,2407.4751980397186
6-12h,hypocotyl,root_epidermis,1341.7552318645735
6-12h,hypocotyl,root_lateral_root_cap,0.0
6-12h,hypocotyl,root_meristem,1795.0637071381834
6-12h,hypocotyl,root_pericycle,2589.396749020167
6-12h,hypocotyl,root_phloem,1845.1578534694613
6-12h,hypocotyl,root_stele,1489.8155259761693
6-12h,hypocotyl,root_xylem,2024.4469634942573
6-12h,hypocotyl,shoot_apical_meristem,1915.6404052138928
6-12h,leaf_epidermis,cotyledon,546.636734761409
6-12h,leaf_epidermis,dna_damage_response,501.35244309479856
6-12h,leaf_epidermis,hormone_response_aba,563.0686859651195
6-12h,leaf_epidermis,hormone_response_auxin,407.2847008541124
6-12h,leaf_epidermis,hormone_response_cytokinin,302.45344809529297
6-12h,leaf_epidermis,hormone_response_ethylene,509.3697865440523
6-12h,leaf_epidermis,hormone_response_ja,215.03175167166626
6-12h,leaf_epidermis,hormone_response_sa,598.4201643882906
6-12h,leaf_epidermis,hypocotyl,638.3129656197799
6-12h,leaf_epidermis,leaf_epidermis,42.10219321353223
6-12h,leaf_epidermis,leaf_mesophyll,915.8086831356715
6-12h,leaf_epidermis,leaf_vasculature,52.75778346167115
6-12h,leaf_epidermis,oxidative_stress,819.931350934667
6-12h,leaf_epidermis,root_columella,550.072099894931
6-12h,leaf_epidermis,root_cortex,643.8036384114514
6-12h,leaf_epidermis,root_endodermis,602.7471179190109
6-12h,leaf_epidermis,root_epidermis,172.80245504278082
6-12h,leaf_epidermis,root_lateral_root_cap,0.0
6-12h,leaf_epidermis,root_meristem,304.80047984846686
6-12h,leaf_epidermis,root_pericycle,729.056936481833
6-12h,leaf_epidermis,root_phloem,322.92828423849
6-12h,leaf_epidermis,root_stele,209.53861707587083
6-12h,leaf_epidermis,root_xylem,396.8322315292696
6-12h,leaf_epidermis,shoot_apical_meristem,351.5713201375603
6-12h,leaf_mesophyll,cotyledon,2694.6830195820903
6-12h,leaf_mesophyll,dna_damage_response,2625.748562055998
6-12h,leaf_mesophyll,hormone_response_aba,2717.6627883290803
6-12h,leaf_mesophyll,hormone_response_auxin,2451.2203415633708
6-12h,leaf_mesophyll,hormone_response_cytokinin,2214.0471484194663
6-12h,leaf_mesophyll,hormone_response_ethylene,2636.284508703927
6-12h,leaf_mesophyll,hormone_response_ja,1912.158524289872
6-12h,leaf_mesophyll,hormone_response_sa,2776.0832638690645
6-12h,leaf_mesophyll,hypocotyl,2820.151380073481
6-12h,leaf_mesophyll,leaf_epidermis,766.2935447041572
6-12h,leaf_mesophyll,leaf_mesophyll,3115.875331130188
6-12h,leaf_mesophyll,leaf_vasculature,864.5400096465663
6-12h,leaf_mesophyll,oxidative_stress,3022.1524051682895
6-12h,leaf_mesophyll,root_columella,2697.8929019142547
6-12h,leaf_mesophyll,root_cortex,2837.0798230619343
6-12h,leaf_mesophyll,root_endodermis,2779.073443841793
6-12h,leaf_mesophyll,root_epidermis,1757.9361937077733
6-12h,leaf_mesophyll,root_lateral_root_cap,0.0
6-12h,leaf_mesophyll,root_meristem,2219.114235433
6-12h,leaf_mesophyll,root_pericycle,2936.295852157171
6-12h,leaf_mesophyll,root_phloem,2267.66266834733
6-12h,leaf_mesophyll,root_stele,1913.3468482019268
6-12h,leaf_mesophyll,root_xylem,2434.81035519912
6-12h,leaf_mesophyll,shoot_apical_meristem,2332.26043561315
6-12h,leaf_vasculature,cotyledon,593.4767634507557
6-12h,leaf_vasculature,dna_damage_response,546.2773669770428
6-12h,leaf_vasculature,hormone_response_aba,610.9578049726464
6-12h,leaf_vasculature,hormone_response_auxin,446.91184936466516
6-12h,leaf_vasculature,hormone_response_cytokinin,335.8648601229501
6-12h,leaf_vasculature,hormone_response_ethylene,554.4792853431777
6-12h,leaf_vasculature,hormone_response_ja,242.02970829155436
6-12h,leaf_vasculature,hormone_response_sa,647.8655849026414
6-12h,leaf_vasculature,hypocotyl,689.48223383514
6-12h,leaf_vasculature,leaf_epidermis,49.92438684779922
6-12h,leaf_vasculature,leaf_mesophyll,977.3318083458926
6-12h,leaf_vasculature,leaf_vasculature,62.43613100105238
6-12h,leaf_vasculature,oxidative_stress,878.3527543470678
6-12h,leaf_vasculature,root_columella,597.2964914365202
6-12h,leaf_vasculature,root_cortex,695.3968404915416
6-12h,leaf_vasculature,root_endodermis,652.1885151864888
6-12h,leaf_vasculature,root_epidermis,196.22277158595614
6-12h,leaf_vasculature,root_lateral_root_cap,0.0
6-12h,leaf_vasculature,root_meristem,338.1210362550519
6-12h,leaf_vasculature,root_pericycle,784.0626466198111
6-12h,leaf_vasculature,root_phloem,357.8532373578878
6-12h,leaf_vasculature,root_stele,236.0010079431105
6-12h,leaf_vasculature,root_xylem,435.91259926633194
6-12h,leaf_vasculature,shoot_apical_meristem,388.0598561598417
6-12h,oxidative_stress,cotyledon,2567.1921709708104
6-12h,oxidative_stress,dna_damage_response,2492.9374222554825
6-12h,oxidative_stress,hormone_response_aba,2591.560590447954
6-12h,oxidative_stress,hormone_response_auxin,2308.8834649298738
6-12h,oxidative_stress,hormone_response_cytokinin,2060.356562203222
6-12h,oxidative_stress,hormone_response_ethylene,2504.3153303590802
6-12h,oxidative_stress,hormone_response_ja,1757.2494026800432
6-12h,oxidative_stress,hormone_response_sa,2652.4742084342815
6-12h,oxidative_stress,hypocotyl,2701.1782035869555
6-12h,oxidative_stress,leaf_epidermis,668.6642555821059
6-12h,oxidative_stress,leaf_mesophyll,3022.614492380043
6-12h,oxidative_stress,leaf_vasculature,758.052581004275
6-12h,oxidative_stress,oxidative_stress,2919.3707406098056
6-12h,oxidative_stress,root_columella,2570.631534364114
6-12h,oxidative_stress,root_cortex,2718.2847934062524
6-12h,oxidative_stress,root_endodermis,2655.943832800599
6-12h,oxidative_stress,root_epidermis,1601.0822512817306
6-12h,oxidative_stress,root_lateral_root_cap,0.0
6-12h,oxidative_stress,root_meristem,2066.0102996608484
6-12h,oxidative_stress,root_pericycle,2825.5634511996454
6-12h,oxidative_stress,root_phloem,2116.1298642605366
6-12h,oxidative_stress,root_stele,1755.6712361349898
6-12h,oxidative_stress,root_xylem,2290.7743710123623
6-12h,oxidative_stress,shoot_apical_meristem,2184.1897589267187
6-12h,root_columella,cotyledon,2170.1229414490676
6-12h,root_columella,dna_damage_response,2089.1941960415743
6-12h,root_columella,hormone_response_aba,2197.385913783008
6-12h,root_columella,hormone_response_auxin,1895.636024473311
6-12h,root_columella,hormone_response_cytokinin,1639.7781689305814
6-12h,root_columella,hormone_response_ethylene,2102.3339697790193
6-12h,root_columella,hormone_response_ja,1352.8298365245391
6-12h,root_columella,hormone_response_sa,2260.926010005251
6-12h,root_columella,hypocotyl,2317.5409379615185
6-12h,root_columella,leaf_epidermis,448.8140069480663
6-12h,root_columella,leaf_mesophyll,2679.1729262273125
6-12h,root_columella,leaf_vasculature,516.9632611369519
6-12h,root_columella,oxidative_stress,2561.1777765717998
6-12h,root_columella,root_columella,2174.971208365005
6-12h,root_columella,root_cortex,2333.5073532857873
6-12h,root_columella,root_endodermis,2265.597754617533
6-12h,root_columella,root_epidermis,1204.69335558131
6-12h,root_columella,root_lateral_root_cap,0.0
6-12h,root_columella,root_meristem,1646.2168786675634
6-12h,root_columella,root_pericycle,2453.532687376993
6-12h,root_columella,root_phloem,1695.5672510769532
6-12h,root_columella,root_stele,1347.3247882375176
6-12h,root_columella,root_xylem,1875.448736215669
6-12h,root_columella,shoot_apical_meristem,1766.499938268085
6-12h,root_cortex,cotyledon,2340.8106921910767
6-12h,root_cortex,dna_damage_response,2262.1124618056983
6-12h,root_cortex,hormone_response_aba,2367.2506510992753
6-12h,root_cortex,hormone_response_auxin,2069.982642669104
6-12h,root_cortex,hormone_response_cytokinin,1813.6332523827723
6-12h,root_cortex,hormone_response_ethylene,2274.403515938358
6-12h,root_cortex,hormone_response_ja,1516.4540403074086
6-12h,root_cortex,hormone_response_sa,2430.432665392422
6-12h,root_cortex,hypocotyl,2483.9003365323447
6-12h,root_cortex,leaf_epidermis,529.8401772613282
6-12h,root_cortex,leaf_mesophyll,2829.1822696607924
6-12h,root_cortex,leaf_vasculature,606.7551205316038
6-12h,root_cortex,oxidative_stress,2717.4911754167356
6-12h,root_cortex,root_columella,2345.2651933186744
6-12h,root_cortex,root_cortex,2500.888070835647
6-12h,root_cortex,root_endodermis,2434.373723378791
6-12h,root_cortex,root_epidermis,1362.786408489167
6-12h,root_cortex,root_lateral_root_cap,0.0
6-12h,root_cortex,root_meristem,1819.80177374737
6-12h,root_cortex,root_pericycle,2615.9295312933605
6-12h,root_cortex,root_phloem,1870.3642122103656
6-12h,root_cortex,root_stele,1512.275999873924
6-12h,root_cortex,root_xylem,2050.4571162918724
6-12h,root_cortex,shoot_apical_meristem,1941.043714657265
6-12h,root_endodermis,cotyledon,2260.505438287338
6-12h,root_endodermis,dna_damage_response,2181.288974227831
6-12h,root_endodermis,hormone_response_aba,2287.180219300454
6-12h,root_endodermis,hormone_response_auxin,1989.7093256700339
6-12h,root_endodermis,hormone_response_cytokinin,1734.8104732836102
6-12h,root_endodermis,hormone_response_ethylene,2193.94284423922
6-12h,root_endodermis,hormone_response_ja,1443.5268009579797
6-12h,root_endodermis,hormone_response_sa,2350.0065647717233
6-12h,root_endodermis,hypocotyl,2404.6244080555375
6-12h,root_endodermis,leaf_epidermis,494.4344583129318
6-12h,root_endodermis,leaf_mesophyll,2755.4473452795205
6-12h,root_endodermis,leaf_vasculature,566.9703370075028
6-12h,root_endodermis,oxidative_stress,2641.381361305087
6-12h,root_endodermis,root_columella,2265.1825904019515
6-12h,root_endodermis,root_cortex,2421.047672263541
6-12h,root_endodermis,root_endodermis,2354.2346611692033
6-12h,root_endodermis,root_epidermis,1292.73074723922
6-12h,root_endodermis,root_lateral_root_cap,0.0
6-12h,root_endodermis,root_meristem,1741.0991926437682
6-12h,root_endodermis,root_pericycle,2537.567439919094
6-12h,root_endodermis,root_phloem,1790.8242859256168
6-12h,root_endodermis,root_stele,1438.6579998089155
6-12h,root_endodermis,root_xylem,1969.9133579072297
6-12h,root_endodermis,shoot_apical_meristem,1861.347363537984
6-12h,root_epidermis,cotyledon,1302.8220186365197
6-12h,root_epidermis,dna_damage_response,1226.020864275005
6-12h,root_epidermis,hormone_response_aba,1328.4889562487874
6-12h,root_epidermis,hormone_response_auxin,1058.9686363676246
6-12h,root_epidermis,hormone_response_cytokinin,853.6507859804789
6-12h,root_epidermis,hormone_response_ethylene,1239.810337543556
6-12h,root_epidermis,hormone_response_ja,654.419951859025
6-12h,root_epidermis,hormone_response_sa,1386.4937244357254
6-12h,root_epidermis,hypocotyl,1446.5496913795428
6-12h,root_epidermis,leaf_epidermis,166.06965837130306
6-12h,root_epidermis,leaf_mesophyll,1834.7871403082381
6-12h,root_epidermis,leaf_vasculature,199.56830119404304
6-12h,root_epidermis,oxidative_stress,1704.8382096868079
6-12h,root_epidermis,root_columella,1307.0677847228087
6-12h,root_epidermis,root_cortex,1457.1232956991391
6-12h,root_epidermis,root_endodermis,1393.3521614137337
6-12h,root_epidermis,root_epidermis,555.2313899923262
6-12h,root_epidermis,root_lateral_root_cap,0.0
6-12h,root_epidermis,root_meristem,858.9548452837278
6-12h,root_epidermis,root_pericycle,1583.282899369804
6-12h,root_epidermis,root_phloem,895.4298685318047
6-12h,root_epidermis,root_stele,646.5711358330667
6-12h,root_epidermis,root_xylem,1040.6172502473019
6-12h,root_epidermis,shoot_apical_meristem,952.5438151715133
6-12h,root_lateral_root_cap,cotyledon,0.0
6-12h,root_lateral_root_cap,dna_damage_response,0.0
6-12h,root_lateral_root_cap,hormone_response_aba,0.0
6-12h,root_lateral_root_cap,hormone_response_auxin,0.0
6-12h,root_lateral_root_cap,hormone_response_cytokinin,0.0
6-12h,root_lateral_root_cap,hormone_response_ethylene,0.0
6-12h,root_lateral_root_cap,hormone_response_ja,0.0
6-12h,root_lateral_root_cap,hormone_response_sa,0.0
6-12h,root_lateral_root_cap,hypocotyl,0.0
6-12h,root_lateral_root_cap,leaf_epidermis,0.0
6-12h,root_lateral_root_cap,leaf_mesophyll,0.0
6-12h,root_lateral_root_cap,leaf_vasculature,0.0
6-12h,root_lateral_root_cap,oxidative_stress,0.0
6-12h,root_lateral_root_cap,root_columella,0.0
6-12h,root_lateral_root_cap,root_cortex,0.0
6-12h,root_lateral_root_cap,root_endodermis,0.0
6-12h,root_lateral_root_cap,root_epidermis,0.0
6-12h,root_lateral_root_cap,root_lateral_root_cap,0.0
6-12h,root_lateral_root_cap,root_meristem,0.0
6-12h,root_lateral_root_cap,root_pericycle,0.0
6-12h,root_lateral_root_cap,root_phloem,0.0
6-12h,root_lateral_root_cap,root_stele,0.0
6-12h,root_lateral_root_cap,root_xylem,0.0
6-12h,root_lateral_root_cap,shoot_apical_meristem,0.0
6-12h,root_meristem,cotyledon,1680.6863743905687
6-12h,root_meristem,dna_damage_response,1598.583249024342
6-12h,root_meristem,hormone_response_aba,1708.4917929618787
6-12h,root_meristem,hormone_response_auxin,1412.6362602670765
6-12h,root_meristem,hormone_response_cytokinin,1176.0284419558286
6-12h,root_meristem,hormone_response_ethylene,1612.8710559454735
6-12h,root_meristem,hormone_response_ja,931.903831926069
6-12h,root_meristem,hormone_response_sa,1771.1450721328729
6-12h,root_meristem,hypocotyl,1832.5179420319032
6-12h,root_meristem,leaf_epidermis,266.02481378328554
6-12h,root_meristem,leaf_mesophyll,2222.0420710870994
6-12h,root_meristem,leaf_vasculature,312.87656244620314
6-12h,root_meristem,oxidative_stress,2093.578651092826
6-12h,root_meristem,root_columella,1685.7323097019885
6-12h,root_meristem,root_cortex,1845.864746366965
6-12h,root_meristem,root_endodermis,1777.3133621819427
6-12h,root_meristem,root_epidermis,808.0133028514538
6-12h,root_meristem,root_lateral_root_cap,0.0
6-12h,root_meristem,root_meristem,1182.2734982234847
6-12h,root_meristem,root_pericycle,1974.1491219446575
6-12h,root_meristem,root_phloem,1225.457557394438
6-12h,root_meristem,root_stele,924.4815455083027
6-12h,root_meristem,root_xylem,1392.5125553709881
6-12h,root_meristem,shoot_apical_meristem,1291.511967341284
6-12h,root_pericycle,cotyledon,2461.3878325977453
6-12h,root_pericycle,dna_damage_response,2385.300126491547
6-12h,root_pericycle,hormone_response_aba,2486.773569443299
6-12h,root_pericycle,hormone_response_auxin,2197.348983974959
6-12h,root_pericycle,hormone_response_cytokinin,1944.8080447075495
6-12h,root_pericycle,hormone_response_ethylene,2396.9705018752766
6-12h,root_pericycle,hormone_response_ja,1643.8054056651442
6-12h,root_pericycle,hormone_response_sa,2548.7078677167992
6-12h,root_pericycle,hypocotyl,2599.3987304885327
6-12h,root_pericycle,leaf_epidermis,600.2442629568623
6-12h,root_pericycle,leaf_mesophyll,2930.4485417136448
6-12h,root_pericycle,leaf_vasculature,683.7030758529801
6-12h,root_pericycle,oxidative_stress,2823.8750152665616
6-12h,root_pericycle,root_columella,2465.391732317988
6-12h,root_pericycle,root_cortex,2616.576787587092
6-12h,root_pericycle,root_endodermis,2552.2610457882515
6-12h,root_pericycle,root_epidermis,1488.1759292672596
6-12h,root_pericycle,root_lateral_root_cap,0.0
6-12h,root_pericycle,root_meristem,1950.6808125863502
6-12h,root_pericycle,root_pericycle,2726.985178032763
6-12h,root_pericycle,root_phloem,2001.2153418579865
6-12h,root_pericycle,root_stele,1640.897702924779
6-12h,root_pericycle,root_xylem,2178.609206142105
6-12h,root_pericycle,shoot_apical_meristem,2070.573534241793
6-12h,root_phloem,cotyledon,1724.9801744730967
6-12h,root_phloem,dna_damage_response,1642.066473917957
6-12h,root_phloem,hormone_response_aba,1753.047292182918
6-12h,root_phloem,hormone_response_auxin,1453.5214624099679
6-12h,root_phloem,hormone_response_cytokinin,1212.9613982563003
6-12h,root_phloem,hormone_response_ethylene,1656.4401039957793
6-12h,root_phloem,hormone_response_ja,963.6887540492796
6-12h,root_phloem,hormone_response_sa,1816.4428891989523
6-12h,root_phloem,hypocotyl,1878.1179020155955
6-12h,root_phloem,leaf_epidermis,278.2950170496151
6-12h,root_phloem,leaf_mesophyll,2269.4738267578864
6-12h,root_phloem,leaf_vasculature,327.1946680120144
6-12h,root_phloem,oxidative_stress,2140.383595300135
6-12h,root_phloem,root_columella,1730.0785587668822
6-12h,root_phloem,root_cortex,1891.7927079491487
6-12h,root_phloem,root_endodermis,1822.5722234075802
6-12h,root_phloem,root_epidermis,837.1230751013277
6-12h,root_phloem,root_lateral_root_cap,0.0
6-12h,root_phloem,root_meristem,1219.3152292902894
6-12h,root_phloem,root_pericycle,2020.7798059259915
6-12h,root_phloem,root_phloem,1263.3760853104204
6-12h,root_phloem,root_stele,956.2653522220073
6-12h,root_phloem,root_xylem,1433.1682124446813
6-12h,root_phloem,shoot_apical_meristem,1330.4900167178598
6-12h,root_stele,cotyledon,1424.22872902008
6-12h,root_stele,dna_damage_response,1344.9519473037462
6-12h,root_stele,hormone_response_aba,1450.8145933147061
6-12h,root_stele,hormone_response_auxin,1170.4569606803186
6-12h,root_stele,hormone_response_cytokinin,953.3713662072516
6-12h,root_stele,hormone_response_ethylene,1359.0942860799237
6-12h,root_stele,hormone_response_ja,738.4925953172643
6-12h,root_stele,hormone_response_sa,1510.8379758964122
6-12h,root_stele,hypocotyl,1571.9287437177277
6-12h,root_stele,leaf_epidermis,194.2645194460406
6-12h,root_stele,leaf_mesophyll,1964.565102418985
6-12h,root_stele,leaf_vasculature,231.80384736979556
6-12h,root_stele,oxidative_stress,1833.6485883218093
6-12h,root_stele,root_columella,1428.7470088029866
6-12h,root_stele,root_cortex,1583.488100785916
6-12h,root_stele,root_endodermis,1517.5733379932317
6-12h,root_stele,root_epidermis,630.9115225311501
6-12h,root_stele,root_lateral_root_cap,0.0
6-12h,root_stele,root_meristem,959.1049666660057
6-12h,root_stele,root_pericycle,1711.6122659732239
6-12h,root_stele,root_phloem,997.8669669088414
6-12h,root_stele,root_stele,730.7535693399665
6-12h,root_stele,root_xylem,1151.3635176095047
6-12h,root_stele,shoot_apical_meristem,1058.4001098672281
6-12h,root_xylem,cotyledon,1887.377709867094
6-12h,root_xylem,dna_damage_response,1804.6929712348126
6-12h,root_xylem,hormone_response_aba,1915.4852599610954
6-12h,root_xylem,hormone_response_auxin,1612.8509183722963
6-12h,root_xylem,hormone_response_cytokinin,1364.5738270558816
6-12h,root_xylem,hormone_response_ethylene,1818.7097421387577
6-12h,root_xylem,hormone_response_ja,1099.7416475887153
6-12h,root_xylem,hormone_response_sa,1979.194893496695
6-12h,root_xylem,hypocotyl,2039.410480483518
6-12h,root_xylem,leaf_epidermis,334.2256375848385
6-12h,root_xylem,leaf_mesophyll,2420.572198371489
6-12h,root_xylem,leaf_vasculature,389.4043605440949
6-12h,root_xylem,oxidative_stress,2295.5302807422095
6-12h,root_xylem,root_columella,1892.6050966412263
6-12h,root_xylem,root_cortex,2053.9942265773193
6-12h,root_xylem,root_endodermis,1984.7712251548726
6-12h,root_xylem,root_epidermis,964.2593895482589
6-12h,root_xylem,root_lateral_root_cap,0.0
6-12h,root_xylem,root_meristem,1371.0543191166519
6-12h,root_xylem,root_pericycle,2180.078660540193
6-12h,root_xylem,root_phloem,1417.358853159638
6-12h,root_xylem,root_stele,1092.881312066635
6-12h,root_xylem,root_xylem,1592.3470764074657
6-12h,root_xylem,shoot_apical_meristem,1486.554538773453
6-12h,shoot_apical_meristem,cotyledon,1784.5342311890095
6-12h,shoot_apical_meristem,dna_damage_response,1701.7360233562626
6-12h,shoot_apical_meristem,hormone_response_aba,1812.5764462051932
6-12h,shoot_apical_meristem,hormone_response_auxin,1512.0742568250685
6-12h,shoot_apical_meristem,hormone_response_cytokinin,1268.673134588403
6-12h,shoot_apical_meristem,hormone_response_ethylene,1715.9778598534604
6-12h,shoot_apical_meristem,hormone_response_ja,1013.6358305341852
6-12h,shoot_apical_meristem,hormone_response_sa,1875.9852009861515
6-12h,shoot_apical_meristem,hypocotyl,1937.0611061050652
6-12h,shoot_apical_meristem,leaf_epidermis,298.6605623558274
6-12h,shoot_apical_meristem,leaf_mesophyll,2323.645506173576
6-12h,shoot_apical_meristem,leaf_vasculature,349.72330191635626
6-12h,shoot_apical_meristem,oxidative_stress,2196.559427917175
6-12h,shoot_apical_meristem,root_columella,1789.6619516282624
6-12h,shoot_apical_meristem,root_cortex,1950.9939372464382
6-12h,shoot_apical_meristem,root_endodermis,1881.9164759221094
6-12h,shoot_apical_meristem,root_epidermis,883.6768971057729
6-12h,shoot_apical_meristem,root_lateral_root_cap,0.0
6-12h,shoot_apical_meristem,root_meristem,1275.0900297463518
6-12h,shoot_apical_meristem,root_pericycle,2078.673703792011
6-12h,shoot_apical_meristem,root_phloem,1319.9539022685565
6-12h,shoot_apical_meristem,root_stele,1006.3938687196389
6-12h,shoot_apical_meristem,root_xylem,1491.6683687452078
6-12h,shoot_apical_meristem,shoot_apical_meristem,1387.8620213850297
12-30h,cotyledon,cotyledon,724.0158773329852
12-30h,cotyledon,dna_damage_response,1328.4801495642457
12-30h,cotyledon,hormone_response_aba,1430.8141244561914
12-30h,cotyledon,hormone_response_auxin,1159.816431100379
12-30h,cotyledon,hormone_response_cytokinin,878.4546644138316
12-30h,cotyledon,hormone_response_ethylene,1373.8355387033284
12-30h,cotyledon,hormone_response_ja,701.190969669363
12-30h,cotyledon,hormone_response_sa,1492.436103149417
12-30h,cotyledon,hypocotyl,1559.17483768445
12-30h,cotyledon,leaf_epidermis,156.26084092403204
12-30h,cotyledon,leaf_mesophyll,1948.95266220465
12-30h,cotyledon,leaf_vasculature,260.25733647705545
12-30h,cotyledon,oxidative_stress,1794.657393356896
12-30h,cotyledon,root_columella,1405.0360466263537
12-30h,cotyledon,root_cortex,1584.2889138080614
12-30h,cotyledon,root_endodermis,1472.746815198006
12-30h,cotyledon,root_epidermis,573.2423819552432
12-30h,cotyledon,root_lateral_root_cap,0.0
12-30h,cotyledon,root_meristem,1062.661814149945
12-30h,cotyledon,root_pericycle,1693.920949684334
12-30h,cotyledon,root_phloem,917.3999410192841
12-30h,cotyledon,root_stele,704.8467478849907
12-30h,cotyledon,root_xylem,1156.9721312707488
12-30h,cotyledon,shoot_apical_meristem,1042.0708598901715
12-30h,dna_damage_response,cotyledon,1253.4890670343327
12-30h,dna_damage_response,dna_damage_response,1994.9856994516465
12-30h,dna_damage_response,hormone_response_aba,2102.933132873863
12-30h,dna_damage_response,hormone_response_auxin,1803.8786120491977
12-30h,dna_damage_response,hormone_response_cytokinin,1463.174559362885
12-30h,dna_damage_response,hormone_response_ethylene,2042.1531752048445
12-30h,dna_damage_response,hormone_response_ja,1223.391227884869
12-30h,dna_damage_response,hormone_response_sa,2169.7651052862107
12-30h,dna_damage_response,hypocotyl,2234.5773192847137
12-30h,dna_damage_response,leaf_epidermis,337.0306814838247
12-30h,dna_damage_response,leaf_mesophyll,2608.452816925267
12-30h,dna_damage_response,leaf_vasculature,525.7919383526373
12-30h,dna_damage_response,oxidative_stress,2462.771387093885
12-30h,dna_damage_response,root_columella,2075.885053442953
12-30h,dna_damage_response,root_cortex,2264.1123625805785
12-30h,dna_damage_response,root_endodermis,2147.5888226979623
12-30h,dna_damage_response,root_epidermis,1044.598228843271
12-30h,dna_damage_response,root_lateral_root_cap,0.0
12-30h,dna_damage_response,root_meristem,1691.6597625916072
12-30h,dna_damage_response,root_pericycle,2370.4334736306637
12-30h,dna_damage_response,root_phloem,1513.7412129110435
12-30h,dna_damage_response,root_stele,1232.9076086917987
12-30h,dna_damage_response,root_xylem,1802.015760130043
12-30h,dna_damage_response,shoot_apical_meristem,1666.055042427604
12-30h,hormone_response_aba,cotyledon,1352.0158190486754
12-30h,hormone_response_aba,dna_damage_response,2100.0536047575756
12-30h,hormone_response_aba,hormone_response_aba,2206.1687454183593
12-30h,hormone_response_aba,hormone_response_auxin,1909.961918075481
12-30h,hormone_response_aba,hormone_response_cytokinin,1567.3410887066354
12-30h,hormone_response_aba,hormone_response_ethylene,2146.3608546122996
12-30h,hormone_response_aba,hormone_response_ja,1321.1236413612742
12-30h,hormone_response_aba,hormone_response_sa,2272.401618101038
12-30h,hormone_response_aba,hypocotyl,2335.282682388892
12-30h,hormone_response_aba,leaf_epidermis,377.8727354761467
12-30h,hormone_response_aba,leaf_mesophyll,2699.5244653997993
12-30h,hormone_response_aba,leaf_vasculature,583.0610619442322
12-30h,hormone_response_aba,oxidative_stress,2557.899073951159
12-30h,hormone_response_aba,root_columella,2179.524310015957
12-30h,hormone_response_aba,root_cortex,2364.845661382174
12-30h,hormone_response_aba,root_endodermis,2250.4078200400063
12-30h,hormone_response_aba,root_epidermis,1136.623496064381
12-30h,hormone_response_aba,root_lateral_root_cap,0.0
12-30h,hormone_response_aba,root_meristem,1798.179071519291
12-30h,hormone_response_aba,root_pericycle,2468.464294533118
12-30h,hormone_response_aba,root_phloem,1618.7704021387667
12-30h,hormone_response_aba,root_stele,1331.7263075489398
12-30h,hormone_response_aba,root_xylem,1908.371471457358
12-30h,hormone_response_aba,shoot_apical_meristem,1772.128174712014
12-30h,hormone_response_auxin,cotyledon,1094.1524540898486
12-30h,hormone_response_auxin,dna_damage_response,1808.143227865979
12-30h,hormone_response_auxin,hormone_response_aba,1916.759780763247
12-30h,hormone_response_auxin,hormone_response_auxin,1619.8918770310167
12-30h,hormone_response_auxin,hormone_response_cytokinin,1290.265163309086
12-30h,hormone_response_auxin,hormone_response_ethylene,1855.808630700447
12-30h,hormone_response_auxin,hormone_response_ja,1065.684811609821
12-30h,hormone_response_auxin,hormone_response_sa,1983.1114470771124
12-30h,hormone_response_auxin,hypocotyl,2049.8877976458057
12-30h,hormone_response_auxin,leaf_epidermis,277.41217807744033
12-30h,hormone_response_auxin,leaf_mesophyll,2433.4924388536524
12-30h,hormone_response_auxin,leaf_vasculature,439.9037563339843
12-30h,hormone_response_auxin,oxidative_stress,2283.7493451936143
12-30h,hormone_response_auxin,root_columella,1889.5822664219697
12-30h,hormone_response_auxin,root_cortex,2078.469621823379
12-30h,hormone_response_auxin,root_endodermis,1961.2563490974358
12-30h,hormone_response_auxin,root_epidermis,899.3970013813238
12-30h,hormone_response_auxin,root_lateral_root_cap,0.0
12-30h,hormone_response_auxin,root_meristem,1509.7303593118968
12-30h,hormone_response_auxin,root_pericycle,2187.4433437787284
12-30h,hormone_response_auxin,root_phloem,1338.1991739678965
12-30h,hormone_response_auxin,root_stele,1073.3383465352306
12-30h,hormone_response_auxin,root_xylem,1617.6226684137719
12-30h,hormone_response_auxin,shoot_apical_meristem,1485.2901051776892
12-30h,hormone_response_cytokinin,cotyledon,851.8012760425775
12-30h,hormone_response_cytokinin,dna_damage_response,1508.082975724182
12-30h,hormone_response_cytokinin,hormone_response_aba,1615.4193548289861
12-30h,hormone_response_cytokinin,hormone_response_auxin,1328.2442891523758
12-30h,hormone_response_cytokinin,hormone_response_cytokinin,1023.5234187627851
12-30h,hormone_response_cytokinin,hormone_response_ethylene,1555.4813096428322
12-30h,hormone_response_cytokinin,hormone_response_ja,826.7406688878584
12-30h,hormone_response_cytokinin,hormone_response_sa,1680.3375289936125
12-30h,hormone_response_cytokinin,hypocotyl,1748.9377650947308
12-30h,hormone_response_cytokinin,leaf_epidermis,194.5018772936199
12-30h,hormone_response_cytokinin,leaf_mesophyll,2146.8399509037704
12-30h,hormone_response_cytokinin,leaf_vasculature,318.6483129296444
12-30h,hormone_response_cytokinin,oxidative_stress,1989.9871917005598
12-30h,hormone_response_cytokinin,root_columella,1588.4524936520172
12-30h,hormone_response_cytokinin,root_cortex,1776.014880242751
12-30h,hormone_response_cytokinin,root_endodermis,1659.3230429949756
12-30h,hormone_response_cytokinin,root_epidermis,683.4015950556891
12-30h,hormone_response_cytokinin,root_lateral_root_cap,0.0
12-30h,hormone_response_cytokinin,root_meristem,1224.0902761745638
12-30h,hormone_response_cytokinin,root_pericycle,1888.307957350788
12-30h,hormone_response_cytokinin,root_phloem,1066.3993690048874
12-30h,hormone_response_cytokinin,root_stele,831.6508980318877
12-30h,hormone_response_cytokinin,root_xylem,1325.4915586180284
12-30h,hormone_response_cytokinin,shoot_apical_meristem,1201.7329607974439
12-30h,hormone_response_ethylene,cotyledon,1293.0926050436092
12-30h,hormone_response_ethylene,dna_damage_response,2033.947158159406
12-30h,hormone_response_ethylene,hormone_response_aba,2140.6544996913462
12-30h,hormone_response_ethylene,hormone_response_auxin,1844.1796250215305
12-30h,hormone_response_ethylene,hormone_response_cytokinin,1504.1927441993844
12-30h,hormone_response_ethylene,hormone_response_ethylene,2080.5876671030214
12-30h,hormone_response_ethylene,hormone_response_ja,1262.7286703249533
12-30h,hormone_response_ethylene,hormone_response_sa,2206.8339708401636
12-30h,hormone_response_ethylene,hypocotyl,2270.587291029853
12-30h,hormone_response_ethylene,leaf_epidermis,354.26518715956
12-30h,hormone_response_ethylene,leaf_mesophyll,2638.3743391814123
12-30h,hormone_response_ethylene,leaf_vasculature,549.5003252424627
12-30h,hormone_response_ethylene,oxidative_stress,2495.339873935789
12-30h,hormone_response_ethylene,root_columella,2113.918579212379
12-30h,hormone_response_ethylene,root_cortex,2299.86382917114
12-30h,hormone_response_ethylene,root_endodermis,2184.880647011197
12-30h,hormone_response_ethylene,root_epidermis,1082.1469160422166
12-30h,hormone_response_ethylene,root_lateral_root_cap,0.0
12-30h,hormone_response_ethylene,root_meristem,1732.630071671124
12-30h,hormone_response_ethylene,root_pericycle,2404.507112606167
12-30h,hormone_response_ethylene,root_phloem,1554.8746063731048
12-30h,hormone_response_ethylene,root_stele,1272.6260847096858
12-30h,hormone_response_ethylene,root_xylem,1842.4157481314137
12-30h,hormone_response_ethylene,shoot_apical_meristem,1706.9694383585277
12-30h,hormone_response_ja,cotyledon,676.72941368526
12-30h,hormone_response_ja,dna_damage_response,1267.7206723672973
12-30h,hormone_response_ja,hormone_response_aba,1369.495959847414
12-30h,hormone_response_ja,hormone_response_auxin,1100.968922671229
12-30h,hormone_response_ja,hormone_response_cytokinin,825.820265803632
12-30h,hormone_response_ja,hormone_response_ethylene,1312.783127101223
12-30h,hormone_response_ja,hormone_response_ja,655.9695024599645
12-30h,hormone_response_ja,hormone_response_sa,1430.788876626689
12-30h,hormone_response_ja,hypocotyl,1497.7759007740933
12-30h,hormone_response_ja,leaf_epidermis,143.17881611382484
12-30h,hormone_response_ja,leaf_mesophyll,1891.1998303311436
12-30h,hormone_response_ja,leaf_vasculature,240.4891495791864
12-30h,hormone_response_ja,oxidative_stress,1734.9044393745435
12-30h,hormone_response_ja,root_columella,1343.830470846857
12-30h,hormone_response_ja,root_cortex,1522.545457265325
12-30h,hormone_response_ja,root_endodermis,1411.213089310582
12-30h,hormone_response_ja,root_epidermis,533.1495467271197
12-30h,hormone_response_ja,root_lateral_root_cap,0.0
12-30h,hormone_response_ja,root_meristem,1005.305132891942
12-30h,hormone_response_ja,root_pericycle,1632.79718706612
12-30h,hormone_response_ja,root_phloem,863.8013780152024
12-30h,hormone_response_ja,root_stele,658.5494969757956
12-30h,hormone_response_ja,root_xylem,1098.055835641798
12-30h,hormone_response_ja,shoot_apical_meristem,985.3582504564502
12-30h,hormone_response_sa,cotyledon,1419.676934819424
12-30h,hormone_response_sa,dna_damage_response,2173.9569198184945
12-30h,hormone_response_sa,hormone_response_aba,2279.1327818876675
12-30h,hormone_response_sa,hormone_response_auxin,1983.8031407441342
12-30h,hormone_response_sa,hormone_response_cytokinin,1639.2628431381445
12-30h,hormone_response_sa,hormone_response_ethylene,2219.6822804700973
12-30h,hormone_response_sa,hormone_response_ja,1388.3179040602217
12-30h,hormone_response_sa,hormone_response_sa,2345.4186691383334
12-30h,hormone_response_sa,hypocotyl,2407.049735022759
12-30h,hormone_response_sa,leaf_epidermis,405.93254785751526
12-30h,hormone_response_sa,leaf_mesophyll,2765.2803023084202
12-30h,hormone_response_sa,leaf_vasculature,622.536612228325
12-30h,hormone_response_sa,oxidative_stress,2626.3817289243534
12-30h,hormone_response_sa,root_columella,2252.6401487567914
12-30h,hormone_response_sa,root_cortex,2437.0800079154496
12-30h,hormone_response_sa,root_endodermis,2323.2928092934144
12-30h,hormone_response_sa,root_epidermis,1199.9290799638177
12-30h,hormone_response_sa,root_lateral_root_cap,0.0
12-30h,hormone_response_sa,root_meristem,1872.0585122489483
12-30h,hormone_response_sa,root_pericycle,2539.08842410658
12-30h,hormone_response_sa,root_phloem,1691.4149630839934
12-30h,hormone_response_sa,root_stele,1399.7474226858924
12-30h,hormone_response_sa,root_xylem,1982.4620521370566
12-30h,hormone_response_sa,shoot_apical_meristem,1845.6672672591021
12-30h,hypocotyl,cotyledon,1478.5724871234122
12-30h,hypocotyl,dna_damage_response,2231.9337155012927
12-30h,hypocotyl,hormone_response_aba,2335.4517520420013
12-30h,hypocotyl,hormone_response_auxin,2043.6499974265284
12-30h,hypocotyl,hormone_response_cytokinin,1700.2162466064347
12-30h,hypocotyl,hormone_response_ethylene,2276.9694213166467
12-30h,hypocotyl,hormone_response_ja,1446.742370100997
12-30h,hypocotyl,hormone_response_sa,2400.9979010179036
12-30h,hypocotyl,hypocotyl,2461.2522172346694
12-30h,hypocotyl,leaf_epidermis,432.9485110695443
12-30h,hypocotyl,leaf_mesophyll,2812.9226456308106
12-30h,hypocotyl,leaf_vasculature,659.5527288359806
12-30h,hypocotyl,oxidative_stress,2676.63134656676
12-30h,hypocotyl,root_columella,2309.317493398696
12-30h,hypocotyl,root_cortex,2491.0052825077764
12-30h,hypocotyl,root_endodermis,2379.205858142383
12-30h,hypocotyl,root_epidermis,1256.0482442295724
12-30h,hypocotyl,root_lateral_root_cap,0.0
12-30h,hypocotyl,root_meristem,1932.9602705473246
12-30h,hypocotyl,root_pericycle,2591.14198763212
12-30h,hypocotyl,root_phloem,1752.505000853
12-30h,hypocotyl,root_stele,1458.848124686227
12-30h,hypocotyl,root_xylem,2042.4821285108023
12-30h,hypocotyl,shoot_apical_meristem,1906.38397064893
12-30h,leaf_epidermis,cotyledon,170.01686122222978
12-30h,leaf_epidermis,dna_damage_response,419.0402061157922
12-30h,leaf_epidermis,hormone_response_aba,472.514621097394
12-30h,leaf_epidermis,hormone_response_auxin,338.24396541071326
12-30h,leaf_epidermis,hormone_response_cytokinin,222.8572644048985
12-30h,leaf_epidermis,hormone_response_ethylene,442.204987840328
12-30h,leaf_epidermis,hormone_response_ja,164.25858987534133
12-30h,leaf_epidermis,hormone_response_sa,505.34211782341436
12-30h,leaf_epidermis,hypocotyl,544.9917745796323
12-30h,leaf_epidermis,leaf_epidermis,25.65368900003949
12-30h,leaf_epidermis,leaf_mesophyll,802.8073896776938
12-30h,leaf_epidermis,leaf_vasculature,48.07105422894946
12-30h,leaf_epidermis,oxidative_stress,695.7455898222346
12-30h,leaf_epidermis,root_columella,458.8703758048913
12-30h,leaf_epidermis,root_cortex,558.1400958486804
12-30h,leaf_epidermis,root_endodermis,494.25726400056556
12-30h,leaf_epidermis,root_epidermis,123.7375671508268
12-30h,leaf_epidermis,root_lateral_root_cap,0.0
12-30h,leaf_epidermis,root_meristem,294.8448468125636
12-30h,leaf_epidermis,root_pericycle,625.537172898344
12-30h,leaf_epidermis,root_phloem,237.63641826757626
12-30h,leaf_epidermis,root_stele,163.07557349657762
12-30h,leaf_epidermis,root_xylem,336.2622179282416
12-30h,leaf_epidermis,shoot_apical_meristem,287.1301415326227
12-30h,leaf_mesophyll,cotyledon,1904.3358394196744
12-30h,leaf_mesophyll,dna_damage_response,2627.525481313743
12-30h,leaf_mesophyll,hormone_response_aba,2717.838413526257
12-30h,leaf_mesophyll,hormone_response_auxin,2455.9977710543485
12-30h,leaf_mesophyll,hormone_response_cytokinin,2132.5494003581853
12-30h,leaf_mesophyll,hormone_response_ethylene,2666.8988391581943
12-30h,leaf_mesophyll,hormone_response_ja,1868.2525546026297
12-30h,leaf_mesophyll,hormone_response_sa,2778.5854711594684
12-30h,leaf_mesophyll,hypocotyl,2828.0496933337286
12-30h,leaf_mesophyll,leaf_epidermis,651.599181359294
12-30h,leaf_mesophyll,leaf_mesophyll,3126.1736110459974
12-30h,leaf_mesophyll,leaf_vasculature,951.9385846880778
12-30h,leaf_mesophyll,oxidative_stress,3012.8715320837628
12-30h,leaf_mesophyll,root_columella,2694.379948073472
12-30h,leaf_mesophyll,root_cortex,2856.2656788767395
12-30h,leaf_mesophyll,root_endodermis,2759.01556385152
12-30h,leaf_mesophyll,root_epidermis,1670.3393775895686
12-30h,leaf_mesophyll,root_lateral_root_cap,0.0
12-30h,leaf_mesophyll,root_meristem,2356.4686093568116
12-30h,leaf_mesophyll,root_pericycle,2941.956426647559
12-30h,leaf_mesophyll,root_phloem,2183.4097131475914
12-30h,leaf_mesophyll,root_stele,1886.736554751715
12-30h,leaf_mesophyll,root_xylem,2456.618985262737
12-30h,leaf_mesophyll,shoot_apical_meristem,2328.857183063945
12-30h,leaf_vasculature,cotyledon,263.3369390456196
12-30h,leaf_vasculature,dna_damage_response,596.3584517598047
12-30h,leaf_vasculature,hormone_response_aba,663.7428489673935
12-30h,leaf_vasculature,hormone_response_auxin,492.0588428579649
12-30h,leaf_vasculature,hormone_response_cytokinin,337.7025023022048
12-30h,leaf_vasculature,hormone_response_ethylene,625.59450026967
12-30h,leaf_vasculature,hormone_response_ja,255.07638460616866
12-30h,leaf_vasculature,hormone_response_sa,704.6680514982157
12-30h,leaf_vasculature,hypocotyl,753.2425107246138
12-30h,leaf_vasculature,leaf_epidermis,44.777517751782725
12-30h,leaf_vasculature,leaf_mesophyll,1059.0915896170222
12-30h,leaf_vasculature,leaf_vasculature,81.11401924261963
12-30h,leaf_vasculature,oxidative_stress,934.0316658281436
12-30h,leaf_vasculature,root_columella,646.5259151360735
12-30h,leaf_vasculature,root_cortex,769.4568684464659
12-30h,leaf_vasculature,root_endodermis,690.9637033468584
12-30h,leaf_vasculature,root_epidermis,197.00849653748512
12-30h,leaf_vasculature,root_lateral_root_cap,0.0
12-30h,leaf_vasculature,root_meristem,435.1000450549053
12-30h,leaf_vasculature,root_pericycle,851.1408139543249
12-30h,leaf_vasculature,root_phloem,358.0600097029993
12-30h,leaf_vasculature,root_stele,253.92678477332265
12-30h,leaf_vasculature,root_xylem,489.6906018401662
12-30h,leaf_vasculature,shoot_apical_meristem,424.6568353908108
12-30h,oxidative_stress,cotyledon,1718.6977829304421
12-30h,oxidative_stress,dna_damage_response,2467.780356307993
12-30h,oxidative_stress,hormone_response_aba,2565.544047367739
12-30h,oxidative_stress,hormone_response_auxin,2285.749022523202
12-30h,oxidative_stress,hormone_response_cytokinin,1947.4631451997036
12-30h,oxidative_stress,hormone_response_ethylene,2510.257718527979
12-30h,oxidative_stress,hormone_response_ja,1684.6789063843287
12-30h,oxidative_stress,hormone_response_sa,2629.276112615153
12-30h,oxidative_stress,hypocotyl,2684.4935848822092
12-30h,oxidative_stress,leaf_epidermis,550.2127512597364
12-30h,oxidative_stress,leaf_mesophyll,3012.151020446935
12-30h,oxidative_stress,leaf_vasculature,817.9095275120682
12-30h,oxidative_stress,oxidative_stress,2886.185581822474
12-30h,oxidative_stress,root_columella,2540.511133946318
12-30h,oxidative_stress,root_cortex,2713.8859811059715
12-30h,oxidative_stress,root_endodermis,2608.3568438832945
12-30h,oxidative_stress,root_epidermis,1486.8959051484644
12-30h,oxidative_stress,root_lateral_root_cap,0.0
12-30h,oxidative_stress,root_meristem,2179.261084537959
12-30h,oxidative_stress,root_pericycle,2807.536811827573
12-30h,oxidative_stress,root_phloem,2000.0101108387878
12-30h,oxidative_stress,root_stele,1699.9469411341604
12-30h,oxidative_stress,root_xylem,2285.4152080506146
12-30h,oxidative_stress,shoot_apical_meristem,2151.8359478836283
12-30h,root_columella,cotyledon,1324.7581210172366
12-30h,root_columella,dna_damage_response,2071.755547559119
12-30h,root_columella,hormone_response_aba,2178.4375218356913
12-30h,root_columella,hormone_response_auxin,1881.2187050239083
12-30h,root_columella,hormone_response_cytokinin,1538.7871169119562
12-30h,root_columella,hormone_response_ethylene,2118.318037295395
12-30h,root_columella,hormone_response_ja,1294.1278861240576
12-30h,root_columella,hormone_response_sa,2244.8462899226165
12-30h,root_columella,hypocotyl,2308.2989912403777
12-30h,root_columella,leaf_epidermis,366.3468972263231
12-30h,root_columella,leaf_mesophyll,2675.2546746086296
12-30h,root_columella,leaf_vasculature,566.9240885620119
12-30h,root_columella,oxidative_stress,2532.493006563498
12-30h,root_columella,root_columella,2151.667381138988
12-30h,root_columella,root_cortex,2337.833499264665
12-30h,root_columella,root_endodermis,2222.795881834884
12-30h,root_columella,root_epidermis,1111.038753821425
12-30h,root_columella,root_lateral_root_cap,0.0
12-30h,root_columella,root_meristem,1769.2033687078517
12-30h,root_columella,root_pericycle,2442.2367339255643
12-30h,root_columella,root_phloem,1590.0653672407072
12-30h,root_columella,root_stele,1304.4406147905281
12-30h,root_columella,root_xylem,1879.559852805694
12-30h,root_columella,shoot_apical_meristem,1743.273797661946
12-30h,root_cortex,cotyledon,1514.3093896422079
12-30h,root_cortex,dna_damage_response,2272.479999234239
12-30h,root_cortex,hormone_response_aba,2375.6089886485615
12-30h,root_cortex,hormone_response_auxin,2083.7461518384466
12-30h,root_cortex,hormone_response_cytokinin,1738.7182832820022
12-30h,root_cortex,hormone_response_ethylene,2317.2161534774223
12-30h,root_cortex,hormone_response_ja,1482.2251220742746
12-30h,root_cortex,hormone_response_sa,2441.412670542262
12-30h,root_cortex,hypocotyl,2500.9288034851834
12-30h,root_cortex,leaf_epidermis,447.6255221829582
12-30h,root_cortex,leaf_mesophyll,2848.40010849146
12-30h,root_cortex,leaf_vasculature,680.5051780366448
12-30h,root_cortex,oxidative_stress,2714.312307899378
12-30h,root_cortex,root_columella,2349.481314613941
12-30h,root_cortex,root_cortex,2530.971132664895
12-30h,root_cortex,root_endodermis,2419.505416869438
12-30h,root_cortex,root_epidermis,1289.3472898541977
12-30h,root_cortex,root_lateral_root_cap,0.0
12-30h,root_cortex,root_meristem,1972.9509362972178
12-30h,root_cortex,root_pericycle,2630.2053300299285
12-30h,root_cortex,root_phloem,1791.491617921938
12-30h,root_cortex,root_stele,1494.9051357567091
12-30h,root_cortex,root_xylem,2082.7924693153022
12-30h,root_cortex,shoot_apical_meristem,1946.0744420865515
12-30h,root_endodermis,cotyledon,1396.0694986222838
12-30h,root_endodermis,dna_damage_response,2144.4631375114054
12-30h,root_endodermis,hormone_response_aba,2249.338005616545
12-30h,root_endodermis,hormone_response_auxin,1955.4719722909665
12-30h,root_endodermis,hormone_response_cytokinin,1613.2467669973087
12-30h,root_endodermis,hormone_response_ethylene,2190.157898233613
12-30h,root_endodermis,hormone_response_ja,1364.8792109964618
12-30h,root_endodermis,hormone_response_sa,2315.1039615597333
12-30h,root_endodermis,hypocotyl,2376.8112500178813
12-30h,root_endodermis,leaf_epidermis,396.8313348200272
12-30h,root_endodermis,leaf_mesophyll,2734.6570412412293
12-30h,root_endodermis,leaf_vasculature,609.3077216920351
12-30h,root_endodermis,oxidative_stress,2595.8065311048367
12-30h,root_endodermis,root_columella,2222.98022335892
12-30h,root_endodermis,root_cortex,2406.4381366687935
12-30h,root_endodermis,root_endodermis,2293.1748423211557
12-30h,root_endodermis,root_epidermis,1178.3716267709206
12-30h,root_endodermis,root_lateral_root_cap,0.0
12-30h,root_endodermis,root_meristem,1844.2591312832392
12-30h,root_endodermis,root_pericycle,2508.2820893066846
12-30h,root_endodermis,root_phloem,1664.888383507438
12-30h,root_endodermis,root_stele,1375.9639244045798
12-30h,root_endodermis,root_xylem,1954.008126679731
12-30h,root_endodermis,shoot_apical_meristem,1818.1439240410639
12-30h,root_epidermis,cotyledon,595.1795486348678
12-30h,root_epidermis,dna_damage_response,1149.6380939726641
12-30h,root_epidermis,hormone_response_aba,1247.7277693307042
12-30h,root_epidermis,hormone_response_auxin,990.6050852278505
12-30h,root_epidermis,hormone_response_cytokinin,732.4535422232427
12-30h,root_epidermis,hormone_response_ethylene,1193.0494027306615
12-30h,root_epidermis,hormone_response_ja,575.9971920445253
12-30h,root_epidermis,hormone_response_sa,1306.8503230793915
12-30h,root_epidermis,hypocotyl,1372.4206038519708
12-30h,root_epidermis,leaf_epidermis,120.12968965447354
12-30h,root_epidermis,leaf_mesophyll,1761.9181553016099
12-30h,root_epidermis,leaf_vasculature,204.91889022248773
12-30h,root_epidermis,oxidative_stress,1606.1591928503176
12-30h,root_epidermis,root_columella,1222.8840929155658
12-30h,root_epidermis,root_cortex,1396.0435435329355
12-30h,root_epidermis,root_endodermis,1288.0835197386918
12-30h,root_epidermis,root_epidermis,464.235684689698
12-30h,root_epidermis,root_lateral_root_cap,0.0
12-30h,root_epidermis,root_meristem,900.1282458336807
12-30h,root_epidermis,root_pericycle,1504.5291926757445
12-30h,root_epidermis,root_phloem,767.7091795759917
12-30h,root_epidermis,root_stele,578.0277804872172
12-30h,root_epidermis,root_xylem,987.7292934753718
12-30h,root_epidermis,shoot_apical_meristem,881.3622143726785
12-30h,root_lateral_root_cap,cotyledon,0.0
12-30h,root_lateral_root_cap,dna_damage_response,0.0
12-30h,root_lateral_root_cap,hormone_response_aba,0.0
12-30h,root_lateral_root_cap,hormone_response_auxin,0.0
12-30h,root_lateral_root_cap,hormone_response_cytokinin,0.0
12-30h,root_lateral_root_cap,hormone_response_ethylene,0.0
12-30h,root_lateral_root_cap,hormone_response_ja,0.0
12-30h,root_lateral_root_cap,hormone_response_sa,0.0
12-30h,root_lateral_root_cap,hypocotyl,0.0
12-30h,root_lateral_root_cap,leaf_epidermis,0.0
12-30h,root_lateral_root_cap,leaf_mesophyll,0.0
12-30h,root_lateral_root_cap,leaf_vasculature,0.0
12-30h,root_lateral_root_cap,oxidative_stress,0.0
12-30h,root_lateral_root_cap,root_columella,0.0
12-30h,root_lateral_root_cap,root_cortex,0.0
12-30h,root_lateral_root_cap,root_endodermis,0.0
12-30h,root_lateral_root_cap,root_epidermis,0.0
12-30h,root_lateral_root_cap,root_lateral_root_cap,0.0
12-30h,root_lateral_root_cap,root_meristem,0.0
12-30h,root_lateral_root_cap,root_pericycle,0.0
12-30h,root_lateral_root_cap,root_phloem,0.0
12-30h,root_lateral_root_cap,root_stele,0.0
12-30h,root_lateral_root_cap,root_xylem,0.0
12-30h,root_lateral_root_cap,shoot_apical_meristem,0.0
12-30h,root_meristem,cotyledon,1014.880221421491
12-30h,root_meristem,dna_damage_response,1713.6014711110854
12-30h,root_meristem,hormone_response_aba,1822.4178024082028
12-30h,root_meristem,hormone_response_auxin,1527.0348927388698
12-30h,root_meristem,hormone_response_cytokinin,1203.8456184810127
12-30h,root_meristem,hormone_response_ethylene,1761.4087338000866
12-30h,root_meristem,hormone_response_ja,987.3351231205347
12-30h,root_meristem,hormone_response_sa,1888.6697539293132
12-30h,root_meristem,hypocotyl,1956.390625530892
12-30h,root_meristem,leaf_epidermis,248.61066862734992
12-30h,root_meristem,leaf_mesophyll,2346.3269913309214
12-30h,root_meristem,leaf_vasculature,398.3572119053732
12-30h,root_meristem,oxidative_stress,2193.6220076079067
12-30h,root_meristem,root_columella,1795.173304295932
12-30h,root_meristem,root_cortex,1984.7769111551538
12-30h,root_meristem,root_endodermis,1866.8943785326323
12-30h,root_meristem,root_epidermis,827.8341086168373
12-30h,root_meristem,root_lateral_root_cap,0.0
12-30h,root_meristem,root_meristem,1418.1815352044218
12-30h,root_meristem,root_pericycle,2095.306201078433
12-30h,root_meristem,root_phloem,1250.3640417391025
12-30h,root_meristem,root_stele,994.132775285559
12-30h,root_meristem,root_xylem,1524.5876304232213
12-30h,root_meristem,shoot_apical_meristem,1394.3721390029832
12-30h,root_pericycle,cotyledon,1625.52002316543
12-30h,root_pericycle,dna_damage_response,2379.6273783499005
12-30h,root_pericycle,hormone_response_aba,2479.5914746716317
12-30h,root_pericycle,hormone_response_auxin,2194.547323241919
12-30h,root_pericycle,hormone_response_cytokinin,1852.89751788469
12-30h,root_pericycle,hormone_response_ethylene,2422.9458673715358
12-30h,root_pericycle,hormone_response_ja,1592.5122276187246
12-30h,root_pericycle,hormone_response_sa,2544.2010420924644
12-30h,root_pericycle,hypocotyl,2601.083853073077
12-30h,root_pericycle,leaf_epidermis,501.11679149630896
12-30h,root_pericycle,leaf_mesophyll,2935.987659482884
12-30h,root_pericycle,leaf_vasculature,753.0449920309206
12-30h,root_pericycle,oxidative_stress,2807.1525159557764
12-30h,root_pericycle,root_columella,2454.1150166765865
12-30h,root_pericycle,root_cortex,2630.838441888535
12-30h,root_pericycle,root_endodermis,2522.7670176563047
12-30h,root_pericycle,root_epidermis,1396.3467195403416
12-30h,root_pericycle,root_lateral_root_cap,0.0
12-30h,root_pericycle,root_meristem,2086.0781520287496
12-30h,root_pericycle,root_pericycle,2726.5393170107204
12-30h,root_pericycle,root_phloem,1905.6907635424147
12-30h,root_pericycle,root_stele,1606.5729278566996
12-30h,root_pericycle,root_xylem,2193.983975170785
12-30h,root_pericycle,shoot_apical_meristem,2058.9118958932204
12-30h,root_phloem,cotyledon,884.415510598096
12-30h,root_phloem,dna_damage_response,1552.1870866879592
12-30h,root_phloem,hormone_response_aba,1660.3836602096655
12-30h,root_phloem,hormone_response_auxin,1370.02837681992
12-30h,root_phloem,hormone_response_cytokinin,1060.2219878784688
12-30h,root_phloem,hormone_response_ethylene,1599.8974200301095
12-30h,root_phloem,hormone_response_ja,858.9841505101812
12-30h,root_phloem,hormone_response_sa,1725.9363974817645
12-30h,root_phloem,hypocotyl,1794.7176743812768
12-30h,root_phloem,leaf_epidermis,205.0497004255801
12-30h,root_phloem,leaf_mesophyll,2193.3075391164957
12-30h,root_phloem,leaf_vasculature,334.5514531642601
12-30h,root_phloem,oxidative_stress,2036.2660893573675
12-30h,root_phloem,root_columella,1633.2172697404599
12-30h,root_phloem,root_cortex,1822.2195561615376
12-30h,root_phloem,root_endodermis,1704.649353294411
12-30h,root_phloem,root_epidermis,712.0575175089341
12-30h,root_phloem,root_lateral_root_cap,0.0
12-30h,root_phloem,root_meristem,1264.4338437384256
12-30h,root_phloem,root_pericycle,1934.7711663949462
12-30h,root_phloem,root_phloem,1104.0413498560868
12-30h,root_phloem,root_stele,864.205969824959
12-30h,root_phloem,root_xylem,1367.3455424763379
12-30h,root_phloem,shoot_apical_meristem,1241.6814999405356
12-30h,root_stele,cotyledon,707.4276408055093
12-30h,root_stele,dna_damage_response,1312.0893779905828
12-30h,root_stele,hormone_response_aba,1415.3076196611871
12-30h,root_stele,hormone_response_auxin,1142.3247338710612
12-30h,root_stele,hormone_response_cytokinin,860.9851519099692
12-30h,root_stele,hormone_response_ethylene,1357.7522499998136
12-30h,root_stele,hormone_response_ja,685.3078766479057
12-30h,root_stele,hormone_response_sa,1477.5839808231347
12-30h,root_stele,hypocotyl,1545.1694830855665
12-30h,root_stele,leaf_epidermis,150.72638038287494
12-30h,root_stele,leaf_mesophyll,1942.3814633818622
12-30h,root_stele,leaf_vasculature,252.4788909776699
12-30h,root_stele,oxidative_stress,1784.4534767327898
12-30h,root_stele,root_columella,1389.2575368101786
12-30h,root_stele,root_cortex,1570.590314669124
12-30h,root_stele,root_endodermis,1457.6614066189052
12-30h,root_stele,root_epidermis,558.7708430641947
12-30h,root_stele,root_lateral_root_cap,0.0
12-30h,root_stele,root_meristem,1044.889091748754
12-30h,root_stele,root_pericycle,1681.8776236869194
12-30h,root_stele,root_phloem,899.9020205717119
12-30h,root_stele,root_stele,688.6746106624247
12-30h,root_stele,root_xylem,1139.4745572673783
12-30h,root_stele,shoot_apical_meristem,1024.332310114745
12-30h,root_xylem,cotyledon,1097.284543517757
12-30h,root_xylem,dna_damage_response,1813.7604750229825
12-30h,root_xylem,hormone_response_aba,1922.6875703594046
12-30h,root_xylem,hormone_response_auxin,1624.8619301894812
12-30h,root_xylem,hormone_response_cytokinin,1294.1232032086104
12-30h,root_xylem,hormone_response_ethylene,1861.5248263980948
12-30h,root_xylem,hormone_response_ja,1068.7274602376679
12-30h,root_xylem,hormone_response_sa,1989.298311468006
12-30h,root_xylem,hypocotyl,2056.229729168834
12-30h,root_xylem,leaf_epidermis,277.9958838665258
12-30h,root_xylem,leaf_mesophyll,2441.250726627095
12-30h,root_xylem,leaf_vasculature,440.97187587764614
12-30h,root_xylem,oxidative_stress,2290.7766882871406
12-30h,root_xylem,root_columella,1895.4281036210848
12-30h,root_xylem,root_cortex,2085.0506333917338
12-30h,root_xylem,root_endodermis,1967.3090158835882
12-30h,root_xylem,root_epidermis,901.921121224607
12-30h,root_xylem,root_lateral_root_cap,0.0
12-30h,root_xylem,root_meristem,1514.3361334620472
12-30h,root_xylem,root_pericycle,2194.3317886862037
12-30h,root_xylem,root_phloem,1342.2451859412952
12-30h,root_xylem,root_stele,1076.4567014061934
12-30h,root_xylem,root_xylem,1622.5941520211607
12-30h,root_xylem,shoot_apical_meristem,1489.820016916234
12-30h,shoot_apical_meristem,cotyledon,991.0273317393699
12-30h,shoot_apical_meristem,dna_damage_response,1685.5601859886797
12-30h,shoot_apical_meristem,hormone_response_aba,1794.486360580875
12-30h,shoot_apical_meristem,hormone_response_auxin,1499.4076261296475
12-30h,shoot_apical_meristem,hormone_response_cytokinin,1177.9031333333148
12-30h,shoot_apical_meristem,hormone_response_ethylene,1733.4641597354187
12-30h,shoot_apical_meristem,hormone_response_ja,963.8760431848104
12-30h,shoot_apical_meristem,hormone_response_sa,1860.7064079960178
12-30h,shoot_apical_meristem,hypocotyl,1928.7452708782255
12-30h,shoot_apical_meristem,leaf_epidermis,240.64829327167726
12-30h,shoot_apical_meristem,leaf_mesophyll,2320.6661439776494
12-30h,shoot_apical_meristem,leaf_vasculature,386.7271521057109
12-30h,shoot_apical_meristem,oxidative_stress,2167.069484695494
12-30h,shoot_apical_meristem,root_columella,1767.1987746468785
12-30h,shoot_apical_meristem,root_cortex,1956.9190238169049
12-30h,shoot_apical_meristem,root_endodermis,1839.017817930902
12-30h,shoot_apical_meristem,root_epidermis,806.434094476807
12-30h,shoot_apical_meristem,root_lateral_root_cap,0.0
12-30h,shoot_apical_meristem,root_meristem,1390.9190926079075
12-30h,shoot_apical_meristem,root_pericycle,2067.987515958369
12-30h,shoot_apical_meristem,root_phloem,1224.024134431952
12-30h,shoot_apical_meristem,root_stele,970.3390491406618
12-30h,shoot_apical_meristem,root_xylem,1496.9151676617919
12-30h,shoot_apical_meristem,shoot_apical_meristem,1367.2210961043697
